Customer Id,Customer,Customer Phone,Customer Email,Location Code,Opened Date,Opened Time,Item Description,Server,Tax,Tender,Check Id,Check #,Total,Customer Family,Table Size,Discount,Reason of Discount,Link
600000035318776820,PickUp-Ashley C,8552228111,dd.toast.orders+orders_cc7ac8cd-6d51-4396-9c9a-ce882c11228d@gmail.com,CA02,2/4/25,11:05 AM,Pork Xiao Long Bao (8) 鲜肉小笼包,Default Online Ordering,1.82,Other,600000035318682949,1,26.06,,1,0.00,,http://www.toasttab.com/receipts/33eiUG9RSnqR9vgz4YmOIA/PznbkkN9s9ngY
,,,,CA02,2/4/25,11:18 AM,"Green Onion Pancake (1) Ⓥ 葱油饼, Vegetable Steamed Dumplings (6) Ⓥ 素三鲜蒸饺",Default Online Ordering,1.05,Visa,600000035318965599,5,15.00,,1,0.00,,http://www.toasttab.com/receipts/33eiUG9RSnqR9vgz4YmOIA/zxXCJwF7PtrCP
600000035319010783,Irin G,8552228111,dd.toast.orders+orders_baec7e88-4dfc-46ad-bd72-ae2127755d55@gmail.com,CA02,2/4/25,11:16 AM,"Pork Wontons in Hot & Sour Sauce (6) 🌶️ 酸辣猪肉抄手, Pork & Crab Meat Xiao Long Bao (8) 🦐 蟹肉小笼包",Default Online Ordering,1.81,Other,600000035319159313,3,21.66,,1,0.00,,http://www.toasttab.com/receipts/33eiUG9RSnqR9vgz4YmOIA/KLyMJtYrqCyNb
,,,,CA02,2/4/25,11:19 AM,"COMB B, Green Onion Pancake (1) Ⓥ 葱油饼",Default Online Ordering,1.93,Visa,600000035319193422,6,26.53,,1,0.00,,http://www.toasttab.com/receipts/33eiUG9RSnqR9vgz4YmOIA/WCswyRmmtFmwR
600000020611955262,Visa Cardholder,4088499162,,CA02,2/4/25,11:15 AM,"Chicken & Vegetable Wontons in Hot & Sour Sauce (6) 🌶️ 酸辣菜肉大馄饨, Pork Xiao Long Bao (8) 鲜肉小笼包, Pork & Crab Meat Xiao Long Bao (8) 🦐 蟹肉小笼包, Chicken Xiao Long Bao (8) 鸡肉小笼包",Chunguang Xia,2.49,Visa,600000035319223320,2,29.69,,1,0.00,,http://www.toasttab.com/receipts/33eiUG9RSnqR9vgz4YmOIA/pYnyRRNgsjKsH
,,,,CA02,2/4/25,11:24 AM,"Pan Fried Pork Buns (4) 特色鲜肉煎包, Pork Xiao Long Bao (8) 鲜肉小笼包, Pork & Crab Meat Xiao Long Bao (8) 🦐 蟹肉小笼包, Sweet & Sour Cucumber Ⓥ 🌶️ 甜辣小黄瓜, Pork & Shrimp Potstickers (6) 🦐 猪肉三鲜锅贴, Kale Salad with Sesame Dressing Ⓥ 麻酱羽衣甘蓝沙拉",Default Online Ordering,4.74,Visa,600000035319263231,7,64.96,,1,0.00,,http://www.toasttab.com/receipts/33eiUG9RSnqR9vgz4YmOIA/FgsPcHqtzywyY
600000035319349164,PickUp-Alvin L.,4123158470,dd.toast.orders+orders_94b3cdf3-aae2-4cef-8a4c-2a2f63213d00@gmail.com,CA02,2/4/25,11:25 AM,"Chicken Potstickers (6) 鸡肉锅贴, Pork Wontons in Chicken Soup 鸡汤小馄饨, Beef-Stew Noodles 🌶️ 秘制牛肉小面",Default Online Ordering,2.83,Other,600000035319306734,8,33.83,,1,0.00,,http://www.toasttab.com/receipts/33eiUG9RSnqR9vgz4YmOIA/pXCTH77TxqM7r
600000035319655264,Calista K,8552228111,dd.toast.orders+orders_0ce13c39-9aca-412a-b883-1f8ee8ce36dc@gmail.com,CA02,2/4/25,11:35 AM,"Pork & Shrimp Potstickers (6) 🦐 猪肉三鲜锅贴, Minced Chicken Noodles 🌶️ 鸡肉肉燥小面",Default Online Ordering,1.60,Other,600000035319645371,10,19.10,,1,0.00,,http://www.toasttab.com/receipts/33eiUG9RSnqR9vgz4YmOIA/bLPjNggwdzFJN
600000035319265698,Karla R,8552228111,dd.toast.orders+orders_2480b849-068e-4aa0-92e4-0b65f9b7bdc3@gmail.com,CA02,2/4/25,11:32 AM,"Green Onion Soy Sauce Noodles Ⓥ 葱油拌面, Chicken Xiao Long Bao (8) 鸡肉小笼包",Default Online Ordering,1.88,Other,600000035319664761,9,22.43,,1,0.00,,http://www.toasttab.com/receipts/33eiUG9RSnqR9vgz4YmOIA/mrYXXLjnCysfP
,,,,CA02,2/4/25,11:49 AM,"Pork Xiao Long Bao (8) 鲜肉小笼包, Dan Dan Noodles Ⓥ🌶️🌶️ 担担面, Sweet & Sour Cucumber Ⓥ 🌶️ 甜辣小黄瓜, Shrimp & Zucchini Steamed Dumplings (6) 🦐 青瓜鲜虾蒸饺, Braised Pig Ears 🌶️ 凉拌猪耳, Five Spice Beef Shank 五香牛腱, Hot & Sour Glass Noodles 🌶️🌶️ 酸辣粉",Default Online Ordering,5.21,Cash,600000035320136453,11,62.26,,1,0.00,,http://www.toasttab.com/receipts/33eiUG9RSnqR9vgz4YmOIA/gptHRtTPYKTNs
600000035319854839,Mia B,8552228111,dd.toast.orders+orders_a99480a9-b06a-4bad-bfb2-c9462179a96e@gmail.com,CA02,2/4/25,11:53 AM,Pork Xiao Long Bao (8) 鲜肉小笼包,Default Online Ordering,1.04,Other,600000035320229909,12,12.49,,1,0.00,,http://www.toasttab.com/receipts/33eiUG9RSnqR9vgz4YmOIA/9krgmfgWMYnrC
600000035320077889,Mike Y,8552228111,dd.toast.orders+orders_709958db-9fc1-48d7-a6cf-82a25edf9276@gmail.com,CA02,2/4/25,11:57 AM,"Passion Fruit Green Tea (Cold) 百香果绿茶 (冷), Beef Potstickers (6) 牛肉锅贴, Romaine Lettuce Salad with Sesame Dressing Ⓥ 麻酱生菜沙拉, Minced Chicken Noodles 🌶️ 鸡肉肉燥小面, Pork Xiao Long Bao (8) 鲜肉小笼包",Default Online Ordering,4.62,Other,600000035320248420,14,60.27,,1,0.00,,http://www.toasttab.com/receipts/33eiUG9RSnqR9vgz4YmOIA/pcwgphjbpjXTw
600000035320108932,Julian V,8552228111,dd.toast.orders+orders_3e30e1e6-ebdb-413a-930a-8251e46ff015@gmail.com,CA02,2/4/25,11:54 AM,"Beef Potstickers (6) 牛肉锅贴, Pork & Shrimp Potstickers (6) 🦐 猪肉三鲜锅贴, Chicken Potstickers (6) 鸡肉锅贴, Chicken & Vegetable Wontons in Chili Sauce (6) 🌶️ 红油菜肉大馄饨, Beef-Stew Noodles 🌶️ 秘制牛肉小面, Pan Fried Pork Buns (4) 特色鲜肉煎包, Steamed Pork Buns (4) 特色鲜肉蒸包",Default Online Ordering,10.75,Other,600000035320272103,13,133.55,,1,0.00,,http://www.toasttab.com/receipts/33eiUG9RSnqR9vgz4YmOIA/sJgPJFyxLFRTK
,,,,CA02,2/4/25,12:07 PM,"COMB A, Green Onion Pancake (1) Ⓥ 葱油饼",Default Online Ordering,1.93,Visa,600000035320440882,18,26.53,,1,0.00,,http://www.toasttab.com/receipts/33eiUG9RSnqR9vgz4YmOIA/wgKbhfrMHLLKk
,,,,CA02,2/4/25,12:03 PM,"Green Onion Pancake (1) Ⓥ 葱油饼, Pork Xiao Long Bao (8) 鲜肉小笼包, Shrimp & Zucchini Steamed Dumplings (6) 🦐 青瓜鲜虾蒸饺, Pork Wontons in Chili Sauce (6) 🌶️ 红油猪肉抄手, Sweet & Sour Cucumber Ⓥ 🌶️ 甜辣小黄瓜, Hot & Sour Glass Noodles 🌶️🌶️ 酸辣粉, Dan Dan Noodles Ⓥ🌶️🌶️ 担担面",Chunguang Xia,4.83,Visa,600000035320528165,15,66.33,,3,0.00,,http://www.toasttab.com/receipts/33eiUG9RSnqR9vgz4YmOIA/tzPmhbpdztYYw
600000014166842023,Zac A,2197797283,zacsanjose@gmail.com,CA02,2/4/25,12:04 PM,"Green Onion Pancake (1) Ⓥ 葱油饼, Pork & Shrimp Boiled Dumplings (6) 🦐 猪肉三鲜水饺, Pork & Crab Meat Xiao Long Bao (8) 🦐 蟹肉小笼包, Pork Xiao Long Bao (8) 鲜肉小笼包, Pork & Crab Meat Xiao Long Bao (8) 🦐 蟹肉小笼包, Banana Naan Bread (1) Ⓥ 香蕉飞饼",Default Online Ordering,4.79,Visa,600000035320543403,16,68.73,,1,5.60,Reward Dollars,http://www.toasttab.com/receipts/33eiUG9RSnqR9vgz4YmOIA/sKfFbHP9wPRkk
,,,,CA02,2/4/25,12:08 PM,"Dan Dan Noodles Ⓥ🌶️🌶️ 担担面, Vegetarian Spicy (Ma La) Noodles Ⓥ 🌶️🌶️ 素麻辣小面, Broccoli with Seafood Sauce 蚝油西兰花",Default Online Ordering,2.11,Visa,600000035320566768,20,28.99,,1,0.00,,http://www.toasttab.com/receipts/33eiUG9RSnqR9vgz4YmOIA/CqTrWqmfzfFht
600000035320619953,PickUp-Yi-Wen B.,6504778833,dd.toast.orders+orders_741e2311-9685-4000-9d20-016cf77a3b29@gmail.com,CA02,2/4/25,12:07 PM,"Chicken & Vegetable Wontons in Chili Sauce (6) 🌶️ 红油菜肉大馄饨, Pork Wontons in Hot & Sour Sauce (6) 🌶️ 酸辣猪肉抄手, Pork & Shrimp Potstickers (6) 🦐 猪肉三鲜锅贴, Beef-Stew Noodles 🌶️ 秘制牛肉小面, Dan Dan Noodles Ⓥ🌶️🌶️ 担担面",Default Online Ordering,3.44,Other,600000035320569612,17,44.91,,1,0.00,,http://www.toasttab.com/receipts/33eiUG9RSnqR9vgz4YmOIA/N7XRkkqRJbyMY
,,,,CA02,2/4/25,12:08 PM,"Pork Xiao Long Bao (8) 鲜肉小笼包, Kale Salad with Sesame Dressing Ⓥ 麻酱羽衣甘蓝沙拉",Default Online Ordering,1.58,Visa,600000035320618408,19,21.65,,1,0.00,,http://www.toasttab.com/receipts/33eiUG9RSnqR9vgz4YmOIA/zmwcCwqfyFNwc
,,,,CA02,2/4/25,12:18 PM,"Pork & Crab Meat Xiao Long Bao (8) 🦐 蟹肉小笼包, Pork & Shrimp Potstickers (6) 🦐 猪肉三鲜锅贴",Default Online Ordering,1.58,Mastercard,600000035320728682,22,21.65,,1,0.00,,http://www.toasttab.com/receipts/33eiUG9RSnqR9vgz4YmOIA/9rpsbmTkRtpNx
,,,,CA02,2/4/25,12:16 PM,"Sweet & Sour Cucumber Ⓥ 🌶️ 甜辣小黄瓜, Minced Chicken Noodles 🌶️ 鸡肉肉燥小面, Tsingtao",Default Online Ordering,1.98,Visa,600000035320841012,21,28.89,,1,0.00,,http://www.toasttab.com/receipts/33eiUG9RSnqR9vgz4YmOIA/Wsbnkt9ycMf9r
,,,,CA02,2/4/25,12:19 PM,COMB B,Default Online Ordering,1.55,Visa,600000035320854770,24,21.32,,1,0.00,,http://www.toasttab.com/receipts/33eiUG9RSnqR9vgz4YmOIA/YkTxgN9LnjcNr
,,,,CA02,2/4/25,12:18 PM,"Pork Xiao Long Bao (8) 鲜肉小笼包, Dan Dan Noodles Ⓥ🌶️🌶️ 担担面",Default Online Ordering,1.63,Visa,600000035320938100,23,22.40,,1,0.00,,http://www.toasttab.com/receipts/33eiUG9RSnqR9vgz4YmOIA/tfYKnyKsLRJfd
,,,,CA02,2/4/25,12:26 PM,"Pork Xiao Long Bao (8) 鲜肉小笼包, Pork Wontons in Chicken Soup 鸡汤小馄饨, Pork Wontons in Chili Sauce (6) 🌶️ 红油猪肉抄手, Sprite 雪碧, Ube Milk Tea (Cold) 紫薯奶茶 (冷)",Default Online Ordering,3.07,Visa,600000035320995930,25,43.27,,1,0.00,,http://www.toasttab.com/receipts/33eiUG9RSnqR9vgz4YmOIA/zmbFwH7L7Kgtr
600000035320893498,Annie W,8552228111,dd.toast.orders+orders_e6905552-1ea0-40fa-a8c7-cb81a364d970@gmail.com,CA02,2/4/25,12:34 PM,"Green Onion Pancake (1) Ⓥ 葱油饼, Pork Wontons in Chili Sauce (6) 🌶️ 红油猪肉抄手, Chicken & Vegetable Wontons in Chili Sauce (6) 🌶️ 红油菜肉大馄饨, Dan Dan Noodles Ⓥ🌶️🌶️ 担担面, Pan Fried Pork Buns (4) 特色鲜肉煎包",Default Online Ordering,5.05,Other,600000035321206522,26,65.40,,1,0.00,,http://www.toasttab.com/receipts/33eiUG9RSnqR9vgz4YmOIA/Kpzxw7rXptpcN
600000035321088993,Margarita G,8552228111,dd.toast.orders+orders_75b49ddc-b924-4660-aeb2-902695ab2aaa@gmail.com,CA02,2/4/25,12:42 PM,"Green Onion Pancake (1) Ⓥ 葱油饼, Sweet & Sour Cucumber Ⓥ 🌶️ 甜辣小黄瓜, Pan Fried Pork Buns (4) 特色鲜肉煎包, Steamed Pork Buns (4) 特色鲜肉蒸包, Chicken Xiao Long Bao (8) 鸡肉小笼包, Pork Xiao Long Bao (8) 鲜肉小笼包",Default Online Ordering,7.47,Other,600000035321239348,29,89.37,,1,0.00,,http://www.toasttab.com/receipts/33eiUG9RSnqR9vgz4YmOIA/WgWsdgPkJNbrM
,,,,CA02,2/4/25,12:39 PM,"Pork Xiao Long Bao (8) 鲜肉小笼包, Pan Fried Pork Buns (4) 特色鲜肉煎包, Pork & Shrimp Potstickers (6) 🦐 猪肉三鲜锅贴, Green Onion Soy Sauce Noodles Ⓥ 葱油拌面, Coke 可乐, Pork Xiao Long Bao (8) 鲜肉小笼包",Default Online Ordering,5.26,Cash,600000035321362919,27,62.76,,1,0.00,,http://www.toasttab.com/receipts/33eiUG9RSnqR9vgz4YmOIA/WFx9nt9XrXjKx
,,,,CA02,2/4/25,12:40 PM,"Minced Chicken Noodles 🌶️ 鸡肉肉燥小面, Pork Xiao Long Bao (8) 鲜肉小笼包",Default Online Ordering,1.63,Visa,600000035321368923,28,23.77,,1,0.00,,http://www.toasttab.com/receipts/33eiUG9RSnqR9vgz4YmOIA/pKTghsXNg9RLz
600000035321277749,Shreya S,8552228111,dd.toast.orders+orders_7f0dd648-fb6e-42ae-a7d9-07f178891968@gmail.com,CA02,2/4/25,12:51 PM,"Diet Coke 健怡可乐, Dan Dan Noodles Ⓥ🌶️🌶️ 担担面",Default Online Ordering,1.10,Other,600000035321405796,31,13.10,,1,0.00,,http://www.toasttab.com/receipts/33eiUG9RSnqR9vgz4YmOIA/Rh7bCmbqNXCPs
600000035321579201,Steve G,8552228111,dd.toast.orders+orders_f5d3e813-1483-48f4-b19a-d8dd3d4be2bc@gmail.com,CA02,2/4/25,12:44 PM,"Pork Wontons in Chili Sauce (6) 🌶️ 红油猪肉抄手, Dan Dan Noodles Ⓥ🌶️🌶️ 担担面",Default Online Ordering,1.60,Other,600000035321528316,30,19.10,,1,0.00,,http://www.toasttab.com/receipts/33eiUG9RSnqR9vgz4YmOIA/9sTzsHkngLmCX
,,,,CA02,2/4/25,12:59 PM,"Dan Dan Noodles Ⓥ🌶️🌶️ 担担面, Sweet & Sour Cucumber Ⓥ 🌶️ 甜辣小黄瓜, Vegetable Steamed Dumplings (6) Ⓥ 素三鲜蒸饺, Vegetable Steamed Dumplings (6) Ⓥ 素三鲜蒸饺, Chicken Potstickers (6) 鸡肉锅贴, Vegetable Steamed Dumplings (6) Ⓥ 素三鲜蒸饺, Pan Fried Pork Buns (4) 特色鲜肉煎包, Dan Dan Noodles Ⓥ🌶️🌶️ 担担面",Default Online Ordering,7.08,Visa,600000035321627498,33,97.21,,1,0.00,,http://www.toasttab.com/receipts/33eiUG9RSnqR9vgz4YmOIA/pfxCTkXmXXXHd
,,,,CA02,2/4/25,12:53 PM,Pork Xiao Long Bao (8) 鲜肉小笼包,Youming Liang,0.00,,600000035321818020,32,0.00,,1,9.95,Operation Management (100.00%),
600000035321758498,Grace M,8552228111,dd.toast.orders+orders_f8350294-4ce7-4586-b558-285d6e0452fa@gmail.com,CA02,2/4/25,1:05 PM,"Green Onion Pancake (1) Ⓥ 葱油饼, Sweet & Sour Cucumber Ⓥ 🌶️ 甜辣小黄瓜, Chicken & Vegetable Wontons in Chili Sauce (6) 🌶️ 红油菜肉大馄饨, Pork Xiao Long Bao (8) 鲜肉小笼包",Default Online Ordering,3.60,Other,600000035322082607,35,48.10,,1,0.00,,http://www.toasttab.com/receipts/33eiUG9RSnqR9vgz4YmOIA/hCMkN7LTqtqjJ
,,,,CA02,2/4/25,1:09 PM,Dan Dan Noodles Ⓥ🌶️🌶️ 担担面,Default Online Ordering,0.72,Visa,600000035322144054,36,9.91,,1,0.00,,http://www.toasttab.com/receipts/33eiUG9RSnqR9vgz4YmOIA/YF9y7Ct9ztzTN
,,,,CA02,2/4/25,1:14 PM,"COMB C, Oolong Tea (Hot) 乌龙茶 (热)",Default Online Ordering,2.05,Amex,600000035322307503,37,28.22,,1,0.00,,http://www.toasttab.com/receipts/33eiUG9RSnqR9vgz4YmOIA/R9TmHPtF9qCfw
,,,,CA02,2/4/25,1:23 PM,"Pan Fried Wontons with Sweet & Spicy Garlic Sauce (6) 甜辣香煎大馄饨, Chicken Xiao Long Bao (8) 鸡肉小笼包, Steamed Pork Buns (4) 特色鲜肉蒸包, Spicy Beef Pancake Roll (1) 🌶️🌶️ 麻辣牛肉卷饼",Default Online Ordering,3.35,Visa,600000035322536651,38,47.14,,1,0.00,,http://www.toasttab.com/receipts/33eiUG9RSnqR9vgz4YmOIA/r7kXytT9h77wq
600000030922040661,Visa Cardholder,6265009829,,CA02,2/4/25,1:32 PM,COMB A,Default Online Ordering,1.55,Visa,600000035322600877,40,21.32,,1,0.00,,http://www.toasttab.com/receipts/33eiUG9RSnqR9vgz4YmOIA/cdzrFkTWbRprq
,,,,CA02,2/4/25,1:33 PM,"Pork Xiao Long Bao (8) 鲜肉小笼包, Chicken Xiao Long Bao (8) 鸡肉小笼包, Shrimp & Zucchini Steamed Dumplings (6) 🦐 青瓜鲜虾蒸饺, High Tail Shrimp & Pork Steamed Dumplings (6) 🦐 翘尾鲜虾蒸饺, Green Onion Pancake (1) Ⓥ 葱油饼, Jasmine Tea (Hot) 茉莉花茶 (热), Chicken Xiao Long Bao (8) 鸡肉小笼包",Default Online Ordering,5.23,Visa,600000035322612375,41,74.98,,1,0.00,,http://www.toasttab.com/receipts/33eiUG9RSnqR9vgz4YmOIA/tq9FhTWktxhpF
600000035322696550,Shuieh,4082539634,,CA02,2/4/25,1:29 PM,"Green Onion Pancake (1) Ⓥ 葱油饼, Green Onion Pancake (1) Ⓥ 葱油饼, Green Onion Pancake (1) Ⓥ 葱油饼, Green Onion Pancake (1) Ⓥ 葱油饼, Green Onion Pancake (1) Ⓥ 葱油饼, Pork Xiao Long Bao (8) 鲜肉小笼包, Pork Xiao Long Bao (8) 鲜肉小笼包, Pork Xiao Long Bao (8) 鲜肉小笼包, Pork Xiao Long Bao (8) 鲜肉小笼包, Pork Xiao Long Bao (8) 鲜肉小笼包",Chunguang Xia,6.45,Mastercard,600000035322706024,39,76.95,,1,0.00,,http://www.toasttab.com/receipts/33eiUG9RSnqR9vgz4YmOIA/KtCx9xnmqH7y7
600000035323270800,Kelly T,8552228111,dd.toast.orders+orders_fe052029-3830-4b8e-9fe1-a000596fc14d@gmail.com,CA02,2/4/25,1:51 PM,"Sweet & Sour Cucumber Ⓥ 🌶️ 甜辣小黄瓜, Pork Wontons in Chicken Soup 鸡汤小馄饨, Chicken & Vegetable Wontons in Chicken Soup 鸡汤菜肉大馄饨, Yibin Noodles Ⓥ 🌶️ 宜宾燃面",Default Online Ordering,3.26,Other,600000035323095479,42,38.96,,1,0.00,,http://www.toasttab.com/receipts/33eiUG9RSnqR9vgz4YmOIA/PMndcWHtYxJrP
600000035323141325,Lynsey R,8552228111,dd.toast.orders+orders_3ef1bc97-c6c4-45a8-8a9e-e32ff67a163e@gmail.com,CA02,2/4/25,1:57 PM,"Pork Wontons in Hot & Sour Sauce (6) 🌶️ 酸辣猪肉抄手, Pan Fried Wontons with Chili Sauce (6) 红油香煎大馄饨, Green Onion Soy Sauce Noodles Ⓥ 葱油拌面",Default Online Ordering,2.36,Other,600000035323216429,44,28.26,,1,0.00,,http://www.toasttab.com/receipts/33eiUG9RSnqR9vgz4YmOIA/NcgzxfHtcPRsh
,,,,CA02,2/4/25,1:55 PM,"Five Spice Beef Shank 五香牛腱, Zha Jiang Mian 京味炸酱面",Default Online Ordering,1.48,Amex,600000035323329156,43,20.39,,1,0.00,,http://www.toasttab.com/receipts/33eiUG9RSnqR9vgz4YmOIA/yFJmrsMrk99zn
600000035323524380,PickUp-Thi N.,4085719974,dd.toast.orders+orders_c40271a9-2c1b-4bfb-a903-1f3746eeef8b@gmail.com,CA02,2/4/25,2:08 PM,Green Onion Pancake (1) Ⓥ 葱油饼,Default Online Ordering,0.38,Other,600000035323524443,46,4.53,,1,0.00,,http://www.toasttab.com/receipts/33eiUG9RSnqR9vgz4YmOIA/wwTFyqnjzPz9b
,,,,CA02,2/4/25,2:04 PM,COMB A,Default Online Ordering,1.55,Visa,600000035323616550,45,21.32,,1,0.00,,http://www.toasttab.com/receipts/33eiUG9RSnqR9vgz4YmOIA/sw9rKcbKtKzjJ
600000035323533691,Brandy W,8552228111,dd.toast.orders+orders_c25e8d8a-4634-4380-8cc6-ce012fca835b@gmail.com,CA02,2/4/25,2:10 PM,Chicken & Vegetable Wontons in Hot & Sour Sauce (6) 🌶️ 酸辣菜肉大馄饨,Default Online Ordering,0.77,Other,600000035323744060,47,9.17,,1,0.00,,http://www.toasttab.com/receipts/33eiUG9RSnqR9vgz4YmOIA/xPFzr7W7gLWRs
,,,,CA02,2/4/25,2:30 PM,"Spicy Beef Sandwich (1) 🌶️🌶️大嘴牛肉包 (辣), Chicken Potstickers (6) 鸡肉锅贴",Default Online Ordering,1.34,Visa,600000035324166597,48,18.33,,1,0.00,,http://www.toasttab.com/receipts/33eiUG9RSnqR9vgz4YmOIA/dbkNPNYnz9nwK
,,,,CA02,2/4/25,2:35 PM,Chicken & Vegetable Wontons in Chili Sauce (6) 🌶️ 红油菜肉大馄饨,Default Online Ordering,0.67,Cash,600000035324417128,49,7.97,,1,0.00,,http://www.toasttab.com/receipts/33eiUG9RSnqR9vgz4YmOIA/jPPHzYtJFnRcq
,,,,CA02,2/4/25,2:42 PM,"Pork & Crab Meat Xiao Long Bao (8) 🦐 蟹肉小笼包, Braised Pig Ears 🌶️ 凉拌猪耳, Beef Pancake Roll (1) 酱香牛肉卷饼 (不辣), Yibin Noodles Ⓥ 🌶️ 宜宾燃面, Zha Jiang Mian 京味炸酱面, Banana Naan Bread (1) Ⓥ 香蕉飞饼, Coke 可乐",Default Online Ordering,5.46,Visa,600000035324547790,50,75.05,,1,0.00,,http://www.toasttab.com/receipts/33eiUG9RSnqR9vgz4YmOIA/C7xRXRjRxcmnk
,,,,CA02,2/4/25,2:47 PM,"Pork & Shrimp Potstickers (6) 🦐 猪肉三鲜锅贴, Pork Xiao Long Bao (8) 鲜肉小笼包, Pan Fried Pork Buns (4) 特色鲜肉煎包, Pork Wontons in Chili Sauce (6) 🌶️ 红油猪肉抄手, Dan Dan Noodles Ⓥ🌶️🌶️ 担担面, Passion Fruit Green Tea (Cold) 百香果绿茶 (冷), Add Boba 珍珠, Ozeki Nigori Sake (375 ml / 12.68 fl.oz.) Best Chilled",Default Online Ordering,5.58,Visa,600000035324865325,51,78.68,,1,0.00,,http://www.toasttab.com/receipts/33eiUG9RSnqR9vgz4YmOIA/cXqdzFdzjpgNt
,,,,CA02,2/4/25,2:48 PM,"Pork Xiao Long Bao (8) 鲜肉小笼包, Green Onion Pancake (1) Ⓥ 葱油饼, Sweet & Sour Cucumber Ⓥ 🌶️ 甜辣小黄瓜",Default Online Ordering,1.96,Mastercard,600000035325044108,52,27.56,,1,0.00,,http://www.toasttab.com/receipts/33eiUG9RSnqR9vgz4YmOIA/KgPmNHsfLJqhN
,,,,CA02,2/4/25,2:58 PM,Chicken & Vegetable Wontons in Chili Sauce (6) 🌶️ 红油菜肉大馄饨,Default Online Ordering,0.67,Cash,600000035325441908,53,7.97,,1,0.00,,http://www.toasttab.com/receipts/33eiUG9RSnqR9vgz4YmOIA/ywfkLPWMk97JF
,,,,CA02,,,,xin Meng,0.00,,600000035325798354,54,0.00,,3,0.00,,
,,,,CA02,2/4/25,3:12 PM,"Dan Dan Noodles Ⓥ🌶️🌶️ 担担面, Pork Wontons in Chili Sauce (6) 🌶️ 红油猪肉抄手",Default Online Ordering,1.39,Mastercard,600000035325938307,56,19.91,,1,0.00,,http://www.toasttab.com/receipts/33eiUG9RSnqR9vgz4YmOIA/bmrsNPCtffNKc
,,,,CA02,2/4/25,3:12 PM,"Chicken & Vegetable Wontons in Chili Sauce (6) 🌶️ 红油菜肉大馄饨, Chicken & Vegetable Wontons in Chili Sauce (6) 🌶️ 红油菜肉大馄饨",xin Meng,1.34,Visa,600000035326016353,55,15.94,,1,0.00,,http://www.toasttab.com/receipts/33eiUG9RSnqR9vgz4YmOIA/mqhgYXCmzjcYk
600000035326283275,PickUp-Austin V.,8322174050,dd.toast.orders+orders_6ac65b1f-8017-487f-bb39-a6304fde8225@gmail.com,CA02,2/4/25,3:24 PM,"Dan Dan Noodles Ⓥ🌶️🌶️ 担担面, Beef-Stew Noodles 🌶️ 秘制牛肉小面",Default Online Ordering,2.16,Other,600000035326513303,57,28.23,,1,0.00,,http://www.toasttab.com/receipts/33eiUG9RSnqR9vgz4YmOIA/9fL7jRfNnstpg
,,,,CA02,2/4/25,3:32 PM,"Sweet & Sour Cucumber Ⓥ 🌶️ 甜辣小黄瓜, Chicken Xiao Long Bao (8) 鸡肉小笼包, Shrimp & Zucchini Steamed Dumplings (6) 🦐 青瓜鲜虾蒸饺, Vegetable Steamed Dumplings (6) Ⓥ 素三鲜蒸饺, Jasmine Tea (Hot) 茉莉花茶 (热), Pork Xiao Long Bao (8) 鲜肉小笼包, Shrimp & Zucchini Steamed Dumplings (6) 🦐 青瓜鲜虾蒸饺, Kale Salad with Sesame Dressing Ⓥ 麻酱羽衣甘蓝沙拉, Chrysanthemum Tea (Hot) 菊花茶 (热), Green Onion Pancake (1) Ⓥ 葱油饼",Default Online Ordering,6.73,Visa,600000035326557397,58,95.65,,1,0.00,,http://www.toasttab.com/receipts/33eiUG9RSnqR9vgz4YmOIA/WxTdqXcLCN797
600000035326963655,PickUp-Viviane N,8552228111,dd.toast.orders+orders_7c4da67e-3548-44be-8e44-ddc0d59de387@gmail.com,CA02,2/4/25,3:35 PM,Pork & Crab Meat Xiao Long Bao (8) 🦐 蟹肉小笼包,Default Online Ordering,0.91,Other,600000035326877373,59,10.86,,1,0.00,,http://www.toasttab.com/receipts/33eiUG9RSnqR9vgz4YmOIA/tM9kFsCF9zgrc
,,,,CA02,2/4/25,3:53 PM,"Green Onion Pancake (1) Ⓥ 葱油饼, Pan Fried Pork Buns (4) 特色鲜肉煎包, Pork Wontons in Chili Sauce (6) 🌶️ 红油猪肉抄手, Pork Xiao Long Bao (8) 鲜肉小笼包, Kale Salad with Sesame Dressing Ⓥ 麻酱羽衣甘蓝沙拉",Default Online Ordering,3.54,Mastercard,600000035327601777,60,50.63,,1,0.00,,http://www.toasttab.com/receipts/33eiUG9RSnqR9vgz4YmOIA/dHj7RJLbmtNbz
,,,,CA02,2/4/25,4:04 PM,"Spicy Beef Sandwich (1) 🌶️🌶️大嘴牛肉包 (辣), Chicken Xiao Long Bao (8) 鸡肉小笼包, Pan Fried Pork Buns (4) 特色鲜肉煎包, Dan Dan Noodles Ⓥ🌶️🌶️ 担担面, Milk Tea (Cold) 奶茶 (冷), Beef Steamed Dumplings (6) 牛肉蒸饺, Passion Fruit Green Tea (Cold) 百香果绿茶 (冷)",Default Online Ordering,4.96,Visa,600000035328254112,62,68.15,,1,0.00,,http://www.toasttab.com/receipts/33eiUG9RSnqR9vgz4YmOIA/sCwRLhKRbmCs9
,,,,CA02,2/4/25,4:02 PM,"Hot & Sour Glass Noodles 🌶️🌶️ 酸辣粉, Dan Dan Noodles Ⓥ🌶️🌶️ 担担面",xin Meng,1.44,Visa,600000035328270834,61,19.83,,1,0.00,,http://www.toasttab.com/receipts/33eiUG9RSnqR9vgz4YmOIA/hc7JwjhwJRhzT
,,,,CA02,2/4/25,4:08 PM,"Dan Dan Noodles Ⓥ🌶️🌶️ 担担面, Beef Pancake Roll (1) 酱香牛肉卷饼 (不辣), Pork & Shrimp Potstickers (6) 🦐 猪肉三鲜锅贴",xin Meng,2.25,Visa,600000035328551356,63,26.85,,1,0.00,,http://www.toasttab.com/receipts/33eiUG9RSnqR9vgz4YmOIA/fdh9HnXrYzMLc
600000035329808218,Jyh Chan W,8552228111,dd.toast.orders+orders_a54b5f86-66d9-489f-8d6c-949a36b27728@gmail.com,CA02,2/4/25,4:39 PM,"Pork & Shrimp Potstickers (6) 🦐 猪肉三鲜锅贴, Pan Fried Chive Dumplings (3) 韭菜盒子, Chicken & Vegetable Wontons in Chicken Soup 鸡汤菜肉大馄饨, Pan Fried Pork Buns (4) 特色鲜肉煎包, Pork Xiao Long Bao (8) 鲜肉小笼包",Default Online Ordering,4.00,Other,600000035329808275,65,52.80,,1,0.00,,http://www.toasttab.com/receipts/33eiUG9RSnqR9vgz4YmOIA/MNndyFMXXgNWY
,,,,CA02,,,,xin Meng,0.00,,600000035329971271,64,0.00,,1,0.00,,
,,,,CA02,2/4/25,4:42 PM,"Sweet & Sour Cucumber Ⓥ 🌶️ 甜辣小黄瓜, Pork & Shrimp Potstickers (6) 🦐 猪肉三鲜锅贴, Pork Wontons in Chicken Soup 鸡汤小馄饨, Beef Pancake Roll (1) 酱香牛肉卷饼 (不辣), Sapporo, Thai Milk Tea (Cold) 泰式奶茶 (冷)",xin Meng,4.05,Visa,600000035330076874,66,53.40,,1,0.00,,http://www.toasttab.com/receipts/33eiUG9RSnqR9vgz4YmOIA/dPmKrHMhpTRkj
600000035330197164,Sarah C,8552228111,dd.toast.orders+orders_2e77d425-9ea5-4fb4-8d65-60708d025210@gmail.com,CA02,2/4/25,4:47 PM,Dan Dan Noodles Ⓥ🌶️🌶️ 担担面,Default Online Ordering,1.66,Other,600000035330272354,68,19.86,,1,0.00,,http://www.toasttab.com/receipts/33eiUG9RSnqR9vgz4YmOIA/zpNhHXfNrj9gW
600000035330544029,PickUp-Zijian Z,8552228111,dd.toast.orders+orders_2a4dd621-09a1-46a4-8ba3-adbfda795458@gmail.com,CA02,2/4/25,5:00 PM,"Pork & Shrimp Potstickers (6) 🦐 猪肉三鲜锅贴, Pan Fried Pork Buns (4) 特色鲜肉煎包, Pork Xiao Long Bao (8) 鲜肉小笼包",Default Online Ordering,2.48,Other,600000035330456547,69,30.68,,1,0.00,,http://www.toasttab.com/receipts/33eiUG9RSnqR9vgz4YmOIA/RhMHrCfWwbHwx
600000035331618972,Yik S,8552228111,dd.toast.orders+orders_a2cab13c-b8ce-45e9-9012-41fb93a32ff1@gmail.com,CA02,2/4/25,5:26 PM,"Steamed Pork Buns (4) 特色鲜肉蒸包, Pork Xiao Long Bao (8) 鲜肉小笼包",Default Online Ordering,3.13,Other,600000035331717817,70,37.48,,1,0.00,,http://www.toasttab.com/receipts/33eiUG9RSnqR9vgz4YmOIA/dwTdrKPFKmXxC
600000035331930477,Hanh T,8552228111,dd.toast.orders+orders_95c3a474-f2e8-4b73-8360-3d7297548f48@gmail.com,CA02,2/4/25,5:36 PM,"Chicken Potstickers (6) 鸡肉锅贴, Chicken & Vegetable Wontons in Chili Sauce (6) 🌶️ 红油菜肉大馄饨, Chicken Xiao Long Bao (8) 鸡肉小笼包, Beef-Stew Noodle Soup 🌶️ 秘制牛肉汤面",Default Online Ordering,3.93,Other,600000035332046924,71,52.03,,1,0.00,,http://www.toasttab.com/receipts/33eiUG9RSnqR9vgz4YmOIA/R9gPPPwdY9yTn
600000035332287436,PickUp-Rachel L.,3478599681,dd.toast.orders+orders_5a96aa38-aa31-4100-b011-cdf85795040f@gmail.com,CA02,2/4/25,5:49 PM,"Green Onion Pancake (1) Ⓥ 葱油饼, Pork Wontons in Chili Sauce (6) 🌶️ 红油猪肉抄手, Pan Fried Pork Buns (4) 特色鲜肉煎包, Beef-Stew Noodle Soup 🌶️ 秘制牛肉汤面, Pork Xiao Long Bao (8) 鲜肉小笼包",Default Online Ordering,3.77,Other,600000035332312538,72,45.07,,1,0.00,,http://www.toasttab.com/receipts/33eiUG9RSnqR9vgz4YmOIA/RrWdpnNLf9MTk
,,,,CA02,2/4/25,6:00 PM,"Steamed Pork Buns (4) 特色鲜肉蒸包, Beef Potstickers (6) 牛肉锅贴, Sweet & Sour Cucumber Ⓥ 🌶️ 甜辣小黄瓜",Default Online Ordering,2.25,Visa,600000035332646734,78,30.82,,1,0.00,,http://www.toasttab.com/receipts/33eiUG9RSnqR9vgz4YmOIA/MY9XqcyxNtTtF
600000035332598345,Sophie M,8552228111,dd.toast.orders+orders_2b67840f-be81-4fbd-801b-3092b8f5fb2e@gmail.com,CA02,2/4/25,6:00 PM,"Pork & Shrimp Potstickers (6) 🦐 猪肉三鲜锅贴, Pork & Crab Meat Xiao Long Bao (8) 🦐 蟹肉小笼包",Default Online Ordering,1.81,Other,600000035332724695,79,21.66,,1,0.00,,http://www.toasttab.com/receipts/33eiUG9RSnqR9vgz4YmOIA/YrmYW9rKs9hbW
,,,,CA02,2/4/25,5:58 PM,Beef-Stew Noodle Soup 🌶️ 秘制牛肉汤面,Default Online Ordering,0.91,Visa,600000035332725586,74,12.81,,1,0.00,,http://www.toasttab.com/receipts/33eiUG9RSnqR9vgz4YmOIA/hJsqsjhKdWgFW
,,,,CA02,2/4/25,5:59 PM,Beef-Stew Noodles 🌶️ 秘制牛肉小面,Default Online Ordering,0.72,Mastercard,600000035332763788,77,9.91,,1,0.00,,http://www.toasttab.com/receipts/33eiUG9RSnqR9vgz4YmOIA/wJdhHkHgRPkpH
,,,,CA02,2/4/25,5:59 PM,Chicken Xiao Long Bao (8) 鸡肉小笼包,Default Online Ordering,0.91,Visa,600000035332766737,76,12.49,,1,0.00,,http://www.toasttab.com/receipts/33eiUG9RSnqR9vgz4YmOIA/PHzsFRcdFmYrg
,,,,CA02,2/4/25,5:59 PM,"Pork Wontons in Chili Sauce (6) 🌶️ 红油猪肉抄手, Beef-Stew Noodles 🌶️ 秘制牛肉小面",Default Online Ordering,1.39,Visa,600000035332776818,75,19.08,,1,0.00,,http://www.toasttab.com/receipts/33eiUG9RSnqR9vgz4YmOIA/qTFdWpTgjXXTc
,,,,CA02,2/4/25,6:03 PM,"Green Onion Pancake (1) Ⓥ 葱油饼, Chicken & Vegetable Wontons in Chili Sauce (6) 🌶️ 红油菜肉大馄饨, Chicken & Vegetable Wontons in Chicken Soup 鸡汤菜肉大馄饨, Sweet & Sour Cucumber Ⓥ 🌶️ 甜辣小黄瓜, Chicken Xiao Long Bao (8) 鸡肉小笼包, Pan Fried Wontons with Sweet & Spicy Garlic Sauce (6) 甜辣香煎大馄饨, Dan Dan Noodles Ⓥ🌶️🌶️ 担担面",Default Online Ordering,4.74,Visa,600000035332825142,82,61.54,,1,0.00,,http://www.toasttab.com/receipts/33eiUG9RSnqR9vgz4YmOIA/swxmRXYymcqJJ
,,,,CA02,2/4/25,5:54 PM,"Pork Wontons in Chicken Soup 鸡汤小馄饨, Pork Xiao Long Bao (8) 鲜肉小笼包, Green Onion Pancake (1) Ⓥ 葱油饼, Broccoli with Seafood Sauce 蚝油西兰花",xin Meng,2.68,Visa,600000035332830638,73,31.98,,1,0.00,,http://www.toasttab.com/receipts/33eiUG9RSnqR9vgz4YmOIA/LtYgkMKPKccfj
,,,,CA02,2/4/25,6:02 PM,"Braised Pig Ears 🌶️ 凉拌猪耳, Pan Fried Beef Pies (2) 牛肉馅饼",Default Online Ordering,1.34,Visa,600000035332978616,80,18.33,,1,0.00,,http://www.toasttab.com/receipts/33eiUG9RSnqR9vgz4YmOIA/mXFgjTc9Jhtkw
,,,,CA02,2/4/25,6:02 PM,"Dan Dan Noodles Ⓥ🌶️🌶️ 担担面, Pork Wontons in Chili Sauce (6) 🌶️ 红油猪肉抄手, Tsingtao",Default Online Ordering,1.98,Visa,600000035333039010,81,27.23,,1,0.00,,http://www.toasttab.com/receipts/33eiUG9RSnqR9vgz4YmOIA/LnfKHzbdchWbq
,,,,CA02,2/4/25,6:08 PM,"Pan Fried Pork Buns (4) 特色鲜肉煎包, Pork Xiao Long Bao (8) 鲜肉小笼包, Chicken Potstickers (6) 鸡肉锅贴, Chicken & Vegetable Wontons in Chili Sauce (6) 🌶️ 红油菜肉大馄饨, Pork Wontons in Chicken Soup 鸡汤小馄饨, Beef-Stew Noodles 🌶️ 秘制牛肉小面, Minced Chicken Noodles 🌶️ 鸡肉肉燥小面",Default Online Ordering,9.18,Visa,600000035333055887,83,133.93,,1,0.00,,http://www.toasttab.com/receipts/33eiUG9RSnqR9vgz4YmOIA/hxCfFw79gbrkP
,,,,CA02,2/4/25,6:11 PM,"Sweet & Sour Cucumber Ⓥ 🌶️ 甜辣小黄瓜, Pan Fried Chive Dumplings (3) 韭菜盒子, Chicken Xiao Long Bao (8) 鸡肉小笼包, Shrimp & Zucchini Steamed Dumplings (6) 🦐 青瓜鲜虾蒸饺, Vegetarian Hot & Sour Glass Noodles Ⓥ 🌶️🌶️ 素酸辣粉",Default Online Ordering,3.73,Visa,600000035333225266,84,51.21,,1,0.00,,http://www.toasttab.com/receipts/33eiUG9RSnqR9vgz4YmOIA/nhXC7Fkm7CPxg
600000035333421180,Hongshen Z,8552228111,dd.toast.orders+orders_5c896fd6-1704-4297-aa0d-a683de4b101b@gmail.com,CA02,2/4/25,6:22 PM,"Beef-Stew Noodle Soup 🌶️ 秘制牛肉汤面, Pan Fried Pork Buns (4) 特色鲜肉煎包",Default Online Ordering,2.09,Other,600000035333388394,85,24.99,,1,0.00,,http://www.toasttab.com/receipts/33eiUG9RSnqR9vgz4YmOIA/cJsfWcYXtbxNR
,,,,CA02,2/4/25,6:22 PM,"Green Onion Pancake (1) Ⓥ 葱油饼, Pan Fried Pork Buns (4) 特色鲜肉煎包, Dan Dan Noodles Ⓥ🌶️🌶️ 担担面, Sweet & Sour Cucumber Ⓥ 🌶️ 甜辣小黄瓜, Pork & Crab Meat Xiao Long Bao (8) 🦐 蟹肉小笼包, Pan Fried Wontons with Chili Sauce (6) 红油香煎大馄饨, Minced Chicken Noodles 🌶️ 鸡肉肉燥小面, Sweet & Sour Cucumber Ⓥ 🌶️ 甜辣小黄瓜, Kale Salad with Sesame Dressing Ⓥ 麻酱羽衣甘蓝沙拉, Pork Xiao Long Bao (8) 鲜肉小笼包, Dan Dan Noodles Ⓥ🌶️🌶️ 担担面, Chicken Potstickers (6) 鸡肉锅贴",Default Online Ordering,9.53,Mastercard,600000035333618009,86,133.68,,1,0.00,,http://www.toasttab.com/receipts/33eiUG9RSnqR9vgz4YmOIA/dpYTTwwwfbwnN
600000035333820764,Sb,4085698956,,CA02,2/4/25,6:26 PM,Green Onion Pancake (1) Ⓥ 葱油饼,Chunguang Xia,0.38,Visa,600000035333822564,87,5.21,,1,0.00,,http://www.toasttab.com/receipts/33eiUG9RSnqR9vgz4YmOIA/c9hxRWXpYnPXH
600000035334046351,Deborah R,8552228111,dd.toast.orders+orders_dad4d234-ff8c-4ccf-bc82-744d3c6559ec@gmail.com,CA02,2/4/25,6:35 PM,"Pork Wontons in Hot & Sour Sauce (6) 🌶️ 酸辣猪肉抄手, Minced Chicken Noodles 🌶️ 鸡肉肉燥小面, Pork Xiao Long Bao (8) 鲜肉小笼包",Default Online Ordering,2.64,Other,600000035333965962,89,31.59,,1,0.00,,http://www.toasttab.com/receipts/33eiUG9RSnqR9vgz4YmOIA/FdmLWpCz97M7k
600000035334077865,Sanjeev N,8552228111,dd.toast.orders+orders_3fb3209f-6c93-4d4c-a685-2f97e4b919c6@gmail.com,CA02,2/4/25,6:44 PM,"Vegetable Potstickers (6) Ⓥ 素三鲜锅贴, Sweet & Sour Cucumber Ⓥ 🌶️ 甜辣小黄瓜, Dan Dan Noodles Ⓥ🌶️🌶️ 担担面",Default Online Ordering,4.02,Other,600000035334009589,92,48.12,,1,0.00,,http://www.toasttab.com/receipts/33eiUG9RSnqR9vgz4YmOIA/FHxr9pRCm7wdm
600000035334044670,PickUp-Amy L.,4083937280,dd.toast.orders+orders_607a9816-891d-41a5-a36c-9c6b7a98fe9e@gmail.com,CA02,2/4/25,6:42 PM,"Pork & Shrimp Potstickers (6) 🦐 猪肉三鲜锅贴, Dan Dan Noodles Ⓥ🌶️🌶️ 担担面, Spicy Beef Shank 🌶️🌶️ 麻辣牛腱, Pork Xiao Long Bao (8) 鲜肉小笼包, Pan Fried Pork Buns (4) 特色鲜肉煎包",Default Online Ordering,3.96,Other,600000035334087368,90,53.92,,1,0.00,,http://www.toasttab.com/receipts/33eiUG9RSnqR9vgz4YmOIA/KRgh7nXjwyXPs
600000035334136336,PickUp-Abhishek S.,3103579359,dd.toast.orders+orders_d38ed943-4147-49c3-a39d-f050ea69fab6@gmail.com,CA02,2/4/25,6:53 PM,"Chicken & Vegetable Wontons in Chili Sauce (6) 🌶️ 红油菜肉大馄饨, Pan Fried Wontons with Chili Sauce (6) 红油香煎大馄饨",Default Online Ordering,1.33,Other,600000035334167593,96,15.93,,1,0.00,,http://www.toasttab.com/receipts/33eiUG9RSnqR9vgz4YmOIA/WLtbbkqTJ9nRN
,,,,CA02,2/4/25,6:57 PM,"Dan Dan Noodles Ⓥ🌶️🌶️ 担担面, Chicken Potstickers (6) 鸡肉锅贴, Chicken & Vegetable Wontons in Chili Sauce (6) 🌶️ 红油菜肉大馄饨, Yibin Noodles Ⓥ 🌶️ 宜宾燃面, Chicken Steamed Dumplings (6) 鸡肉蒸饺",Default Online Ordering,3.45,Discover,600000035334185244,97,45.15,,1,0.00,,http://www.toasttab.com/receipts/33eiUG9RSnqR9vgz4YmOIA/yyJcXnkThyccR
,,,,CA02,2/4/25,6:49 PM,"Spicy Beef Pancake Roll (1) 🌶️🌶️ 麻辣牛肉卷饼, Chicken Xiao Long Bao (8) 鸡肉小笼包, Pork Xiao Long Bao (8) 鲜肉小笼包, Pan Fried Wontons with Chili Sauce (6) 红油香煎大馄饨, Pork Wontons in Chili Sauce (6) 🌶️ 红油猪肉抄手, Thai Milk Tea (Cold) 泰式奶茶 (冷), Coke 可乐, Sapporo, Chicken Potstickers (6) 鸡肉锅贴, Chicken Steamed Dumplings (6) 鸡肉蒸饺, Chicken Xiao Long Bao (8) 鸡肉小笼包, Beef Pancake Roll (1) 酱香牛肉卷饼 (不辣), Pork Xiao Long Bao (8) 鲜肉小笼包, Pork Xiao Long Bao (8) 鲜肉小笼包, Beef Potstickers (6) 牛肉锅贴",Default Online Ordering,10.98,Visa,600000035334192574,95,154.56,,1,0.00,,http://www.toasttab.com/receipts/33eiUG9RSnqR9vgz4YmOIA/ycXwpKn7mnzds
600000035334230902,Tiffany,5103916446,,CA02,2/4/25,6:43 PM,"Pork Xiao Long Bao (8) 鲜肉小笼包, Pan Fried Pork Buns (4) 特色鲜肉煎包, Pan Fried Pork Buns (4) 特色鲜肉煎包, Beef-Stew Noodle Soup 🌶️ 秘制牛肉汤面, Banana Naan Bread (1) Ⓥ 香蕉飞饼, Sour Plum Juice (Cold) 酸梅汁 (冷)",Chunguang Xia,4.81,Visa,600000035334244035,88,60.51,,1,0.00,,http://www.toasttab.com/receipts/33eiUG9RSnqR9vgz4YmOIA/ppr9gk9tmdkxt
,,,,CA02,2/4/25,6:46 PM,"Pan Fried Pork Buns (4) 特色鲜肉煎包, Pork Xiao Long Bao (8) 鲜肉小笼包, Dan Dan Noodles Ⓥ🌶️🌶️ 担担面, Chicken Xiao Long Bao (8) 鸡肉小笼包, Chicken Potstickers (6) 鸡肉锅贴, Chicken & Vegetable Wontons in Chili Sauce (6) 🌶️ 红油菜肉大馄饨, Pork Wontons in Chili Sauce (6) 🌶️ 红油猪肉抄手",Default Online Ordering,8.41,Visa,600000035334324452,93,118.60,,1,0.00,,http://www.toasttab.com/receipts/33eiUG9RSnqR9vgz4YmOIA/RFzkPqTFCJNsn
,,,,CA02,2/4/25,6:47 PM,"Yibin Noodles Ⓥ 🌶️ 宜宾燃面, Banana Naan Bread (1) Ⓥ 香蕉飞饼, Oolong Tea (Hot) 乌龙茶 (热), Vegetable Steamed Dumplings (6) Ⓥ 素三鲜蒸饺, Chicken Steamed Dumplings (6) 鸡肉蒸饺",Chunguang Xia,3.19,Visa,600000035334343699,94,43.86,,2,0.00,,http://www.toasttab.com/receipts/33eiUG9RSnqR9vgz4YmOIA/FTWnmThNWW7gn
,,,,CA02,2/4/25,6:58 PM,"Dan Dan Noodles Ⓥ🌶️🌶️ 担担面, Beef-Stew Noodles 🌶️ 秘制牛肉小面, Pork Xiao Long Bao (8) 鲜肉小笼包, Pan Fried Beef Pies (2) 牛肉馅饼",Default Online Ordering,4.65,Visa,600000035334484419,99,63.88,,1,0.00,,http://www.toasttab.com/receipts/33eiUG9RSnqR9vgz4YmOIA/KghpnprWbNntd
,,,,CA02,2/4/25,6:58 PM,"Green Onion Pancake (1) Ⓥ 葱油饼, Pan Fried Pork Buns (4) 特色鲜肉煎包, Pork & Crab Meat Xiao Long Bao (8) 🦐 蟹肉小笼包",Default Online Ordering,2.20,Visa,600000035334506369,100,31.50,,1,0.00,,http://www.toasttab.com/receipts/33eiUG9RSnqR9vgz4YmOIA/CzCxmYmzWbJwk
600000035334346483,PickUp-Chris H,8552228111,dd.toast.orders+orders_647a8fd9-23d5-473f-8fe3-712079378528@gmail.com,CA02,2/4/25,6:58 PM,"Beef Sandwich (1) 大嘴牛肉包 (不辣), Chicken & Vegetable Wontons in Chicken Soup 鸡汤菜肉大馄饨",Default Online Ordering,1.39,Other,600000035334537709,101,16.59,,1,0.00,,http://www.toasttab.com/receipts/33eiUG9RSnqR9vgz4YmOIA/md9fNrdNpdX9h
,,,,CA02,2/4/25,7:00 PM,"High Tail Shrimp & Pork Steamed Dumplings (6) 🦐 翘尾鲜虾蒸饺, Spicy (Ma La) Noodles 🌶️🌶️ 麻辣小面, Pork & Crab Meat Xiao Long Bao (8) 🦐 蟹肉小笼包, Coke 可乐",Default Online Ordering,2.72,Visa,600000035334540263,102,37.34,,1,0.00,,http://www.toasttab.com/receipts/33eiUG9RSnqR9vgz4YmOIA/KxfhKLHtrxfwR
,,,,CA02,2/4/25,7:04 PM,"Yibin Noodles Ⓥ 🌶️ 宜宾燃面, Vegetable Steamed Dumplings (6) Ⓥ 素三鲜蒸饺, Green Onion Pancake (1) Ⓥ 葱油饼, Shrimp & Zucchini Steamed Dumplings (6) 🦐 青瓜鲜虾蒸饺, Pork Wontons in Chili Sauce (6) 🌶️ 红油猪肉抄手, Beef-Stew Noodles 🌶️ 秘制牛肉小面",Default Online Ordering,3.92,Visa,600000035334556970,106,55.25,,2,0.00,,http://www.toasttab.com/receipts/33eiUG9RSnqR9vgz4YmOIA/dXyfLHLNcbTWW
,,,,CA02,2/4/25,6:58 PM,"Pork Xiao Long Bao (8) 鲜肉小笼包, Pork Xiao Long Bao (8) 鲜肉小笼包, Pork Wontons in Chili Sauce (6) 🌶️ 红油猪肉抄手, Pork Wontons in Chili Sauce (6) 🌶️ 红油猪肉抄手, Pork Wontons in Hot & Sour Sauce (6) 🌶️ 酸辣猪肉抄手, Five Spice Beef Shank 五香牛腱, Sweet & Sour Cucumber Ⓥ 🌶️ 甜辣小黄瓜, Kale Salad with Sesame Dressing Ⓥ 麻酱羽衣甘蓝沙拉, Yibin Noodles Ⓥ 🌶️ 宜宾燃面, Beef-Stew Noodles 🌶️ 秘制牛肉小面, Banana Naan Bread (1) Ⓥ 香蕉飞饼",Chunguang Xia,8.00,Visa,600000035334602504,98,109.82,,3,0.00,,http://www.toasttab.com/receipts/33eiUG9RSnqR9vgz4YmOIA/zNcPMpsRFYYTg
,,,,CA02,2/4/25,7:02 PM,"Beef Potstickers (6) 牛肉锅贴, Beef Steamed Dumplings (6) 牛肉蒸饺, Chicken Steamed Dumplings (6) 鸡肉蒸饺",Default Online Ordering,2.01,Visa,600000035334608561,104,27.50,,1,0.00,,http://www.toasttab.com/receipts/33eiUG9RSnqR9vgz4YmOIA/WWbJgYhrxt7Hy
,,,,CA02,2/4/25,7:02 PM,"Pork Xiao Long Bao (8) 鲜肉小笼包, Minced Chicken Noodles 🌶️ 鸡肉肉燥小面, Chicken Steamed Dumplings (6) 鸡肉蒸饺, Chicken & Vegetable Wontons in Chili Sauce (6) 🌶️ 红油菜肉大馄饨, Steamed Pork Buns (4) 特色鲜肉蒸包",Default Online Ordering,3.88,Visa,600000035334644511,103,50.00,,1,0.00,,http://www.toasttab.com/receipts/33eiUG9RSnqR9vgz4YmOIA/TjHRpJ9zyrLt7
,,,,CA02,2/4/25,7:04 PM,"Zha Jiang Mian 京味炸酱面, Yibin Noodles Ⓥ 🌶️ 宜宾燃面, Pork Wontons in Chicken Soup 鸡汤小馄饨, Green Onion Pancake (1) Ⓥ 葱油饼, Sour Plum Juice (Cold) 酸梅汁 (冷), Sweet & Sour Cucumber Ⓥ 🌶️ 甜辣小黄瓜",Default Online Ordering,3.75,Mastercard,600000035334645317,107,51.58,,1,0.00,,http://www.toasttab.com/receipts/33eiUG9RSnqR9vgz4YmOIA/CcgRPPtfhRRmL
,,,,CA02,2/4/25,7:06 PM,"Vegetable Potstickers (6) Ⓥ 素三鲜锅贴, Vegetable Steamed Dumplings (6) Ⓥ 素三鲜蒸饺, Green Onion Pancake (1) Ⓥ 葱油饼",Default Online Ordering,1.72,Mastercard,600000035334668717,109,23.54,,1,0.00,,http://www.toasttab.com/receipts/33eiUG9RSnqR9vgz4YmOIA/qrLXLrKfnCWMN
600000033539478046,Mayl,9169471038,,CA02,2/4/25,7:06 PM,"Dan Dan Noodles Ⓥ🌶️🌶️ 担担面, Vegetable Potstickers (6) Ⓥ 素三鲜锅贴, Green Onion Pancake (1) Ⓥ 葱油饼",Chunguang Xia,1.77,Visa,600000035334771385,108,21.12,,1,0.00,,http://www.toasttab.com/receipts/33eiUG9RSnqR9vgz4YmOIA/hLbxsrmTzkNcR
,,,,CA02,2/4/25,7:23 PM,"Dan Dan Noodles Ⓥ🌶️🌶️ 担担面, Banana Naan Bread (1) Ⓥ 香蕉飞饼, Beef-Stew Noodle Soup 🌶️ 秘制牛肉汤面, Green Onion Pancake (1) Ⓥ 葱油饼, Shrimp & Zucchini Steamed Dumplings (6) 🦐 青瓜鲜虾蒸饺",Default Online Ordering,3.40,Visa,600000035334810590,114,48.84,,1,0.00,,http://www.toasttab.com/receipts/33eiUG9RSnqR9vgz4YmOIA/rxXfjPzHxRFLt
600000035334720583,Sherry L,8552228111,dd.toast.orders+orders_3b495a0e-1df7-4ba1-b8e9-c71a2634d24c@gmail.com,CA02,2/4/25,7:20 PM,"Green Onion Pancake (1) Ⓥ 葱油饼, Sweet & Sour Cucumber Ⓥ 🌶️ 甜辣小黄瓜, Pan Fried Wontons with Sweet & Spicy Garlic Sauce (6) 甜辣香煎大馄饨, Pork Wontons in Chicken Soup 鸡汤小馄饨, Pork & Shrimp Potstickers (6) 🦐 猪肉三鲜锅贴, Green Onion Soy Sauce Noodles Ⓥ 葱油拌面, Pork & Crab Meat Xiao Long Bao (8) 🦐 蟹肉小笼包",Default Online Ordering,7.10,Other,600000035334830478,113,84.95,,1,0.00,,http://www.toasttab.com/receipts/33eiUG9RSnqR9vgz4YmOIA/FxNpJTFfnFPmn
600000035334997575,PickUp-Jimmy R.,3103579891,dd.toast.orders+orders_ee66b5a6-b807-4e6d-bcb7-e051f07d0cee@gmail.com,CA02,2/4/25,7:31 PM,"Pork & Shrimp Potstickers (6) 🦐 猪肉三鲜锅贴, Pork Wontons in Hot & Sour Sauce (6) 🌶️ 酸辣猪肉抄手, Sweet & Sour Cucumber Ⓥ 🌶️ 甜辣小黄瓜, Spicy (Ma La) Noodles 🌶️🌶️ 麻辣小面, Pork Xiao Long Bao (8) 鲜肉小笼包",Default Online Ordering,3.63,Other,600000035334874742,116,47.35,,1,0.00,,http://www.toasttab.com/receipts/33eiUG9RSnqR9vgz4YmOIA/P9XpWJgNRWHWs
,,,,CA02,,,,xin Meng,0.00,,600000035334921046,111,0.00,,1,0.00,,
,,,,CA02,2/4/25,7:15 PM,"$25 Dough Zone Gift Card, $25 Dough Zone Gift Card, $25 Dough Zone Gift Card, $25 Dough Zone Gift Card",xin Meng,0.00,Cash,600000035334944131,112,100.00,,9,0.00,,http://www.toasttab.com/receipts/33eiUG9RSnqR9vgz4YmOIA/YzpKhjpMPYn9T
,,,,CA02,2/4/25,7:26 PM,"Pork Xiao Long Bao (8) 鲜肉小笼包, Dan Dan Noodles Ⓥ🌶️🌶️ 担担面, Pan Fried Wontons with Chili Sauce (6) 红油香煎大馄饨, Beef-Stew Noodles 🌶️ 秘制牛肉小面",Default Online Ordering,3.02,Visa,600000035334986717,115,42.56,,1,0.00,,http://www.toasttab.com/receipts/33eiUG9RSnqR9vgz4YmOIA/NRwPnJKNdNYWh
600000035335325774,PickUp-Wayne K.,4084603603,dd.toast.orders+orders_fe057ac3-d9de-44ea-ab61-57a82c7e180d@gmail.com,CA02,2/4/25,7:52 PM,"Chicken Potstickers (6) 鸡肉锅贴, Green Onion Soy Sauce Noodles Ⓥ 葱油拌面, Beef-Stew Noodle Soup 🌶️ 秘制牛肉汤面, Chicken & Vegetable Wontons in Chicken Soup 鸡汤菜肉大馄饨",Default Online Ordering,3.02,Other,600000035335222593,120,38.07,,1,0.00,,http://www.toasttab.com/receipts/33eiUG9RSnqR9vgz4YmOIA/xFHPdgLWyzMYM
,,,,CA02,2/4/25,7:44 PM,"Pork Xiao Long Bao (8) 鲜肉小笼包, Pan Fried Pork Buns (4) 特色鲜肉煎包, Sweet & Sour Cucumber Ⓥ 🌶️ 甜辣小黄瓜, Chicken Xiao Long Bao (8) 鸡肉小笼包, Steamed Pork Buns (4) 特色鲜肉蒸包, Pan Fried Wontons with Sweet & Spicy Garlic Sauce (6) 甜辣香煎大馄饨, Chicken & Vegetable Wontons in Chicken Soup 鸡汤菜肉大馄饨",Default Online Ordering,6.42,Mastercard,600000035335230576,118,90.41,,1,0.00,,http://www.toasttab.com/receipts/33eiUG9RSnqR9vgz4YmOIA/hPkyJ9tMLzXYq
,,,,CA02,2/4/25,7:42 PM,"Green Onion Pancake (1) Ⓥ 葱油饼, Beef Pancake Roll (1) 酱香牛肉卷饼 (不辣), Chicken Xiao Long Bao (8) 鸡肉小笼包, Chicken Xiao Long Bao (8) 鸡肉小笼包, Vegetable Potstickers (6) Ⓥ 素三鲜锅贴, Chicken Potstickers (6) 鸡肉锅贴, Chicken Potstickers (6) 鸡肉锅贴, Broccoli with Seafood Sauce 蚝油西兰花, Dan Dan Noodles Ⓥ🌶️🌶️ 担担面, Beef-Stew Noodles 🌶️ 秘制牛肉小面, Passion Fruit Green Tea (Cold) 百香果绿茶 (冷), Passion Fruit Green Tea (Cold) 百香果绿茶 (冷), Passion Fruit Green Tea (Cold) 百香果绿茶 (冷), Add Boba 珍珠, Add Boba 珍珠, Sprite 雪碧",Chunguang Xia,9.21,Visa,600000035335402239,117,129.81,,4,0.00,,http://www.toasttab.com/receipts/33eiUG9RSnqR9vgz4YmOIA/hKcbdqgppHkYz
,,,,CA02,2/4/25,7:51 PM,"Chicken Xiao Long Bao (8) 鸡肉小笼包, Chicken & Vegetable Wontons in Hot & Sour Sauce (6) 🌶️ 酸辣菜肉大馄饨, Green Onion Soy Sauce Noodles Ⓥ 葱油拌面, Chicken Potstickers (6) 鸡肉锅贴",Default Online Ordering,3.69,Visa,600000035335484109,119,50.65,,1,0.00,,http://www.toasttab.com/receipts/33eiUG9RSnqR9vgz4YmOIA/Kzj9XwyctbkF9
,,,,CA02,2/4/25,7:53 PM,"Pan Fried Pork Buns (4) 特色鲜肉煎包, Oolong Tea (Hot) 乌龙茶 (热)",Chunguang Xia,1.41,Visa,600000035335546157,121,16.86,,1,0.00,,http://www.toasttab.com/receipts/33eiUG9RSnqR9vgz4YmOIA/XgXzqnPkfsdPj
600000035335755757,Rahul A,8552228111,dd.toast.orders+orders_e7b41f5c-5b20-4098-bcef-76e08f981fb5@gmail.com,CA02,2/4/25,8:13 PM,"Green Onion Pancake (1) Ⓥ 葱油饼, Pork Wontons in Chili Sauce (6) 🌶️ 红油猪肉抄手, Pork Xiao Long Bao (8) 鲜肉小笼包",Default Online Ordering,2.25,Other,600000035335720920,122,26.90,,1,0.00,,http://www.toasttab.com/receipts/33eiUG9RSnqR9vgz4YmOIA/kXrCtqHTPgqnj
600000035335958466,Anushree P,8552228111,dd.toast.orders+orders_cbade942-8d78-4cfb-a9af-5c90e0c04020@gmail.com,CA02,2/4/25,8:36 PM,"Chicken & Vegetable Wontons in Chili Sauce (6) 🌶️ 红油菜肉大馄饨, Dan Dan Noodles Ⓥ🌶️🌶️ 担担面",Default Online Ordering,1.60,Other,600000035335857034,123,19.10,,1,0.00,,http://www.toasttab.com/receipts/33eiUG9RSnqR9vgz4YmOIA/hXWRd7NswzRHR
