Location,Location Code,Id,GUID,Employee Id,Employee GUID,Employee External Id,Employee,Job Id,Job GUID,Job Code,Job Title,In Date,Out Date,Auto Clock-out,Total Hours,Unpaid Break Time,Paid Break Time,Payable Hours,Cash Tips Declared,Non Cash Tips,Total Gratuity,Total Tips,Tips Withheld,Wage,Regular Hours,Overtime Hours,Regular Pay,Overtime Pay,Total Pay
Cupertino,CA02,600000034721146748,26a43cad-b591-4c65-84e9-e3077a2c2d55,600000002970777958,b4a3d95d-59c6-4901-82b7-c1a777aab865,187,"Chen, Yafang",600000009837655739,df2bae65-6ee0-429d-bf33-119c20d1f5b4,,Server 6,1/17/25 10:25 AM,1/17/25 2:00 PM,No,3.58,0.00,0.00,3.58,,0.00,0.00,0.00,0.00,,3.58,0.00,,,
Cupertino,CA02,600000034723781902,ad834d91-08a4-459f-bd24-704fc85270c1,600000013299861140,7e784155-4add-4038-bc80-2d8405905c9c,,"zheng, xiaoli",600000000187953261,1f27dffe-ff3d-4db7-810c-764b9b917d57,,Server,1/17/25 11:33 AM,1/18/25 4:00 AM,Yes,16.44,0.00,0.00,16.44,0.00,2.94,0.00,2.94,0.00,,8.00,8.44,,,
Cupertino,CA02,600000034725022838,319e1a44-f058-4da5-b70b-bee45306afa7,600000001251302471,926dca98-bd07-4351-b441-2634bdc824ca,131,"chen, zhengyu",600000009837655739,df2bae65-6ee0-429d-bf33-119c20d1f5b4,,Server 6,1/17/25 12:07 PM,1/18/25 4:00 AM,Yes,15.88,0.00,0.00,15.88,0.00,41.84,0.00,41.84,0.00,,8.00,7.88,,,
Cupertino,CA02,600000034736725843,4b25e838-121b-4b09-9507-99e37e2b38ac,600000002970777958,b4a3d95d-59c6-4901-82b7-c1a777aab865,187,"Chen, Yafang",600000009837655739,df2bae65-6ee0-429d-bf33-119c20d1f5b4,,Server 6,1/17/25 3:58 PM,1/17/25 10:26 PM,No,6.47,0.00,0.00,6.47,,0.00,0.00,0.00,0.00,,4.42,2.05,,,
Cupertino,CA02,600000034742244396,eabeecf8-eb13-49d8-8d29-8e145fb5df6a,600000012430196065,4a50cb9e-0329-4d5b-b44f-f5013df5ea6a,,"Penney, Jaylan",600000000187953261,1f27dffe-ff3d-4db7-810c-764b9b917d57,,Server,1/17/25 5:07 PM,1/18/25 4:00 AM,Yes,10.88,0.00,0.00,10.88,0.00,26.99,0.00,26.99,0.00,,8.00,2.88,,,
Cupertino,CA02,600000034755069303,8ed8486c-6124-40d0-a980-f9c95aa57986,600000000608460755,8071979d-6aad-42ef-b00c-aed77da86d69,115,"van, chi",600000009837655739,df2bae65-6ee0-429d-bf33-119c20d1f5b4,,Server 6,1/17/25 9:55 PM,1/17/25 9:55 PM,No,0.01,0.00,0.00,0.01,,0.00,0.00,0.00,0.00,,0.01,0.00,,,
