Location,Order Id,Order #,Checks,Opened,# of Guests,Tab Names,Server,Table,Revenue Center,Dining Area,Service,Dining Options,Discount Amount,Amount,Tax,Tip,Gratuity,Total,Voided,Paid,Closed,Duration (Opened to Paid),Order Source
Cupertino,600000035216048795,4,4,2/1/25 11:07 AM,1,SF 447cfb5e PickUp-Yuling K,Default Online Ordering,,Doordash,,Lunch,DoorDash - Takeout,0.00,32.45,2.96,0.00,0.00,35.41,false,2/1/25 11:07 AM,2/1/25 11:08 AM,00:00:00,API
Cupertino,600000035216055792,2,2,2/1/25 11:04 AM,1,DD 6b7e3d79 PickUp-Hui chuan L,Default Online Ordering,,Doordash,,Lunch,DoorDash - Takeout,0.00,123.15,11.24,0.00,0.00,134.39,false,2/1/25 11:04 AM,2/1/25 11:19 AM,00:00:00,API
Cupertino,600000035216475401,1,1,2/1/25 11:04 AM,1,,Default Online Ordering,A1,Dining Room,Dining Room,Lunch,Dine In,0.00,33.05,3.02,5.00,0.00,41.07,false,2/1/25 11:31 AM,2/1/25 11:31 AM,00:27:26,Order-and-Pay-at-Table
Cupertino,600000035216559317,3,3,2/1/25 11:07 AM,1,,Default Online Ordering,A2,Dining Room,Dining Room,Lunch,Dine In,0.00,47.05,4.30,9.24,0.00,60.59,false,2/1/25 11:50 AM,2/1/25 11:50 AM,00:42:31,Order-and-Pay-at-Table
Cupertino,600000035216651309,6,6,2/1/25 11:09 AM,1,SF c0aaa069 PickUp-Pei-Tzu C,Default Online Ordering,,Doordash,,Lunch,DoorDash - Takeout,0.00,45.65,4.17,0.00,0.00,49.82,false,2/1/25 11:09 AM,2/1/25 11:09 AM,00:00:00,API
Cupertino,600000035216658841,7,7,2/1/25 11:13 AM,1,,Default Online Ordering,A3,Dining Room,Dining Room,Lunch,Dine In,0.00,63.80,5.84,12.54,0.00,82.18,false,2/1/25 11:49 AM,2/1/25 11:49 AM,00:36:22,Order-and-Pay-at-Table
Cupertino,600000035216726201,5,5,2/1/25 11:08 AM,1,SF 11afe90d PickUp-Richard .,Default Online Ordering,,Doordash,,Lunch,DoorDash - Takeout,0.00,18.75,1.71,0.00,0.00,20.46,false,2/1/25 11:08 AM,2/1/25 11:08 AM,00:00:00,API
Cupertino,600000035217027042,9,9,2/1/25 11:23 AM,1,,Default Online Ordering,B4,Dining Room,Dining Room,Lunch,Dine In,0.00,40.45,3.69,6.62,0.00,50.76,false,2/1/25 11:47 AM,2/1/25 11:47 AM,00:23:30,Order-and-Pay-at-Table
Cupertino,600000035217333483,8,8,2/1/25 11:18 AM,7,,xin Meng,B1,Dining Room,Dining Room,Lunch,Dine In,0.00,200.90,18.36,32.89,0.00,252.15,false,2/1/25 12:14 PM,2/1/25 12:14 PM,00:56:08,In Store
Cupertino,600000035218128361,11,11,2/1/25 11:35 AM,1,,Default Online Ordering,A7,Dining Room,Dining Room,Lunch,Dine In,0.00,47.10,4.31,9.25,0.00,60.66,false,2/1/25 12:06 PM,2/1/25 12:06 PM,00:31:45,Order-and-Pay-at-Table
Cupertino,600000035218243049,18,18,2/1/25 11:48 AM,1,DD f7c228d0 Caela F,Default Online Ordering,,Doordash,,Lunch,DoorDash - Delivery,0.00,42.60,3.43,0.00,0.00,46.03,false,2/1/25 11:48 AM,2/1/25 11:49 AM,00:00:00,API
Cupertino,600000035218361654,10,10,2/1/25 11:35 AM,2,,Jaylan Penney,A7,Dining Room,Dining Room,Lunch,Dine In,0.00,0.00,0.00,0.00,0.00,0.00,true,2/1/25 11:37 AM,2/1/25 11:37 AM,00:02:21,In Store
Cupertino,600000035218408765,13,13,2/1/25 11:42 AM,1,,Default Online Ordering,B6,Dining Room,Dining Room,Lunch,Dine In,0.00,41.80,3.83,8.21,0.00,53.84,false,2/1/25 12:09 PM,2/1/25 12:09 PM,00:26:54,Order-and-Pay-at-Table
Cupertino,600000035218423820,12,12,2/1/25 11:38 AM,2,,Jaylan Penney,A5,Dining Room,Dining Room,Lunch,Dine In,0.00,43.45,3.97,7.11,0.00,54.53,false,2/1/25 12:26 PM,2/1/25 12:26 PM,00:48:22,In Store
Cupertino,600000035218456532,16,16,2/1/25 11:47 AM,1,,Default Online Ordering,A4,Dining Room,Dining Room,Lunch,Dine In,0.00,64.30,5.89,10.53,0.00,80.72,false,2/1/25 12:19 PM,2/1/25 12:19 PM,00:31:43,Order-and-Pay-at-Table
Cupertino,600000035218598820,14,14,2/1/25 11:44 AM,1,SF 3213d03c PickUp-Lisa M,Default Online Ordering,,Doordash,,Lunch,DoorDash - Takeout,0.00,52.95,4.83,5.29,0.00,63.07,false,2/1/25 11:44 AM,2/1/25 11:45 AM,00:00:00,API
Cupertino,600000035218636291,20,20,2/1/25 11:51 AM,1,,Default Online Ordering,B3,Dining Room,Dining Room,Lunch,Dine In,0.00,45.55,4.16,7.46,0.00,57.17,false,2/1/25 12:22 PM,2/1/25 12:22 PM,00:31:03,Order-and-Pay-at-Table
Cupertino,600000035218680538,19,19,2/1/25 11:50 AM,1,,Default Online Ordering,B7,Dining Room,Dining Room,Lunch,Dine In,0.00,47.35,4.32,9.30,0.00,60.97,false,2/1/25 12:23 PM,2/1/25 12:23 PM,00:32:13,Order-and-Pay-at-Table
Cupertino,600000035218862894,15,15,2/1/25 11:45 AM,2,,Jaylan Penney,A6,Dining Room,Dining Room,Lunch,Dine In,0.00,28.70,2.63,4.70,0.00,36.03,false,2/1/25 12:17 PM,2/1/25 12:17 PM,00:31:42,In Store
Cupertino,600000035218958102,17,17,2/1/25 11:48 AM,1,,Default Online Ordering,B8,Dining Room,Dining Room,Lunch,Dine In,0.00,56.40,5.16,12.31,0.00,73.87,false,2/1/25 12:23 PM,2/1/25 12:23 PM,00:35:23,Order-and-Pay-at-Table
Cupertino,600000035219068256,21,21,2/1/25 11:52 AM,1,,Default Online Ordering,A1,Dining Room,Dining Room,Lunch,Dine In,0.00,17.25,1.58,2.82,0.00,21.65,false,2/1/25 12:33 PM,2/1/25 12:33 PM,00:41:24,Order-and-Pay-at-Table
Cupertino,600000035219287269,23,23,2/1/25 11:57 AM,1,,Default Online Ordering,D2,Dining Room,Dining Room,Lunch,Dine In,0.00,44.50,4.07,7.29,0.00,55.86,false,2/1/25 12:53 PM,2/1/25 12:53 PM,00:56:02,Order-and-Pay-at-Table
Cupertino,600000035219318581,24,24,2/1/25 12:02 PM,1,SF eafb567d PickUp-Alex P,Default Online Ordering,,Doordash,,Lunch,DoorDash - Takeout,0.00,57.55,5.25,4.00,0.00,66.80,false,2/1/25 12:02 PM,2/1/25 12:02 PM,00:00:00,API
Cupertino,600000035219362663,22,22,2/1/25 11:55 AM,4,,Yan Xu,D1,Dining Room,Dining Room,Lunch,Dine In,0.00,25.75,2.35,1.40,0.00,29.50,false,2/1/25 12:08 PM,2/1/25 12:08 PM,00:13:04,In Store
Cupertino,600000035219688507,26,26,2/1/25 12:02 PM,1,,Default Online Ordering,D3,Dining Room,Dining Room,Lunch,Dine In,0.00,49.75,4.55,5.50,0.00,59.80,false,2/1/25 12:33 PM,2/1/25 12:33 PM,00:30:14,Order-and-Pay-at-Table
Cupertino,600000035219793585,25,25,2/1/25 12:02 PM,1,Ning,Jaylan Penney,,None,,Lunch,Take Out,0.00,25.15,2.30,4.12,0.00,31.57,false,2/1/25 12:03 PM,2/1/25 12:03 PM,00:01:30,In Store
Cupertino,600000035219826523,32,32,2/1/25 12:13 PM,1,,Default Online Ordering,A2,Dining Room,Dining Room,Lunch,Dine In,0.00,41.80,3.83,6.84,0.00,52.47,false,2/1/25 12:55 PM,2/1/25 12:55 PM,00:41:44,Order-and-Pay-at-Table
Cupertino,600000035219846946,33,33,2/1/25 12:13 PM,1,,Default Online Ordering,D4,Dining Room,Dining Room,Lunch,Dine In,0.00,15.80,1.44,2.59,0.00,19.83,false,2/1/25 12:38 PM,2/1/25 12:38 PM,00:24:46,Order-and-Pay-at-Table
Cupertino,600000035219881544,31,31,2/1/25 12:12 PM,1,DD c69bf72b Y W,Default Online Ordering,,Doordash,,Lunch,DoorDash - Delivery,0.00,28.95,2.64,0.00,0.00,31.59,false,2/1/25 12:12 PM,2/1/25 12:12 PM,00:00:00,API
Cupertino,600000035219988250,28,28,2/1/25 12:06 PM,1,,Default Online Ordering,A3,Dining Room,Dining Room,Lunch,Dine In,0.00,60.85,5.58,14.61,0.00,81.04,false,2/1/25 12:33 PM,2/1/25 12:33 PM,00:27:05,Order-and-Pay-at-Table
Cupertino,600000035219988263,29,29,2/1/25 12:08 PM,1,,Default Online Ordering,B4,Dining Room,Dining Room,Lunch,Dine In,0.00,49.75,4.55,8.14,0.00,62.44,false,2/1/25 12:29 PM,2/1/25 12:29 PM,00:20:54,Order-and-Pay-at-Table
Cupertino,600000035220143611,30,30,2/1/25 12:11 PM,1,,Default Online Ordering,D4,Dining Room,Dining Room,Lunch,Dine In,0.00,23.20,2.12,4.56,0.00,29.88,false,2/1/25 12:38 PM,2/1/25 12:38 PM,00:27:04,Order-and-Pay-at-Table
Cupertino,600000035220322006,34,34,2/1/25 12:14 PM,1,SF 182df25a PickUp-Leslie F,Default Online Ordering,,Doordash,,Lunch,DoorDash - Takeout,0.00,63.70,5.81,0.00,0.00,69.51,false,2/1/25 12:14 PM,2/1/25 12:14 PM,00:00:00,API
Cupertino,600000035220427194,36,36,2/1/25 12:24 PM,1,,Default Online Ordering,B3,Dining Room,Dining Room,Lunch,Dine In,0.00,15.20,1.39,2.99,0.00,19.58,false,2/1/25 12:59 PM,2/1/25 12:59 PM,00:34:40,Order-and-Pay-at-Table
Cupertino,600000035220522737,37,37,2/1/25 12:25 PM,1,,Default Online Ordering,B1,Dining Room,Dining Room,Lunch,Dine In,0.00,31.40,2.87,5.14,0.00,39.41,false,2/1/25 12:53 PM,2/1/25 12:53 PM,00:28:31,Order-and-Pay-at-Table
Cupertino,600000035220555536,35,35,2/1/25 12:24 PM,1,,Default Online Ordering,A7,Dining Room,Dining Room,Lunch,Dine In,0.00,133.05,12.17,21.78,0.00,167.00,false,2/1/25 1:08 PM,2/1/25 1:08 PM,00:43:59,Order-and-Pay-at-Table
Cupertino,600000035220807790,41,41,2/1/25 12:30 PM,1,SF 9159742a PickUp-Olga D,Default Online Ordering,,Doordash,,Lunch,DoorDash - Takeout,0.00,31.85,2.91,3.18,0.00,37.94,false,2/1/25 12:30 PM,2/1/25 12:31 PM,00:00:00,API
Cupertino,600000035220824447,45,45,2/1/25 12:35 PM,1,,Default Online Ordering,B2,Dining Room,Dining Room,Lunch,Dine In,0.00,81.15,7.42,13.29,0.00,101.86,false,2/1/25 12:58 PM,2/1/25 12:58 PM,00:23:38,Order-and-Pay-at-Table
Cupertino,600000035220836181,40,40,2/1/25 12:29 PM,1,,Default Online Ordering,A6,Dining Room,Dining Room,Lunch,Dine In,0.00,46.55,4.26,10.16,0.00,60.97,false,2/1/25 12:54 PM,2/1/25 12:54 PM,00:24:56,Order-and-Pay-at-Table
Cupertino,600000035221105987,27,27,2/1/25 12:03 PM,1,,Jaylan Penney,,None,,Lunch,Take Out,0.00,25.65,2.34,0.00,0.00,27.99,false,2/1/25 12:27 PM,2/1/25 12:27 PM,00:23:42,In Store
Cupertino,600000035221137366,39,39,2/1/25 12:27 PM,4,,Jaylan Penney,B8,Dining Room,Dining Room,Lunch,Dine In,0.00,100.30,9.17,19.70,0.00,129.17,false,2/1/25 1:08 PM,2/1/25 1:08 PM,00:40:18,In Store
Cupertino,600000035221158995,47,47,2/1/25 12:39 PM,1,,Default Online Ordering,B6,Dining Room,Dining Room,Lunch,Dine In,9.95,50.55,4.62,9.77,0.00,64.94,false,2/1/25 1:02 PM,2/1/25 1:02 PM,00:23:35,Order-and-Pay-at-Table
Cupertino,600000035221284425,46,46,2/1/25 12:36 PM,1,,Default Online Ordering,A5,Dining Room,Dining Room,Lunch,Dine In,0.00,58.90,5.40,11.57,0.00,75.87,false,2/1/25 1:10 PM,2/1/25 1:10 PM,00:33:49,Order-and-Pay-at-Table
Cupertino,600000035221354519,42,42,2/1/25 12:31 PM,4,,zhengyu chen,A4,Dining Room,Dining Room,Lunch,Dine In,0.00,61.00,5.57,8.00,0.00,74.57,false,2/1/25 1:23 PM,2/1/25 1:23 PM,00:52:19,In Store
Cupertino,600000035221432274,48,48,2/1/25 12:40 PM,1,,Default Online Ordering,B7,Dining Room,Dining Room,Lunch,Dine In,0.00,68.25,6.25,13.41,0.00,87.91,false,2/1/25 1:16 PM,2/1/25 1:16 PM,00:36:02,Order-and-Pay-at-Table
Cupertino,600000035221434151,43,43,2/1/25 12:33 PM,1,DD bb95e9b8 Julia C,Default Online Ordering,,Doordash,,Lunch,DoorDash - Delivery,0.00,48.10,3.93,0.00,0.00,52.03,false,2/1/25 12:33 PM,2/1/25 12:34 PM,00:00:00,API
Cupertino,600000035221479662,44,44,2/1/25 12:34 PM,1,,Jaylan Penney,E1,Dining Room,Dining Room,Lunch,Dine In,70.30,0.00,0.00,0.00,0.00,0.00,false,2/1/25 8:22 PM,2/1/25 8:22 PM,07:48:11,In Store
Cupertino,600000035221494692,51,51,2/1/25 12:43 PM,1,DD 5ab2ad8c Yinghui L,Default Online Ordering,,Doordash,,Lunch,DoorDash - Delivery,0.00,28.25,2.58,0.00,0.00,30.83,false,2/1/25 12:43 PM,2/1/25 12:44 PM,00:00:00,API
Cupertino,600000035221755946,55,55,2/1/25 12:51 PM,1,,Default Online Ordering,C3,Dining Room,Dining Room,Lunch,Dine In,0.00,73.20,6.69,11.98,0.00,91.87,false,2/1/25 1:30 PM,2/1/25 1:30 PM,00:38:22,Order-and-Pay-at-Table
Cupertino,600000035221755948,56,56,2/1/25 12:52 PM,1,SF 4e933513 PickUp-Zhong C,Default Online Ordering,,Doordash,,Lunch,DoorDash - Takeout,0.00,17.25,1.57,1.00,0.00,19.82,false,2/1/25 12:52 PM,2/1/25 12:52 PM,00:00:00,API
Cupertino,600000035221822552,49,49,2/1/25 12:40 PM,1,,Default Online Ordering,B4,Dining Room,Dining Room,Lunch,Dine In,0.00,55.00,5.02,10.80,0.00,70.82,false,2/1/25 1:21 PM,2/1/25 1:21 PM,00:40:47,Order-and-Pay-at-Table
Cupertino,600000035221836111,50,50,2/1/25 12:42 PM,1,DD 40ab48cd PickUp-Jacob S,Default Online Ordering,,Doordash,,Lunch,DoorDash - Takeout,0.00,31.85,2.91,0.00,0.00,34.76,false,2/1/25 12:42 PM,2/1/25 12:43 PM,00:00:00,API
Cupertino,600000035222104062,52,52,2/1/25 12:48 PM,1,DD 4f010389 Nikhil R,Default Online Ordering,,Doordash,,Lunch,DoorDash - Delivery,0.00,51.85,4.28,0.00,0.00,56.13,false,2/1/25 12:48 PM,2/1/25 12:48 PM,00:00:00,API
Cupertino,600000035222254802,53,53,2/1/25 12:48 PM,1,,Default Online Ordering,A3,Dining Room,Dining Room,Lunch,Dine In,0.00,58.75,5.37,11.54,0.00,75.66,false,2/1/25 1:15 PM,2/1/25 1:15 PM,00:26:48,Order-and-Pay-at-Table
Cupertino,600000035222353750,54,54,2/1/25 12:50 PM,1,,Default Online Ordering,D3,Dining Room,Dining Room,Lunch,Dine In,0.00,53.30,4.88,0.00,0.00,58.18,false,2/1/25 1:13 PM,2/1/25 1:13 PM,00:23:22,Order-and-Pay-at-Table
Cupertino,600000035222445715,58,58,2/1/25 12:55 PM,1,,Default Online Ordering,C1,Dining Room,Dining Room,Lunch,Dine In,0.00,67.25,6.14,13.21,0.00,86.60,false,2/1/25 1:29 PM,2/1/25 1:29 PM,00:33:36,Order-and-Pay-at-Table
Cupertino,600000035222540698,57,57,2/1/25 12:53 PM,1,,Jaylan Penney,A1,Dining Room,Dining Room,Lunch,Dine In,0.00,17.85,1.63,1.90,0.00,21.38,false,2/1/25 1:36 PM,2/1/25 1:36 PM,00:42:53,In Store
Cupertino,600000035222669725,65,65,2/1/25 1:04 PM,1,CAV fc7e2577 Daryl S,Default Online Ordering,,Doordash,,Lunch,DoorDash - Delivery,0.00,28.35,2.59,0.00,0.00,30.94,false,2/1/25 1:04 PM,2/1/25 1:05 PM,00:00:00,API
Cupertino,600000035222680465,61,61,2/1/25 12:58 PM,1,DD 382ab958 Gargi D,Default Online Ordering,,Doordash,,Lunch,DoorDash - Delivery,0.00,22.90,2.09,0.00,0.00,24.99,false,2/1/25 12:58 PM,2/1/25 12:58 PM,00:00:00,API
Cupertino,600000035222680467,62,62,2/1/25 12:59 PM,1,,Default Online Ordering,B1,Dining Room,Dining Room,Lunch,Dine In,0.00,48.55,4.44,6.50,0.00,59.49,false,2/1/25 2:01 PM,2/1/25 2:01 PM,01:02:18,Order-and-Pay-at-Table
Cupertino,600000035222755766,59,59,2/1/25 12:56 PM,5,,zhengyu chen,D1,Dining Room,Dining Room,Lunch,Dine In,0.00,87.35,7.99,14.30,0.00,109.64,false,2/1/25 1:25 PM,2/1/25 1:25 PM,00:28:50,In Store
Cupertino,600000035222858333,60,60,2/1/25 12:58 PM,1,Maggie Yen,zhengyu chen,,None,,Lunch,Take Out,10.00,75.15,6.87,0.00,0.00,82.02,false,2/1/25 1:21 PM,2/1/25 1:21 PM,00:22:59,In Store
Cupertino,600000035222918308,64,64,2/1/25 1:03 PM,1,,Default Online Ordering,A2,Dining Room,Dining Room,Lunch,Dine In,0.00,46.25,4.23,5.00,0.00,55.48,false,2/1/25 1:35 PM,2/1/25 1:35 PM,00:31:41,Order-and-Pay-at-Table
Cupertino,600000035222930748,63,63,2/1/25 1:00 PM,7,,zhengyu chen,D5,Dining Room,Dining Room,Lunch,Dine In,0.00,81.90,7.49,13.41,0.00,102.80,false,2/1/25 1:21 PM,2/1/25 1:21 PM,00:21:26,In Store
Cupertino,600000035223002498,70,70,2/1/25 1:14 PM,1,,Default Online Ordering,B6,Dining Room,Dining Room,Lunch,Dine In,0.00,42.70,3.90,6.99,0.00,53.59,false,2/1/25 1:51 PM,2/1/25 1:51 PM,00:37:22,Order-and-Pay-at-Table
Cupertino,600000035223140782,67,67,2/1/25 1:10 PM,1,SF 87244ff1 PickUp-Janice L,Default Online Ordering,,Doordash,,Lunch,DoorDash - Takeout,0.00,9.40,0.86,0.00,0.00,10.26,false,2/1/25 1:10 PM,2/1/25 1:19 PM,00:00:00,API
Cupertino,600000035223258920,66,66,2/1/25 1:06 PM,4,,zhengyu chen,B3,Dining Room,Dining Room,Lunch,Dine In,0.00,74.40,6.79,16.24,0.00,97.43,false,2/1/25 1:34 PM,2/1/25 1:34 PM,00:27:35,In Store
Cupertino,600000035223421068,68,68,2/1/25 1:12 PM,1,,Default Online Ordering,B2,Dining Room,Dining Room,Lunch,Dine In,0.00,103.65,9.48,16.97,0.00,130.10,false,2/1/25 1:47 PM,2/1/25 1:47 PM,00:35:22,Order-and-Pay-at-Table
Cupertino,600000035223677192,73,73,2/1/25 1:24 PM,1,,Default Online Ordering,A5,Dining Room,Dining Room,Lunch,Dine In,0.00,42.40,3.88,6.94,0.00,53.22,false,2/1/25 2:03 PM,2/1/25 2:03 PM,00:39:06,Order-and-Pay-at-Table
Cupertino,600000035223689983,69,69,2/1/25 1:14 PM,4,,Jaylan Penney,A6,Dining Room,Dining Room,Lunch,Dine In,0.00,47.70,4.36,7.81,0.00,59.87,false,2/1/25 1:54 PM,2/1/25 1:54 PM,00:40:28,In Store
Cupertino,600000035223768406,71,71,2/1/25 1:18 PM,1,,Default Online Ordering,B8,Dining Room,Dining Room,Lunch,Dine In,0.00,32.45,2.97,4.00,0.00,39.42,false,2/1/25 1:44 PM,2/1/25 1:44 PM,00:26:51,Order-and-Pay-at-Table
Cupertino,600000035223899096,76,76,2/1/25 1:32 PM,1,,Default Online Ordering,B7,Dining Room,Dining Room,Lunch,Dine In,0.00,31.80,2.91,5.21,0.00,39.92,false,2/1/25 1:55 PM,2/1/25 1:55 PM,00:23:21,Order-and-Pay-at-Table
Cupertino,600000035223908368,72,72,2/1/25 1:18 PM,2,,Jaylan Penney,A7,Dining Room,Dining Room,Lunch,Dine In,20.35,0.00,0.00,0.00,0.00,0.00,false,2/1/25 1:18 PM,2/1/25 1:18 PM,00:00:30,In Store
Cupertino,600000035224289762,74,74,2/1/25 1:30 PM,1,,Default Online Ordering,B4,Dining Room,Dining Room,Lunch,Dine In,0.00,44.45,4.07,4.80,0.00,53.32,false,2/1/25 2:02 PM,2/1/25 2:02 PM,00:31:52,Order-and-Pay-at-Table
Cupertino,600000035224346784,77,77,2/1/25 1:35 PM,1,,Default Online Ordering,A4,Dining Room,Dining Room,Lunch,Dine In,0.00,62.05,5.66,5.00,0.00,72.71,false,2/1/25 2:19 PM,2/1/25 2:19 PM,00:44:44,Order-and-Pay-at-Table
Cupertino,600000035224691922,79,79,2/1/25 1:36 PM,1,DD bd90fa38 PickUp-Amy T,Default Online Ordering,,Doordash,,Lunch,DoorDash - Takeout,0.00,17.85,1.63,0.00,0.00,19.48,false,2/1/25 1:36 PM,2/1/25 1:37 PM,00:00:00,API
Cupertino,600000035224698636,75,75,2/1/25 1:31 PM,2,,zhengyu chen,A3,Dining Room,Dining Room,Lunch,Dine In,0.00,39.75,3.64,8.68,0.00,52.07,false,2/1/25 2:03 PM,2/1/25 2:03 PM,00:31:40,In Store
Cupertino,600000035224805999,83,83,2/1/25 1:47 PM,1,,Default Online Ordering,C1,Dining Room,Dining Room,Lunch,Dine In,0.00,34.55,3.16,6.79,0.00,44.50,false,2/1/25 2:18 PM,2/1/25 2:18 PM,00:30:53,Order-and-Pay-at-Table
Cupertino,600000035224862555,78,78,2/1/25 1:35 PM,1,,zhengyu chen,B5,Dining Room,Dining Room,Lunch,Dine In,0.00,17.25,1.58,2.82,0.00,21.65,false,2/1/25 1:56 PM,2/1/25 1:56 PM,00:21:05,In Store
Cupertino,600000035225210752,80,80,2/1/25 1:41 PM,1,SF 9489218e PickUp-Qiang T,Default Online Ordering,,Doordash,,Lunch,DoorDash - Takeout,0.00,24.05,2.19,2.40,0.00,28.64,false,2/1/25 1:41 PM,2/1/25 1:42 PM,00:00:00,API
Cupertino,600000035225210777,84,84,2/1/25 1:49 PM,1,,Default Online Ordering,C3,Dining Room,Dining Room,Lunch,Dine In,0.00,40.75,3.73,8.90,0.00,53.38,false,2/1/25 2:14 PM,2/1/25 2:14 PM,00:24:42,Order-and-Pay-at-Table
Cupertino,600000035225263792,88,88,2/1/25 1:53 PM,1,,Default Online Ordering,A1,Dining Room,Dining Room,Lunch,Dine In,0.00,7.30,0.67,1.20,0.00,9.17,false,2/1/25 2:17 PM,2/1/25 2:17 PM,00:23:49,Order-and-Pay-at-Table
Cupertino,600000035225319900,81,81,2/1/25 1:43 PM,1,,Default Online Ordering,A2,Dining Room,Dining Room,Lunch,Dine In,0.00,25.15,2.30,4.12,0.00,31.57,false,2/1/25 2:03 PM,2/1/25 2:03 PM,00:19:28,Order-and-Pay-at-Table
Cupertino,600000035225328140,85,85,2/1/25 1:50 PM,1,DD 81869ef0 Lauren C,Default Online Ordering,,Doordash,,Lunch,DoorDash - Delivery,0.00,54.65,4.99,0.00,0.00,59.64,false,2/1/25 1:50 PM,2/1/25 1:51 PM,00:00:00,API
Cupertino,600000035225391351,82,82,2/1/25 1:45 PM,1,,Default Online Ordering,D3,Dining Room,Dining Room,Lunch,Dine In,0.00,35.10,3.21,0.00,0.00,38.31,false,2/1/25 2:06 PM,2/1/25 2:06 PM,00:20:52,Order-and-Pay-at-Table
Cupertino,600000035225459692,89,89,2/1/25 1:54 PM,1,,Default Online Ordering,B3,Dining Room,Dining Room,Lunch,Dine In,0.00,55.65,5.08,9.11,0.00,69.84,false,2/1/25 2:15 PM,2/1/25 2:15 PM,00:21:05,Order-and-Pay-at-Table
Cupertino,600000035225666310,86,86,2/1/25 1:52 PM,1,,Default Online Ordering,B8,Dining Room,Dining Room,Lunch,Dine In,0.00,66.50,6.07,14.51,0.00,87.08,false,2/1/25 2:38 PM,2/1/25 2:38 PM,00:45:29,Order-and-Pay-at-Table
Cupertino,600000035225896648,87,87,2/1/25 1:53 PM,4,,Jaylan Penney,A7,Dining Room,Dining Room,Lunch,Dine In,0.00,96.10,8.80,18.88,0.00,123.78,false,2/1/25 2:27 PM,2/1/25 2:27 PM,00:33:59,In Store
Cupertino,600000035226277084,90,90,2/1/25 2:04 PM,1,,Default Online Ordering,B6,Dining Room,Dining Room,Lunch,Dine In,0.00,36.35,3.32,5.95,0.00,45.62,false,2/1/25 3:14 PM,2/1/25 3:14 PM,01:10:09,Order-and-Pay-at-Table
Cupertino,600000035226772272,91,91,2/1/25 2:12 PM,1,SF e69bfdae PickUp-josie a,Default Online Ordering,,Doordash,,Lunch,DoorDash - Takeout,0.00,9.95,0.91,0.00,0.00,10.86,false,2/1/25 2:12 PM,2/1/25 2:13 PM,00:00:00,API
Cupertino,600000035226919891,92,92,2/1/25 2:17 PM,1,,Default Online Ordering,A5,Dining Room,Dining Room,Lunch,Dine In,0.00,93.20,8.50,20.34,0.00,122.04,false,2/1/25 2:48 PM,2/1/25 2:48 PM,00:30:48,Order-and-Pay-at-Table
Cupertino,600000035227565343,93,93,2/1/25 2:26 PM,1,,Default Online Ordering,A2,Dining Room,Dining Room,Lunch,Dine In,0.00,25.75,2.35,4.22,0.00,32.32,false,2/1/25 2:51 PM,2/1/25 2:51 PM,00:24:37,Order-and-Pay-at-Table
Cupertino,600000035227684934,95,95,2/1/25 2:29 PM,1,,Default Online Ordering,B1,Dining Room,Dining Room,Lunch,Dine In,0.00,72.15,6.60,11.81,0.00,90.56,false,2/1/25 3:17 PM,2/1/25 3:17 PM,00:47:33,Order-and-Pay-at-Table
Cupertino,600000035228130442,94,94,2/1/25 2:28 PM,2,,Jaylan Penney,A3,Dining Room,Dining Room,Lunch,Dine In,0.00,41.90,3.83,9.15,0.00,54.88,false,2/1/25 3:17 PM,2/1/25 3:17 PM,00:49:57,In Store
Cupertino,600000035228255907,96,96,2/1/25 2:32 PM,1,,Default Online Ordering,A1,Dining Room,Dining Room,Lunch,Dine In,0.00,38.95,3.56,6.38,0.00,48.89,false,2/1/25 2:53 PM,2/1/25 2:53 PM,00:21:23,Order-and-Pay-at-Table
Cupertino,600000035228262890,100,100,2/1/25 2:36 PM,1,,Default Online Ordering,B5,Dining Room,Dining Room,Lunch,Dine In,0.00,52.20,4.78,8.55,0.00,65.53,false,2/1/25 3:13 PM,2/1/25 3:13 PM,00:36:39,Order-and-Pay-at-Table
Cupertino,600000035228446105,97,97,2/1/25 2:33 PM,1,,Default Online Ordering,B2,Dining Room,Dining Room,Lunch,Dine In,7.30,21.15,1.93,4.56,0.00,27.64,false,2/1/25 3:28 PM,2/1/25 3:28 PM,00:55:19,Order-and-Pay-at-Table
Cupertino,600000035228453962,99,99,2/1/25 2:34 PM,1,,Default Online Ordering,B4,Dining Room,Dining Room,Lunch,Dine In,0.00,54.25,4.95,10.66,0.00,69.86,false,2/1/25 3:12 PM,2/1/25 3:12 PM,00:38:05,Order-and-Pay-at-Table
Cupertino,600000035228491190,101,101,2/1/25 2:40 PM,1,DD 1ded3b6e Michelle W,Default Online Ordering,,Doordash,,Lunch,DoorDash - Delivery,0.00,31.40,2.87,0.00,0.00,34.27,false,2/1/25 2:40 PM,2/1/25 2:41 PM,00:00:00,API
Cupertino,600000035228537450,98,98,2/1/25 2:34 PM,2,,Default Online Ordering,A6,Dining Room,Dining Room,Lunch,Dine In,0.00,46.45,4.24,7.60,0.00,58.29,false,2/1/25 3:03 PM,2/1/25 3:03 PM,00:29:45,Order-and-Pay-at-Table
Cupertino,600000035229032144,104,104,2/1/25 2:47 PM,1,,Default Online Ordering,A7,Dining Room,Dining Room,Lunch,Dine In,0.00,52.95,4.84,8.67,0.00,66.46,false,2/1/25 3:33 PM,2/1/25 3:33 PM,00:45:17,Order-and-Pay-at-Table
Cupertino,600000035229075486,103,103,2/1/25 2:47 PM,1,,Default Online Ordering,B3,Dining Room,Dining Room,Lunch,Dine In,0.00,39.75,3.64,6.51,0.00,49.90,false,2/1/25 3:21 PM,2/1/25 3:21 PM,00:34:44,Order-and-Pay-at-Table
Cupertino,600000035229121972,102,102,2/1/25 2:46 PM,1,SF 62001a7d PickUp-Rachel A,Default Online Ordering,,Doordash,,Lunch,DoorDash - Takeout,0.00,44.05,4.02,0.00,0.00,48.07,false,2/1/25 2:46 PM,2/1/25 2:47 PM,00:00:00,API
Cupertino,600000035229629648,105,105,2/1/25 2:49 PM,1,Jennie Lee,Jaylan Penney,,None,,Lunch,Take Out,5.55,11.70,1.07,0.00,0.00,12.77,false,2/1/25 3:16 PM,2/1/25 3:16 PM,00:27:22,In Store
Cupertino,600000035230643320,108,108,2/1/25 3:07 PM,1,,Default Online Ordering,A2,Dining Room,Dining Room,Lunch,Dine In,0.00,37.20,3.40,7.31,0.00,47.91,false,2/1/25 3:32 PM,2/1/25 3:32 PM,00:25:43,Order-and-Pay-at-Table
Cupertino,600000035230659346,109,109,2/1/25 3:11 PM,1,,Default Online Ordering,A1,Dining Room,Dining Room,Lunch,Dine In,0.00,29.30,2.68,4.80,0.00,36.78,false,2/1/25 3:54 PM,2/1/25 3:54 PM,00:43:26,Order-and-Pay-at-Table
Cupertino,600000035231450497,112,112,2/1/25 3:19 PM,1,,Default Online Ordering,A4,Dining Room,Dining Room,Lunch,Dine In,0.00,76.80,7.03,12.57,0.00,96.40,false,2/1/25 3:52 PM,2/1/25 3:52 PM,00:32:14,Order-and-Pay-at-Table
Cupertino,600000035231512057,110,110,2/1/25 3:15 PM,1,DD ef569acf Ajay M,Default Online Ordering,,Doordash,,Lunch,DoorDash - Delivery,0.00,35.20,3.21,0.00,0.00,38.41,false,2/1/25 3:15 PM,2/1/25 3:16 PM,00:00:00,API
Cupertino,600000035231944532,111,111,2/1/25 3:19 PM,3,,zhengyu chen,A5,Dining Room,Dining Room,Lunch,Dine In,0.00,62.30,5.70,12.24,0.00,80.24,false,2/1/25 3:43 PM,2/1/25 3:43 PM,00:24:09,In Store
Cupertino,600000035232097424,114,114,2/1/25 3:24 PM,1,DD b522ae3d Joel R,Default Online Ordering,,Doordash,,Lunch,DoorDash - Delivery,0.00,51.15,4.21,0.00,0.00,55.36,false,2/1/25 3:24 PM,2/1/25 3:25 PM,00:00:00,API
Cupertino,600000035232351504,113,113,2/1/25 3:24 PM,1,,Default Online Ordering,B7,Dining Room,Dining Room,Lunch,Dine In,0.00,57.05,5.22,0.00,0.00,62.27,false,2/1/25 3:55 PM,2/1/25 3:55 PM,00:30:37,Order-and-Pay-at-Table
Cupertino,600000035233223342,117,117,2/1/25 3:42 PM,1,,Default Online Ordering,B6,Dining Room,Dining Room,Lunch,Dine In,0.00,25.00,2.29,4.09,0.00,31.38,false,2/1/25 4:17 PM,2/1/25 4:17 PM,00:35:08,Order-and-Pay-at-Table
Cupertino,600000035233236838,115,115,2/1/25 3:39 PM,1,,Default Online Ordering,B6,Dining Room,Dining Room,Lunch,Dine In,0.00,17.70,1.62,2.90,0.00,22.22,false,2/1/25 4:17 PM,2/1/25 4:17 PM,00:37:53,Order-and-Pay-at-Table
Cupertino,600000035233555871,119,119,2/1/25 3:42 PM,1,,Default Online Ordering,B6,Dining Room,Dining Room,Lunch,Dine In,0.00,27.65,2.53,4.53,0.00,34.71,false,2/1/25 4:18 PM,2/1/25 4:18 PM,00:35:30,Order-and-Pay-at-Table
Cupertino,600000035233585869,116,116,2/1/25 3:41 PM,1,,Default Online Ordering,B6,Dining Room,Dining Room,Lunch,Dine In,0.00,17.70,1.62,1.00,0.00,20.32,false,2/1/25 4:18 PM,2/1/25 4:18 PM,00:37:41,Order-and-Pay-at-Table
Cupertino,600000035233813058,118,118,2/1/25 3:42 PM,1,,Default Online Ordering,B6,Dining Room,Dining Room,Lunch,Dine In,0.00,17.85,1.63,2.92,0.00,22.40,false,2/1/25 4:19 PM,2/1/25 4:19 PM,00:36:58,Order-and-Pay-at-Table
Cupertino,600000035235233383,120,120,2/1/25 4:03 PM,1,DD a61b20c9 Rohan M,Default Online Ordering,,Doordash,,Dinner,DoorDash - Delivery,0.00,43.15,3.94,0.00,0.00,47.09,false,2/1/25 4:03 PM,2/1/25 4:04 PM,00:00:00,API
Cupertino,600000035235513641,121,121,2/1/25 4:09 PM,1,,Default Online Ordering,A3,Dining Room,Dining Room,Dinner,Dine In,0.00,64.00,5.86,5.00,0.00,74.86,false,2/1/25 5:03 PM,2/1/25 5:03 PM,00:54:07,Order-and-Pay-at-Table
Cupertino,600000035236615264,122,122,2/1/25 4:14 PM,1,,zhengyu chen,,None,,Dinner,Take Out,0.00,14.60,1.34,0.00,0.00,15.94,false,2/1/25 4:14 PM,2/1/25 4:14 PM,00:00:23,In Store
Cupertino,600000035237478924,124,124,2/1/25 4:30 PM,1,,Default Online Ordering,A4,Dining Room,Dining Room,Dinner,Dine In,0.00,27.20,2.49,4.45,0.00,34.14,false,2/1/25 4:58 PM,2/1/25 4:58 PM,00:28:03,Order-and-Pay-at-Table
Cupertino,600000035237835318,123,123,2/1/25 4:30 PM,1,,Default Online Ordering,A6,Dining Room,Dining Room,Dinner,Dine In,0.00,44.50,4.07,8.74,0.00,57.31,false,2/1/25 4:59 PM,2/1/25 4:59 PM,00:28:49,Order-and-Pay-at-Table
Cupertino,600000035237906991,126,126,2/1/25 4:39 PM,1,DD 689bb3f2 crystal l,Default Online Ordering,,Doordash,,Dinner,DoorDash - Delivery,0.00,19.20,1.75,0.00,0.00,20.95,false,2/1/25 4:39 PM,2/1/25 4:39 PM,00:00:00,API
Cupertino,600000035238130314,125,125,2/1/25 4:31 PM,2,,zhengyu chen,A5,Dining Room,Dining Room,Dinner,Dine In,0.00,31.35,2.87,5.13,0.00,39.35,false,2/1/25 5:23 PM,2/1/25 5:23 PM,00:52:27,In Store
Cupertino,600000035238941076,127,127,2/1/25 4:46 PM,1,,Default Online Ordering,A2,Dining Room,Dining Room,Dinner,Dine In,0.00,25.15,2.30,0.00,0.00,27.45,false,2/1/25 5:17 PM,2/1/25 5:17 PM,00:31:44,Order-and-Pay-at-Table
Cupertino,600000035239179762,128,128,2/1/25 4:46 PM,1,,Default Online Ordering,A2,Dining Room,Dining Room,Dinner,Dine In,0.00,22.00,2.01,3.60,0.00,27.61,false,2/1/25 5:17 PM,2/1/25 5:17 PM,00:31:23,Order-and-Pay-at-Table
Cupertino,600000035239426826,129,129,2/1/25 4:52 PM,1,DD b35eafc7 Mimi D,Default Online Ordering,,Doordash,,Dinner,DoorDash - Delivery,0.00,79.80,6.83,0.00,0.00,86.63,false,2/1/25 4:52 PM,2/1/25 4:52 PM,00:00:00,API
Cupertino,600000035240032578,130,130,2/1/25 4:58 PM,1,,Default Online Ordering,A7,Dining Room,Dining Room,Dinner,Dine In,0.00,46.55,4.26,7.62,0.00,58.43,false,2/1/25 5:18 PM,2/1/25 5:18 PM,00:20:25,Order-and-Pay-at-Table
Cupertino,600000035240550042,134,134,2/1/25 5:10 PM,1,SF f545e5b9 Risë P,Default Online Ordering,,Doordash,,Dinner,DoorDash - Delivery,0.00,15.65,1.43,0.00,0.00,17.08,false,2/1/25 5:10 PM,2/1/25 5:11 PM,00:00:00,API
Cupertino,600000035240593501,131,131,2/1/25 5:01 PM,1,SF 51f3a3b2 PickUp-Kun C,Default Online Ordering,,Doordash,,Dinner,DoorDash - Takeout,0.00,44.50,4.06,0.00,0.00,48.56,false,2/1/25 5:01 PM,2/1/25 5:01 PM,00:00:00,API
Cupertino,600000035240854623,133,133,2/1/25 5:07 PM,1,,Default Online Ordering,B6,Dining Room,Dining Room,Dinner,Dine In,0.00,102.35,9.34,22.34,0.00,134.03,false,2/1/25 5:38 PM,2/1/25 5:38 PM,00:30:47,Order-and-Pay-at-Table
Cupertino,600000035240892247,132,132,2/1/25 5:04 PM,1,,Jaylan Penney,A1,Dining Room,Dining Room,Dinner,Dine In,0.00,23.80,2.17,3.90,0.00,29.87,false,2/1/25 5:34 PM,2/1/25 5:34 PM,00:30:33,In Store
Cupertino,600000035241550759,135,135,2/1/25 5:15 PM,1,SF 45c30bdf PickUp-Gary C,Default Online Ordering,,Doordash,,Dinner,DoorDash - Takeout,0.00,26.65,2.43,5.33,0.00,34.41,false,2/1/25 5:15 PM,2/1/25 5:19 PM,00:00:00,API
Cupertino,600000035241637885,140,140,2/1/25 5:22 PM,1,,Default Online Ordering,A6,Dining Room,Dining Room,Dinner,Dine In,0.00,74.40,6.80,14.62,0.00,95.82,false,2/1/25 6:03 PM,2/1/25 6:03 PM,00:40:50,Order-and-Pay-at-Table
Cupertino,600000035241892519,136,136,2/1/25 5:16 PM,2,,Jaylan Penney,B4,Dining Room,Dining Room,Dinner,Dine In,0.00,40.80,3.73,6.68,0.00,51.21,false,2/1/25 5:48 PM,2/1/25 5:48 PM,00:31:59,In Store
Cupertino,600000035242184792,137,137,2/1/25 5:20 PM,1,,Jaylan Penney,,None,,Dinner,Dine In,0.00,6.95,0.63,1.14,0.00,8.72,false,2/1/25 5:20 PM,2/1/25 5:20 PM,00:00:21,In Store
Cupertino,600000035242203105,139,139,2/1/25 5:21 PM,1,DD b14b3a83 PickUp-Lisa G,Default Online Ordering,,Doordash,,Dinner,DoorDash - Takeout,0.00,29.80,2.72,0.00,0.00,32.52,false,2/1/25 5:21 PM,2/1/25 5:21 PM,00:00:00,API
Cupertino,600000035242266820,142,142,2/1/25 5:25 PM,1,,Default Online Ordering,B1,Dining Room,Dining Room,Dinner,Dine In,0.00,35.45,3.25,5.80,0.00,44.50,false,2/1/25 5:49 PM,2/1/25 5:49 PM,00:23:26,Order-and-Pay-at-Table
Cupertino,600000035242565201,141,141,2/1/25 5:25 PM,1,DD ed65375c Ztom Z,Default Online Ordering,,Doordash,,Dinner,DoorDash - Delivery,0.00,42.70,3.44,0.00,0.00,46.14,false,2/1/25 5:25 PM,2/1/25 5:25 PM,00:00:00,API
Cupertino,600000035242642627,143,143,2/1/25 5:32 PM,1,,Default Online Ordering,A3,Dining Room,Dining Room,Dinner,Dine In,0.00,25.15,2.30,5.49,0.00,32.94,false,2/1/25 5:57 PM,2/1/25 5:57 PM,00:25:09,Order-and-Pay-at-Table
Cupertino,600000035242938093,145,145,2/1/25 5:40 PM,1,DD b289cd38 Gloria L,Default Online Ordering,,Doordash,,Dinner,DoorDash - Delivery,0.00,90.25,7.78,0.00,0.00,98.03,false,2/1/25 5:40 PM,2/1/25 5:41 PM,00:00:00,API
Cupertino,600000035243003736,147,147,2/1/25 5:41 PM,1,,Default Online Ordering,B3,Dining Room,Dining Room,Dinner,Dine In,0.00,61.15,5.60,10.01,0.00,76.76,false,2/1/25 6:16 PM,2/1/25 6:16 PM,00:34:26,Order-and-Pay-at-Table
Cupertino,600000035243114753,144,144,2/1/25 5:32 PM,1,,Default Online Ordering,B2,Dining Room,Dining Room,Dinner,Dine In,0.00,47.65,4.36,10.40,0.00,62.41,false,2/1/25 6:16 PM,2/1/25 6:16 PM,00:44:16,Order-and-Pay-at-Table
Cupertino,600000035243852528,148,148,2/1/25 5:48 PM,1,,Default Online Ordering,B7,Dining Room,Dining Room,Dinner,Dine In,0.00,61.80,5.65,10.12,0.00,77.57,false,2/1/25 6:18 PM,2/1/25 6:18 PM,00:30:43,Order-and-Pay-at-Table
Cupertino,600000035243853562,146,146,2/1/25 5:41 PM,2,,Jaylan Penney,B8,Dining Room,Dining Room,Dinner,Dine In,0.00,60.15,5.51,4.00,0.00,69.66,false,2/1/25 6:49 PM,2/1/25 6:49 PM,01:07:58,In Store
Cupertino,600000035244435408,151,151,2/1/25 5:53 PM,1,SF 09f3a35a PickUp-Miri R,Default Online Ordering,,Doordash,,Dinner,DoorDash - Takeout,0.00,169.70,15.49,0.00,0.00,185.19,false,2/1/25 5:53 PM,2/1/25 5:56 PM,00:00:00,API
Cupertino,600000035244476308,150,150,2/1/25 5:51 PM,1,SF 14642285 PickUp-Craig Or Amanda S,Default Online Ordering,,Doordash,,Dinner,DoorDash - Takeout,0.00,34.50,3.15,1.00,0.00,38.65,false,2/1/25 5:51 PM,2/1/25 5:52 PM,00:00:00,API
Cupertino,600000035244494255,149,149,2/1/25 5:51 PM,1,,Default Online Ordering,A5,Dining Room,Dining Room,Dinner,Dine In,0.00,52.85,4.83,8.65,0.00,66.33,false,2/1/25 7:02 PM,2/1/25 7:02 PM,01:10:24,Order-and-Pay-at-Table
Cupertino,600000035244920079,155,155,2/1/25 6:06 PM,1,,Default Online Ordering,A7,Dining Room,Dining Room,Dinner,Dine In,0.00,48.25,4.41,7.90,0.00,60.56,false,2/1/25 6:34 PM,2/1/25 6:34 PM,00:27:57,Order-and-Pay-at-Table
Cupertino,600000035244969947,156,156,2/1/25 6:07 PM,2,,Default Online Ordering,B1,Dining Room,Dining Room,Dinner,Dine In,0.00,74.30,6.80,12.16,0.00,93.26,false,2/1/25 6:50 PM,2/1/25 6:50 PM,00:43:09,Order-and-Pay-at-Table
Cupertino,600000035244981330,154,154,2/1/25 6:06 PM,1,,Default Online Ordering,A1,Dining Room,Dining Room,Dinner,Dine In,0.00,44.45,4.07,9.70,0.00,58.22,false,2/1/25 6:55 PM,2/1/25 6:55 PM,00:48:52,Order-and-Pay-at-Table
Cupertino,600000035245198614,153,153,2/1/25 6:05 PM,2,,Default Online Ordering,A2,Dining Room,Dining Room,Dinner,Dine In,9.95,32.90,3.01,6.88,0.00,42.79,false,2/1/25 6:50 PM,2/1/25 6:50 PM,00:45:29,Order-and-Pay-at-Table
Cupertino,600000035245346642,158,158,2/1/25 6:11 PM,1,,Default Online Ordering,B6,Dining Room,Dining Room,Dinner,Dine In,0.00,98.80,9.05,19.41,0.00,127.26,false,2/1/25 7:14 PM,2/1/25 7:14 PM,01:02:36,Order-and-Pay-at-Table
Cupertino,600000035245445578,152,152,2/1/25 6:03 PM,2,,Jaylan Penney,B5,Dining Room,Dining Room,Dinner,Dine In,0.00,49.55,4.54,9.74,0.00,63.83,false,2/1/25 6:54 PM,2/1/25 6:54 PM,00:50:45,In Store
Cupertino,600000035245760787,163,163,2/1/25 6:21 PM,1,,Default Online Ordering,D5,Dining Room,Dining Room,Dinner,Dine In,0.00,36.60,3.35,0.00,0.00,39.95,false,2/1/25 6:59 PM,2/1/25 6:59 PM,00:37:38,Order-and-Pay-at-Table
Cupertino,600000035245794474,160,160,2/1/25 6:14 PM,1,,Default Online Ordering,B4,Dining Room,Dining Room,Dinner,Dine In,0.00,53.85,4.93,8.82,0.00,67.60,false,2/1/25 6:58 PM,2/1/25 6:58 PM,00:44:07,Order-and-Pay-at-Table
Cupertino,600000035245795634,157,157,2/1/25 6:08 PM,3,,Jaylan Penney,A4,Dining Room,Dining Room,Dinner,Dine In,0.00,60.80,5.55,9.95,0.00,76.30,false,2/1/25 6:37 PM,2/1/25 6:37 PM,00:28:59,In Store
Cupertino,600000035245853530,162,162,2/1/25 6:19 PM,1,,Default Online Ordering,D1,Dining Room,Dining Room,Dinner,Dine In,0.00,80.00,7.32,15.72,0.00,103.04,false,2/1/25 7:11 PM,2/1/25 7:11 PM,00:52:00,Order-and-Pay-at-Table
Cupertino,600000035245942999,165,165,2/1/25 6:27 PM,1,,Default Online Ordering,B2,Dining Room,Dining Room,Dinner,Dine In,5.50,55.45,5.06,11.88,0.00,72.39,false,2/1/25 7:02 PM,2/1/25 7:02 PM,00:35:09,Order-and-Pay-at-Table
Cupertino,600000035246020327,159,159,2/1/25 6:11 PM,2,,Jaylan Penney,A3,Dining Room,Dining Room,Dinner,Dine In,0.00,52.95,4.83,6.00,0.00,63.78,false,2/1/25 6:45 PM,2/1/25 6:45 PM,00:33:23,In Store
Cupertino,600000035246107398,166,166,2/1/25 6:28 PM,1,SF 7f9603a9 PickUp-Karen N,Default Online Ordering,,Doordash,,Dinner,DoorDash - Takeout,0.00,39.75,3.63,3.97,0.00,47.35,false,2/1/25 6:28 PM,2/1/25 6:28 PM,00:00:00,API
Cupertino,600000035246405791,168,168,2/1/25 6:29 PM,1,SF 5716a39a PickUp-Varyn W,Default Online Ordering,,Doordash,,Dinner,DoorDash - Takeout,0.00,76.90,7.02,7.69,0.00,91.61,false,2/1/25 6:29 PM,2/1/25 6:31 PM,00:00:00,API
Cupertino,600000035246500957,164,164,2/1/25 6:21 PM,1,DD eed18948 Chris K,Default Online Ordering,,Doordash,,Dinner,DoorDash - Delivery,0.00,22.90,2.09,0.00,0.00,24.99,false,2/1/25 6:21 PM,2/1/25 6:22 PM,00:00:00,API
Cupertino,600000035246690923,167,167,2/1/25 6:29 PM,1,DD e6ae7017 Michael C,Default Online Ordering,,Doordash,,Dinner,DoorDash - Delivery,0.00,22.90,2.09,0.00,0.00,24.99,false,2/1/25 6:29 PM,2/1/25 6:29 PM,00:00:00,API
Cupertino,600000035246736076,170,170,2/1/25 6:33 PM,1,,Default Online Ordering,C3,Dining Room,Dining Room,Dinner,Dine In,0.00,99.50,9.10,21.72,0.00,130.32,false,2/1/25 7:16 PM,2/1/25 7:16 PM,00:42:56,Order-and-Pay-at-Table
Cupertino,600000035246833837,172,172,2/1/25 6:36 PM,1,,Default Online Ordering,A6,Dining Room,Dining Room,Dinner,Dine In,0.00,69.15,6.32,15.09,0.00,90.56,false,2/1/25 7:19 PM,2/1/25 7:19 PM,00:43:05,Order-and-Pay-at-Table
Cupertino,600000035246844134,171,171,2/1/25 6:36 PM,1,,Default Online Ordering,B3,Dining Room,Dining Room,Dinner,Dine In,0.00,60.80,5.56,12.28,0.00,78.64,false,2/1/25 7:43 PM,2/1/25 7:43 PM,01:07:13,Order-and-Pay-at-Table
Cupertino,600000035247165945,175,175,2/1/25 6:43 PM,1,,Default Online Ordering,A7,Dining Room,Dining Room,Dinner,Dine In,0.00,68.15,6.22,11.16,0.00,85.53,false,2/1/25 7:21 PM,2/1/25 7:21 PM,00:37:42,Order-and-Pay-at-Table
Cupertino,600000035247400959,173,173,2/1/25 6:36 PM,1,,Default Online Ordering,B7,Dining Room,Dining Room,Dinner,Dine In,0.00,51.65,4.72,11.27,0.00,67.64,false,2/1/25 7:18 PM,2/1/25 7:18 PM,00:41:33,Order-and-Pay-at-Table
Cupertino,600000035247502071,176,176,2/1/25 6:44 PM,1,,Default Online Ordering,C1,Dining Room,Dining Room,Dinner,Dine In,0.00,41.25,3.78,1.00,0.00,46.03,false,2/1/25 7:26 PM,2/1/25 7:26 PM,00:42:28,Order-and-Pay-at-Table
Cupertino,600000035247536929,177,177,2/1/25 6:45 PM,1,,Default Online Ordering,A4,Dining Room,Dining Room,Dinner,Dine In,0.00,72.15,6.60,17.32,0.00,96.07,false,2/1/25 7:51 PM,2/1/25 7:51 PM,01:05:29,Order-and-Pay-at-Table
Cupertino,600000035247590457,174,174,2/1/25 6:38 PM,1,,Default Online Ordering,D4,Dining Room,Dining Room,Dinner,Dine In,0.00,51.20,4.69,11.18,0.00,67.07,false,2/1/25 7:28 PM,2/1/25 7:28 PM,00:49:55,Order-and-Pay-at-Table
Cupertino,600000035247623984,179,179,2/1/25 6:49 PM,1,,Default Online Ordering,D2,Dining Room,Dining Room,Dinner,Dine In,0.00,42.45,3.87,8.34,0.00,54.66,false,2/1/25 7:15 PM,2/1/25 7:15 PM,00:26:13,Order-and-Pay-at-Table
Cupertino,600000035247763362,178,178,2/1/25 6:46 PM,1,,Default Online Ordering,D3,Dining Room,Dining Room,Dinner,Dine In,0.00,84.80,7.74,18.51,0.00,111.05,false,2/1/25 7:29 PM,2/1/25 7:29 PM,00:42:42,Order-and-Pay-at-Table
Cupertino,600000035248100894,184,184,2/1/25 7:02 PM,1,,Default Online Ordering,A1,Dining Room,Dining Room,Dinner,Dine In,0.00,37.70,3.45,6.17,0.00,47.32,false,2/1/25 7:42 PM,2/1/25 7:42 PM,00:39:37,Order-and-Pay-at-Table
Cupertino,600000035248237477,183,183,2/1/25 7:01 PM,1,DD 09a933e4 Shaurav G,Default Online Ordering,,Doordash,,Dinner,DoorDash - Delivery,0.00,19.85,1.81,0.00,0.00,21.66,false,2/1/25 7:01 PM,2/1/25 7:01 PM,00:00:00,API
Cupertino,600000035248354997,189,189,2/1/25 7:09 PM,1,,Default Online Ordering,B4,Dining Room,Dining Room,Dinner,Dine In,0.00,17.25,1.58,0.00,0.00,18.83,false,2/1/25 8:04 PM,2/1/25 8:04 PM,00:55:01,Order-and-Pay-at-Table
Cupertino,600000035248556168,185,185,2/1/25 7:02 PM,1,SF 0d086597 PickUp-David W,Default Online Ordering,,Doordash,,Dinner,DoorDash - Takeout,0.00,11.45,1.04,1.14,0.00,13.63,false,2/1/25 7:02 PM,2/1/25 7:03 PM,00:00:00,API
Cupertino,600000035248603707,180,180,2/1/25 6:57 PM,1,DD 73982361 PickUp-Helmi G,Default Online Ordering,,Doordash,,Dinner,DoorDash - Takeout,0.00,23.55,2.15,1.95,0.00,27.65,false,2/1/25 6:57 PM,2/1/25 6:57 PM,00:00:00,API
Cupertino,600000035248603732,192,192,2/1/25 7:10 PM,1,DD fa6cb3e9 PickUp-Chloe S,Default Online Ordering,,Doordash,,Dinner,DoorDash - Takeout,0.00,27.25,2.49,0.00,0.00,29.74,false,2/1/25 7:10 PM,2/1/25 7:10 PM,00:00:00,API
Cupertino,600000035248626979,194,194,2/1/25 7:12 PM,1,,Default Online Ordering,B4,Dining Room,Dining Room,Dinner,Dine In,0.00,27.20,2.49,1.00,0.00,30.69,false,2/1/25 8:03 PM,2/1/25 8:03 PM,00:50:47,Order-and-Pay-at-Table
Cupertino,600000035248632984,193,193,2/1/25 7:10 PM,1,,Default Online Ordering,A5,Dining Room,Dining Room,Dinner,Dine In,0.00,69.00,6.32,13.56,0.00,88.88,false,2/1/25 8:06 PM,2/1/25 8:06 PM,00:56:30,Order-and-Pay-at-Table
Cupertino,600000035248676796,195,195,2/1/25 7:13 PM,1,,Default Online Ordering,B4,Dining Room,Dining Room,Dinner,Dine In,0.00,25.15,2.30,4.12,0.00,31.57,false,2/1/25 8:03 PM,2/1/25 8:03 PM,00:49:58,Order-and-Pay-at-Table
Cupertino,600000035248692662,181,181,2/1/25 6:59 PM,1,,Default Online Ordering,B8,Dining Room,Dining Room,Dinner,Dine In,0.00,57.30,5.24,12.51,0.00,75.05,false,2/1/25 7:35 PM,2/1/25 7:35 PM,00:35:59,Order-and-Pay-at-Table
Cupertino,600000035248692677,186,186,2/1/25 7:03 PM,1,,Default Online Ordering,A2,Dining Room,Dining Room,Dinner,Dine In,7.90,58.90,5.38,10.83,0.00,75.11,false,2/1/25 7:47 PM,2/1/25 7:47 PM,00:43:54,Order-and-Pay-at-Table
Cupertino,600000035248931927,191,191,2/1/25 7:09 PM,1,,Default Online Ordering,D5,Dining Room,Dining Room,Dinner,Dine In,0.00,32.45,2.97,5.31,0.00,40.73,false,2/1/25 8:00 PM,2/1/25 8:00 PM,00:51:05,Order-and-Pay-at-Table
Cupertino,600000035248937480,182,182,2/1/25 7:00 PM,2,,Jaylan Penney,A3,Dining Room,Dining Room,Dinner,Dine In,0.00,52.40,4.79,5.00,0.00,62.19,false,2/1/25 7:37 PM,2/1/25 7:37 PM,00:37:05,In Store
Cupertino,600000035249018515,188,188,2/1/25 7:06 PM,1,,Default Online Ordering,B4,Dining Room,Dining Room,Dinner,Dine In,0.00,17.25,1.58,0.00,0.00,18.83,false,2/1/25 8:03 PM,2/1/25 8:03 PM,00:57:03,Order-and-Pay-at-Table
Cupertino,600000035249120284,202,202,2/1/25 7:31 PM,1,,Default Online Ordering,B7,Dining Room,Dining Room,Dinner,Dine In,0.00,50.40,4.61,8.25,0.00,63.26,false,2/1/25 8:02 PM,2/1/25 8:02 PM,00:31:19,Order-and-Pay-at-Table
Cupertino,600000035249127804,187,187,2/1/25 7:05 PM,1,,Default Online Ordering,B4,Dining Room,Dining Room,Dinner,Dine In,0.00,19.90,1.82,3.00,0.00,24.72,false,2/1/25 8:04 PM,2/1/25 8:04 PM,00:59:24,Order-and-Pay-at-Table
Cupertino,600000035249319981,199,199,2/1/25 7:21 PM,2,,Default Online Ordering,B1,Dining Room,Dining Room,Dinner,Dine In,7.30,109.80,10.05,19.07,0.00,138.92,false,2/1/25 8:12 PM,2/1/25 8:12 PM,00:50:45,Order-and-Pay-at-Table
Cupertino,600000035249323453,190,190,2/1/25 7:09 PM,1,DD 63a60d73 Todd S,Default Online Ordering,,Doordash,,Dinner,DoorDash - Delivery,0.00,22.90,2.09,0.00,0.00,24.99,false,2/1/25 7:09 PM,2/1/25 7:09 PM,00:00:00,API
Cupertino,600000035249514416,198,198,2/1/25 7:20 PM,1,,Default Online Ordering,D1,Dining Room,Dining Room,Dinner,Dine In,0.00,34.80,3.18,5.70,0.00,43.68,false,2/1/25 7:52 PM,2/1/25 7:52 PM,00:32:06,Order-and-Pay-at-Table
Cupertino,600000035249553763,197,197,2/1/25 7:16 PM,1,,Default Online Ordering,B4,Dining Room,Dining Room,Dinner,Dine In,0.00,17.25,1.58,3.77,0.00,22.60,false,2/1/25 8:02 PM,2/1/25 8:02 PM,00:45:41,Order-and-Pay-at-Table
Cupertino,600000035249729220,200,200,2/1/25 7:25 PM,1,,Default Online Ordering,C3,Dining Room,Dining Room,Dinner,Dine In,0.00,58.90,5.38,12.86,0.00,77.14,false,2/1/25 8:00 PM,2/1/25 8:00 PM,00:35:11,Order-and-Pay-at-Table
Cupertino,600000035249749633,204,204,2/1/25 7:35 PM,1,,Default Online Ordering,C1,Dining Room,Dining Room,Dinner,Dine In,0.00,51.25,4.69,10.07,0.00,66.01,false,2/1/25 8:13 PM,2/1/25 8:13 PM,00:38:57,Order-and-Pay-at-Table
Cupertino,600000035249938130,203,203,2/1/25 7:34 PM,1,,Default Online Ordering,A6,Dining Room,Dining Room,Dinner,Dine In,0.00,30.50,2.79,0.00,0.00,33.29,false,2/1/25 8:20 PM,2/1/25 8:20 PM,00:45:48,Order-and-Pay-at-Table
Cupertino,600000035249959265,201,201,2/1/25 7:25 PM,1,,Default Online Ordering,B6,Dining Room,Dining Room,Dinner,Dine In,0.00,37.80,3.45,4.00,0.00,45.25,false,2/1/25 7:56 PM,2/1/25 7:56 PM,00:30:49,Order-and-Pay-at-Table
Cupertino,600000035250288085,210,210,2/1/25 7:49 PM,1,,Default Online Ordering,B8,Dining Room,Dining Room,Dinner,Dine In,0.00,66.80,6.10,7.00,0.00,79.90,false,2/1/25 8:38 PM,2/1/25 8:38 PM,00:49:33,Order-and-Pay-at-Table
Cupertino,600000035250386736,209,209,2/1/25 7:49 PM,1,,Default Online Ordering,D3,Dining Room,Dining Room,Dinner,Dine In,0.00,26.30,2.40,4.30,0.00,33.00,false,2/1/25 8:59 PM,2/1/25 8:59 PM,01:10:28,Order-and-Pay-at-Table
Cupertino,600000035250558108,207,207,2/1/25 7:38 PM,1,,Default Online Ordering,D4,Dining Room,Dining Room,Dinner,Dine In,0.00,32.10,2.93,5.25,0.00,40.28,false,2/1/25 8:01 PM,2/1/25 8:01 PM,00:22:30,Order-and-Pay-at-Table
Cupertino,600000035250570602,205,205,2/1/25 7:35 PM,1,,Default Online Ordering,A6,Dining Room,Dining Room,Dinner,Dine In,0.00,42.20,3.85,0.00,0.00,46.05,false,2/1/25 8:20 PM,2/1/25 8:20 PM,00:44:45,Order-and-Pay-at-Table
Cupertino,600000035250605072,208,208,2/1/25 7:46 PM,1,,Default Online Ordering,D2,Dining Room,Dining Room,Dinner,Dine In,0.00,35.15,3.21,6.90,0.00,45.26,false,2/1/25 8:26 PM,2/1/25 8:26 PM,00:40:32,Order-and-Pay-at-Table
Cupertino,600000035250688195,206,206,2/1/25 7:36 PM,4,,zhengyu chen,A7,Dining Room,Dining Room,Dinner,Dine In,0.00,64.25,5.87,10.52,0.00,80.64,false,2/1/25 8:23 PM,2/1/25 8:23 PM,00:46:51,In Store
Cupertino,600000035250901271,212,212,2/1/25 7:57 PM,1,DD b8e26ccc Jieyu L,Default Online Ordering,,Doordash,,Dinner,DoorDash - Delivery,0.00,27.65,2.52,0.00,0.00,30.17,false,2/1/25 7:57 PM,2/1/25 7:57 PM,00:00:00,API
Cupertino,600000035251076990,213,213,2/1/25 8:11 PM,1,,Default Online Ordering,A4,Dining Room,Dining Room,Dinner,Dine In,0.00,57.00,5.22,12.44,0.00,74.66,false,2/1/25 8:50 PM,2/1/25 8:50 PM,00:39:32,Order-and-Pay-at-Table
Cupertino,600000035251193089,217,217,2/1/25 8:18 PM,1,DD 7ac81894 Rhian B,Default Online Ordering,,Doordash,,Dinner,DoorDash - Delivery,0.00,22.30,2.03,0.00,0.00,24.33,false,2/1/25 8:18 PM,2/1/25 8:18 PM,00:00:00,API
Cupertino,600000035251479282,219,219,2/1/25 8:19 PM,1,SF 9ec81b83 PickUp-Marc X,Default Online Ordering,,Doordash,,Dinner,DoorDash - Takeout,0.00,84.15,7.68,0.00,0.00,91.83,false,2/1/25 8:19 PM,2/1/25 8:20 PM,00:00:00,API
Cupertino,600000035251495471,215,215,2/1/25 8:12 PM,1,,Default Online Ordering,B3,Dining Room,Dining Room,Dinner,Dine In,10.89,92.21,8.43,22.31,0.00,122.95,false,2/1/25 9:04 PM,2/1/25 9:04 PM,00:51:47,Order-and-Pay-at-Table
Cupertino,600000035251585189,221,221,2/1/25 8:27 PM,1,,Default Online Ordering,B7,Dining Room,Dining Room,Dinner,Dine In,0.00,47.60,4.35,9.35,0.00,61.30,false,2/1/25 9:04 PM,2/1/25 9:04 PM,00:36:25,Order-and-Pay-at-Table
Cupertino,600000035251614883,218,218,2/1/25 8:18 PM,1,,Default Online Ordering,A3,Dining Room,Dining Room,Dinner,Dine In,0.00,42.30,3.87,6.93,0.00,53.10,false,2/1/25 8:42 PM,2/1/25 8:42 PM,00:24:07,Order-and-Pay-at-Table
Cupertino,600000035251889558,214,214,2/1/25 8:11 PM,1,,Default Online Ordering,B6,Dining Room,Dining Room,Dinner,Dine In,0.00,45.05,4.12,7.38,0.00,56.55,false,2/1/25 9:01 PM,2/1/25 9:01 PM,00:50:26,Order-and-Pay-at-Table
Cupertino,600000035251924145,224,224,2/1/25 8:37 PM,1,,Default Online Ordering,B4,Dining Room,Dining Room,Dinner,Dine In,0.00,64.30,5.87,14.03,0.00,84.20,false,2/1/25 9:05 PM,2/1/25 9:05 PM,00:27:40,Order-and-Pay-at-Table
Cupertino,600000035252067004,216,216,2/1/25 8:13 PM,1,,Default Online Ordering,A5,Dining Room,Dining Room,Dinner,Dine In,0.00,27.80,2.54,4.55,0.00,34.89,false,2/1/25 8:33 PM,2/1/25 8:33 PM,00:20:13,Order-and-Pay-at-Table
Cupertino,600000035252067041,225,225,2/1/25 8:40 PM,1,DD 927df984 PickUp-Raghav K,Default Online Ordering,,Doordash,,Dinner,DoorDash - Takeout,0.00,22.95,2.09,0.00,0.00,25.04,false,2/1/25 8:40 PM,2/1/25 8:40 PM,00:00:00,API
Cupertino,600000035252411941,220,220,2/1/25 8:21 PM,2,,xin Meng,A2,Dining Room,Dining Room,Dinner,Dine In,0.00,31.45,2.87,5.15,0.00,39.47,false,2/1/25 8:40 PM,2/1/25 8:40 PM,00:19:18,In Store
Cupertino,600000035252531602,222,222,2/1/25 8:28 PM,1,,Default Online Ordering,A1,Dining Room,Dining Room,Dinner,Dine In,0.00,27.25,2.49,5.35,0.00,35.09,false,2/1/25 8:51 PM,2/1/25 8:51 PM,00:22:59,Order-and-Pay-at-Table
Cupertino,600000035252895409,223,"223, 237",2/1/25 8:36 PM,3,,zhengyu chen,A7,Dining Room,Dining Room,Dinner,"Dine In, Dine In",0.00,107.00,9.78,11.01,0.00,127.79,false,2/1/25 9:50 PM,2/1/25 9:50 PM,01:14:07,In Store
Cupertino,600000035253014306,226,226,2/1/25 8:43 PM,1,,Default Online Ordering,A5,Dining Room,Dining Room,Dinner,Dine In,0.00,58.30,5.34,9.55,0.00,73.19,false,2/1/25 9:26 PM,2/1/25 9:26 PM,00:43:05,Order-and-Pay-at-Table
Cupertino,600000035253032171,229,229,2/1/25 9:12 PM,1,,Default Online Ordering,A4,Dining Room,Dining Room,Dinner,Dine In,0.00,48.90,4.47,8.01,0.00,61.38,false,2/1/25 9:51 PM,2/1/25 9:51 PM,00:39:09,Order-and-Pay-at-Table
Cupertino,600000035253078324,227,227,2/1/25 9:00 PM,1,DD beb3b87d Tejal J,Default Online Ordering,,Doordash,,Dinner,DoorDash - Delivery,0.00,18.20,1.66,0.00,0.00,19.86,false,2/1/25 9:00 PM,2/1/25 9:00 PM,00:00:00,API
Cupertino,600000035253510613,228,228,2/1/25 9:11 PM,1,,Default Online Ordering,A6,Dining Room,Dining Room,Dinner,Dine In,0.00,39.25,3.59,7.71,0.00,50.55,false,2/1/25 9:58 PM,2/1/25 9:58 PM,00:47:35,Order-and-Pay-at-Table
Cupertino,600000035253510626,234,234,2/1/25 9:28 PM,1,DD 286f161d Vasundhara M,Default Online Ordering,,Doordash,,Dinner,DoorDash - Delivery,0.00,25.90,2.36,0.00,0.00,28.26,false,2/1/25 9:28 PM,2/1/25 9:29 PM,00:00:00,API
Cupertino,600000035253610964,230,230,2/1/25 9:17 PM,1,,Default Online Ordering,A3,Dining Room,Dining Room,Dinner,Dine In,0.00,22.00,2.01,3.60,0.00,27.61,false,2/1/25 9:44 PM,2/1/25 9:44 PM,00:27:05,Order-and-Pay-at-Table
Cupertino,600000035253670843,236,236,2/1/25 9:36 PM,1,DD 568d7acf Jorge Z,Default Online Ordering,,Doordash,,Dinner,DoorDash - Delivery,0.00,51.70,4.26,0.00,0.00,55.96,false,2/1/25 9:36 PM,2/1/25 9:37 PM,00:00:00,API
Cupertino,600000035253751272,233,233,2/1/25 9:24 PM,1,,Default Online Ordering,A1,Dining Room,Dining Room,Dinner,Dine In,0.00,41.85,3.83,6.85,0.00,52.53,false,2/1/25 9:43 PM,2/1/25 9:43 PM,00:19:13,Order-and-Pay-at-Table
Cupertino,600000035254064597,231,231,2/1/25 9:19 PM,1,,zhengyu chen,E1,Dining Room,Dining Room,Dinner,Dine In,11.90,0.00,0.00,0.00,0.00,0.00,false,2/1/25 9:52 PM,2/1/25 9:52 PM,00:32:34,In Store
Cupertino,600000035254351877,235,235,2/1/25 9:31 PM,4,,Jaylan Penney,B1,Dining Room,Dining Room,Dinner,Dine In,0.00,33.95,3.11,5.56,0.00,42.62,false,2/1/25 9:56 PM,2/1/25 9:56 PM,00:25:06,In Store
