Location,Payment Id,Order Id,Order #,Paid Date,Order Date,Check Id,Check #,Tab Name,Server,Table,Dining Area,Service,Dining Option,House Acct #,Amount,Tip,Gratuity,Total,Swiped Card Amount,Keyed Card Amount,Amount Tendered,Refunded,Refund Date,Refund Amount,Refund Tip Amount,Void User,Void Approver,Void Date,Status,Type,Cash Drawer,Card Type,Other Type,Email,Phone,Last 4 Card Digits,V/MC/D Fees,Room Info,Receipt,Source,Last 4 Gift Card Digits,First 5 Gift Card Digits
Cupertino,600000035216175932,600000035216048795,4,2/1/25 11:07 AM,2/1/25 11:07 AM,600000035215991898,4,SF 447cfb5e PickUp-Yuling K,Default Online Ordering,,,Lunch,DoorDash - Takeout,,35.41,0.00,0.00,35.41,0.00,0.00,0.00,NONE,,,,,,,CAPTURED,Other,,,DoorDash,,6503138389,,,,7Mdm7FNc9JXnn,API,,
Cupertino,600000035216326411,600000035216055792,2,2/1/25 11:04 AM,2/1/25 11:04 AM,600000035216055742,2,DD 6b7e3d79 PickUp-Hui chuan L,Default Online Ordering,,,Lunch,DoorDash - Takeout,,134.39,0.00,0.00,134.39,0.00,0.00,0.00,NONE,,,,,,,CAPTURED,Other,,,DoorDash,,8552228111,,,,FfmrRkgxz7TMN,API,,
Cupertino,600000035216458870,600000035216651309,6,2/1/25 11:09 AM,2/1/25 11:09 AM,600000035216651259,6,SF c0aaa069 PickUp-Pei-Tzu C,Default Online Ordering,,,Lunch,DoorDash - Takeout,,49.82,0.00,0.00,49.82,0.00,0.00,0.00,NONE,,,,,,,CAPTURED,Other,,,DoorDash,,4086449830,,,,fYTmyrjpNmXnT,API,,
Cupertino,600000035216707003,600000035216726201,5,2/1/25 11:08 AM,2/1/25 11:08 AM,600000035216698607,5,SF 11afe90d PickUp-Richard .,Default Online Ordering,,,Lunch,DoorDash - Takeout,,20.46,0.00,0.00,20.46,0.00,0.00,0.00,NONE,,,,,,,CAPTURED,Other,,,DoorDash,,4088772699,,,,bsmYmqMwcMMPx,API,,
Cupertino,600000035218039553,600000035216475401,1,2/1/25 11:31 AM,2/1/25 11:04 AM,600000035216425254,1,,Default Online Ordering,A1,Dining Room,Lunch,Dine In,,36.07,5.00,0.00,41.07,41.07,0.00,0.00,NONE,,,,,,,AUTHORIZED,Credit,,Mastercard,,,,9847,,,CPgJtjdbCFWgx,In Store,,
Cupertino,600000035218328339,600000035218598820,14,2/1/25 11:44 AM,2/1/25 11:44 AM,600000035218598771,14,SF 3213d03c PickUp-Lisa M,Default Online Ordering,,,Lunch,DoorDash - Takeout,,57.78,5.29,0.00,63.07,0.00,0.00,0.00,NONE,,,,,,,CAPTURED,Other,,,DoorDash,,6505335392,,,,xHcqhXbhWzpFL,API,,
Cupertino,600000035218793412,600000035218243049,18,2/1/25 11:48 AM,2/1/25 11:48 AM,600000035219004650,18,DD f7c228d0 Caela F,Default Online Ordering,,,Lunch,DoorDash - Delivery,,46.03,0.00,0.00,46.03,0.00,0.00,0.00,NONE,,,,,,,CAPTURED,Other,,,DoorDash,,8552228111,,,,LXf9dqmJJdXWL,API,,
Cupertino,600000035218901100,600000035217027042,9,2/1/25 11:46 AM,2/1/25 11:23 AM,600000035217026992,9,,Default Online Ordering,B4,Dining Room,Lunch,Dine In,,44.14,6.62,0.00,50.76,50.76,0.00,0.00,NONE,,,,,,,AUTHORIZED,Credit,,Visa,,,,9297,,,7HphjwPYMcYst,In Store,,
Cupertino,600000035219049549,600000035216658841,7,2/1/25 11:49 AM,2/1/25 11:13 AM,600000035216658791,7,,Default Online Ordering,A3,Dining Room,Lunch,Dine In,,69.64,12.54,0.00,82.18,82.18,0.00,0.00,NONE,,,,,,,AUTHORIZED,Credit,,Visa,,,,5484,,,9kLqypCscFqwM,In Store,,
Cupertino,600000035219083358,600000035216559317,3,2/1/25 11:50 AM,2/1/25 11:07 AM,600000035216559267,3,,Default Online Ordering,A2,Dining Room,Lunch,Dine In,,51.35,9.24,0.00,60.59,60.59,0.00,0.00,NONE,,,,,,,AUTHORIZED,Credit,,Visa,,,,0729,,,WHJyTdzLCyCwd,In Store,,
Cupertino,600000035219459521,600000035219318581,24,2/1/25 12:02 PM,2/1/25 12:02 PM,600000035219245132,24,SF eafb567d PickUp-Alex P,Default Online Ordering,,,Lunch,DoorDash - Takeout,,62.80,4.00,0.00,66.80,0.00,0.00,0.00,NONE,,,,,,,CAPTURED,Other,,,DoorDash,,6172836951,,,,ptJxtdtzjHWcy,API,,
Cupertino,600000035219804887,600000035219793585,25,2/1/25 12:03 PM,2/1/25 12:02 PM,600000035219793584,25,Ning,Jaylan Penney,,,Lunch,Take Out,,27.45,4.12,0.00,31.57,31.57,0.00,0.00,NONE,,,,,,,AUTHORIZED,Credit,,Visa,,,,1267,,,tcMmxnh9h7zcx,In Store,,
Cupertino,600000035219890841,600000035219881544,31,2/1/25 12:12 PM,2/1/25 12:12 PM,600000035219860246,31,DD c69bf72b Y W,Default Online Ordering,,,Lunch,DoorDash - Delivery,,31.59,0.00,0.00,31.59,0.00,0.00,0.00,NONE,,,,,,,CAPTURED,Other,,,DoorDash,,8552228111,,,,bNjhPpXqLWpRw,API,,
Cupertino,600000035219983198,600000035218128361,11,2/1/25 12:06 PM,2/1/25 11:35 AM,600000035218128311,11,,Default Online Ordering,A7,Dining Room,Lunch,Dine In,,51.41,9.25,0.00,60.66,60.66,0.00,0.00,NONE,,,,,,,AUTHORIZED,Credit,,Amex,,,,3002,,,pLPFkCNxgLbnC,In Store,,
Cupertino,600000035220037980,600000035220322006,34,2/1/25 12:14 PM,2/1/25 12:14 PM,600000035220310307,34,SF 182df25a PickUp-Leslie F,Default Online Ordering,,,Lunch,DoorDash - Takeout,,69.51,0.00,0.00,69.51,0.00,0.00,0.00,NONE,,,,,,,CAPTURED,Other,,,DoorDash,,4089140949,,,,RtPKjXnwtHbWq,API,,
Cupertino,600000035220039613,600000035219362663,22,2/1/25 12:07 PM,2/1/25 11:55 AM,600000035219362662,22,,Yan Xu,D1,Dining Room,Lunch,Dine In,,9.37,0.00,0.00,9.37,9.37,0.00,0.00,NONE,,,,,,,AUTHORIZED,Credit,,Visa,,,,6751,,,kRNKKrNFbp79j,In Store,,
Cupertino,600000035220054808,600000035219362663,22,2/1/25 12:07 PM,2/1/25 11:55 AM,600000035219362662,22,,Yan Xu,D1,Dining Room,Lunch,Dine In,,9.37,0.00,0.00,9.37,9.37,0.00,0.00,NONE,,,,,,,AUTHORIZED,Credit,,Visa,,,,7757,,,YHF9ynMYgyNsn,In Store,,
Cupertino,600000035220063439,600000035219362663,22,2/1/25 12:08 PM,2/1/25 11:55 AM,600000035219362662,22,,Yan Xu,D1,Dining Room,Lunch,Dine In,,9.36,1.40,0.00,10.76,10.76,0.00,0.00,NONE,,,,,,,AUTHORIZED,Credit,,Visa,,,,6720,,,cxjCtYCRzhhRb,In Store,,
Cupertino,600000035220109021,600000035218408765,13,2/1/25 12:08 PM,2/1/25 11:42 AM,600000035218404766,13,,Default Online Ordering,B6,Dining Room,Lunch,Dine In,,45.63,8.21,0.00,53.84,53.84,0.00,0.00,NONE,,,,,,,AUTHORIZED,Credit,,Mastercard,,,,3929,,,yJycmbFfRqCxt,In Store,,
Cupertino,600000035220321636,600000035217333483,8,2/1/25 12:12 PM,2/1/25 11:18 AM,600000035217333478,8,,xin Meng,B1,Dining Room,Lunch,Dine In,,219.26,32.89,0.00,252.15,252.15,0.00,0.00,NONE,,,,,,,AUTHORIZED,Credit,,Visa,,,,5976,,,NWYMfNbMzWM7T,In Store,,
Cupertino,600000035220575980,600000035218862894,15,2/1/25 12:17 PM,2/1/25 11:45 AM,600000035218862893,15,,Jaylan Penney,A6,Dining Room,Lunch,Dine In,,31.33,4.70,0.00,36.03,36.03,0.00,0.00,NONE,,,,,,,AUTHORIZED,Credit,,Mastercard,,,,9637,,,7d7qkFKHHPhTx,In Store,,
Cupertino,600000035220654107,600000035218456532,16,2/1/25 12:18 PM,2/1/25 11:47 AM,600000035218456432,16,,Default Online Ordering,A4,Dining Room,Lunch,Dine In,,70.19,10.53,0.00,80.72,80.72,0.00,0.00,NONE,,,,,,,AUTHORIZED,Credit,,Mastercard,,,,3048,,,NLFgjkJWsXWjN,In Store,,
Cupertino,600000035220710345,600000035220807790,41,2/1/25 12:30 PM,2/1/25 12:30 PM,600000035220702097,41,SF 9159742a PickUp-Olga D,Default Online Ordering,,,Lunch,DoorDash - Takeout,,34.76,3.18,0.00,37.94,0.00,0.00,0.00,NONE,,,,,,,CAPTURED,Other,,,DoorDash,,6507206400,,,,FsqTTNstzgpLN,API,,
Cupertino,600000035220841836,600000035218636291,20,2/1/25 12:22 PM,2/1/25 11:51 AM,600000035218623042,20,,Default Online Ordering,B3,Dining Room,Lunch,Dine In,,49.71,7.46,0.00,57.17,57.17,0.00,0.00,NONE,,,,,,,AUTHORIZED,Credit,,Discover,,,,2181,,,gmPHmWMMRqbWs,In Store,,
Cupertino,600000035220855467,600000035218680538,19,2/1/25 12:22 PM,2/1/25 11:50 AM,600000035218651739,19,,Default Online Ordering,B7,Dining Room,Lunch,Dine In,,51.67,9.30,0.00,60.97,60.97,0.00,0.00,NONE,,,,,,,AUTHORIZED,Credit,,Visa,,aaron@crate.im,,5502,,,LCpwdzRwFCP9t,In Store,,
Cupertino,600000035220907260,600000035218958102,17,2/1/25 12:23 PM,2/1/25 11:48 AM,600000035218914105,17,,Default Online Ordering,B8,Dining Room,Lunch,Dine In,,61.56,12.31,0.00,73.87,73.87,0.00,0.00,NONE,,,,,,,AUTHORIZED,Credit,,Visa,,,,4604,,,gzq9mhtcMfTnn,In Store,,
Cupertino,600000035221069343,600000035218423820,12,2/1/25 12:26 PM,2/1/25 11:38 AM,600000035218423819,12,,Jaylan Penney,A5,Dining Room,Lunch,Dine In,,47.42,7.11,0.00,54.53,54.53,0.00,0.00,NONE,,,,,,,AUTHORIZED,Credit,,Visa,,,,7578,,,bRrJpJXkF9LjP,In Store,,
Cupertino,600000035221113416,600000035221105987,27,2/1/25 12:27 PM,2/1/25 12:03 PM,600000035221105986,27,,Jaylan Penney,,,Lunch,Take Out,,27.99,0.00,0.00,27.99,27.99,0.00,0.00,NONE,,,,,,,AUTHORIZED,Credit,,Visa,,,,3863,,,wjdxbzfxM97yJ,In Store,,
Cupertino,600000035221244883,600000035219988263,29,2/1/25 12:29 PM,2/1/25 12:08 PM,600000035219988214,29,,Default Online Ordering,B4,Dining Room,Lunch,Dine In,,54.30,8.14,0.00,62.44,62.44,0.00,0.00,NONE,,,,,,,AUTHORIZED,Credit,,Visa,,,,6102,,,KXPnRLRzwHRbc,In Store,,
Cupertino,600000035221339205,600000035221434151,43,2/1/25 12:33 PM,2/1/25 12:33 PM,600000035221313208,43,DD bb95e9b8 Julia C,Default Online Ordering,,,Lunch,DoorDash - Delivery,,52.03,0.00,0.00,52.03,0.00,0.00,0.00,NONE,,,,,,,CAPTURED,Other,,,DoorDash,,8552228111,,,,g799HqxNbHKyW,API,,
Cupertino,600000035221407137,600000035219688507,26,2/1/25 12:32 PM,2/1/25 12:02 PM,600000035219688058,26,,Default Online Ordering,D3,Dining Room,Lunch,Dine In,,54.30,5.50,0.00,59.80,59.80,0.00,0.00,NONE,,,,,,,AUTHORIZED,Credit,,Visa,,penli9@yahoo.com,,0535,,,ktTXcnynCqYtn,In Store,,
Cupertino,600000035221443262,600000035219068256,21,2/1/25 12:33 PM,2/1/25 11:52 AM,600000035219052007,21,,Default Online Ordering,A1,Dining Room,Lunch,Dine In,,18.83,2.82,0.00,21.65,21.65,0.00,0.00,NONE,,,,,,,AUTHORIZED,Credit,,Visa,,,,1689,,,cMhCXzcHTgbzd,In Store,,
Cupertino,600000035221461979,600000035219988250,28,2/1/25 12:33 PM,2/1/25 12:06 PM,600000035219988201,28,,Default Online Ordering,A3,Dining Room,Lunch,Dine In,,66.43,14.61,0.00,81.04,81.04,0.00,0.00,NONE,,,,,,,AUTHORIZED,Credit,,Visa,,,,3602,,,MhHmNTdWfMwjF,In Store,,
Cupertino,600000035221683945,600000035220143611,30,2/1/25 12:37 PM,2/1/25 12:11 PM,600000035220099315,30,,Default Online Ordering,D4,Dining Room,Lunch,Dine In,,25.32,4.56,0.00,29.88,29.88,0.00,0.00,NONE,,,,,,,AUTHORIZED,Credit,,Visa,,,+12063106811,5783,,,qjtkhXWxYgm7q,In Store,,
Cupertino,600000035221720809,600000035219846946,33,2/1/25 12:38 PM,2/1/25 12:13 PM,600000035219846896,33,,Default Online Ordering,D4,Dining Room,Lunch,Dine In,,17.24,2.59,0.00,19.83,19.83,0.00,0.00,NONE,,,,,,,AUTHORIZED,Credit,,Visa,,,,5062,,,HxcxTMzKJmYsM,In Store,,
Cupertino,600000035221829411,600000035221836111,50,2/1/25 12:42 PM,2/1/25 12:42 PM,600000035221836061,50,DD 40ab48cd PickUp-Jacob S,Default Online Ordering,,,Lunch,DoorDash - Takeout,,34.76,0.00,0.00,34.76,0.00,0.00,0.00,NONE,,,,,,,CAPTURED,Other,,,DoorDash,,8552228111,,,,WcmjHFrPYRp7w,API,,
Cupertino,600000035221864867,600000035221494692,51,2/1/25 12:43 PM,2/1/25 12:43 PM,600000035221487644,51,DD 5ab2ad8c Yinghui L,Default Online Ordering,,,Lunch,DoorDash - Delivery,,30.83,0.00,0.00,30.83,0.00,0.00,0.00,NONE,,,,,,,CAPTURED,Other,,,DoorDash,,8552228111,,,,KFJjxnqpwPxPT,API,,
Cupertino,600000035221971173,600000035222104062,52,2/1/25 12:48 PM,2/1/25 12:48 PM,600000035222056563,52,DD 4f010389 Nikhil R,Default Online Ordering,,,Lunch,DoorDash - Delivery,,56.13,0.00,0.00,56.13,0.00,0.00,0.00,NONE,,,,,,,CAPTURED,Other,,,DoorDash,,8552228111,,,,MHhpksxycPybk,API,,
Cupertino,600000035222063274,600000035221755948,56,2/1/25 12:52 PM,2/1/25 12:52 PM,600000035221725499,56,SF 4e933513 PickUp-Zhong C,Default Online Ordering,,,Lunch,DoorDash - Takeout,,18.82,1.00,0.00,19.82,0.00,0.00,0.00,NONE,,,,,,,CAPTURED,Other,,,DoorDash,,4086806225,,,,gYxRPfRFCpfCR,API,,
Cupertino,600000035222514647,600000035219287269,23,2/1/25 12:53 PM,2/1/25 11:57 AM,600000035219287169,23,,Default Online Ordering,D2,Dining Room,Lunch,Dine In,,48.57,7.29,0.00,55.86,55.86,0.00,0.00,NONE,,,,,,,AUTHORIZED,Credit,,Visa,,,,2542,,,RrfXbwpNTNNTK,In Store,,
Cupertino,600000035222537045,600000035220522737,37,2/1/25 12:53 PM,2/1/25 12:25 PM,600000035220522687,37,,Default Online Ordering,B1,Dining Room,Lunch,Dine In,,34.27,5.14,0.00,39.41,39.41,0.00,0.00,NONE,,,,,,,AUTHORIZED,Credit,,Visa,,,,5117,,,gzMJkPbNj7Xhg,In Store,,
Cupertino,600000035222554823,600000035222680465,61,2/1/25 12:58 PM,2/1/25 12:58 PM,600000035222670216,61,DD 382ab958 Gargi D,Default Online Ordering,,,Lunch,DoorDash - Delivery,,24.99,0.00,0.00,24.99,0.00,0.00,0.00,NONE,,,,,,,CAPTURED,Other,,,DoorDash,,8552228111,,,,sbFMYnHJftjzz,API,,
Cupertino,600000035222581634,600000035220836181,40,2/1/25 12:54 PM,2/1/25 12:29 PM,600000035220758533,40,,Default Online Ordering,A6,Dining Room,Lunch,Dine In,,50.81,10.16,0.00,60.97,60.97,0.00,0.00,NONE,,,,,,,AUTHORIZED,Credit,,Visa,,,,6524,,,jzWKgrWnfWdH9,In Store,,
Cupertino,600000035222607991,600000035219826523,32,2/1/25 12:55 PM,2/1/25 12:13 PM,600000035219824124,32,,Default Online Ordering,A2,Dining Room,Lunch,Dine In,,45.63,6.84,0.00,52.47,52.47,0.00,0.00,NONE,,,,,,,AUTHORIZED,Credit,,Visa,,,,9086,,,gybmfhmxpsxFK,In Store,,
Cupertino,600000035222769622,600000035222669725,65,2/1/25 1:04 PM,2/1/25 1:04 PM,600000035222640276,65,CAV fc7e2577 Daryl S,Default Online Ordering,,,Lunch,DoorDash - Delivery,,30.94,0.00,0.00,30.94,0.00,0.00,0.00,NONE,,,,,,,CAPTURED,Other,,,DoorDash,,8552228111,,,,sjxwdXkwcmtMb,API,,
Cupertino,600000035222790906,600000035220824447,45,2/1/25 12:58 PM,2/1/25 12:35 PM,600000035220818499,45,,Default Online Ordering,B2,Dining Room,Lunch,Dine In,,88.57,13.29,0.00,101.86,101.86,0.00,0.00,NONE,,,,,,,AUTHORIZED,Credit,,Visa,,,,6270,,,PggxRssNRqKhJ,In Store,,
Cupertino,600000035222831567,600000035220427194,36,2/1/25 12:59 PM,2/1/25 12:24 PM,600000035220427145,36,,Default Online Ordering,B3,Dining Room,Lunch,Dine In,,16.59,2.99,0.00,19.58,19.58,0.00,0.00,NONE,,,,,,,AUTHORIZED,Credit,,Visa,,,,3491,,,yTtXLRMjnfpts,In Store,,
Cupertino,600000035223003582,600000035221158995,47,2/1/25 1:02 PM,2/1/25 12:39 PM,600000035221158945,47,,Default Online Ordering,B6,Dining Room,Lunch,Dine In,,55.17,9.77,0.00,64.94,64.94,0.00,0.00,NONE,,,,,,,AUTHORIZED,Credit,,Mastercard,,,,1632,,,sJPhRC7scTKrY,In Store,,
Cupertino,600000035223109982,600000035223140782,67,2/1/25 1:10 PM,2/1/25 1:10 PM,600000035223106885,67,SF 87244ff1 PickUp-Janice L,Default Online Ordering,,,Lunch,DoorDash - Takeout,,10.26,0.00,0.00,10.26,0.00,0.00,0.00,NONE,,,,,,,CAPTURED,Other,,,DoorDash,,5108163175,,,,bXThN9LPthsbh,API,,
Cupertino,600000035223309702,600000035221137366,39,2/1/25 1:07 PM,2/1/25 12:27 PM,600000035221137364,39,,Jaylan Penney,B8,Dining Room,Lunch,Dine In,,109.47,19.70,0.00,129.17,129.17,0.00,0.00,NONE,,,,,,,AUTHORIZED,Credit,,Visa,,,,7064,,,TwthmFhnmXsRF,In Store,,
Cupertino,600000035223320939,600000035220555536,35,2/1/25 1:08 PM,2/1/25 12:24 PM,600000035220539787,35,,Default Online Ordering,A7,Dining Room,Lunch,Dine In,,145.22,21.78,0.00,167.00,167.00,0.00,0.00,NONE,,,,,,,AUTHORIZED,Credit,,Visa,,,,1177,,,m7RTybmzFChgb,In Store,,
Cupertino,600000035223427612,600000035221284425,46,2/1/25 1:09 PM,2/1/25 12:36 PM,600000035221284376,46,,Default Online Ordering,A5,Dining Room,Lunch,Dine In,,64.30,11.57,0.00,75.87,75.87,0.00,0.00,NONE,,,,,,,AUTHORIZED,Credit,,Visa,,,,7196,,,TPKzH9NnChjbP,In Store,,
Cupertino,600000035223632185,600000035222353750,54,2/1/25 1:13 PM,2/1/25 12:50 PM,600000035222353700,54,,Default Online Ordering,D3,Dining Room,Lunch,Dine In,,58.18,0.00,0.00,58.18,0.00,0.00,0.00,NONE,,,,,,,AUTHORIZED,Credit,,Visa,,,,4681,,,wywTrbhXRFp97,In Store,,
Cupertino,600000035223728103,600000035222254802,53,2/1/25 1:15 PM,2/1/25 12:48 PM,600000035222254702,53,,Default Online Ordering,A3,Dining Room,Lunch,Dine In,,64.12,11.54,0.00,75.66,75.66,0.00,0.00,NONE,,,,,,,AUTHORIZED,Credit,,Visa,,,,4840,,,9wLc97rMrtKRz,In Store,,
Cupertino,600000035223785352,600000035221432274,48,2/1/25 1:16 PM,2/1/25 12:40 PM,600000035221415976,48,,Default Online Ordering,B7,Dining Room,Lunch,Dine In,,74.50,13.41,0.00,87.91,87.91,0.00,0.00,NONE,,,,,,,AUTHORIZED,Credit,,Mastercard,,,,3382,,,YdFhFcndJ97bk,In Store,,
Cupertino,600000035224042632,600000035222858333,60,2/1/25 1:20 PM,2/1/25 12:58 PM,600000035222858332,60,Maggie Yen,zhengyu chen,,,Lunch,Take Out,,82.02,0.00,0.00,82.02,0.00,0.00,0.00,NONE,,,,,,,AUTHORIZED,Credit,,Amex,,,4088398644,2000,,,TTbpgsJnxdhYx,In Store,,
Cupertino,600000035224071785,600000035221822552,49,2/1/25 1:21 PM,2/1/25 12:40 PM,600000035221822452,49,,Default Online Ordering,B4,Dining Room,Lunch,Dine In,,60.02,10.80,0.00,70.82,70.82,0.00,0.00,NONE,,,,,,,AUTHORIZED,Credit,,Visa,,,,6358,,,7tyPhjtJdqRRy,In Store,,
Cupertino,600000035224078545,600000035222930748,63,2/1/25 1:21 PM,2/1/25 1:00 PM,600000035222930742,63,,zhengyu chen,D5,Dining Room,Lunch,Dine In,,89.39,13.41,0.00,102.80,102.80,0.00,0.00,NONE,,,,,,,AUTHORIZED,Credit,,Amex,,,,9368,,,cqXYccYJFJrL9,In Store,,
Cupertino,600000035224208666,600000035221354519,42,2/1/25 1:23 PM,2/1/25 12:31 PM,600000035221354518,42,,zhengyu chen,A4,Dining Room,Lunch,Dine In,,66.57,8.00,0.00,74.57,74.57,0.00,0.00,NONE,,,,,,,AUTHORIZED,Credit,,Visa,,,,6348,,,XfXzXX9kcMfLs,In Store,,
Cupertino,600000035224287888,600000035222755766,59,2/1/25 1:25 PM,2/1/25 12:56 PM,600000035222755765,59,,zhengyu chen,D1,Dining Room,Lunch,Dine In,,95.34,14.30,0.00,109.64,109.64,0.00,0.00,NONE,,,,,,,AUTHORIZED,Credit,,Amex,,,,1000,,,sbhHfxFdx7yH9,In Store,,
Cupertino,600000035224502968,600000035222445715,58,2/1/25 1:29 PM,2/1/25 12:55 PM,600000035222445665,58,,Default Online Ordering,C1,Dining Room,Lunch,Dine In,,73.39,13.21,0.00,86.60,86.60,0.00,0.00,NONE,,,,,,,AUTHORIZED,Credit,,Visa,,,,3285,,,CxMNHptnWwbz9,In Store,,
Cupertino,600000035224551572,600000035221755946,55,2/1/25 1:29 PM,2/1/25 12:51 PM,600000035221725497,55,,Default Online Ordering,C3,Dining Room,Lunch,Dine In,,79.89,11.98,0.00,91.87,91.87,0.00,0.00,NONE,,,,,,,AUTHORIZED,Credit,,Visa,,,,3401,,,7LsW7qgmRfCxy,In Store,,
Cupertino,600000035224609189,600000035225210752,80,2/1/25 1:41 PM,2/1/25 1:41 PM,600000035225182155,80,SF 9489218e PickUp-Qiang T,Default Online Ordering,,,Lunch,DoorDash - Takeout,,26.24,2.40,0.00,28.64,0.00,0.00,0.00,NONE,,,,,,,CAPTURED,Other,,,DoorDash,,6504506119,,,,PbbYPJwFFxcPT,API,,
Cupertino,600000035224803114,600000035223258920,66,2/1/25 1:34 PM,2/1/25 1:06 PM,600000035223258919,66,,zhengyu chen,B3,Dining Room,Lunch,Dine In,,81.19,16.24,0.00,97.43,97.43,0.00,0.00,NONE,,,,,,,AUTHORIZED,Credit,,Visa,,,,8336,,,NHNCCjHxYkssy,In Store,,
Cupertino,600000035224807609,600000035224691922,79,2/1/25 1:36 PM,2/1/25 1:36 PM,600000035224687673,79,DD bd90fa38 PickUp-Amy T,Default Online Ordering,,,Lunch,DoorDash - Takeout,,19.48,0.00,0.00,19.48,0.00,0.00,0.00,NONE,,,,,,,CAPTURED,Other,,,DoorDash,,8552228111,,,,qtsFkPxCYLFTF,API,,
Cupertino,600000035224837015,600000035222918308,64,2/1/25 1:34 PM,2/1/25 1:03 PM,600000035222889759,64,,Default Online Ordering,A2,Dining Room,Lunch,Dine In,,50.48,5.00,0.00,55.48,55.48,0.00,0.00,NONE,,,,,,,AUTHORIZED,Credit,,Amex,,,,6537,,,yY7pzzqdqRkRp,In Store,,
Cupertino,600000035224924645,600000035222540698,57,2/1/25 1:36 PM,2/1/25 12:53 PM,600000035222540694,57,,Jaylan Penney,A1,Dining Room,Lunch,Dine In,,19.48,1.90,0.00,21.38,21.38,0.00,0.00,NONE,,,,,,,AUTHORIZED,Credit,,Mastercard,,,,4269,,,smKwKLxLnbzwx,In Store,,
Cupertino,600000035225383635,600000035225328140,85,2/1/25 1:50 PM,2/1/25 1:50 PM,600000035225324641,85,DD 81869ef0 Lauren C,Default Online Ordering,,,Lunch,DoorDash - Delivery,,59.64,0.00,0.00,59.64,0.00,0.00,0.00,NONE,,,,,,,CAPTURED,Other,,,DoorDash,,8552228111,,,,KNnxCgtPYJT7s,API,,
Cupertino,600000035225384088,600000035223768406,71,2/1/25 1:44 PM,2/1/25 1:18 PM,600000035223738359,71,,Default Online Ordering,B8,Dining Room,Lunch,Dine In,,35.42,4.00,0.00,39.42,39.42,0.00,0.00,NONE,,,,,,,AUTHORIZED,Credit,,Amex,,,,3043,,,CcCRjtLNhkbbp,In Store,,
Cupertino,600000035225554957,600000035223421068,68,2/1/25 1:47 PM,2/1/25 1:12 PM,600000035223420868,68,,Default Online Ordering,B2,Dining Room,Lunch,Dine In,,113.13,16.97,0.00,130.10,130.10,0.00,0.00,NONE,,,,,,,AUTHORIZED,Credit,,Visa,,,,7415,,,mRNjjgKdTkMjL,In Store,,
Cupertino,600000035225785686,600000035223002498,70,2/1/25 1:51 PM,2/1/25 1:14 PM,600000035223002448,70,,Default Online Ordering,B6,Dining Room,Lunch,Dine In,,46.60,6.99,0.00,53.59,53.59,0.00,0.00,NONE,,,,,,,AUTHORIZED,Credit,,Visa,,,,9492,,,MwwcrPsWKkH9F,In Store,,
Cupertino,600000035225944822,600000035223689983,69,2/1/25 1:54 PM,2/1/25 1:14 PM,600000035223689982,69,,Jaylan Penney,A6,Dining Room,Lunch,Dine In,,52.06,7.81,0.00,59.87,59.87,0.00,0.00,NONE,,,,,,,AUTHORIZED,Credit,,Visa,,dz@0.fhsu.net,,0654,,,XqWYCWbjJXjgk,In Store,,
Cupertino,600000035226012264,600000035223899096,76,2/1/25 1:55 PM,2/1/25 1:32 PM,600000035223877198,76,,Default Online Ordering,B7,Dining Room,Lunch,Dine In,,34.71,5.21,0.00,39.92,39.92,0.00,0.00,NONE,,,,,,,AUTHORIZED,Credit,,Visa,,,,8954,,,ypNsYNFRTXpsX,In Store,,
Cupertino,600000035226046222,600000035224862555,78,2/1/25 1:56 PM,2/1/25 1:35 PM,600000035224862554,78,,zhengyu chen,B5,Dining Room,Lunch,Dine In,,18.83,2.82,0.00,21.65,21.65,0.00,0.00,NONE,,,,,,,AUTHORIZED,Credit,,Visa,,,,6759,,,Rz9tNtdfxWYcp,In Store,,
Cupertino,600000035226356992,600000035222680467,62,2/1/25 2:01 PM,2/1/25 12:59 PM,600000035222670218,62,,Default Online Ordering,B1,Dining Room,Lunch,Dine In,,52.99,6.50,0.00,59.49,59.49,0.00,0.00,NONE,,,,,,,AUTHORIZED,Credit,,Visa,,,,5744,,,XcHt9dhhwq9RK,In Store,,
Cupertino,600000035226412053,600000035224289762,74,2/1/25 2:02 PM,2/1/25 1:30 PM,600000035224289712,74,,Default Online Ordering,B4,Dining Room,Lunch,Dine In,,48.52,4.80,0.00,53.32,53.32,0.00,0.00,NONE,,,,,,,AUTHORIZED,Credit,,Visa,,,,1228,,,NCJxdtxqRtcnb,In Store,,
Cupertino,600000035226452048,600000035225319900,81,2/1/25 2:02 PM,2/1/25 1:43 PM,600000035225302053,81,,Default Online Ordering,A2,Dining Room,Lunch,Dine In,,27.45,4.12,0.00,31.57,31.57,0.00,0.00,NONE,,,,,,,AUTHORIZED,Credit,,Amex,,,,3934,,,MJkRXkrthRzbN,In Store,,
Cupertino,600000035226469269,600000035223677192,73,2/1/25 2:03 PM,2/1/25 1:24 PM,600000035223669493,73,,Default Online Ordering,A5,Dining Room,Lunch,Dine In,,46.28,6.94,0.00,53.22,53.22,0.00,0.00,NONE,,,,,,,AUTHORIZED,Credit,,Visa,,,+14088323193,7039,,,krK9xrtF9pNXJ,In Store,,
Cupertino,600000035226473367,600000035224698636,75,2/1/25 2:03 PM,2/1/25 1:31 PM,600000035224698634,75,,zhengyu chen,A3,Dining Room,Lunch,Dine In,,43.39,8.68,0.00,52.07,52.07,0.00,0.00,NONE,,,,,,,AUTHORIZED,Credit,,Visa,,,,2864,,,LwxPMPPCyCCMd,In Store,,
Cupertino,600000035226672300,600000035225391351,82,2/1/25 2:06 PM,2/1/25 1:45 PM,600000035225385653,82,,Default Online Ordering,D3,Dining Room,Lunch,Dine In,,38.31,0.00,0.00,38.31,38.31,0.00,0.00,NONE,,,,,,,AUTHORIZED,Credit,,Mastercard,,,,1401,,,zNPRKjK7WcHrp,In Store,,
Cupertino,600000035227050453,600000035226772272,91,2/1/25 2:12 PM,2/1/25 2:12 PM,600000035226758724,91,SF e69bfdae PickUp-josie a,Default Online Ordering,,,Lunch,DoorDash - Takeout,,10.86,0.00,0.00,10.86,0.00,0.00,0.00,NONE,,,,,,,CAPTURED,Other,,,DoorDash,,6025159300,,,,NtspgRnwNtsjY,API,,
Cupertino,600000035227191468,600000035225210777,84,2/1/25 2:14 PM,2/1/25 1:49 PM,600000035225182180,84,,Default Online Ordering,C3,Dining Room,Lunch,Dine In,,44.48,8.90,0.00,53.38,53.38,0.00,0.00,NONE,,,,,,,AUTHORIZED,Credit,,Visa,,,,3762,,,FHzXcmcnYH9YJ,In Store,,
Cupertino,600000035227281913,600000035225459692,89,2/1/25 2:15 PM,2/1/25 1:54 PM,600000035225459642,89,,Default Online Ordering,B3,Dining Room,Lunch,Dine In,,60.73,9.11,0.00,69.84,69.84,0.00,0.00,NONE,,,,,,,AUTHORIZED,Credit,,Visa,,,,6500,,,fmRLfprsYTqdP,In Store,,
Cupertino,600000035227408442,600000035225263792,88,2/1/25 2:17 PM,2/1/25 1:53 PM,600000035225189294,88,,Default Online Ordering,A1,Dining Room,Lunch,Dine In,,7.97,1.20,0.00,9.17,9.17,0.00,0.00,NONE,,,,,,,AUTHORIZED,Credit,,Visa,,,,9084,,,FxMWmWpgMCYCR,In Store,,
Cupertino,600000035227447224,600000035224805999,83,2/1/25 2:18 PM,2/1/25 1:47 PM,600000035225397757,83,,Default Online Ordering,C1,Dining Room,Lunch,Dine In,,37.71,6.79,0.00,44.50,44.50,0.00,0.00,NONE,,,,,,,AUTHORIZED,Credit,,Mastercard,,,,5041,,,fcRHYPbbz7ymz,In Store,,
Cupertino,600000035227542566,600000035224346784,77,2/1/25 2:19 PM,2/1/25 1:35 PM,600000035224346734,77,,Default Online Ordering,A4,Dining Room,Lunch,Dine In,,67.71,5.00,0.00,72.71,72.71,0.00,0.00,NONE,,,,,,,AUTHORIZED,Credit,,Visa,,kskripashankar@gmail.com,,7476,,,9hsLfrPWdnkCX,In Store,,
Cupertino,600000035227840287,600000035225896648,87,2/1/25 2:23 PM,2/1/25 1:53 PM,600000035225896646,87,,Jaylan Penney,A7,Dining Room,Lunch,Dine In,,104.90,18.88,0.00,123.78,123.78,0.00,0.00,NONE,,,,,,,AUTHORIZED,Credit,,Mastercard,,,,6693,,,X9HhpkPqqgFT9,In Store,,
Cupertino,600000035228703367,600000035228491190,101,2/1/25 2:40 PM,2/1/25 2:40 PM,600000035228488891,101,DD 1ded3b6e Michelle W,Default Online Ordering,,,Lunch,DoorDash - Delivery,,34.27,0.00,0.00,34.27,0.00,0.00,0.00,NONE,,,,,,,CAPTURED,Other,,,DoorDash,,8552228111,,,,qxNXntyRWKcjd,API,,
Cupertino,600000035228821558,600000035225666310,86,2/1/25 2:38 PM,2/1/25 1:52 PM,600000035225666260,86,,Default Online Ordering,B8,Dining Room,Lunch,Dine In,,72.57,14.51,0.00,87.08,87.08,0.00,0.00,NONE,,,,,,,AUTHORIZED,Credit,,Mastercard,,,,4956,,,JbthCTKwbbtwh,In Store,,
Cupertino,600000035229382903,600000035229121972,102,2/1/25 2:46 PM,2/1/25 2:46 PM,600000035229114424,102,SF 62001a7d PickUp-Rachel A,Default Online Ordering,,,Lunch,DoorDash - Takeout,,48.07,0.00,0.00,48.07,0.00,0.00,0.00,NONE,,,,,,,CAPTURED,Other,,,DoorDash,,6503916858,,,,CFcrncTqxMntn,API,,
Cupertino,600000035229525365,600000035226919891,92,2/1/25 2:47 PM,2/1/25 2:17 PM,600000035226914295,92,,Default Online Ordering,A5,Dining Room,Lunch,Dine In,,101.70,20.34,0.00,122.04,122.04,0.00,0.00,NONE,,,,,,,AUTHORIZED,Credit,,Visa,,,,1382,,,7JNgwsnjfyJ7r,In Store,,
Cupertino,600000035229734851,600000035227565343,93,2/1/25 2:50 PM,2/1/25 2:26 PM,600000035227565293,93,,Default Online Ordering,A2,Dining Room,Lunch,Dine In,,14.05,2.11,0.00,16.16,16.16,0.00,0.00,NONE,,,,,,,AUTHORIZED,Credit,,Visa,,,,8575,,,qrKwhrfCCqmps,In Store,,
Cupertino,600000035229750126,600000035227565343,93,2/1/25 2:51 PM,2/1/25 2:26 PM,600000035227565293,93,,Default Online Ordering,A2,Dining Room,Lunch,Dine In,,14.05,2.11,0.00,16.16,16.16,0.00,0.00,NONE,,,,,,,AUTHORIZED,Credit,,Visa,,,,3216,,,Ltwdx7TxgM9xd,In Store,,
Cupertino,600000035229934327,600000035228255907,96,2/1/25 2:53 PM,2/1/25 2:32 PM,600000035228151011,96,,Default Online Ordering,A1,Dining Room,Lunch,Dine In,,42.51,6.38,0.00,48.89,48.89,0.00,0.00,NONE,,,,,,,AUTHORIZED,Credit,,Visa,,,,2031,,,RgzqyxxfsPbbd,In Store,,
Cupertino,600000035230707093,600000035228537450,98,2/1/25 3:03 PM,2/1/25 2:34 PM,600000035228493252,98,,Default Online Ordering,A6,Dining Room,Lunch,Dine In,,50.69,7.60,0.00,58.29,58.29,0.00,0.00,NONE,,,,,,,AUTHORIZED,Credit,,Mastercard,,,,3722,,,HxpdPfqYjk7YC,In Store,,
Cupertino,600000035231317267,600000035231512057,110,2/1/25 3:15 PM,2/1/25 3:15 PM,600000035231506158,110,DD ef569acf Ajay M,Default Online Ordering,,,Lunch,DoorDash - Delivery,,38.41,0.00,0.00,38.41,0.00,0.00,0.00,NONE,,,,,,,CAPTURED,Other,,,DoorDash,,8552228111,,,,NMmtssYsTTc7P,API,,
Cupertino,600000035231418584,600000035228453962,99,2/1/25 3:12 PM,2/1/25 2:34 PM,600000035228428064,99,,Default Online Ordering,B4,Dining Room,Lunch,Dine In,,59.20,10.66,0.00,69.86,69.86,0.00,0.00,NONE,,,,,,,AUTHORIZED,Credit,,Mastercard,,,,8001,,,rYLX97rjcHTWy,In Store,,
Cupertino,600000035231457007,600000035228262890,100,2/1/25 3:13 PM,2/1/25 2:36 PM,600000035228242041,100,,Default Online Ordering,B5,Dining Room,Lunch,Dine In,,56.98,8.55,0.00,65.53,65.53,0.00,0.00,NONE,,,,,,,AUTHORIZED,Credit,,Visa,,,,0357,,,7jFjwWYd7hppt,In Store,,
Cupertino,600000035231535428,600000035226277084,90,2/1/25 3:14 PM,2/1/25 2:04 PM,600000035226257485,90,,Default Online Ordering,B6,Dining Room,Lunch,Dine In,,39.67,5.95,0.00,45.62,45.62,0.00,0.00,NONE,,,,,,,AUTHORIZED,Credit,,Visa,,,,2172,,,ffkptyTTgL7Rr,In Store,,
Cupertino,600000035231666759,600000035229629648,105,2/1/25 3:15 PM,2/1/25 2:49 PM,600000035229629647,105,Jennie Lee,Jaylan Penney,,,Lunch,Take Out,,12.77,0.00,0.00,12.77,12.77,0.00,0.00,NONE,,,,,,,AUTHORIZED,Credit,,Mastercard,,,6508888585,1856,,,zwhY9WdpJcjxf,In Store,,
Cupertino,600000035231761245,600000035232097424,114,2/1/25 3:24 PM,2/1/25 3:24 PM,600000035232027429,114,DD b522ae3d Joel R,Default Online Ordering,,,Lunch,DoorDash - Delivery,,55.36,0.00,0.00,55.36,0.00,0.00,0.00,NONE,,,,,,,CAPTURED,Other,,,DoorDash,,8552228111,,,,jRxFMsWWndTcM,API,,
Cupertino,600000035231775023,600000035227684934,95,2/1/25 3:17 PM,2/1/25 2:29 PM,600000035227684834,95,,Default Online Ordering,B1,Dining Room,Lunch,Dine In,,78.75,11.81,0.00,90.56,90.56,0.00,0.00,NONE,,,,,,,AUTHORIZED,Credit,,Visa,,,,1795,,,hJX9tyssswmNb,In Store,,
Cupertino,600000035231827291,600000035228130442,94,2/1/25 3:17 PM,2/1/25 2:28 PM,600000035228130441,94,,Jaylan Penney,A3,Dining Room,Lunch,Dine In,,45.73,9.15,0.00,54.88,54.88,0.00,0.00,NONE,,,,,,,AUTHORIZED,Credit,,Visa,,,,2316,,,btmTHcymFCxPf,In Store,,
Cupertino,600000035232132423,600000035229075486,103,2/1/25 3:21 PM,2/1/25 2:47 PM,600000035229062937,103,,Default Online Ordering,B3,Dining Room,Lunch,Dine In,,21.70,3.26,0.00,24.96,24.96,0.00,0.00,NONE,,,,,,,AUTHORIZED,Credit,,Visa,,,,6144,,,NRLNhKgqTCnyM,In Store,,
Cupertino,600000035232152879,600000035229075486,103,2/1/25 3:21 PM,2/1/25 2:47 PM,600000035229062937,103,,Default Online Ordering,B3,Dining Room,Lunch,Dine In,,21.69,3.25,0.00,24.94,24.94,0.00,0.00,NONE,,,,,,,AUTHORIZED,Credit,,Visa,,,,1079,,,snkLrtdHJXHhK,In Store,,
Cupertino,600000035232428792,600000035229032144,104,2/1/25 3:25 PM,2/1/25 2:47 PM,600000035229027095,104,,Default Online Ordering,A7,Dining Room,Lunch,Dine In,,57.79,8.67,0.00,66.46,66.46,0.00,0.00,NONE,,,,,,,AUTHORIZED,Credit,,Visa,,akyc115@gmail.com,,2596,,,dszPfmrmX9LsH,In Store,,
Cupertino,600000035232701734,600000035228446105,97,2/1/25 3:28 PM,2/1/25 2:33 PM,600000035228444556,97,,Default Online Ordering,B2,Dining Room,Lunch,Dine In,,23.08,4.56,0.00,27.64,27.64,0.00,0.00,NONE,,,,,,,AUTHORIZED,Credit,,Visa,,,,3105,,,cWNxWqRcW9fzM,In Store,,
Cupertino,600000035233056606,600000035230643320,108,2/1/25 3:32 PM,2/1/25 3:07 PM,600000035230626372,108,,Default Online Ordering,A2,Dining Room,Lunch,Dine In,,40.60,7.31,0.00,47.91,47.91,0.00,0.00,NONE,,,,,,,AUTHORIZED,Credit,,Visa,,,,0639,,,gNwgCbcnY9M9j,In Store,,
Cupertino,600000035233906458,600000035231944532,111,2/1/25 3:42 PM,2/1/25 3:19 PM,600000035231944531,111,,zhengyu chen,A5,Dining Room,Lunch,Dine In,,68.00,12.24,0.00,80.24,80.24,0.00,0.00,NONE,,,,,,,AUTHORIZED,Credit,,Amex,,,+12135006348,1025,,,sMCRRzsYcxsqL,In Store,,
Cupertino,600000035234673153,600000035231450497,112,2/1/25 3:51 PM,2/1/25 3:19 PM,600000035231449448,112,,Default Online Ordering,A4,Dining Room,Lunch,Dine In,,83.83,12.57,0.00,96.40,96.40,0.00,0.00,NONE,,,,,,,AUTHORIZED,Credit,,Visa,,,,0920,,,xwTTgryqpkmrP,In Store,,
Cupertino,600000035234903551,600000035230659346,109,2/1/25 3:54 PM,2/1/25 3:11 PM,600000035230647647,109,,Default Online Ordering,A1,Dining Room,Lunch,Dine In,,31.98,4.80,0.00,36.78,36.78,0.00,0.00,NONE,,,,,,,AUTHORIZED,Credit,,Mastercard,,,,5398,,,wmHtR9LRTjHbs,In Store,,
Cupertino,600000035234963395,600000035232351504,113,2/1/25 3:55 PM,2/1/25 3:24 PM,600000035232351454,113,,Default Online Ordering,B7,Dining Room,Lunch,Dine In,,62.27,0.00,0.00,62.27,62.27,0.00,0.00,NONE,,,,,,,AUTHORIZED,Credit,,Visa,,,,9000,,,fLtXMHqRxK9nx,In Store,,
Cupertino,600000035235578306,600000035235233383,120,2/1/25 4:03 PM,2/1/25 4:03 PM,600000035235225184,120,DD a61b20c9 Rohan M,Default Online Ordering,,,Dinner,DoorDash - Delivery,,47.09,0.00,0.00,47.09,0.00,0.00,0.00,NONE,,,,,,,CAPTURED,Other,,,DoorDash,,8552228111,,,,MYqPmyjNTdMC9,API,,
Cupertino,600000035236624890,600000035236615264,122,2/1/25 4:14 PM,2/1/25 4:14 PM,600000035236615262,122,,zhengyu chen,,,Dinner,Take Out,,15.94,0.00,0.00,15.94,15.94,0.00,0.00,NONE,,,,,,,AUTHORIZED,Credit,,Visa,,,,9357,,,rsRzxMMXHNLky,In Store,,
Cupertino,600000035236899847,600000035233223342,117,2/1/25 4:17 PM,2/1/25 3:42 PM,600000035233148696,117,,Default Online Ordering,B6,Dining Room,Lunch,Dine In,,27.29,4.09,0.00,31.38,31.38,0.00,0.00,NONE,,,,,,,AUTHORIZED,Credit,,Visa,,,,6749,,,PsMcWPphWsRFn,In Store,,
Cupertino,600000035236927886,600000035233236838,115,2/1/25 4:17 PM,2/1/25 3:39 PM,600000035233236788,115,,Default Online Ordering,B6,Dining Room,Lunch,Dine In,,19.32,2.90,0.00,22.22,22.22,0.00,0.00,NONE,,,,,,,AUTHORIZED,Credit,,Visa,,,,2077,,,sX9hbCzhhWHdy,In Store,,
Cupertino,600000035236982949,600000035233555871,119,2/1/25 4:18 PM,2/1/25 3:42 PM,600000035233555722,119,,Default Online Ordering,B6,Dining Room,Lunch,Dine In,,30.18,4.53,0.00,34.71,34.71,0.00,0.00,NONE,,,,,,,AUTHORIZED,Credit,,Mastercard,,,,0443,,,s7CxXzTpkHmW7,In Store,,
Cupertino,600000035237021877,600000035233585869,116,2/1/25 4:18 PM,2/1/25 3:41 PM,600000035233578471,116,,Default Online Ordering,B6,Dining Room,Lunch,Dine In,,19.32,1.00,0.00,20.32,20.32,0.00,0.00,NONE,,,,,,,AUTHORIZED,Credit,,Visa,,,,2897,,,zXzkKszkP9tsk,In Store,,
Cupertino,600000035237075212,600000035233813058,118,2/1/25 4:19 PM,2/1/25 3:42 PM,600000035233799410,118,,Default Online Ordering,B6,Dining Room,Lunch,Dine In,,19.48,2.92,0.00,22.40,22.40,0.00,0.00,NONE,,,,,,,AUTHORIZED,Credit,,Visa,,,,8222,,,rFCxPWkm77fNY,In Store,,
Cupertino,600000035237916245,600000035237906991,126,2/1/25 4:39 PM,2/1/25 4:39 PM,600000035237906941,126,DD 689bb3f2 crystal l,Default Online Ordering,,,Dinner,DoorDash - Delivery,,20.95,0.00,0.00,20.95,0.00,0.00,0.00,NONE,,,,,,,CAPTURED,Other,,,DoorDash,,8552228111,,,,LkCYbtkyTMdfj,API,,
Cupertino,600000035239171239,600000035239426826,129,2/1/25 4:52 PM,2/1/25 4:52 PM,600000035239420529,129,DD b35eafc7 Mimi D,Default Online Ordering,,,Dinner,DoorDash - Delivery,,86.63,0.00,0.00,86.63,0.00,0.00,0.00,NONE,,,,,,,CAPTURED,Other,,,DoorDash,,8552228111,,,,MXPNLxNRbRFwR,API,,
Cupertino,600000035240441911,600000035237478924,124,2/1/25 4:58 PM,2/1/25 4:30 PM,600000035237471125,124,,Default Online Ordering,A4,Dining Room,Dinner,Dine In,,29.69,4.45,0.00,34.14,34.14,0.00,0.00,NONE,,,,,,,AUTHORIZED,Credit,,Discover,,,,5365,,,yf9d97MbPtHTz,In Store,,
Cupertino,600000035240487527,600000035237835318,123,2/1/25 4:59 PM,2/1/25 4:30 PM,600000035237802920,123,,Default Online Ordering,A6,Dining Room,Dinner,Dine In,,48.57,8.74,0.00,57.31,57.31,0.00,0.00,NONE,,,,,,,AUTHORIZED,Credit,,Mastercard,,,,3597,,,gXTmc9JsCdsYW,In Store,,
Cupertino,600000035240595301,600000035240593501,131,2/1/25 5:01 PM,2/1/25 5:01 PM,600000035240586602,131,SF 51f3a3b2 PickUp-Kun C,Default Online Ordering,,,Dinner,DoorDash - Takeout,,48.56,0.00,0.00,48.56,0.00,0.00,0.00,NONE,,,,,,,CAPTURED,Other,,,DoorDash,,4088593309,,,,Ry7KrJWzgnxtf,API,,
Cupertino,600000035240765085,600000035240550042,134,2/1/25 5:10 PM,2/1/25 5:10 PM,600000035240536394,134,SF f545e5b9 Risë P,Default Online Ordering,,,Dinner,DoorDash - Delivery,,17.08,0.00,0.00,17.08,0.00,0.00,0.00,NONE,,,,,,,CAPTURED,Other,,,DoorDash,,4082212753,,,,pYxTM7XYWwkCz,API,,
Cupertino,600000035240820110,600000035235513641,121,2/1/25 5:03 PM,2/1/25 4:09 PM,600000035235493843,121,,Default Online Ordering,A3,Dining Room,Dinner,Dine In,,69.86,5.00,0.00,74.86,74.86,0.00,0.00,NONE,,,,,,,AUTHORIZED,Credit,,Visa,,,,5645,,,PRrgs9xCpzJcY,In Store,,
Cupertino,600000035241035789,600000035241550759,135,2/1/25 5:15 PM,2/1/25 5:15 PM,600000035241550659,135,SF 45c30bdf PickUp-Gary C,Default Online Ordering,,,Dinner,DoorDash - Takeout,,29.08,5.33,0.00,34.41,0.00,0.00,0.00,NONE,,,,,,,CAPTURED,Other,,,DoorDash,,4089819321,,,,YCXfmbPmWwHPM,API,,
Cupertino,600000035241954945,600000035239179762,128,2/1/25 5:17 PM,2/1/25 4:46 PM,600000035239159363,128,,Default Online Ordering,A2,Dining Room,Dinner,Dine In,,24.01,3.60,0.00,27.61,27.61,0.00,0.00,NONE,,,,,,,AUTHORIZED,Credit,,Mastercard,,,,6002,,,qHKYPJwFJxmyM,In Store,,
Cupertino,600000035241977765,600000035238941076,127,2/1/25 5:17 PM,2/1/25 4:46 PM,600000035238934428,127,,Default Online Ordering,A2,Dining Room,Dinner,Dine In,,27.45,0.00,0.00,27.45,27.45,0.00,0.00,NONE,,,,,,,AUTHORIZED,Credit,,Visa,,,,9833,,,jsWfbjpkYwcmR,In Store,,
Cupertino,600000035242060107,600000035240032578,130,2/1/25 5:18 PM,2/1/25 4:58 PM,600000035239961830,130,,Default Online Ordering,A7,Dining Room,Dinner,Dine In,,50.81,7.62,0.00,58.43,58.43,0.00,0.00,NONE,,,,,,,AUTHORIZED,Credit,,Mastercard,,,,2135,,,fzPgRCTxqRdjg,In Store,,
Cupertino,600000035242175305,600000035242203105,139,2/1/25 5:21 PM,2/1/25 5:21 PM,600000035242164208,139,DD b14b3a83 PickUp-Lisa G,Default Online Ordering,,,Dinner,DoorDash - Takeout,,32.52,0.00,0.00,32.52,0.00,0.00,0.00,NONE,,,,,,,CAPTURED,Other,,,DoorDash,,8552228111,,,,7fnHCzPTjxm7M,API,,
Cupertino,600000035242194817,600000035242184792,137,2/1/25 5:20 PM,2/1/25 5:20 PM,600000035242184788,137,,Jaylan Penney,,,Dinner,Dine In,,7.58,1.14,0.00,8.72,8.72,0.00,0.00,NONE,,,,,,,AUTHORIZED,Credit,,Visa,,,,8862,,,Hg7CRqm9TffR7,In Store,,
Cupertino,600000035242309361,600000035242565201,141,2/1/25 5:25 PM,2/1/25 5:25 PM,600000035242438709,141,DD ed65375c Ztom Z,Default Online Ordering,,,Dinner,DoorDash - Delivery,,46.14,0.00,0.00,46.14,0.00,0.00,0.00,NONE,,,,,,,CAPTURED,Other,,,DoorDash,,8552228111,,,,PqnqnfTJF7rzM,API,,
Cupertino,600000035242476082,600000035238130314,125,2/1/25 5:23 PM,2/1/25 4:31 PM,600000035238130311,125,,zhengyu chen,A5,Dining Room,Dinner,Dine In,,34.22,5.13,0.00,39.35,39.35,0.00,0.00,NONE,,,,,,,AUTHORIZED,Credit,,Visa,,,,5192,,,rbwTjsdkXJxyr,In Store,,
Cupertino,600000035242885097,600000035242938093,145,2/1/25 5:40 PM,2/1/25 5:40 PM,600000035242807398,145,DD b289cd38 Gloria L,Default Online Ordering,,,Dinner,DoorDash - Delivery,,98.03,0.00,0.00,98.03,0.00,0.00,0.00,NONE,,,,,,,CAPTURED,Other,,,DoorDash,,8552228111,,,,WrFJRkPnttjzh,API,,
Cupertino,600000035243318017,600000035240892247,132,2/1/25 5:34 PM,2/1/25 5:04 PM,600000035240892244,132,,Jaylan Penney,A1,Dining Room,Dinner,Dine In,,25.97,3.90,0.00,29.87,29.87,0.00,0.00,NONE,,,,,,,AUTHORIZED,Credit,,Visa,,,,1566,,,P9dJwNsCczRYC,In Store,,
Cupertino,600000035243552575,600000035240854623,133,2/1/25 5:37 PM,2/1/25 5:07 PM,600000035240814325,133,,Default Online Ordering,B6,Dining Room,Dinner,Dine In,,111.69,22.34,0.00,134.03,134.03,0.00,0.00,NONE,,,,,,,AUTHORIZED,Credit,,Visa,,leerac@gmail.com,,3937,,,cc9xyfmfyTKWM,In Store,,
Cupertino,600000035243989337,600000035244435408,151,2/1/25 5:53 PM,2/1/25 5:53 PM,600000035244263114,151,SF 09f3a35a PickUp-Miri R,Default Online Ordering,,,Dinner,DoorDash - Takeout,,185.19,0.00,0.00,185.19,0.00,0.00,0.00,NONE,,,,,,,CAPTURED,Other,,,DoorDash,,6613379971,,,,KbcsJWLxsgPHL,API,,
Cupertino,600000035244159179,600000035244476308,150,2/1/25 5:51 PM,2/1/25 5:51 PM,600000035244476258,150,SF 14642285 PickUp-Craig Or Amanda S,Default Online Ordering,,,Dinner,DoorDash - Takeout,,37.65,1.00,0.00,38.65,0.00,0.00,0.00,NONE,,,,,,,CAPTURED,Other,,,DoorDash,,5597607754,,,,wNcjRNLzwj9Hy,API,,
Cupertino,600000035244309046,600000035241892519,136,2/1/25 5:47 PM,2/1/25 5:16 PM,600000035241892518,136,,Jaylan Penney,B4,Dining Room,Dinner,Dine In,,44.53,6.68,0.00,51.21,51.21,0.00,0.00,NONE,,,,,,,AUTHORIZED,Credit,,Visa,,,+16503828200,4971,,,9tbhJXJHHCWwC,In Store,,
Cupertino,600000035244375927,600000035242266820,142,2/1/25 5:48 PM,2/1/25 5:25 PM,600000035242175724,142,,Default Online Ordering,B1,Dining Room,Dinner,Dine In,,38.70,5.80,0.00,44.50,44.50,0.00,0.00,NONE,,,,,,,AUTHORIZED,Credit,,Amex,,,,1002,,,sCHJJmzTnJwcT,In Store,,
Cupertino,600000035244966044,600000035242642627,143,2/1/25 5:56 PM,2/1/25 5:32 PM,600000035242619828,143,,Default Online Ordering,A3,Dining Room,Dinner,Dine In,,27.45,5.49,0.00,32.94,32.94,0.00,0.00,NONE,,,,,,,AUTHORIZED,Credit,,Visa,,,,3350,,,McqttTcHXWfKt,In Store,,
Cupertino,600000035245382722,600000035241637885,140,2/1/25 6:02 PM,2/1/25 5:22 PM,600000035241637835,140,,Default Online Ordering,A6,Dining Room,Dinner,Dine In,,81.20,14.62,0.00,95.82,95.82,0.00,0.00,NONE,,,,,,,AUTHORIZED,Credit,,Mastercard,,,,7477,,,LMnhmWmLsj9FW,In Store,,
Cupertino,600000035246282254,600000035243003736,147,2/1/25 6:16 PM,2/1/25 5:41 PM,600000035242991237,147,,Default Online Ordering,B3,Dining Room,Dinner,Dine In,,66.75,10.01,0.00,76.76,76.76,0.00,0.00,NONE,,,,,,,AUTHORIZED,Credit,,Visa,,,,8676,,,YJzHJNPMNkYdY,In Store,,
Cupertino,600000035246314870,600000035243114753,144,2/1/25 6:16 PM,2/1/25 5:32 PM,600000035243106404,144,,Default Online Ordering,B2,Dining Room,Dinner,Dine In,,52.01,10.40,0.00,62.41,62.41,0.00,0.00,NONE,,,,,,,AUTHORIZED,Credit,,Visa,,,,3765,,,RHrFxgbRP9FFs,In Store,,
Cupertino,600000035246439496,600000035243852528,148,2/1/25 6:18 PM,2/1/25 5:48 PM,600000035243850129,148,,Default Online Ordering,B7,Dining Room,Dinner,Dine In,,67.45,10.12,0.00,77.57,77.57,0.00,0.00,NONE,,,,,,,AUTHORIZED,Credit,,Visa,,,,6595,,,JwhKwgFFmzsbH,In Store,,
Cupertino,600000035246529536,600000035246405791,168,2/1/25 6:29 PM,2/1/25 6:29 PM,600000035246319596,168,SF 5716a39a PickUp-Varyn W,Default Online Ordering,,,Dinner,DoorDash - Takeout,,83.92,7.69,0.00,91.61,0.00,0.00,0.00,NONE,,,,,,,CAPTURED,Other,,,DoorDash,,6505566502,,,,jKrJHjqhCxwkc,API,,
Cupertino,600000035246529908,600000035246500957,164,2/1/25 6:21 PM,2/1/25 6:21 PM,600000035246424011,164,DD eed18948 Chris K,Default Online Ordering,,,Dinner,DoorDash - Delivery,,24.99,0.00,0.00,24.99,0.00,0.00,0.00,NONE,,,,,,,CAPTURED,Other,,,DoorDash,,8552228111,,,,NTmbpr7rR9ydy,API,,
Cupertino,600000035246612976,600000035246690923,167,2/1/25 6:29 PM,2/1/25 6:29 PM,600000035246624525,167,DD e6ae7017 Michael C,Default Online Ordering,,,Dinner,DoorDash - Delivery,,24.99,0.00,0.00,24.99,0.00,0.00,0.00,NONE,,,,,,,CAPTURED,Other,,,DoorDash,,8552228111,,,,HyjXtXcfwyCjf,API,,
Cupertino,600000035246702068,600000035246107398,166,2/1/25 6:28 PM,2/1/25 6:28 PM,600000035246107298,166,SF 7f9603a9 PickUp-Karen N,Default Online Ordering,,,Dinner,DoorDash - Takeout,,43.38,3.97,0.00,47.35,0.00,0.00,0.00,NONE,,,,,,,CAPTURED,Other,,,DoorDash,,4087810176,,,,LCyFNJPTHWyHg,API,,
Cupertino,600000035247431232,600000035244920079,155,2/1/25 6:34 PM,2/1/25 6:06 PM,600000035244829835,155,,Default Online Ordering,A7,Dining Room,Dinner,Dine In,,52.66,7.90,0.00,60.56,60.56,0.00,0.00,NONE,,,,,,,AUTHORIZED,Credit,,Visa,,,,7003,,,cnrnfKzRXNFrK,In Store,,
Cupertino,600000035247621471,600000035245795634,157,2/1/25 6:37 PM,2/1/25 6:08 PM,600000035245795633,157,,Jaylan Penney,A4,Dining Room,Dinner,Dine In,,66.35,9.95,0.00,76.30,76.30,0.00,0.00,NONE,,,,,,,AUTHORIZED,Credit,,Amex,,,,1279,,,wKfKYshNsHfkm,In Store,,
Cupertino,600000035248074168,600000035246020327,159,2/1/25 6:44 PM,2/1/25 6:11 PM,600000035246020326,159,,Jaylan Penney,A3,Dining Room,Dinner,Dine In,,57.78,6.00,0.00,63.78,63.78,0.00,0.00,NONE,,,,,,,AUTHORIZED,Credit,,Visa,,,,1982,,,qfX7WyypRWsTN,In Store,,
Cupertino,600000035248323525,600000035243853562,146,2/1/25 6:49 PM,2/1/25 5:41 PM,600000035243853557,146,,Jaylan Penney,B8,Dining Room,Dinner,Dine In,,65.66,4.00,0.00,69.66,69.66,0.00,0.00,NONE,,,,,,,AUTHORIZED,Credit,,Visa,,,,2304,,,PhfmwJCrLyWgH,In Store,,
Cupertino,600000035248359451,600000035244969947,156,2/1/25 6:49 PM,2/1/25 6:07 PM,600000035245662652,156,,Default Online Ordering,B1,Dining Room,Dinner,Dine In,,81.10,12.16,0.00,93.26,93.26,0.00,0.00,NONE,,,,,,,AUTHORIZED,Credit,,Visa,,,,0579,,,NqtJst7TwnW7W,In Store,,
Cupertino,600000035248380616,600000035245198614,153,2/1/25 6:50 PM,2/1/25 6:05 PM,600000035245191715,153,,Default Online Ordering,A2,Dining Room,Dinner,Dine In,,35.91,6.88,0.00,42.79,42.79,0.00,0.00,NONE,,,,,,,AUTHORIZED,Credit,,Visa,,,,2453,,,jxwxFWzJrtKTL,In Store,,
Cupertino,600000035248418668,600000035248603707,180,2/1/25 6:57 PM,2/1/25 6:57 PM,600000035248461312,180,DD 73982361 PickUp-Helmi G,Default Online Ordering,,,Dinner,DoorDash - Takeout,,25.70,1.95,0.00,27.65,0.00,0.00,0.00,NONE,,,,,,,CAPTURED,Other,,,DoorDash,,8552228111,,,,XTHtLRCMyCNJJ,API,,
Cupertino,600000035248418699,600000035248603732,192,2/1/25 7:10 PM,2/1/25 7:10 PM,600000035248461337,192,DD fa6cb3e9 PickUp-Chloe S,Default Online Ordering,,,Dinner,DoorDash - Takeout,,29.74,0.00,0.00,29.74,0.00,0.00,0.00,NONE,,,,,,,CAPTURED,Other,,,DoorDash,,8552228111,,,,tMYy7xtgytMXr,API,,
Cupertino,600000035248497620,600000035248237477,183,2/1/25 7:01 PM,2/1/25 7:01 PM,600000035248185379,183,DD 09a933e4 Shaurav G,Default Online Ordering,,,Dinner,DoorDash - Delivery,,21.66,0.00,0.00,21.66,0.00,0.00,0.00,NONE,,,,,,,CAPTURED,Other,,,DoorDash,,8552228111,,,,nfKhTjJkpmntT,API,,
Cupertino,600000035248520322,600000035248556168,185,2/1/25 7:02 PM,2/1/25 7:02 PM,600000035248520370,185,SF 0d086597 PickUp-David W,Default Online Ordering,,,Dinner,DoorDash - Takeout,,12.49,1.14,0.00,13.63,0.00,0.00,0.00,NONE,,,,,,,CAPTURED,Other,,,DoorDash,,6692367829,,,,k7PCf9X7KkTjj,API,,
Cupertino,600000035248597025,600000035245445578,152,2/1/25 6:54 PM,2/1/25 6:03 PM,600000035245445577,152,,Jaylan Penney,B5,Dining Room,Dinner,Dine In,,54.09,9.74,0.00,63.83,63.83,0.00,0.00,NONE,,,,,,,AUTHORIZED,Credit,,Visa,,,,1567,,,PWCYhwYcCnHfK,In Store,,
Cupertino,600000035248637247,600000035244981330,154,2/1/25 6:55 PM,2/1/25 6:06 PM,600000035244928733,154,,Default Online Ordering,A1,Dining Room,Dinner,Dine In,,48.52,9.70,0.00,58.22,0.00,0.00,0.00,NONE,,,,,,,AUTHORIZED,Credit,,Visa,,,,9713,,,ThfTdhpbxnR9y,In Store,,
Cupertino,600000035248812171,600000035245794474,160,2/1/25 6:58 PM,2/1/25 6:14 PM,600000035245794424,160,,Default Online Ordering,B4,Dining Room,Dinner,Dine In,,58.78,8.82,0.00,67.60,67.60,0.00,0.00,NONE,,,,,,,AUTHORIZED,Credit,,Visa,,,,6549,,,kkhJmsgbjhybk,In Store,,
Cupertino,600000035248844937,600000035245760787,163,2/1/25 6:58 PM,2/1/25 6:21 PM,600000035245662692,163,,Default Online Ordering,D5,Dining Room,Dinner,Dine In,,39.95,0.00,0.00,39.95,39.95,0.00,0.00,NONE,,,,,,,AUTHORIZED,Credit,,Visa,,,,6474,,,sFMYknHKyFHkb,In Store,,
Cupertino,600000035249009065,600000035244494255,149,2/1/25 7:02 PM,2/1/25 5:51 PM,600000035244494205,149,,Default Online Ordering,A5,Dining Room,Dinner,Dine In,,57.68,8.65,0.00,66.33,66.33,0.00,0.00,NONE,,,,,,,AUTHORIZED,Credit,,Mastercard,,,,2048,,,NcncX97PwhRjf,In Store,,
Cupertino,600000035249032142,600000035245942999,165,2/1/25 7:02 PM,2/1/25 6:27 PM,600000035247007252,165,,Default Online Ordering,B2,Dining Room,Dinner,Dine In,,60.51,11.88,0.00,72.39,72.39,0.00,0.00,NONE,,,,,,,AUTHORIZED,Credit,,Amex,,,,1810,,,MgM9k9kTzR9wP,In Store,,
Cupertino,600000035249178458,600000035249323453,190,2/1/25 7:09 PM,2/1/25 7:09 PM,600000035249323403,190,DD 63a60d73 Todd S,Default Online Ordering,,,Dinner,DoorDash - Delivery,,24.99,0.00,0.00,24.99,0.00,0.00,0.00,NONE,,,,,,,CAPTURED,Other,,,DoorDash,,8552228111,,,,cf9RrCHnbr79y,API,,
Cupertino,600000035249482642,600000035245853530,162,2/1/25 7:11 PM,2/1/25 6:19 PM,600000035245836882,162,,Default Online Ordering,D1,Dining Room,Dinner,Dine In,,87.32,15.72,0.00,103.04,103.04,0.00,0.00,NONE,,,,,,,AUTHORIZED,Credit,,Discover,,,,0592,,,pdHLKKdTtmrcm,In Store,,
Cupertino,600000035249623633,600000035245346642,158,2/1/25 7:14 PM,2/1/25 6:11 PM,600000035245346592,158,,Default Online Ordering,B6,Dining Room,Dinner,Dine In,,107.85,19.41,0.00,127.26,127.26,0.00,0.00,NONE,,,,,,,AUTHORIZED,Credit,,Visa,,,,9323,,,RCwfghssNsRc7,In Store,,
Cupertino,600000035249703062,600000035247623984,179,2/1/25 7:15 PM,2/1/25 6:49 PM,600000035247609985,179,,Default Online Ordering,D2,Dining Room,Dinner,Dine In,,46.32,8.34,0.00,54.66,0.00,0.00,0.00,NONE,,,,,,,AUTHORIZED,Credit,,Mastercard,,,,4392,,,kTMcYhXwbNCsN,In Store,,
Cupertino,600000035249748538,600000035246736076,170,2/1/25 7:16 PM,2/1/25 6:33 PM,600000035246674677,170,,Default Online Ordering,C3,Dining Room,Dinner,Dine In,,108.60,21.72,0.00,130.32,130.32,0.00,0.00,NONE,,,,,,,AUTHORIZED,Credit,,Visa,,,,6673,,,MzmpyshnYg9Mp,In Store,,
Cupertino,600000035249825326,600000035247400959,173,2/1/25 7:18 PM,2/1/25 6:36 PM,600000035247357110,173,,Default Online Ordering,B7,Dining Room,Dinner,Dine In,,56.37,11.27,0.00,67.64,67.64,0.00,0.00,NONE,,,,,,,AUTHORIZED,Credit,,Visa,,,,5288,,,WncHqM7NhLNYf,In Store,,
Cupertino,600000035249862821,600000035246833837,172,2/1/25 7:19 PM,2/1/25 6:36 PM,600000035246807640,172,,Default Online Ordering,A6,Dining Room,Dinner,Dine In,,75.47,15.09,0.00,90.56,90.56,0.00,0.00,NONE,,,,,,,AUTHORIZED,Credit,,Visa,,,,7164,,,cdP7pntK9RLFJ,In Store,,
Cupertino,600000035249961265,600000035247165945,175,2/1/25 7:21 PM,2/1/25 6:43 PM,600000035247165895,175,,Default Online Ordering,A7,Dining Room,Dinner,Dine In,,74.37,11.16,0.00,85.53,85.53,0.00,0.00,NONE,,,,,,,AUTHORIZED,Credit,,Visa,,,,9623,,,KLPkzcHYrKLmT,In Store,,
Cupertino,600000035250213864,600000035247502071,176,2/1/25 7:26 PM,2/1/25 6:44 PM,600000035247403875,176,,Default Online Ordering,C1,Dining Room,Dinner,Dine In,,45.03,1.00,0.00,46.03,46.03,0.00,0.00,NONE,,,,,,,AUTHORIZED,Credit,,Visa,,,,7072,,,zbKkwkfjwhfmc,In Store,,
Cupertino,600000035250305199,600000035247590457,174,2/1/25 7:28 PM,2/1/25 6:38 PM,600000035247553410,174,,Default Online Ordering,D4,Dining Room,Dinner,Dine In,,55.89,11.18,0.00,67.07,67.07,0.00,0.00,NONE,,,,,,,AUTHORIZED,Credit,,Visa,,,,4309,,,L9PRtMzYYhn7b,In Store,,
Cupertino,600000035250336127,600000035247763362,178,2/1/25 7:28 PM,2/1/25 6:46 PM,600000035247624117,178,,Default Online Ordering,D3,Dining Room,Dinner,Dine In,,92.54,0.00,0.00,92.54,92.54,0.00,0.00,NONE,,,,,,,OPEN,Credit,,Visa,,,,1313,,,HXqTcNwzWY7xt,In Store,,
Cupertino,600000035250336128,600000035247763362,178,2/1/25 7:29 PM,2/1/25 6:46 PM,600000035247624117,178,,Default Online Ordering,D3,Dining Room,Dinner,Dine In,,92.54,18.51,0.00,111.05,111.05,0.00,0.00,NONE,,,,,,,AUTHORIZED,Credit,,Visa,,,,1313,,,tzppmx9bNMFxh,In Store,,
Cupertino,600000035250612343,600000035248692662,181,2/1/25 7:35 PM,2/1/25 6:59 PM,600000035248659764,181,,Default Online Ordering,B8,Dining Room,Dinner,Dine In,,62.54,12.51,0.00,75.05,75.05,0.00,0.00,NONE,,,,,,,AUTHORIZED,Credit,,Visa,,,,4353,,,zjKzXgsWdRgzR,In Store,,
Cupertino,600000035250705381,600000035248937480,182,2/1/25 7:37 PM,2/1/25 7:00 PM,600000035248937478,182,,Jaylan Penney,A3,Dining Room,Dinner,Dine In,,57.19,5.00,0.00,62.19,62.19,0.00,0.00,NONE,,,,,,,AUTHORIZED,Credit,,Visa,,,,0216,,,PzLrNTMtXrpct,In Store,,
Cupertino,600000035250919677,600000035248100894,184,2/1/25 7:42 PM,2/1/25 7:02 PM,600000035248055396,184,,Default Online Ordering,A1,Dining Room,Dinner,Dine In,,41.15,6.17,0.00,47.32,47.32,0.00,0.00,NONE,,,,,,,AUTHORIZED,Credit,,Visa,,,,6810,,,WbCjp9dRwnNpM,In Store,,
Cupertino,600000035250949117,600000035246844134,171,2/1/25 7:42 PM,2/1/25 6:36 PM,600000035246711689,171,,Default Online Ordering,B3,Dining Room,Dinner,Dine In,,33.18,7.30,0.00,40.48,40.48,0.00,0.00,NONE,,,,,,,AUTHORIZED,Credit,,Amex,,,,4008,,,WKdp7TcqdRnmF,In Store,,
Cupertino,600000035250956649,600000035246844134,171,2/1/25 7:43 PM,2/1/25 6:36 PM,600000035246711689,171,,Default Online Ordering,B3,Dining Room,Dinner,Dine In,,33.18,4.98,0.00,38.16,38.16,0.00,0.00,NONE,,,,,,,AUTHORIZED,Credit,,Discover,,,,3525,,,gdjghLFXzkpNs,In Store,,
Cupertino,600000035251135608,600000035248692677,186,2/1/25 7:47 PM,2/1/25 7:03 PM,600000035248659779,186,,Default Online Ordering,A2,Dining Room,Dinner,Dine In,,64.28,10.83,0.00,75.11,75.11,0.00,0.00,NONE,,,,,,,AUTHORIZED,Credit,,Visa,,,,3913,,,gcWJzkXdzktLm,In Store,,
Cupertino,600000035251279103,600000035247536929,177,2/1/25 7:50 PM,2/1/25 6:45 PM,600000035247531181,177,,Default Online Ordering,A4,Dining Room,Dinner,Dine In,,78.75,17.32,0.00,96.07,96.07,0.00,0.00,NONE,,,,,,,AUTHORIZED,Credit,,Visa,,,,6624,,,Ft7jCFgkWtjgf,In Store,,
Cupertino,600000035251298286,600000035251193089,217,2/1/25 8:18 PM,2/1/25 8:18 PM,600000035251178390,217,DD 7ac81894 Rhian B,Default Online Ordering,,,Dinner,DoorDash - Delivery,,24.33,0.00,0.00,24.33,0.00,0.00,0.00,NONE,,,,,,,CAPTURED,Other,,,DoorDash,,8552228111,,,,PTfhm7wfh7qrM,API,,
Cupertino,600000035251349742,600000035249514416,198,2/1/25 7:52 PM,2/1/25 7:20 PM,600000035249456520,198,,Default Online Ordering,D1,Dining Room,Dinner,Dine In,,37.98,5.70,0.00,43.68,43.68,0.00,0.00,NONE,,,,,,,AUTHORIZED,Credit,,Visa,,,,2170,,,PKTwWpfMMbTPL,In Store,,
Cupertino,600000035251408155,600000035250901271,212,2/1/25 7:57 PM,2/1/25 7:57 PM,600000035250881822,212,DD b8e26ccc Jieyu L,Default Online Ordering,,,Dinner,DoorDash - Delivery,,30.17,0.00,0.00,30.17,0.00,0.00,0.00,NONE,,,,,,,CAPTURED,Other,,,DoorDash,,8552228111,,,,cwNxx9qWPMfRL,API,,
Cupertino,600000035251458133,600000035251479282,219,2/1/25 8:19 PM,2/1/25 8:19 PM,600000035251459435,219,SF 9ec81b83 PickUp-Marc X,Default Online Ordering,,,Dinner,DoorDash - Takeout,,91.83,0.00,0.00,91.83,0.00,0.00,0.00,NONE,,,,,,,CAPTURED,Other,,,DoorDash,,4156135389,,,,Ks7JHpmYgcbRb,API,,
Cupertino,600000035251494626,600000035249959265,201,2/1/25 7:56 PM,2/1/25 7:25 PM,600000035249898718,201,,Default Online Ordering,B6,Dining Room,Dinner,Dine In,,41.25,4.00,0.00,45.25,45.25,0.00,0.00,NONE,,,,,,,AUTHORIZED,Credit,,Discover,,,,1935,,,PjcpKchnWPwLf,In Store,,
Cupertino,600000035251629089,600000035249729220,200,2/1/25 7:59 PM,2/1/25 7:25 PM,600000035249705873,200,,Default Online Ordering,C3,Dining Room,Dinner,Dine In,,64.28,12.86,0.00,77.14,77.14,0.00,0.00,NONE,,,,,,,AUTHORIZED,Credit,,Visa,,,,1194,,,mwTzXhHn7qtXs,In Store,,
Cupertino,600000035251632446,600000035248931927,191,2/1/25 8:00 PM,2/1/25 7:09 PM,600000035248931777,191,,Default Online Ordering,D5,Dining Room,Dinner,Dine In,,35.42,5.31,0.00,40.73,40.73,0.00,0.00,NONE,,,,,,,AUTHORIZED,Credit,,Visa,,,,9626,,,Pngg9sgCsJFbH,In Store,,
Cupertino,600000035251673065,600000035250558108,207,2/1/25 8:01 PM,2/1/25 7:38 PM,600000035250451410,207,,Default Online Ordering,D4,Dining Room,Dinner,Dine In,,35.03,5.25,0.00,40.28,40.28,0.00,0.00,NONE,,,,,,,AUTHORIZED,Credit,,Amex,,,,1004,,,fpmFgWjWPmhj9,In Store,,
Cupertino,600000035251724679,600000035249120284,202,2/1/25 8:02 PM,2/1/25 7:31 PM,600000035248892542,202,,Default Online Ordering,B7,Dining Room,Dinner,Dine In,,55.01,8.25,0.00,63.26,63.26,0.00,0.00,NONE,,,,,,,AUTHORIZED,Credit,,Discover,,,,1721,,,NYTPXhNTdFj9P,In Store,,
Cupertino,600000035251725439,600000035249553763,197,2/1/25 8:02 PM,2/1/25 7:16 PM,600000035249503167,197,,Default Online Ordering,B4,Dining Room,Dinner,Dine In,,18.83,3.77,0.00,22.60,22.60,0.00,0.00,NONE,,,,,,,AUTHORIZED,Credit,,Visa,,,,8329,,,djztMcLKgWyLq,In Store,,
Cupertino,600000035251739604,600000035248676796,195,2/1/25 8:02 PM,2/1/25 7:13 PM,600000035249521752,195,,Default Online Ordering,B4,Dining Room,Dinner,Dine In,,27.45,4.12,0.00,31.57,31.57,0.00,0.00,NONE,,,,,,,AUTHORIZED,Credit,,Amex,,,,1003,,,xNnkNJMmPr9sC,In Store,,
Cupertino,600000035251756804,600000035248626979,194,2/1/25 8:03 PM,2/1/25 7:12 PM,600000035248449638,194,,Default Online Ordering,B4,Dining Room,Dinner,Dine In,,29.69,1.00,0.00,30.69,30.69,0.00,0.00,NONE,,,,,,,AUTHORIZED,Credit,,Visa,,,,1895,,,frb9hdqWzMPYm,In Store,,
Cupertino,600000035251767474,600000035249018515,188,2/1/25 8:03 PM,2/1/25 7:06 PM,600000035248949617,188,,Default Online Ordering,B4,Dining Room,Dinner,Dine In,,18.83,0.00,0.00,18.83,18.83,0.00,0.00,NONE,,,,,,,AUTHORIZED,Credit,,Visa,,,,5286,,,hNXxybXgktKrb,In Store,,
Cupertino,600000035251780565,600000035248354997,189,2/1/25 8:03 PM,2/1/25 7:09 PM,600000035248329999,189,,Default Online Ordering,B4,Dining Room,Dinner,Dine In,,18.83,0.00,0.00,18.83,18.83,0.00,0.00,NONE,,,,,,,AUTHORIZED,Credit,,Visa,,,,6346,,,YTPwW9zRbzCJr,In Store,,
Cupertino,600000035251795901,600000035249127804,187,2/1/25 8:04 PM,2/1/25 7:05 PM,600000035248909513,187,,Default Online Ordering,B4,Dining Room,Dinner,Dine In,,21.72,3.00,0.00,24.72,24.72,0.00,0.00,NONE,,,,,,,AUTHORIZED,Credit,,Visa,,,,9497,,,zpbPJNwytxyqp,In Store,,
Cupertino,600000035251863848,600000035248632984,193,2/1/25 8:06 PM,2/1/25 7:10 PM,600000035248471891,193,,Default Online Ordering,A5,Dining Room,Dinner,Dine In,,75.32,13.56,0.00,88.88,88.88,0.00,0.00,NONE,,,,,,,AUTHORIZED,Credit,,Visa,,,+14085804803,1821,,,HdWNdNrr99rbr,In Store,,
Cupertino,600000035252069786,600000035249319981,199,2/1/25 8:11 PM,2/1/25 7:21 PM,600000035249294932,199,,Default Online Ordering,B1,Dining Room,Dinner,Dine In,,119.85,19.07,0.00,138.92,138.92,0.00,0.00,NONE,,,,,,,AUTHORIZED,Credit,,Mastercard,,,,1129,,,YfJtWzdyrpfzt,In Store,,
Cupertino,600000035252138180,600000035249749633,204,2/1/25 8:13 PM,2/1/25 7:35 PM,600000035249675988,204,,Default Online Ordering,C1,Dining Room,Dinner,Dine In,,55.94,10.07,0.00,66.01,66.01,0.00,0.00,NONE,,,,,,,AUTHORIZED,Credit,,Mastercard,,,,4165,,,9FYcHNfMMrkWT,In Store,,
Cupertino,600000035252359535,600000035249938130,203,2/1/25 8:20 PM,2/1/25 7:34 PM,600000035249692789,203,,Default Online Ordering,A6,Dining Room,Dinner,Dine In,,33.29,0.00,0.00,33.29,33.29,0.00,0.00,NONE,,,,,,,AUTHORIZED,Credit,,Visa,,,,7011,,,WYhPbJYJqxJds,In Store,,
Cupertino,600000035252369550,600000035250570602,205,2/1/25 8:20 PM,2/1/25 7:35 PM,600000035250494054,205,,Default Online Ordering,A6,Dining Room,Dinner,Dine In,,46.05,0.00,0.00,46.05,46.05,0.00,0.00,NONE,,,,,,,AUTHORIZED,Credit,,Visa,,,,5882,,,ksJmgjzPmhn9C,In Store,,
Cupertino,600000035252454533,600000035250688195,206,2/1/25 8:23 PM,2/1/25 7:36 PM,600000035250688193,206,,zhengyu chen,A7,Dining Room,Dinner,Dine In,,70.12,10.52,0.00,80.64,80.64,0.00,0.00,NONE,,,,,,,AUTHORIZED,Credit,,Mastercard,,,,2794,,,YscTttyzThmmL,In Store,,
Cupertino,600000035252574425,600000035250605072,208,2/1/25 8:26 PM,2/1/25 7:46 PM,600000035250583973,208,,Default Online Ordering,D2,Dining Room,Dinner,Dine In,,38.36,6.90,0.00,45.26,45.26,0.00,0.00,NONE,,,,,,,AUTHORIZED,Credit,,Visa,,,,7659,,,qKympPqPzXnFR,In Store,,
Cupertino,600000035252717842,600000035253078324,227,2/1/25 9:00 PM,2/1/25 9:00 PM,600000035253017726,227,DD beb3b87d Tejal J,Default Online Ordering,,,Dinner,DoorDash - Delivery,,19.86,0.00,0.00,19.86,0.00,0.00,0.00,NONE,,,,,,,CAPTURED,Other,,,DoorDash,,8552228111,,,,hzrYLrHNNtwbH,API,,
Cupertino,600000035252804132,600000035252067004,216,2/1/25 8:33 PM,2/1/25 8:13 PM,600000035251820357,216,,Default Online Ordering,A5,Dining Room,Dinner,Dine In,,30.34,4.55,0.00,34.89,34.89,0.00,0.00,NONE,,,,,,,AUTHORIZED,Credit,,Visa,,,,4143,,,qLjccKCNJp7CN,In Store,,
Cupertino,600000035252815709,600000035252067041,225,2/1/25 8:40 PM,2/1/25 8:40 PM,600000035251820394,225,DD 927df984 PickUp-Raghav K,Default Online Ordering,,,Dinner,DoorDash - Takeout,,25.04,0.00,0.00,25.04,0.00,0.00,0.00,NONE,,,,,,,CAPTURED,Other,,,DoorDash,,8552228111,,,,RtNMWNzK7kfpd,API,,
Cupertino,600000035252956717,600000035250288085,210,2/1/25 8:38 PM,2/1/25 7:49 PM,600000035250085340,210,,Default Online Ordering,B8,Dining Room,Dinner,Dine In,,72.90,7.00,0.00,79.90,79.90,0.00,0.00,NONE,,,,,,,AUTHORIZED,Credit,,Visa,,,,8354,,,jNsy77Tbddymh,In Store,,
Cupertino,600000035253014223,600000035252411941,220,2/1/25 8:40 PM,2/1/25 8:21 PM,600000035252411938,220,,xin Meng,A2,Dining Room,Dinner,Dine In,,34.32,5.15,0.00,39.47,39.47,0.00,0.00,NONE,,,,,,,AUTHORIZED,Credit,,Visa,,,,8750,,,fYXLcJWqRdsCL,In Store,,
Cupertino,600000035253072412,600000035251614883,218,2/1/25 8:42 PM,2/1/25 8:18 PM,600000035251523339,218,,Default Online Ordering,A3,Dining Room,Dinner,Dine In,,46.17,6.93,0.00,53.10,53.10,0.00,0.00,NONE,,,,,,,AUTHORIZED,Credit,,Visa,,,,1338,,,9tCtKnCrJLTXt,In Store,,
Cupertino,600000035253311218,600000035251076990,213,2/1/25 8:50 PM,2/1/25 8:11 PM,600000035251004747,213,,Default Online Ordering,A4,Dining Room,Dinner,Dine In,,62.22,12.44,0.00,74.66,74.66,0.00,0.00,NONE,,,,,,,AUTHORIZED,Credit,,Amex,,,,0401,,,TLpWwgzygPnkm,In Store,,
Cupertino,600000035253335913,600000035252531602,222,2/1/25 8:51 PM,2/1/25 8:28 PM,600000035252490453,222,,Default Online Ordering,A1,Dining Room,Dinner,Dine In,,29.74,5.35,0.00,35.09,35.09,0.00,0.00,NONE,,,,,,,AUTHORIZED,Credit,,Visa,,,,3788,,,hTC9jtnbKMz99,In Store,,
Cupertino,600000035253542956,600000035250386736,209,2/1/25 8:59 PM,2/1/25 7:49 PM,600000035250356837,209,,Default Online Ordering,D3,Dining Room,Dinner,Dine In,,28.70,4.30,0.00,33.00,33.00,0.00,0.00,NONE,,,,,,,AUTHORIZED,Credit,,Amex,,,,5005,,,PJmTLxJXf7pFk,In Store,,
Cupertino,600000035253609063,600000035251889558,214,2/1/25 9:01 PM,2/1/25 8:11 PM,600000035251854009,214,,Default Online Ordering,B6,Dining Room,Dinner,Dine In,,49.17,7.38,0.00,56.55,56.55,0.00,0.00,NONE,,,,,,,AUTHORIZED,Credit,,Visa,,,,9510,,,pmXsgWdFxdRzT,In Store,,
Cupertino,600000035253658372,600000035251585189,221,2/1/25 9:03 PM,2/1/25 8:27 PM,600000035251495943,221,,Default Online Ordering,B7,Dining Room,Dinner,Dine In,,51.95,9.35,0.00,61.30,61.30,0.00,0.00,NONE,,,,,,,AUTHORIZED,Credit,,Visa,,pkolari@gmail.com,,6546,,,CLmxXJWFJwpgr,In Store,,
Cupertino,600000035253676039,600000035251495471,215,2/1/25 9:04 PM,2/1/25 8:12 PM,600000035251419374,215,,Default Online Ordering,B3,Dining Room,Dinner,Dine In,,100.64,22.31,0.00,122.95,122.95,0.00,0.00,NONE,,,,,,,AUTHORIZED,Credit,,Visa,,,,0958,,,tMHpppYCPcqyW,In Store,,
Cupertino,600000035253702971,600000035251924145,224,2/1/25 9:05 PM,2/1/25 8:37 PM,600000035251843548,224,,Default Online Ordering,B4,Dining Room,Dinner,Dine In,,70.17,14.03,0.00,84.20,84.20,0.00,0.00,NONE,,,,,,,AUTHORIZED,Credit,,Visa,,,,2587,,,hWkrgCJgHrc9T,In Store,,
Cupertino,600000035254068916,600000035253670843,236,2/1/25 9:36 PM,2/1/25 9:36 PM,600000035254430350,236,DD 568d7acf Jorge Z,Default Online Ordering,,,Dinner,DoorDash - Delivery,,55.96,0.00,0.00,55.96,0.00,0.00,0.00,NONE,,,,,,,CAPTURED,Other,,,DoorDash,,8552228111,,,,tkNNdNdbpqcfk,API,,
Cupertino,600000035254159755,600000035253510626,234,2/1/25 9:28 PM,2/1/25 9:28 PM,600000035253330082,234,DD 286f161d Vasundhara M,Default Online Ordering,,,Dinner,DoorDash - Delivery,,28.26,0.00,0.00,28.26,0.00,0.00,0.00,NONE,,,,,,,CAPTURED,Other,,,DoorDash,,8552228111,,,,hgXHLqxcLTWxN,API,,
Cupertino,600000035254206634,600000035253014306,226,2/1/25 9:26 PM,2/1/25 8:43 PM,600000035252747762,226,,Default Online Ordering,A5,Dining Room,Dinner,Dine In,,63.64,9.55,0.00,73.19,73.19,0.00,0.00,NONE,,,,,,,AUTHORIZED,Credit,,Visa,,,,7833,,,Rf7HmFTk9Ywbw,In Store,,
Cupertino,600000035254563056,600000035253751272,233,2/1/25 9:43 PM,2/1/25 9:24 PM,600000035253473983,233,,Default Online Ordering,A1,Dining Room,Dinner,Dine In,,45.68,6.85,0.00,52.53,52.53,0.00,0.00,NONE,,,,,,,AUTHORIZED,Credit,,Visa,,,,0093,,,zFHyRFXHtPddC,In Store,,
Cupertino,600000035254586124,600000035253610964,230,2/1/25 9:44 PM,2/1/25 9:17 PM,600000035253422721,230,,Default Online Ordering,A3,Dining Room,Dinner,Dine In,,12.00,1.20,0.00,13.20,13.20,0.00,0.00,NONE,,,,,,,AUTHORIZED,Credit,,Visa,,,,4347,,,KpyKWbcjJdFsF,In Store,,
Cupertino,600000035254591134,600000035253610964,230,2/1/25 9:44 PM,2/1/25 9:17 PM,600000035253422721,230,,Default Online Ordering,A3,Dining Room,Dinner,Dine In,,12.01,2.40,0.00,14.41,14.41,0.00,0.00,NONE,,,,,,,AUTHORIZED,Credit,,Visa,,,,3466,,,9RHMFkxLKjbJn,In Store,,
Cupertino,600000035254697445,600000035252895409,223,2/1/25 9:50 PM,2/1/25 8:36 PM,600000035254689621,237,,zhengyu chen,A7,Dining Room,Dinner,Dine In,,43.39,0.00,0.00,43.39,0.00,0.00,43.39,NONE,,,,,,,CAPTURED,Cash,,,,,,,,,bL9qJJFRFxYKX,In Store,,
Cupertino,600000035254703392,600000035252895409,223,2/1/25 9:50 PM,2/1/25 8:36 PM,600000035252895408,223,,zhengyu chen,A7,Dining Room,Dinner,Dine In,,73.39,11.01,0.00,84.40,84.40,0.00,0.00,NONE,,,,,,,AUTHORIZED,Credit,,Visa,,,,8609,,,HWN9wXPCxyPRz,In Store,,
Cupertino,600000035254721001,600000035253032171,229,2/1/25 9:51 PM,2/1/25 9:12 PM,600000035252962325,229,,Default Online Ordering,A4,Dining Room,Dinner,Dine In,,53.37,8.01,0.00,61.38,61.38,0.00,0.00,NONE,,,,,,,AUTHORIZED,Credit,,Mastercard,,,,1842,,,LpYkFHyygnfnh,In Store,,
Cupertino,600000035254812882,600000035254351877,235,2/1/25 9:56 PM,2/1/25 9:31 PM,600000035254351876,235,,Jaylan Penney,B1,Dining Room,Dinner,Dine In,,37.06,5.56,0.00,42.62,42.62,0.00,0.00,NONE,,,,,,,AUTHORIZED,Credit,,Visa,,,,4939,,,gCfmynkzLdcPW,In Store,,
Cupertino,600000035254853296,600000035253510613,228,2/1/25 9:58 PM,2/1/25 9:11 PM,600000035253330069,228,,Default Online Ordering,A6,Dining Room,Dinner,Dine In,,42.84,7.71,0.00,50.55,50.55,0.00,0.00,NONE,,,,,,,AUTHORIZED,Credit,,Visa,,,,0319,,,FxcmpqjRFrXh7,In Store,,
