Location,Location Code,Id,GUID,Employee Id,Employee GUID,Employee External Id,Employee,Job Id,Job GUID,Job Code,Job Title,In Date,Out Date,Auto Clock-out,Total Hours,Unpaid Break Time,Paid Break Time,Payable Hours,Cash Tips Declared,Non Cash Tips,Total Gratuity,Total Tips,Tips Withheld,Wage,Regular Hours,Overtime Hours,Regular Pay,Overtime Pay,Total Pay
Cupertino,CA02,600000035216110960,a643345a-0345-4835-964f-863c2ed6182f,600000012430196065,4a50cb9e-0329-4d5b-b44f-f5013df5ea6a,,"Penney, Jaylan",600000000187953261,1f27dffe-ff3d-4db7-810c-764b9b917d57,,Server,2/1/25 10:57 AM,2/2/25 4:00 AM,Yes,17.04,0.00,0.00,17.04,0.00,125.34,0.00,125.34,0.00,,8.00,9.04,,,
Cupertino,CA02,600000035216256888,b8fb73c2-15f6-49e2-beb7-92497c83010c,600000002446536534,ae65bdd5-03cd-4dc3-9daa-0e8d8f02fe03,181,"Xu, Yan",600000009837655734,77d988fd-e5b8-4c14-a0bd-a5e1487f4e3d,,Server 4,2/1/25 11:00 AM,2/1/25 3:02 PM,No,4.04,0.00,0.00,4.04,,0.00,0.00,0.00,0.00,,4.04,0.00,,,
Cupertino,CA02,600000035217934236,d1093b70-8860-418c-91fa-29ffe6653560,600000000344509975,c50645a8-3e20-418c-928f-7ac3dda7b7e9,105,"Lu, Bao Shen",600000009837655732,8da883cf-e8ea-42ff-bf5b-442b9645ff7c,,Server 3,2/1/25 11:29 AM,2/1/25 4:03 PM,No,4.55,0.00,0.00,4.55,,0.00,0.00,0.00,0.00,,4.55,0.00,,,
Cupertino,CA02,600000035219959384,1405d1bb-0529-4101-8d5d-d69fd694f79d,600000013299861140,7e784155-4add-4038-bc80-2d8405905c9c,,"zheng, xiaoli",600000000187953261,1f27dffe-ff3d-4db7-810c-764b9b917d57,,Server,2/1/25 12:06 PM,2/2/25 4:00 AM,Yes,15.89,0.00,0.00,15.89,0.00,0.00,0.00,0.00,0.00,,8.00,7.89,,,
Cupertino,CA02,600000035221338386,86a48b9a-340f-4cab-970a-114795ec9a18,600000001251302471,926dca98-bd07-4351-b441-2634bdc824ca,131,"chen, zhengyu",600000009837655739,df2bae65-6ee0-429d-bf33-119c20d1f5b4,,Server 6,2/1/25 12:31 PM,2/2/25 4:00 AM,Yes,15.47,0.00,0.00,15.47,0.00,102.35,0.00,102.35,0.00,,8.00,7.47,,,
Cupertino,CA02,600000035240577014,ace01c19-0c2a-4871-8a42-072073897bdd,600000002446536534,ae65bdd5-03cd-4dc3-9daa-0e8d8f02fe03,181,"Xu, Yan",600000009837655734,77d988fd-e5b8-4c14-a0bd-a5e1487f4e3d,,Server 4,2/1/25 5:00 PM,2/1/25 10:18 PM,No,5.29,0.00,0.00,5.29,,0.00,0.00,0.00,0.00,,3.96,1.33,,,
Cupertino,CA02,600000035242866747,17809e2f-ce0b-47fa-932b-77b6c666437e,600000000344509975,c50645a8-3e20-418c-928f-7ac3dda7b7e9,105,"Lu, Bao Shen",600000009837655732,8da883cf-e8ea-42ff-bf5b-442b9645ff7c,,Server 3,2/1/25 5:28 PM,2/1/25 10:16 PM,No,4.79,0.00,0.00,4.79,,0.00,0.00,0.00,0.00,,3.45,1.34,,,
Cupertino,CA02,600000035244947721,15ecad57-4c81-4e52-b3c1-970a5c58f882,600000000344434390,62e3bc55-81ce-42d3-855b-a96e4fbe684e,HBY000094,"Xie, Siqi",600000000187953261,1f27dffe-ff3d-4db7-810c-764b9b917d57,,Server,2/1/25 5:56 PM,2/2/25 4:00 AM,Yes,10.05,0.00,0.00,10.05,0.00,0.00,0.00,0.00,0.00,,8.00,2.05,,,
