Location,Location Code,Id,GUID,Employee Id,Employee GUID,Employee External Id,Employee,Job Id,Job GUID,Job Code,Job Title,In Date,Out Date,Auto Clock-out,Total Hours,Unpaid Break Time,Paid Break Time,Payable Hours,Cash Tips Declared,Non Cash Tips,Total Gratuity,Total Tips,Tips Withheld,Wage,Regular Hours,Overtime Hours,Regular Pay,Overtime Pay,Total Pay
Cupertino,CA02,600000034812472099,cc366ff8-9cad-4be7-93bf-1b6da61db7e7,600000002970777958,b4a3d95d-59c6-4901-82b7-c1a777aab865,187,"Chen, Yafang",600000009837655739,df2bae65-6ee0-429d-bf33-119c20d1f5b4,,Server 6,1/19/25 10:26 AM,1/19/25 2:32 PM,No,4.09,0.00,0.00,4.09,,0.00,0.00,0.00,0.00,,4.09,0.00,,,
Cupertino,CA02,600000034814095546,3ccd12f5-90e7-4f99-92b5-1da1afbc4ef4,600000000344509975,c50645a8-3e20-418c-928f-7ac3dda7b7e9,105,"Lu, Bao Shen",600000009837655732,8da883cf-e8ea-42ff-bf5b-442b9645ff7c,,Server 3,1/19/25 11:00 AM,1/19/25 3:31 PM,No,4.52,0.00,0.00,4.52,,0.00,0.00,0.00,0.00,,4.52,0.00,,,
Cupertino,CA02,600000034815724736,024d1fb7-3ad0-41c6-b4bb-0572d9eab684,600000016712824343,8bf71451-c969-4797-91d3-3b69f9fa6e56,,"valencia, andres",600000009837616047,12e7cd3e-23e3-487f-b74e-a9e2a6192aa1,,Server 1,1/19/25 11:33 AM,1/20/25 4:00 AM,Yes,16.44,0.00,0.00,16.44,0.00,86.63,0.00,86.63,0.00,,8.00,8.44,,,
Cupertino,CA02,600000034817434496,86f278f7-fdfd-4362-b7a6-5cb6f00c3bf0,600000001251302471,926dca98-bd07-4351-b441-2634bdc824ca,131,"chen, zhengyu",600000009837655739,df2bae65-6ee0-429d-bf33-119c20d1f5b4,,Server 6,1/19/25 12:09 PM,1/20/25 4:00 AM,Yes,15.84,0.00,0.00,15.84,0.00,68.98,0.00,68.98,0.00,,8.00,7.84,,,
Cupertino,CA02,600000034820061784,cf3d5020-afe9-4c74-873a-66f2bf80c410,600000013299861140,7e784155-4add-4038-bc80-2d8405905c9c,,"zheng, xiaoli",600000000187953261,1f27dffe-ff3d-4db7-810c-764b9b917d57,,Server,1/19/25 1:06 PM,1/20/25 4:00 AM,Yes,14.89,0.00,0.00,14.89,0.00,0.00,0.00,0.00,0.00,,0.00,14.89,,,
Cupertino,CA02,600000034830913138,b0a0e512-87b8-4eb2-9905-8bcb3ca51005,600000002970777958,b4a3d95d-59c6-4901-82b7-c1a777aab865,187,"Chen, Yafang",600000009837655739,df2bae65-6ee0-429d-bf33-119c20d1f5b4,,Server 6,1/19/25 4:57 PM,1/19/25 9:55 PM,No,4.96,0.00,0.00,4.96,,0.00,0.00,0.00,0.00,,3.91,1.05,,,
Cupertino,CA02,600000034832104439,917e336c-8158-42f9-ac92-1bb0ded188c6,600000012430196065,4a50cb9e-0329-4d5b-b44f-f5013df5ea6a,,"Penney, Jaylan",600000000187953261,1f27dffe-ff3d-4db7-810c-764b9b917d57,,Server,1/19/25 5:25 PM,1/20/25 4:00 AM,Yes,10.58,0.00,0.00,10.58,0.00,17.92,0.00,17.92,0.00,,8.00,2.58,,,
Cupertino,CA02,600000034832226378,648dd10f-1325-4c22-8106-c0715c25c2c6,600000000344509975,c50645a8-3e20-418c-928f-7ac3dda7b7e9,105,"Lu, Bao Shen",600000009837655732,8da883cf-e8ea-42ff-bf5b-442b9645ff7c,,Server 3,1/19/25 5:28 PM,1/19/25 9:14 PM,No,3.76,0.00,0.00,3.76,,0.00,0.00,0.00,0.00,,3.48,0.28,,,
