Customer Id,Customer,Customer Phone,Customer Email,Location Code,Opened Date,Opened Time,Item Description,Server,Tax,Tender,Check Id,Check #,Total,Customer Family,Table Size,Discount,Reason of Discount,Link
,,,,CA02,2/6/25,11:06 AM,"Pork Xiao Long Bao (8) 鲜肉小笼包, Shrimp & Zucchini Steamed Dumplings (6) 🦐 青瓜鲜虾蒸饺, Pan Fried Wontons with Sweet & Spicy Garlic Sauce (6) 甜辣香煎大馄饨, Kale Salad with Sesame Dressing Ⓥ 麻酱羽衣甘蓝沙拉, Green Onion Soy Sauce Noodles Ⓥ 葱油拌面",Default Online Ordering,3.73,Visa,600000035371380274,1,51.21,,1,0.00,,http://www.toasttab.com/receipts/33eiUG9RSnqR9vgz4YmOIA/JfFmxYrtrMXFK
600000035371761916,Yilin X,8552228111,dd.toast.orders+orders_1844aff6-147a-49ac-a9da-de5316e80284@gmail.com,CA02,2/6/25,11:24 AM,"Pan Fried Wontons with Chili Sauce (6) 红油香煎大馄饨, Green Onion Soy Sauce Noodles Ⓥ 葱油拌面",Default Online Ordering,1.60,Other,600000035371742088,2,19.10,,1,0.00,,http://www.toasttab.com/receipts/33eiUG9RSnqR9vgz4YmOIA/JHt7PKtbPXFjs
,,,,CA02,2/6/25,11:31 AM,"Pork & Crab Meat Xiao Long Bao (8) 🦐 蟹肉小笼包, Yibin Noodles Ⓥ 🌶️ 宜宾燃面, Pan Fried Beef Pies (2) 牛肉馅饼, Kale Salad with Sweet & Spicy Garlic Dressing Ⓥ 🌶️ 甜辣羽衣甘蓝沙拉, Five Spice Beef Shank 五香牛腱",Default Online Ordering,3.73,Visa,600000035372005242,3,51.21,,1,0.00,,http://www.toasttab.com/receipts/33eiUG9RSnqR9vgz4YmOIA/XNyyKcnphHxPR
600000035372048295,Jialin L,8552228111,dd.toast.orders+orders_fea3d04c-2a79-4d19-9267-e07ed2dd8bbd@gmail.com,CA02,2/6/25,11:37 AM,"Pork & Shrimp Potstickers (6) 🦐 猪肉三鲜锅贴, Pork & Crab Meat Xiao Long Bao (8) 🦐 蟹肉小笼包, Pan Fried Pork Buns (4) 特色鲜肉煎包",Default Online Ordering,2.86,Other,600000035372301529,4,34.16,,1,0.00,,http://www.toasttab.com/receipts/33eiUG9RSnqR9vgz4YmOIA/y7xtPw9kCNdtc
,,,,CA02,2/6/25,11:37 AM,"Diet Coke 健怡可乐, Chicken Xiao Long Bao (8) 鸡肉小笼包, Vegetable Potstickers (6) Ⓥ 素三鲜锅贴, Chicken & Vegetable Wontons in Hot & Sour Sauce (6) 🌶️ 酸辣菜肉大馄饨, Cold Noodles with Sesame Dressing Ⓥ 麻酱凉面",andres valencia,3.20,Mastercard,600000035372510896,5,45.78,,2,0.00,,http://www.toasttab.com/receipts/33eiUG9RSnqR9vgz4YmOIA/jqrCwTxbqTJWW
600000035372534348,Irin G,8552228111,dd.toast.orders+orders_ebbb2a73-04ae-4897-a1e8-2fccb3e7b594@gmail.com,CA02,2/6/25,11:52 AM,"Chicken Potstickers (6) 鸡肉锅贴, Pan Fried Pork Buns (4) 特色鲜肉煎包",Default Online Ordering,1.81,Other,600000035372621497,9,21.66,,1,0.00,,http://www.toasttab.com/receipts/33eiUG9RSnqR9vgz4YmOIA/cR7wgFWKPtMdM
600000035372749453,Andy,7035979132,,CA02,2/6/25,11:45 AM,Beef-Stew Noodles 🌶️ 秘制牛肉小面,Yun Juan Huang,0.72,Amex,600000035372752035,6,8.62,,1,0.00,,http://www.toasttab.com/receipts/33eiUG9RSnqR9vgz4YmOIA/rMLKmJ9pWshJm
600000035372818313,Sean,9292165382,,CA02,2/6/25,11:48 AM,"Green Onion Pancake (1) Ⓥ 葱油饼, Chicken Potstickers (6) 鸡肉锅贴, Beef Potstickers (6) 牛肉锅贴, Chicken Steamed Dumplings (6) 鸡肉蒸饺, Dan Dan Noodles Ⓥ🌶️🌶️ 担担面, Green Onion Soy Sauce Noodles Ⓥ 葱油拌面",Yun Juan Huang,3.83,Visa,600000035372829906,7,45.68,,1,0.00,,http://www.toasttab.com/receipts/33eiUG9RSnqR9vgz4YmOIA/pjdyRHjCH7Lwc
600000035372655639,John A,8552228111,dd.toast.orders+orders_413b916d-a650-43f0-96ab-2d1473e635d5@gmail.com,CA02,2/6/25,11:54 AM,High Tail Shrimp & Pork Steamed Dumplings (6) 🦐 翘尾鲜虾蒸饺,Default Online Ordering,0.99,Other,600000035372926407,10,11.84,,1,0.00,,http://www.toasttab.com/receipts/33eiUG9RSnqR9vgz4YmOIA/Mm9kFccRLtryK
,,,,CA02,2/6/25,11:58 AM,"Pork Xiao Long Bao (8) 鲜肉小笼包, Green Onion Pancake (1) Ⓥ 葱油饼, Chicken & Vegetable Wontons in Chicken Soup 鸡汤菜肉大馄饨, Pork Wontons in Chicken Soup 鸡汤小馄饨, Pork & Shrimp Boiled Dumplings (6) 🦐 猪肉三鲜水饺, Pan Fried Pork Buns (4) 特色鲜肉煎包",Default Online Ordering,4.31,Visa,600000035373043669,11,59.18,,1,0.00,,http://www.toasttab.com/receipts/33eiUG9RSnqR9vgz4YmOIA/mMTgXcPgfxjRM
,,,,CA02,2/6/25,12:03 PM,"Pork Xiao Long Bao (8) 鲜肉小笼包, Dan Dan Noodles Ⓥ🌶️🌶️ 担担面, Pork Wontons in Chili Sauce (6) 🌶️ 红油猪肉抄手, Pork & Shrimp Potstickers (6) 🦐 猪肉三鲜锅贴, Yibin Noodles Ⓥ 🌶️ 宜宾燃面, Sweet & Sour Cucumber Ⓥ 🌶️ 甜辣小黄瓜, Pan Fried Wontons with Chili Sauce (6) 红油香煎大馄饨",Default Online Ordering,5.03,Mastercard,600000035373086524,12,68.98,,1,0.00,,http://www.toasttab.com/receipts/33eiUG9RSnqR9vgz4YmOIA/cFKwtjczqrgCg
,,,,CA02,2/6/25,12:07 PM,COMB A,Default Online Ordering,1.55,Visa,600000035373086546,15,18.54,,1,0.00,,http://www.toasttab.com/receipts/33eiUG9RSnqR9vgz4YmOIA/xzyqPgPhXbkPx
600000035373106777,PickUp-Justin E,8552228111,dd.toast.orders+orders_23639d09-7b97-435c-90f1-77708129c2c1@gmail.com,CA02,2/6/25,12:06 PM,Pan Fried Pork Buns (4) 特色鲜肉煎包,Default Online Ordering,0.91,Other,600000035373276511,14,10.86,,1,0.00,,http://www.toasttab.com/receipts/33eiUG9RSnqR9vgz4YmOIA/YcPjFTjcnRrFr
,,,,CA02,2/6/25,12:03 PM,"Pork Xiao Long Bao (8) 鲜肉小笼包, Pan Fried Pork Buns (4) 特色鲜肉煎包, Pork & Shrimp Potstickers (6) 🦐 猪肉三鲜锅贴, Pork Wontons in Chili Sauce (6) 🌶️ 红油猪肉抄手, Braised Pig Ears 🌶️ 凉拌猪耳, Dan Dan Noodles Ⓥ🌶️🌶️ 担担面, Green Onion Soy Sauce Noodles Ⓥ 葱油拌面, Pan Fried Beef Pies (2) 牛肉馅饼",andres valencia,5.94,Visa,600000035373276833,13,81.47,,4,0.00,,http://www.toasttab.com/receipts/33eiUG9RSnqR9vgz4YmOIA/KKwypNnCyrPMm
600000035373029841,Jodi H,8552228111,dd.toast.orders+orders_9ed4f534-dc50-4f16-a69b-d0ca95aa23af@gmail.com,CA02,2/6/25,12:10 PM,"Pork Wontons in Chili Sauce (6) 🌶️ 红油猪肉抄手, Pork & Shrimp Potstickers (6) 🦐 猪肉三鲜锅贴, Dan Dan Noodles Ⓥ🌶️🌶️ 担担面, Spicy Beef Shank 🌶️🌶️ 麻辣牛腱, Pan Fried Pork Buns (4) 特色鲜肉煎包",Default Online Ordering,3.83,Other,600000035373287330,17,50.78,,1,0.00,,http://www.toasttab.com/receipts/33eiUG9RSnqR9vgz4YmOIA/kgF9WWhrPztMC
,,,,CA02,2/6/25,12:07 PM,COMB A,Default Online Ordering,1.55,Visa,600000035373366257,16,22.25,,1,0.00,,http://www.toasttab.com/receipts/33eiUG9RSnqR9vgz4YmOIA/XFXmnFp9NFPxg
,,,,CA02,2/6/25,12:21 PM,"COMB A, Chicken Potstickers (6) 鸡肉锅贴, COMB C",Default Online Ordering,3.77,Mastercard,600000035373519588,21,53.16,,1,0.00,,http://www.toasttab.com/receipts/33eiUG9RSnqR9vgz4YmOIA/kCMCcy7RtmmKr
,,,,CA02,2/6/25,12:20 PM,"Green Onion Soy Sauce Noodles Ⓥ 葱油拌面, Jasmine Tea (Hot) 茉莉花茶 (热)",Default Online Ordering,1.22,Cash,600000035373627982,19,14.62,,1,0.00,,http://www.toasttab.com/receipts/33eiUG9RSnqR9vgz4YmOIA/nYwg9MFKywTPh
,,,,CA02,2/6/25,12:16 PM,"Jasmine Tea (Hot) 茉莉花茶 (热), Chicken Xiao Long Bao (8) 鸡肉小笼包, Pork Xiao Long Bao (8) 鲜肉小笼包",andres valencia,2.32,Mastercard,600000035373670226,18,33.26,,2,0.00,,http://www.toasttab.com/receipts/33eiUG9RSnqR9vgz4YmOIA/cLb7HyxfKRnWp
,,,,CA02,2/6/25,12:20 PM,"Pork Xiao Long Bao (8) 鲜肉小笼包, Milk Tea (Cold) 奶茶 (冷)",Default Online Ordering,1.45,Cash,600000035373689962,20,17.35,,1,0.00,,http://www.toasttab.com/receipts/33eiUG9RSnqR9vgz4YmOIA/cdFwmgcXzrhws
,,,,CA02,2/6/25,12:30 PM,"Pork & Crab Meat Xiao Long Bao (8) 🦐 蟹肉小笼包, Pork Wontons in Chicken Soup 鸡汤小馄饨, Pan Fried Chive Dumplings (3) 韭菜盒子, Beef Potstickers (6) 牛肉锅贴, Five Spice Beef Shank 五香牛腱, Dan Dan Noodles Ⓥ🌶️🌶️ 担担面",Default Online Ordering,4.45,Visa,600000035373712795,22,62.45,,1,0.00,,http://www.toasttab.com/receipts/33eiUG9RSnqR9vgz4YmOIA/YrYCyFPMP7RYT
600000035374154163,Christin D,8552228111,dd.toast.orders+orders_4959396e-18f5-4267-ab43-de3b3c8df94f@gmail.com,CA02,2/6/25,12:39 PM,"Green Onion Pancake (1) Ⓥ 葱油饼, Chicken Xiao Long Bao (8) 鸡肉小笼包",Default Online Ordering,1.48,Other,600000035374200516,23,17.73,,1,0.00,,http://www.toasttab.com/receipts/33eiUG9RSnqR9vgz4YmOIA/MyNJXP7sKxxwy
,,,,CA02,2/6/25,12:57 PM,"Pork Xiao Long Bao (8) 鲜肉小笼包, Pan Fried Wontons with Chili Sauce (6) 红油香煎大馄饨, Green Onion Soy Sauce Noodles Ⓥ 葱油拌面",Default Online Ordering,1.84,Visa,600000035374533637,25,26.01,,1,5.03,Open % Check (20.00%),http://www.toasttab.com/receipts/33eiUG9RSnqR9vgz4YmOIA/jCyLxFntcRKzx
,,,,CA02,2/6/25,12:56 PM,"Pork & Crab Meat Xiao Long Bao (8) 🦐 蟹肉小笼包, Pan Fried Pork Buns (4) 特色鲜肉煎包, Dan Dan Noodles Ⓥ🌶️🌶️ 担担面, Beef Sandwich (1) 大嘴牛肉包 (不辣), Chicken Potstickers (6) 鸡肉锅贴, Spicy (Ma La) Noodles 🌶️🌶️ 麻辣小面, Pan Fried Wontons with Sweet & Spicy Garlic Sauce (6) 甜辣香煎大馄饨, Sapporo, Spicy Beef Pancake Roll (1) 🌶️🌶️ 麻辣牛肉卷饼",Default Online Ordering,6.72,Amex,600000035374716052,24,95.46,,1,0.00,,http://www.toasttab.com/receipts/33eiUG9RSnqR9vgz4YmOIA/7HHNtd9tXtTT7
600000035374719262,PickUp-Bianca V.,4083067753,dd.toast.orders+orders_b024dace-1f42-4e78-be9d-7287c95adafd@gmail.com,CA02,2/6/25,12:59 PM,"Chicken & Vegetable Wontons in Chicken Soup 鸡汤菜肉大馄饨, Chicken Xiao Long Bao (8) 鸡肉小笼包",Default Online Ordering,1.63,Other,600000035374831151,26,19.48,,1,0.00,,http://www.toasttab.com/receipts/33eiUG9RSnqR9vgz4YmOIA/XkwHNxtztPjMH
,,,,CA02,2/6/25,1:28 PM,COMB B,Yun Juan Huang,1.55,Visa,600000035375749033,4001,21.32,,1,0.00,,http://www.toasttab.com/receipts/33eiUG9RSnqR9vgz4YmOIA/KrdpgKqTpyJgR
,,,,CA02,2/6/25,1:30 PM,"Pork Xiao Long Bao (8) 鲜肉小笼包, Yibin Noodles Ⓥ 🌶️ 宜宾燃面",Yun Juan Huang,1.63,Visa,600000035375750930,4002,20.00,,1,0.00,,http://www.toasttab.com/receipts/33eiUG9RSnqR9vgz4YmOIA/7gkrbXLdYwPNY
,,,,CA02,2/6/25,1:10 PM,"Chicken Xiao Long Bao (8) 鸡肉小笼包, Chicken Xiao Long Bao (8) 鸡肉小笼包, Vegetarian Spicy (Ma La) Noodles Ⓥ 🌶️🌶️ 素麻辣小面",andres valencia,2.54,Visa,600000035375766744,5001,34.89,,2,0.00,,http://www.toasttab.com/receipts/33eiUG9RSnqR9vgz4YmOIA/pWxHcT9bpjyRb
,,,,CA02,2/6/25,1:14 PM,"Pork & Crab Meat Xiao Long Bao (8) 🦐 蟹肉小笼包, Pork Wontons in Chicken Soup 鸡汤小馄饨, Hot & Sour Glass Noodles 🌶️🌶️ 酸辣粉, Vegetarian Hot & Sour Glass Noodles Ⓥ 🌶️🌶️ 素酸辣粉",andres valencia,3.07,Discover,600000035375767393,5002,42.23,,2,0.00,,http://www.toasttab.com/receipts/33eiUG9RSnqR9vgz4YmOIA/7Jqqzhz7fCNTd
,,,,CA02,2/6/25,1:16 PM,"Pork & Shrimp Potstickers (6) 🦐 猪肉三鲜锅贴, Beef Steamed Dumplings (6) 牛肉蒸饺, Chicken & Vegetable Wontons in Chicken Soup 鸡汤菜肉大馄饨",andres valencia,2.06,Visa,600000035375767982,5003,28.98,,3,0.00,,http://www.toasttab.com/receipts/33eiUG9RSnqR9vgz4YmOIA/FpTYjyhdnbCTJ
,,,,CA02,2/6/25,2:01 PM,"Pork & Shrimp Potstickers (6) 🦐 猪肉三鲜锅贴, Pork & Shrimp Potstickers (6) 🦐 猪肉三鲜锅贴, Beef Pancake Roll (1) 酱香牛肉卷饼 (不辣)",Default Online Ordering,2.20,Visa,600000035376369239,27,30.78,,1,0.00,,http://www.toasttab.com/receipts/33eiUG9RSnqR9vgz4YmOIA/CftXy9br7jWWK
,,,,CA02,2/6/25,2:02 PM,"Pan Fried Chive Dumplings (3) 韭菜盒子, Banana Naan Bread (1) Ⓥ 香蕉飞饼",andres valencia,1.30,Visa,600000035376633254,28,15.55,,1,0.00,,http://www.toasttab.com/receipts/33eiUG9RSnqR9vgz4YmOIA/7c9YcbHTjfkN7
,,,,CA02,2/6/25,2:15 PM,"Dan Dan Noodles Ⓥ🌶️🌶️ 担担面, Sweet & Sour Cucumber Ⓥ 🌶️ 甜辣小黄瓜, Pork & Crab Meat Xiao Long Bao (8) 🦐 蟹肉小笼包, Pork Wontons in Hot & Sour Sauce (6) 🌶️ 酸辣猪肉抄手",Default Online Ordering,2.97,Amex,600000035376875728,33,41.80,,1,0.00,,http://www.toasttab.com/receipts/33eiUG9RSnqR9vgz4YmOIA/bKgTCNMdY7PcW
,,,,CA02,2/6/25,2:14 PM,"Beef-Stew Noodles 🌶️ 秘制牛肉小面, Chicken & Vegetable Wontons in Chicken Soup 鸡汤菜肉大馄饨, Steamed Pork Buns (4) 特色鲜肉蒸包",Default Online Ordering,2.35,Visa,600000035376885822,31,33.16,,1,0.00,,http://www.toasttab.com/receipts/33eiUG9RSnqR9vgz4YmOIA/PWCw7RsXMJRxx
,,,,CA02,2/6/25,2:13 PM,"Beef-Stew Noodle Soup 🌶️ 秘制牛肉汤面, Pan Fried Pork Buns (4) 特色鲜肉煎包",Default Online Ordering,1.82,Visa,600000035376895161,30,21.72,,1,0.00,,http://www.toasttab.com/receipts/33eiUG9RSnqR9vgz4YmOIA/JJxpPLb7FHJYK
,,,,CA02,2/6/25,2:15 PM,"Pork Xiao Long Bao (8) 鲜肉小笼包, Beef-Stew Noodle Soup 🌶️ 秘制牛肉汤面, Green Onion Pancake (1) Ⓥ 葱油饼",Default Online Ordering,2.20,Visa,600000035376911419,34,30.19,,1,0.00,,http://www.toasttab.com/receipts/33eiUG9RSnqR9vgz4YmOIA/bgxrHHsxgdTwr
,,,,CA02,2/6/25,2:15 PM,"Dan Dan Noodles Ⓥ🌶️🌶️ 担担面, Chicken Potstickers (6) 鸡肉锅贴",Default Online Ordering,1.39,Visa,600000035376985612,32,19.08,,1,0.00,,http://www.toasttab.com/receipts/33eiUG9RSnqR9vgz4YmOIA/NkLYXhxh7NLKz
600000035378004090,PickUp-Rhian B,8552228111,dd.toast.orders+orders_f2b58b00-ab41-40a9-8970-3f5dd30f2d8d@gmail.com,CA02,2/6/25,2:50 PM,"Green Onion Pancake (1) Ⓥ 葱油饼, Beef-Stew Noodles 🌶️ 秘制牛肉小面, Dan Dan Noodles Ⓥ🌶️🌶️ 担担面",Default Online Ordering,1.82,Other,600000035378261665,35,23.77,,1,0.00,,http://www.toasttab.com/receipts/33eiUG9RSnqR9vgz4YmOIA/rrsdtXgPqzcbs
,,,,CA02,2/6/25,3:39 PM,"Green Onion Pancake (1) Ⓥ 葱油饼, Shrimp & Zucchini Steamed Dumplings (6) 🦐 青瓜鲜虾蒸饺, Kale Salad with Sesame Dressing Ⓥ 麻酱羽衣甘蓝沙拉",andres valencia,1.81,Visa,600000035380822760,29,23.61,,1,0.00,,http://www.toasttab.com/receipts/33eiUG9RSnqR9vgz4YmOIA/TPJtxMyRRWt7X
600000035381062548,PickUp-Justin J.,6507968751,dd.toast.orders+orders_0417758c-c24a-414b-b28f-e9c865fd7fc9@gmail.com,CA02,2/6/25,3:54 PM,"Dan Dan Noodles Ⓥ🌶️🌶️ 担担面, Steamed Pork Buns (4) 特色鲜肉蒸包",Default Online Ordering,1.63,Other,600000035381460417,37,19.48,,1,0.00,,http://www.toasttab.com/receipts/33eiUG9RSnqR9vgz4YmOIA/bhdcRFRYtsnfk
600000035381139437,PickUp-Rondu G,8552228111,dd.toast.orders+orders_4d3403a6-0604-414e-bf43-64190144de6a@gmail.com,CA02,2/6/25,3:56 PM,"Pan Fried Beef Pies (2) 牛肉馅饼, Broccoli with Seafood Sauce 蚝油西兰花",Default Online Ordering,1.33,Other,600000035381492025,38,15.93,,1,0.00,,http://www.toasttab.com/receipts/33eiUG9RSnqR9vgz4YmOIA/ddWrgNJMsyxnx
600000035382058759,Madison L,8552228111,dd.toast.orders+orders_1f6b6977-1e81-4e99-9aa5-752eb0c2a3b5@gmail.com,CA02,2/6/25,4:03 PM,"Pork & Shrimp Potstickers (6) 🦐 猪肉三鲜锅贴, Beef Steamed Dumplings (6) 牛肉蒸饺, Pork & Shrimp Boiled Dumplings (6) 🦐 猪肉三鲜水饺, Green Onion Soy Sauce Noodles Ⓥ 葱油拌面, Zha Jiang Mian 京味炸酱面, Pan Fried Pork Buns (4) 特色鲜肉煎包",Default Online Ordering,5.77,Other,600000035381878237,39,69.02,,1,0.00,,http://www.toasttab.com/receipts/33eiUG9RSnqR9vgz4YmOIA/grdHxyHM9znkx
600000035382254608,Tony,6696662286,,CA02,2/6/25,4:06 PM,"Pork Xiao Long Bao (8) 鲜肉小笼包, Pork Xiao Long Bao (8) 鲜肉小笼包, Pan Fried Pork Buns (4) 特色鲜肉煎包, Dan Dan Noodles Ⓥ🌶️🌶️ 担担面, Dan Dan Noodles Ⓥ🌶️🌶️ 担担面",Yun Juan Huang,4.17,Amex,600000035382269418,40,52.82,,1,0.00,,http://www.toasttab.com/receipts/33eiUG9RSnqR9vgz4YmOIA/7jPcJ7pbFFtpy
600000035382466911,PickUp-Anthony L.,4086664351,dd.toast.orders+orders_97888c70-bca3-4680-95d3-05fa5d1d2bd1@gmail.com,CA02,2/6/25,4:12 PM,"Green Onion Pancake (1) Ⓥ 葱油饼, Beef Pancake Roll (1) 酱香牛肉卷饼 (不辣), Pan Fried Pork Buns (4) 特色鲜肉煎包, Pork Xiao Long Bao (8) 鲜肉小笼包",Default Online Ordering,9.41,Other,600000035382467267,42,112.51,,1,0.00,,http://www.toasttab.com/receipts/33eiUG9RSnqR9vgz4YmOIA/cpyMJct7pLqCg
600000035382468970,Jaishri J,8552228111,dd.toast.orders+orders_875b296c-fc0b-4178-a93d-73fc47ddeb84@gmail.com,CA02,2/6/25,4:16 PM,Chicken Steamed Dumplings (6) 鸡肉蒸饺,Default Online Ordering,1.53,Other,600000035382469241,43,18.33,,1,0.00,,http://www.toasttab.com/receipts/33eiUG9RSnqR9vgz4YmOIA/gHptK9JFphKHP
600000035382869809,Chencheng P,8552228111,dd.toast.orders+orders_c2a53c22-f22d-4377-b799-a02418392aac@gmail.com,CA02,2/6/25,4:19 PM,"Beef-Stew Noodles 🌶️ 秘制牛肉小面, Dan Dan Noodles Ⓥ🌶️🌶️ 担担面",Default Online Ordering,1.66,Other,600000035382765125,44,19.86,,1,0.00,,http://www.toasttab.com/receipts/33eiUG9RSnqR9vgz4YmOIA/wndxmhJYpYTWc
600000035383095505,PickUp-Bruce R,8552228111,dd.toast.orders+orders_9f2d32c4-2715-44b7-b2a9-257f3c8c9d27@gmail.com,CA02,2/6/25,4:22 PM,"Pan Fried Chive Dumplings (3) 韭菜盒子, Beef Pancake Roll (1) 酱香牛肉卷饼 (不辣), Pork Xiao Long Bao (8) 鲜肉小笼包",Default Online Ordering,3.10,Other,600000035382950820,45,37.05,,1,0.00,,http://www.toasttab.com/receipts/33eiUG9RSnqR9vgz4YmOIA/mmqHFfPJdbz9X
,,,,CA02,2/6/25,4:34 PM,"Pork Xiao Long Bao (8) 鲜肉小笼包, Dan Dan Noodles Ⓥ🌶️🌶️ 担担面, Pork & Shrimp Potstickers (6) 🦐 猪肉三鲜锅贴, Pork Wontons in Chili Sauce (6) 🌶️ 红油猪肉抄手, Braised Pig Ears 🌶️ 凉拌猪耳, Hot & Sour Glass Noodles 🌶️🌶️ 酸辣粉",Default Online Ordering,4.36,Visa,600000035383362096,46,59.81,,1,0.00,,http://www.toasttab.com/receipts/33eiUG9RSnqR9vgz4YmOIA/mzJbTfnwpNhfH
,,,,CA02,2/6/25,4:53 PM,"Pork Xiao Long Bao (8) 鲜肉小笼包, Green Onion Soy Sauce Noodles Ⓥ 葱油拌面, Chicken Potstickers (6) 鸡肉锅贴, Chicken Steamed Dumplings (6) 鸡肉蒸饺",Default Online Ordering,2.97,Discover,600000035384299236,48,40.73,,1,0.00,,http://www.toasttab.com/receipts/33eiUG9RSnqR9vgz4YmOIA/zPqNWYrsRWxXz
,,,,CA02,2/6/25,4:52 PM,"Chicken Xiao Long Bao (8) 鸡肉小笼包, Beef Potstickers (6) 牛肉锅贴, Thai Milk Tea (Cold) 泰式奶茶 (冷), Add Boba 珍珠, Pan Fried Wontons with Chili Sauce (6) 红油香煎大馄饨, Sour Plum Juice (Cold) 酸梅汁 (冷)",Default Online Ordering,3.42,Visa,600000035384346749,47,47.00,,1,0.00,,http://www.toasttab.com/receipts/33eiUG9RSnqR9vgz4YmOIA/wkgcykFMHCFyH
,,,,CA02,2/6/25,4:56 PM,"Pork & Crab Meat Xiao Long Bao (8) 🦐 蟹肉小笼包, Pork & Shrimp Potstickers (6) 🦐 猪肉三鲜锅贴",Default Online Ordering,1.58,Discover,600000035384821076,49,20.63,,1,0.00,,http://www.toasttab.com/receipts/33eiUG9RSnqR9vgz4YmOIA/dyXRxWJkffxqb
600000035384980357,Gary M,8552228111,dd.toast.orders+orders_d9f1cdf1-3f28-4492-b6e8-03c29805da8e@gmail.com,CA02,2/6/25,4:56 PM,"Green Onion Pancake (1) Ⓥ 葱油饼, Pan Fried Chive Dumplings (3) 韭菜盒子, Braised Pig Ears 🌶️ 凉拌猪耳, Pan Fried Wontons with Sweet & Spicy Garlic Sauce (6) 甜辣香煎大馄饨, Pork Wontons in Chili Sauce (6) 🌶️ 红油猪肉抄手, Spicy (Ma La) Noodles 🌶️🌶️ 麻辣小面, Dan Dan Noodles Ⓥ🌶️🌶️ 担担面, Beef-Stew Noodle Soup 🌶️ 秘制牛肉汤面, Pork Xiao Long Bao (8) 鲜肉小笼包",Default Online Ordering,7.25,Other,600000035384836926,50,86.75,,1,0.00,,http://www.toasttab.com/receipts/33eiUG9RSnqR9vgz4YmOIA/cKHJCmynxchJH
,,,,CA02,2/6/25,5:09 PM,"Chicken & Vegetable Wontons in Chicken Soup 鸡汤菜肉大馄饨, Sweet & Sour Cucumber Ⓥ 🌶️ 甜辣小黄瓜, Pork & Shrimp Boiled Dumplings (6) 🦐 猪肉三鲜水饺",Default Online Ordering,2.06,Mastercard,600000035385293532,52,28.24,,1,0.00,,http://www.toasttab.com/receipts/33eiUG9RSnqR9vgz4YmOIA/rJtHrrRCTkgC7
,,,,CA02,2/6/25,5:07 PM,"Dan Dan Noodles Ⓥ🌶️🌶️ 担担面, Vegetable Potstickers (6) Ⓥ 素三鲜锅贴, Vegetarian Spicy (Ma La) Noodles Ⓥ 🌶️🌶️ 素麻辣小面",Default Online Ordering,2.11,Mastercard,600000035385426825,51,28.99,,1,0.00,,http://www.toasttab.com/receipts/33eiUG9RSnqR9vgz4YmOIA/pRfPbqhfcngNF
600000035385513781,Yifan Z,8552228111,dd.toast.orders+orders_23c37bc6-f6ed-4cc6-a830-0a1193ecad08@gmail.com,CA02,2/6/25,5:15 PM,"Braised Pig Ears 🌶️ 凉拌猪耳, Chicken & Vegetable Wontons in Chili Sauce (6) 🌶️ 红油菜肉大馄饨, Romaine Lettuce Salad with Sesame Dressing Ⓥ 麻酱生菜沙拉",Default Online Ordering,2.30,Other,600000035385936205,53,27.50,,1,0.00,,http://www.toasttab.com/receipts/33eiUG9RSnqR9vgz4YmOIA/zTWYXpJxYdLt7
,,,,CA02,2/6/25,5:22 PM,"Pan Fried Pork Buns (4) 特色鲜肉煎包, Pan Fried Wontons with Chili Sauce (6) 红油香煎大馄饨, Beef Pancake Roll (1) 酱香牛肉卷饼 (不辣)",Default Online Ordering,2.44,Visa,600000035386128919,55,33.45,,1,0.00,,http://www.toasttab.com/receipts/33eiUG9RSnqR9vgz4YmOIA/rFrwRbkrCwxHR
,,,,CA02,2/6/25,5:19 PM,"Jasmine Tea (Hot) 茉莉花茶 (热), Pork & Shrimp Potstickers (6) 🦐 猪肉三鲜锅贴, Spicy Beef Pancake Roll (1) 🌶️🌶️ 麻辣牛肉卷饼",Yun Juan Huang,2.03,Visa,600000035386204839,54,29.08,,2,0.00,,http://www.toasttab.com/receipts/33eiUG9RSnqR9vgz4YmOIA/bzXXFfmFqgL7H
600000035385853996,Grace K,8552228111,dd.toast.orders+orders_60c7a1d6-dca7-432f-a96e-79524fa0f6e5@gmail.com,CA02,2/6/25,5:25 PM,"Pork Wontons in Chili Sauce (6) 🌶️ 红油猪肉抄手, Pork & Shrimp Potstickers (6) 🦐 猪肉三鲜锅贴, Sweet & Sour Cucumber Ⓥ 🌶️ 甜辣小黄瓜, Yibin Noodles Ⓥ 🌶️ 宜宾燃面, Dan Dan Noodles Ⓥ🌶️🌶️ 担担面, Spicy Beef Pancake Roll (1) 🌶️🌶️ 麻辣牛肉卷饼",Default Online Ordering,4.95,Other,600000035386318666,56,59.20,,1,0.00,,http://www.toasttab.com/receipts/33eiUG9RSnqR9vgz4YmOIA/T7WJrzMfPMsFn
,,,,CA02,2/6/25,5:32 PM,"Pork & Crab Meat Xiao Long Bao (8) 🦐 蟹肉小笼包, Dan Dan Noodles Ⓥ🌶️🌶️ 担担面, Steamed Pork Buns (4) 特色鲜肉蒸包",Default Online Ordering,2.54,Visa,600000035386402699,57,34.89,,1,0.00,,http://www.toasttab.com/receipts/33eiUG9RSnqR9vgz4YmOIA/JtCpNg9NLhNhy
600000035387011176,James M,8552228111,dd.toast.orders+orders_7b68a91c-9e65-41da-ab54-d9cad9a31627@gmail.com,CA02,2/6/25,5:43 PM,"Pan Fried Wontons with Chili Sauce (6) 红油香煎大馄饨, Vegetable Steamed Dumplings (6) Ⓥ 素三鲜蒸饺, Chicken Xiao Long Bao (8) 鸡肉小笼包",Default Online Ordering,2.58,Other,600000035386869448,59,30.83,,1,0.00,,http://www.toasttab.com/receipts/33eiUG9RSnqR9vgz4YmOIA/THNTzbrrYjKWh
,,,,CA02,2/6/25,5:43 PM,"Chrysanthemum Tea (Hot) 菊花茶 (热), Pork Xiao Long Bao (8) 鲜肉小笼包, Dan Dan Noodles Ⓥ🌶️🌶️ 担担面, Sweet & Sour Cucumber Ⓥ 🌶️ 甜辣小黄瓜, Beef Potstickers (6) 牛肉锅贴, Pork Wontons in Chili Sauce (6) 🌶️ 红油猪肉抄手, Dan Dan Noodles Ⓥ🌶️🌶️ 担担面, Pork Wontons in Chili Sauce (6) 🌶️ 红油猪肉抄手, Beef Potstickers (6) 牛肉锅贴",Jaylan Penney,8.49,Visa,600000035387338553,58,121.67,,6,0.00,,http://www.toasttab.com/receipts/33eiUG9RSnqR9vgz4YmOIA/hy7sRJjcngxkc
600000035387454631,Chris K,8552228111,dd.toast.orders+orders_3b47ab1b-6ff8-44a2-bd9b-23f3e73f6aa8@gmail.com,CA02,2/6/25,5:57 PM,Pork Xiao Long Bao (8) 鲜肉小笼包,Default Online Ordering,2.09,Other,600000035387413743,61,24.99,,1,0.00,,http://www.toasttab.com/receipts/33eiUG9RSnqR9vgz4YmOIA/jkHkL9XPjbPsJ
,,,,CA02,2/6/25,5:55 PM,"Dan Dan Noodles Ⓥ🌶️🌶️ 担担面, Pork Xiao Long Bao (8) 鲜肉小笼包, Dan Dan Noodles Ⓥ🌶️🌶️ 担担面, Pork & Shrimp Potstickers (6) 🦐 猪肉三鲜锅贴",Default Online Ordering,3.02,Visa,600000035387808755,60,41.48,,1,0.00,,http://www.toasttab.com/receipts/33eiUG9RSnqR9vgz4YmOIA/WMHjngyRHyY9K
600000035387830423,PickUp-Lindsay C.,5105527112,dd.toast.orders+orders_3d5c6699-8913-442b-9ddf-8ef4e422df23@gmail.com,CA02,2/6/25,6:00 PM,"Chicken Potstickers (6) 鸡肉锅贴, Pan Fried Beef Pies (2) 牛肉馅饼, Spicy Beef Pancake Roll (1) 🌶️🌶️ 麻辣牛肉卷饼, Sweet & Sour Cucumber Ⓥ 🌶️ 甜辣小黄瓜, Pan Fried Wontons with Sweet & Spicy Garlic Sauce (6) 甜辣香煎大馄饨, Pan Fried Wontons with Chili Sauce (6) 红油香煎大馄饨, Pork Wontons in Chicken Soup 鸡汤小馄饨",Default Online Ordering,4.91,Other,600000035387950564,62,64.09,,1,0.00,,http://www.toasttab.com/receipts/33eiUG9RSnqR9vgz4YmOIA/kNMdRKfrMkJWz
,,,,CA02,2/6/25,6:00 PM,"Diet Coke 健怡可乐, Kale Salad with Sesame Dressing Ⓥ 麻酱羽衣甘蓝沙拉, Sweet & Sour Cucumber Ⓥ 🌶️ 甜辣小黄瓜, Green Onion Pancake (1) Ⓥ 葱油饼, Pan Fried Pork Buns (4) 特色鲜肉煎包, Pork Xiao Long Bao (8) 鲜肉小笼包, Chicken Potstickers (6) 鸡肉锅贴",Jaylan Penney,4.44,Amex,600000035388082143,63,62.41,,4,0.00,,http://www.toasttab.com/receipts/33eiUG9RSnqR9vgz4YmOIA/rkPzsdyyqPbLg
600000035388869901,Wang P,8552228111,dd.toast.orders+orders_9a450cf5-45e7-4d8b-b5c8-5491125e5ae3@gmail.com,CA02,2/6/25,6:21 PM,"Kale Salad with Sesame Dressing Ⓥ 麻酱羽衣甘蓝沙拉, Sweet & Sour Cucumber Ⓥ 🌶️ 甜辣小黄瓜, Pork & Shrimp Potstickers (6) 🦐 猪肉三鲜锅贴, Dan Dan Noodles Ⓥ🌶️🌶️ 担担面",Default Online Ordering,3.44,Other,600000035388305699,66,46.14,,1,0.00,,http://www.toasttab.com/receipts/33eiUG9RSnqR9vgz4YmOIA/d7MwKmzhHfjxh
600000035388094189,Eren M,8552228111,dd.toast.orders+orders_1667de60-5d76-4235-af5e-2af5e1453d19@gmail.com,CA02,2/6/25,6:16 PM,"Green Onion Pancake (1) Ⓥ 葱油饼, Kale Salad with Sesame Dressing Ⓥ 麻酱羽衣甘蓝沙拉, Spicy (Ma La) Noodles 🌶️🌶️ 麻辣小面, Dan Dan Noodles Ⓥ🌶️🌶️ 担担面, Pan Fried Pork Buns (4) 特色鲜肉煎包, Chicken Xiao Long Bao (8) 鸡肉小笼包",Default Online Ordering,6.62,Other,600000035388503771,65,79.12,,1,0.00,,http://www.toasttab.com/receipts/33eiUG9RSnqR9vgz4YmOIA/FwJCFnbPkWRtN
600000035388666381,PickUp-Yuka H.,9492441032,dd.toast.orders+orders_240f495d-b357-411e-b7ea-78032c4a6a36@gmail.com,CA02,2/6/25,6:32 PM,"Green Onion Pancake (1) Ⓥ 葱油饼, Dan Dan Noodles Ⓥ🌶️🌶️ 担担面, Pan Fried Pork Buns (4) 特色鲜肉煎包, Pork Xiao Long Bao (8) 鲜肉小笼包",Default Online Ordering,4.73,Other,600000035388738841,72,56.58,,1,0.00,,http://www.toasttab.com/receipts/33eiUG9RSnqR9vgz4YmOIA/pzpsggjrYCjTJ
600000035388251693,PickUp-Jonathan W,8552228111,dd.toast.orders+orders_54dab61c-1eb3-4801-8eaf-ace073c20844@gmail.com,CA02,2/6/25,6:21 PM,"Green Onion Pancake (1) Ⓥ 葱油饼, Pan Fried Chive Dumplings (3) 韭菜盒子, Pork Wontons in Chili Sauce (6) 🌶️ 红油猪肉抄手, Green Onion Soy Sauce Noodles Ⓥ 葱油拌面, Dan Dan Noodles Ⓥ🌶️🌶️ 担担面, Pork Xiao Long Bao (8) 鲜肉小笼包",Default Online Ordering,5.88,Other,600000035388775765,67,70.28,,1,0.00,,http://www.toasttab.com/receipts/33eiUG9RSnqR9vgz4YmOIA/gbntyqyFPsWCb
,,,,CA02,2/6/25,6:32 PM,"Thai Milk Tea (Cold) 泰式奶茶 (冷), Sweet & Sour Cucumber Ⓥ 🌶️ 甜辣小黄瓜, Pork Wontons in Chili Sauce (6) 🌶️ 红油猪肉抄手, Pork Xiao Long Bao (8) 鲜肉小笼包, Steamed Pork Buns (4) 特色鲜肉蒸包, Chicken Xiao Long Bao (8) 鸡肉小笼包, Diet Coke 健怡可乐",Default Online Ordering,4.84,Visa,600000035388865832,71,68.13,,1,0.00,,http://www.toasttab.com/receipts/33eiUG9RSnqR9vgz4YmOIA/WKcTcwhhp9jpc
600000035388958777,Shiv M,8552228111,dd.toast.orders+orders_b5db12fc-e53e-469c-9a3e-06c50beccbab@gmail.com,CA02,2/6/25,6:35 PM,"Chicken & Vegetable Wontons in Chicken Soup 鸡汤菜肉大馄饨, Dan Dan Noodles Ⓥ🌶️🌶️ 担担面",Default Online Ordering,1.66,Other,600000035388934542,74,19.86,,1,0.00,,http://www.toasttab.com/receipts/33eiUG9RSnqR9vgz4YmOIA/nRcTRcKh7CHHf
,,,,CA02,2/6/25,6:31 PM,"Chicken Xiao Long Bao (8) 鸡肉小笼包, Beef-Stew Noodles 🌶️ 秘制牛肉小面, Vegetable Steamed Dumplings (6) Ⓥ 素三鲜蒸饺, Chicken Xiao Long Bao (8) 鸡肉小笼包",Default Online Ordering,3.21,Visa,600000035388986976,70,44.06,,1,0.00,,http://www.toasttab.com/receipts/33eiUG9RSnqR9vgz4YmOIA/PsTCyyTz7WnCp
,,,,CA02,2/6/25,6:26 PM,"Coke 可乐, Beef Pancake Roll (1) 酱香牛肉卷饼 (不辣), Pork & Shrimp Boiled Dumplings (6) 🦐 猪肉三鲜水饺, Pork Xiao Long Bao (8) 鲜肉小笼包, Pork Wontons in Chili Sauce (6) 🌶️ 红油猪肉抄手, Braised Pig Ears 🌶️ 凉拌猪耳, Spicy (Ma La) Noodles 🌶️🌶️ 麻辣小面, Milk Tea (Cold) 奶茶 (冷), Pork & Shrimp Potstickers (6) 🦐 猪肉三鲜锅贴",xin Meng,6.85,Visa,600000035389077204,68,93.96,,4,0.00,,http://www.toasttab.com/receipts/33eiUG9RSnqR9vgz4YmOIA/79TLFg9XnqmCr
600000035389108521,Jimmy L,8552228111,dd.toast.orders+orders_e6185100-3e0b-45a4-b8fb-ff9f44c2ca7f@gmail.com,CA02,2/6/25,6:34 PM,"Green Onion Pancake (1) Ⓥ 葱油饼, Pork & Shrimp Potstickers (6) 🦐 猪肉三鲜锅贴, Sweet & Sour Cucumber Ⓥ 🌶️ 甜辣小黄瓜, Spicy Beef Shank 🌶️🌶️ 麻辣牛腱, Steamed Pork Buns (4) 特色鲜肉蒸包, Pork & Crab Meat Xiao Long Bao (8) 🦐 蟹肉小笼包",Default Online Ordering,4.48,Other,600000035389107477,73,58.58,,1,0.00,,http://www.toasttab.com/receipts/33eiUG9RSnqR9vgz4YmOIA/rzLTXXKbkHgTL
,,,,CA02,2/6/25,6:39 PM,"Diet Coke 健怡可乐, Pan Fried Pork Buns (4) 特色鲜肉煎包, High Tail Shrimp & Pork Steamed Dumplings (6) 🦐 翘尾鲜虾蒸饺, Pork Wontons in Chili Sauce (6) 🌶️ 红油猪肉抄手, Braised Pig Ears 🌶️ 凉拌猪耳, Sweet & Sour Cucumber Ⓥ 🌶️ 甜辣小黄瓜, Dan Dan Noodles Ⓥ🌶️🌶️ 担担面, Zha Jiang Mian 京味炸酱面, Chicken Potstickers (6) 鸡肉锅贴",Default Online Ordering,6.12,Visa,600000035389301230,76,83.92,,3,0.00,,http://www.toasttab.com/receipts/33eiUG9RSnqR9vgz4YmOIA/zNpsygkCxY7qX
,,,,CA02,2/6/25,6:38 PM,"Pan Fried Beef Pies (2) 牛肉馅饼, Pork Xiao Long Bao (8) 鲜肉小笼包, Pork & Shrimp Boiled Dumplings (6) 🦐 猪肉三鲜水饺, Pork Wontons in Hot & Sour Sauce (6) 🌶️ 酸辣猪肉抄手, Sweet & Sour Cucumber Ⓥ 🌶️ 甜辣小黄瓜, Thai Milk Tea (Cold) 泰式奶茶 (冷)",Default Online Ordering,4.68,Mastercard,600000035389325664,75,65.76,,1,0.00,,http://www.toasttab.com/receipts/33eiUG9RSnqR9vgz4YmOIA/mtJ9dhCkKkFCp
,,,,CA02,2/6/25,6:43 PM,"Chicken Potstickers (6) 鸡肉锅贴, Green Onion Soy Sauce Noodles Ⓥ 葱油拌面",Default Online Ordering,1.39,Visa,600000035389374428,77,19.08,,1,0.00,,http://www.toasttab.com/receipts/33eiUG9RSnqR9vgz4YmOIA/jWCfNHtHWgpHX
,,,,CA02,2/6/25,6:43 PM,"Chicken Xiao Long Bao (8) 鸡肉小笼包, Kale Salad with Sesame Dressing Ⓥ 麻酱羽衣甘蓝沙拉, Green Onion Pancake (1) Ⓥ 葱油饼",Default Online Ordering,1.96,Visa,600000035389480166,78,26.86,,1,0.00,,http://www.toasttab.com/receipts/33eiUG9RSnqR9vgz4YmOIA/H7mF9Hrkj9JWW
600000035389480428,PickUp-Tiia R,8552228111,dd.toast.orders+orders_3e05711a-3f8b-4f6d-a60e-551d15a07f37@gmail.com,CA02,2/6/25,6:51 PM,"Chicken & Vegetable Wontons in Chili Sauce (6) 🌶️ 红油菜肉大馄饨, Dan Dan Noodles Ⓥ🌶️🌶️ 担担面, Spicy Beef Pancake Roll (1) 🌶️🌶️ 麻辣牛肉卷饼, Pork Xiao Long Bao (8) 鲜肉小笼包",Default Online Ordering,3.15,Other,600000035389530429,81,37.70,,1,0.00,,http://www.toasttab.com/receipts/33eiUG9RSnqR9vgz4YmOIA/LMrrdYPhHzWCC
,,,,CA02,2/6/25,6:55 PM,"Chicken Potstickers (6) 鸡肉锅贴, Spicy (Ma La) Noodles 🌶️🌶️ 麻辣小面, Pork Xiao Long Bao (8) 鲜肉小笼包",Default Online Ordering,3.21,Cash,600000035389535247,82,38.31,,1,0.00,,http://www.toasttab.com/receipts/33eiUG9RSnqR9vgz4YmOIA/drJNMYtHPTCMh
,,,,CA02,2/6/25,6:50 PM,"Thai Milk Tea (Cold) 泰式奶茶 (冷), Green Onion Pancake (1) Ⓥ 葱油饼, Chicken Potstickers (6) 鸡肉锅贴, Pork & Crab Meat Xiao Long Bao (8) 🦐 蟹肉小笼包, Pan Fried Pork Buns (4) 特色鲜肉煎包",Jaylan Penney,3.41,Cash,600000035389873834,79,40.71,,2,0.00,,http://www.toasttab.com/receipts/33eiUG9RSnqR9vgz4YmOIA/WLtFnFg9rqx9C
,,,,CA02,2/6/25,6:51 PM,"Jasmine Tea (Hot) 茉莉花茶 (热), Pork Xiao Long Bao (8) 鲜肉小笼包, Pork & Shrimp Potstickers (6) 🦐 猪肉三鲜锅贴, Green Onion Pancake (1) Ⓥ 葱油饼, Pork & Shrimp Boiled Dumplings (6) 🦐 猪肉三鲜水饺, Pan Fried Wontons with Chili Sauce (6) 红油香煎大馄饨, Beef Sandwich (1) 大嘴牛肉包 (不辣), Coke 可乐",Jaylan Penney,4.70,Visa,600000035389893756,80,67.20,,2,0.00,,http://www.toasttab.com/receipts/33eiUG9RSnqR9vgz4YmOIA/HkfYNYsqRjcxR
,,,,CA02,2/6/25,7:10 PM,"Pork Xiao Long Bao (8) 鲜肉小笼包, Chrysanthemum Tea (Hot) 菊花茶 (热), Sweet & Sour Cucumber Ⓥ 🌶️ 甜辣小黄瓜, Dan Dan Noodles Ⓥ🌶️🌶️ 担担面, Beef Potstickers (6) 牛肉锅贴, Yibin Noodles Ⓥ 🌶️ 宜宾燃面",Default Online Ordering,4.19,Visa,600000035390055231,88,60.05,,1,0.00,,http://www.toasttab.com/receipts/33eiUG9RSnqR9vgz4YmOIA/mtMtgXwtmfqnj
,,,,CA02,2/6/25,7:04 PM,"Pork Xiao Long Bao (8) 鲜肉小笼包, Chicken Xiao Long Bao (8) 鸡肉小笼包, Chicken Steamed Dumplings (6) 鸡肉蒸饺, Green Onion Soy Sauce Noodles Ⓥ 葱油拌面, Add Boba 珍珠, Passion Fruit Green Tea (Cold) 百香果绿茶 (冷), Sprite 雪碧, Hot & Sour Glass Noodles 🌶️🌶️ 酸辣粉",Default Online Ordering,5.45,Mastercard,600000035390070467,85,74.98,,1,0.00,,http://www.toasttab.com/receipts/33eiUG9RSnqR9vgz4YmOIA/qxhxmkdYxrnJM
600000035389480446,PickUp-Anne P.,7342288556,dd.toast.orders+orders_46e4de1c-7cb1-45a6-9c80-a6b4ebc3212e@gmail.com,CA02,2/6/25,6:59 PM,"Romaine Lettuce Salad with Sesame Dressing Ⓥ 麻酱生菜沙拉, Pan Fried Wontons with Chili Sauce (6) 红油香煎大馄饨, Pan Fried Pork Buns (4) 特色鲜肉煎包",Default Online Ordering,3.57,Other,600000035390101053,83,46.63,,1,0.00,,http://www.toasttab.com/receipts/33eiUG9RSnqR9vgz4YmOIA/jbJrNKJzPsMgs
,,,,CA02,2/6/25,7:03 PM,"Dan Dan Noodles Ⓥ🌶️🌶️ 担担面, Chicken & Vegetable Wontons in Chili Sauce (6) 🌶️ 红油菜肉大馄饨, Minced Chicken Noodles 🌶️ 鸡肉肉燥小面, Banana Naan Bread (1) Ⓥ 香蕉飞饼, Pork Xiao Long Bao (8) 鲜肉小笼包, Ozeki Sake Dry (375 ml / 12.68 fl.oz.), Chicken & Vegetable Wontons in Hot & Sour Sauce (6) 🌶️ 酸辣菜肉大馄饨, Chicken & Vegetable Wontons in Chili Sauce (6) 🌶️ 红油菜肉大馄饨",Default Online Ordering,5.90,Mastercard,600000035390137407,84,82.51,,1,9.95,Customer Service Discount (100.00%),http://www.toasttab.com/receipts/33eiUG9RSnqR9vgz4YmOIA/Fj7smbpjNTXRy
600000035390575651,Niya B.,3368589075,dd.toast.orders+orders_805b0458-17ce-4d19-a0e5-dfa316223b27@gmail.com,CA02,2/6/25,7:15 PM,"Green Onion Pancake (1) Ⓥ 葱油饼, Beef Pancake Roll (1) 酱香牛肉卷饼 (不辣), Chicken & Vegetable Wontons in Chili Sauce (6) 🌶️ 红油菜肉大馄饨",Default Online Ordering,1.90,Other,600000035390137438,89,22.75,,1,0.00,,http://www.toasttab.com/receipts/33eiUG9RSnqR9vgz4YmOIA/s7ktTCFpTTJtK
600000035390160518,PickUp-Leo M,8552228111,dd.toast.orders+orders_79d99340-32c5-457f-8b14-04bd1fa44079@gmail.com,CA02,2/6/25,7:06 PM,"Cold Noodles with Sesame Dressing Ⓥ 麻酱凉面, Spicy Beef Shank 🌶️🌶️ 麻辣牛腱",Default Online Ordering,1.48,Other,600000035390162422,87,17.73,,1,0.00,,http://www.toasttab.com/receipts/33eiUG9RSnqR9vgz4YmOIA/JgFyNFdxxTJNq
,,,,CA02,2/6/25,7:04 PM,"Oolong Tea (Hot) 乌龙茶 (热), Green Onion Pancake (1) Ⓥ 葱油饼, Pork Xiao Long Bao (8) 鲜肉小笼包, Chicken Potstickers (6) 鸡肉锅贴, Pan Fried Wontons with Chili Sauce (6) 红油香煎大馄饨, Sweet & Sour Cucumber Ⓥ 🌶️ 甜辣小黄瓜, Dan Dan Noodles Ⓥ🌶️🌶️ 担担面, Green Onion Soy Sauce Noodles Ⓥ 葱油拌面, Pork Xiao Long Bao (8) 鲜肉小笼包, Green Onion Soy Sauce Noodles Ⓥ 葱油拌面, Green Onion Soy Sauce Noodles Ⓥ 葱油拌面",Jaylan Penney,11.64,Visa,600000035390287868,86,164.24,,7,0.00,,http://www.toasttab.com/receipts/33eiUG9RSnqR9vgz4YmOIA/MHnPtmTWKCPXp
,,,,CA02,2/6/25,7:23 PM,"Dan Dan Noodles Ⓥ🌶️🌶️ 担担面, Green Onion Pancake (1) Ⓥ 葱油饼, Vegetable Potstickers (6) Ⓥ 素三鲜锅贴, Pan Fried Pork Buns (4) 特色鲜肉煎包, Pork Wontons in Chili Sauce (6) 🌶️ 红油猪肉抄手, Pan Fried Wontons with Chili Sauce (6) 红油香煎大馄饨, Pan Fried Wontons with Chili Sauce (6) 红油香煎大馄饨, Spicy (Ma La) Noodles 🌶️🌶️ 麻辣小面",Default Online Ordering,5.41,Visa,600000035390373897,92,74.19,,1,0.00,,http://www.toasttab.com/receipts/33eiUG9RSnqR9vgz4YmOIA/yfyLncnccnF7Y
,,,,CA02,2/6/25,7:15 PM,"Pan Fried Pork Buns (4) 特色鲜肉煎包, Spicy Beef Shank 🌶️🌶️ 麻辣牛腱, Spicy (Ma La) Noodles 🌶️🌶️ 麻辣小面, Sour Plum Juice (Cold) 酸梅汁 (冷)",Default Online Ordering,2.93,Visa,600000035390480159,90,40.34,,1,0.00,,http://www.toasttab.com/receipts/33eiUG9RSnqR9vgz4YmOIA/kfcfCxccr7rYd
,,,,CA02,2/6/25,7:26 PM,"Green Onion Pancake (1) Ⓥ 葱油饼, Coke 可乐, Chicken Potstickers (6) 鸡肉锅贴, Minced Chicken Noodles 🌶️ 鸡肉肉燥小面",Default Online Ordering,2.00,Cash,600000035390524181,93,23.85,,1,0.00,,http://www.toasttab.com/receipts/33eiUG9RSnqR9vgz4YmOIA/PjNNzk7bYrX9w
,,,,CA02,2/6/25,7:39 PM,"Pork Xiao Long Bao (8) 鲜肉小笼包, Pork Wontons in Chicken Soup 鸡汤小馄饨, Pan Fried Wontons with Chili Sauce (6) 红油香煎大馄饨, Pan Fried Pork Buns (4) 特色鲜肉煎包, Pork & Crab Meat Xiao Long Bao (8) 🦐 蟹肉小笼包, Jasmine Tea (Hot) 茉莉花茶 (热), Chicken Xiao Long Bao (8) 鸡肉小笼包, Chicken Potstickers (6) 鸡肉锅贴, Beef Steamed Dumplings (6) 牛肉蒸饺, Green Onion Pancake (1) Ⓥ 葱油饼",Default Online Ordering,7.25,Visa,600000035390674893,97,102.07,,1,0.00,,http://www.toasttab.com/receipts/33eiUG9RSnqR9vgz4YmOIA/7JHfsYhnNTgKq
600000035390575663,Colin E,8552228111,dd.toast.orders+orders_7a6d5533-66f5-43cb-bfb5-7ce910e8e082@gmail.com,CA02,2/6/25,7:21 PM,"Spicy Beef Pancake Roll (1) 🌶️🌶️ 麻辣牛肉卷饼, Pork & Crab Meat Xiao Long Bao (8) 🦐 蟹肉小笼包",Default Online Ordering,2.03,Other,600000035390726903,91,24.33,,1,0.00,,http://www.toasttab.com/receipts/33eiUG9RSnqR9vgz4YmOIA/NsjFhWLf9YNqr
600000035390716863,PickUp-Prasanna S,8552228111,dd.toast.orders+orders_4d4c3983-a559-4d3b-a12c-362c148ab3b8@gmail.com,CA02,2/6/25,7:27 PM,Green Onion Soy Sauce Noodles Ⓥ 葱油拌面,Default Online Ordering,0.72,Other,600000035390844053,94,8.62,,1,0.00,,http://www.toasttab.com/receipts/33eiUG9RSnqR9vgz4YmOIA/snYzHxzrstdmy
,,,,CA02,2/6/25,7:35 PM,"Chicken Xiao Long Bao (8) 鸡肉小笼包, Pan Fried Wontons with Chili Sauce (6) 红油香煎大馄饨, Coke 可乐",Default Online Ordering,2.72,Mastercard,600000035390924717,95,35.42,,1,0.00,,http://www.toasttab.com/receipts/33eiUG9RSnqR9vgz4YmOIA/qncXxxpFjxpsb
,,,,CA02,2/6/25,7:53 PM,"Pork Xiao Long Bao (8) 鲜肉小笼包, Green Onion Pancake (1) Ⓥ 葱油饼, Pork & Shrimp Potstickers (6) 🦐 猪肉三鲜锅贴, Sweet & Sour Cucumber Ⓥ 🌶️ 甜辣小黄瓜, Green Onion Soy Sauce Noodles Ⓥ 葱油拌面, Diet Coke 健怡可乐",Default Online Ordering,3.81,Visa,600000035390924748,100,53.58,,1,0.00,,http://www.toasttab.com/receipts/33eiUG9RSnqR9vgz4YmOIA/7fXCbWRTTRxj7
,,,,CA02,2/6/25,7:36 PM,"Chicken Potstickers (6) 鸡肉锅贴, Chicken Steamed Dumplings (6) 鸡肉蒸饺, Chicken & Vegetable Wontons in Hot & Sour Sauce (6) 🌶️ 酸辣菜肉大馄饨",Jaylan Penney,2.01,Visa,600000035391096377,96,27.50,,3,0.00,,http://www.toasttab.com/receipts/33eiUG9RSnqR9vgz4YmOIA/zPtLzzPggkqYF
,,,,CA02,2/6/25,7:42 PM,"Chrysanthemum Tea (Hot) 菊花茶 (热), Dan Dan Noodles Ⓥ🌶️🌶️ 担担面, Pork & Shrimp Potstickers (6) 🦐 猪肉三鲜锅贴, Yibin Noodles Ⓥ 🌶️ 宜宾燃面, Pork Xiao Long Bao (8) 鲜肉小笼包",Jaylan Penney,3.52,Visa,600000035391227971,98,49.64,,2,0.00,,http://www.toasttab.com/receipts/33eiUG9RSnqR9vgz4YmOIA/htqsrmgwggsJm
600000035391420823,Alex M,8552228111,dd.toast.orders+orders_c3310fb7-4ebb-4f47-84ef-0affc41f7126@gmail.com,CA02,2/6/25,8:06 PM,"Beef Potstickers (6) 牛肉锅贴, Pan Fried Beef Pies (2) 牛肉馅饼, Beef Pancake Roll (1) 酱香牛肉卷饼 (不辣), Chicken & Vegetable Wontons in Chicken Soup 鸡汤菜肉大馄饨, Pork Xiao Long Bao (8) 鲜肉小笼包",Default Online Ordering,4.99,Other,600000035391621906,101,64.64,,1,0.00,,http://www.toasttab.com/receipts/33eiUG9RSnqR9vgz4YmOIA/WjrqwHtWqxXdH
600000035391778052,chris h,8552228111,dd.toast.orders+orders_93d55c70-3872-4ac0-acdc-e0d106bcecec@gmail.com,CA02,2/6/25,8:15 PM,"Vegetable Potstickers (6) Ⓥ 素三鲜锅贴, Pan Fried Beef Pies (2) 牛肉馅饼, Kale Salad with Sesame Dressing Ⓥ 麻酱羽衣甘蓝沙拉, Pork & Crab Meat Xiao Long Bao (8) 🦐 蟹肉小笼包",Default Online Ordering,3.34,Other,600000035391693967,102,39.99,,1,0.00,,http://www.toasttab.com/receipts/33eiUG9RSnqR9vgz4YmOIA/CzyFWnHrsgqyg
600000035391854270,Yasmin S,8552228111,dd.toast.orders+orders_ec8b3612-69a8-4496-8e67-1f310a12dde4@gmail.com,CA02,2/6/25,8:30 PM,"Chicken Potstickers (6) 鸡肉锅贴, Chicken Xiao Long Bao (8) 鸡肉小笼包",Default Online Ordering,1.81,Other,600000035391717644,104,21.66,,1,0.00,,http://www.toasttab.com/receipts/33eiUG9RSnqR9vgz4YmOIA/pxbHpgHdLHfHT
600000035391580280,PickUp-Robin W.,4088398501,dd.toast.orders+orders_3eafbacf-ad59-402a-b0e6-035d403cf2cb@gmail.com,CA02,2/6/25,8:36 PM,"Milk Tea (Cold) 奶茶 (冷), Chicken Potstickers (6) 鸡肉锅贴, Pan Fried Beef Pies (2) 牛肉馅饼, Pan Fried Chive Dumplings (3) 韭菜盒子, Dan Dan Noodles Ⓥ🌶️🌶️ 担担面",Default Online Ordering,3.98,Other,600000035391863526,106,51.99,,1,0.00,,http://www.toasttab.com/receipts/33eiUG9RSnqR9vgz4YmOIA/7wRKXRcn7wCdn
,,,,CA02,2/6/25,8:25 PM,"Diet Coke 健怡可乐, Vegetable Steamed Dumplings (6) Ⓥ 素三鲜蒸饺, Chicken Steamed Dumplings (6) 鸡肉蒸饺, Chicken Potstickers (6) 鸡肉锅贴",Jaylan Penney,2.24,Mastercard,600000035391974674,103,31.44,,3,0.00,,http://www.toasttab.com/receipts/33eiUG9RSnqR9vgz4YmOIA/sjzpLTL9PPfJy
600000035391700587,Erika L,8552228111,dd.toast.orders+orders_aff33729-0906-466c-889b-a5fcea5d1e0f@gmail.com,CA02,2/6/25,8:32 PM,"Pork & Shrimp Boiled Dumplings (6) 🦐 猪肉三鲜水饺, Beef-Stew Noodle Soup 🌶️ 秘制牛肉汤面",Default Online Ordering,1.81,Other,600000035391980312,105,21.66,,1,0.00,,http://www.toasttab.com/receipts/33eiUG9RSnqR9vgz4YmOIA/pTLCMsMpLsFYP
