Customer Id,Customer,Customer Phone,Customer Email,Location Code,Opened Date,Opened Time,Item Description,Server,Tax,Tender,Check Id,Check #,Total,Customer Family,Table Size,Discount,Reason of Discount,Link
600000034943749302,Miko N,8552228111,dd.toast.orders+orders_0ce18295-dfba-4ddc-828f-696ca661fae9@gmail.com,CA02,1/24/25,11:15 AM,"Pan Fried Wontons with Sweet & Spicy Garlic Sauce (6) 甜辣香煎大馄饨, Dan Dan Noodles Ⓥ🌶️🌶️ 担担面",Default Online Ordering,2.43,Other,600000034943554629,3,29.03,,1,0.00,,http://www.toasttab.com/receipts/33eiUG9RSnqR9vgz4YmOIA/xqnnYykHysLjR
600000030721817411,Keya Cardholder,6507889269,,CA02,1/24/25,11:22 AM,Vegetarian Spicy (Ma La) Noodles Ⓥ 🌶️🌶️ 素麻辣小面,Yafang Chen,0.72,Mastercard,600000034944026306,5,8.62,,1,0.00,,http://www.toasttab.com/receipts/33eiUG9RSnqR9vgz4YmOIA/kmmKR9TfHTNCj
,,,,CA02,1/24/25,11:24 AM,"Green Onion Pancake (1) Ⓥ 葱油饼, COMB A",Yafang Chen,1.93,Visa,600000034944102679,6,27.68,,1,0.00,,http://www.toasttab.com/receipts/33eiUG9RSnqR9vgz4YmOIA/ftdttWPdHhdC7
,,,,CA02,1/24/25,11:26 AM,"COMB A, COMB B, Pan Fried Pork Buns (4) 特色鲜肉煎包",Yafang Chen,5.56,Amex,600000034944163029,7,71.48,,3,0.00,,http://www.toasttab.com/receipts/33eiUG9RSnqR9vgz4YmOIA/rgPwH9zWHKNHC
,,,,CA02,1/24/25,11:38 AM,"COMB C, Pan Fried Pork Buns (4) 特色鲜肉煎包",Default Online Ordering,2.46,Visa,600000034944432474,8,35.28,,1,0.00,,http://www.toasttab.com/receipts/33eiUG9RSnqR9vgz4YmOIA/rhLJHmpFhChyb
600000034944428583,Linda C,8552228111,dd.toast.orders+orders_8e5087e6-8a6b-46fc-9380-d87e2239ff68@gmail.com,CA02,1/24/25,11:43 AM,"Pork Wontons in Chili Sauce (6) 🌶️ 红油猪肉抄手, Dan Dan Noodles Ⓥ🌶️🌶️ 担担面",Default Online Ordering,1.60,Other,600000034944506685,9,19.10,,1,0.00,,http://www.toasttab.com/receipts/33eiUG9RSnqR9vgz4YmOIA/P77M9bdxxYtjP
,,,,CA02,1/24/25,11:47 AM,"COMB A, COMB A, Green Onion Pancake (1) Ⓥ 葱油饼, COMB A, Beef Steamed Dumplings (6) 牛肉蒸饺",Default Online Ordering,6.08,Visa,600000034944748222,12,88.63,,3,0.00,,http://www.toasttab.com/receipts/33eiUG9RSnqR9vgz4YmOIA/TsLWqFLWpJ9b9
600000034944982662,Edward Z,8552228111,dd.toast.orders+orders_91346a5b-88ca-4c09-965e-8a05807d9589@gmail.com,CA02,1/24/25,11:51 AM,"Coke 可乐, Pan Fried Wontons with Sweet & Spicy Garlic Sauce (6) 甜辣香煎大馄饨, Pork Wontons in Chili Sauce (6) 🌶️ 红油猪肉抄手",Default Online Ordering,1.80,Other,600000034944748248,14,21.50,,1,0.00,,http://www.toasttab.com/receipts/33eiUG9RSnqR9vgz4YmOIA/wFjyhshHRLJHM
,,,,CA02,1/24/25,11:52 AM,"Pork Xiao Long Bao (8) 鲜肉小笼包, Pork & Crab Meat Xiao Long Bao (8) 🦐 蟹肉小笼包, Dan Dan Noodles Ⓥ🌶️🌶️ 担担面, Pan Fried Pork Buns (4) 特色鲜肉煎包, Pan Fried Wontons with Chili Sauce (6) 红油香煎大馄饨, Ube Milk Tea (Cold) 紫薯奶茶 (冷), Add Boba 珍珠, Jasmine Tea (Hot) 茉莉花茶 (热)",Default Online Ordering,5.25,Visa,600000034944861930,15,74.05,,1,0.00,,http://www.toasttab.com/receipts/33eiUG9RSnqR9vgz4YmOIA/jNHjkTRxP7jdm
600000034944515393,Paul M,8552228111,dd.toast.orders+orders_2aaa526a-a390-4e4b-9ac6-41e9e5177ee5@gmail.com,CA02,1/24/25,11:52 AM,"Dan Dan Noodles Ⓥ🌶️🌶️ 担担面, Chicken Xiao Long Bao (8) 鸡肉小笼包",Default Online Ordering,1.88,Other,600000034944967921,16,22.43,,1,0.00,,http://www.toasttab.com/receipts/33eiUG9RSnqR9vgz4YmOIA/LntXP7mbXyLP9
,,,,CA02,1/24/25,11:51 AM,"Jasmine Tea (Hot) 茉莉花茶 (热), Sweet & Sour Cucumber Ⓥ 🌶️ 甜辣小黄瓜, Pork Xiao Long Bao (8) 鲜肉小笼包, Green Onion Pancake (1) Ⓥ 葱油饼, Milk Tea (Cold) 奶茶 (冷), Beef-Stew Noodle Soup 🌶️ 秘制牛肉汤面",Yafang Chen,4.29,Visa,600000034945033667,13,58.93,,2,0.00,,http://www.toasttab.com/receipts/33eiUG9RSnqR9vgz4YmOIA/XNTYtrMRCKNdp
,,,,CA02,1/24/25,11:57 AM,"Green Onion Pancake (1) Ⓥ 葱油饼, Green Onion Pancake (1) Ⓥ 葱油饼, Spicy Beef Pancake Roll (1) 🌶️🌶️ 麻辣牛肉卷饼, Spicy Beef Pancake Roll (1) 🌶️🌶️ 麻辣牛肉卷饼, Pork Xiao Long Bao (8) 鲜肉小笼包, Pork & Crab Meat Xiao Long Bao (8) 🦐 蟹肉小笼包, Chicken Potstickers (6) 鸡肉锅贴, Pork & Shrimp Potstickers (6) 🦐 猪肉三鲜锅贴, Sweet & Sour Cucumber Ⓥ 🌶️ 甜辣小黄瓜, Hot & Sour Glass Noodles 🌶️🌶️ 酸辣粉, Dan Dan Noodles Ⓥ🌶️🌶️ 担担面, Pork Wontons in Chicken Soup 鸡汤小馄饨, Jasmine Tea (Hot) 茉莉花茶 (热), Oolong Tea (Hot) 乌龙茶 (热), Pork & Crab Meat Xiao Long Bao (8) 🦐 蟹肉小笼包, Pan Fried Pork Buns (4) 特色鲜肉煎包, Steamed Pork Buns (4) 特色鲜肉蒸包, Pork Wontons in Chili Sauce (6) 🌶️ 红油猪肉抄手",Dough Zone 02,12.87,Visa,600000034945262524,17,181.27,,5,0.00,,http://www.toasttab.com/receipts/33eiUG9RSnqR9vgz4YmOIA/MKrrPCNHbsczM
,,,,CA02,1/24/25,12:09 PM,"COMB A, Pork & Shrimp Potstickers (6) 🦐 猪肉三鲜锅贴",Default Online Ordering,2.22,Amex,600000034945355841,18,30.49,,1,0.00,,http://www.toasttab.com/receipts/33eiUG9RSnqR9vgz4YmOIA/xXFqHmhYcjsJx
,,,,CA02,1/24/25,12:14 PM,"COMB C, Kale Salad with Sesame Dressing Ⓥ 麻酱羽衣甘蓝沙拉, Pork Xiao Long Bao (8) 鲜肉小笼包",Default Online Ordering,3.13,Mastercard,600000034945711073,19,42.98,,1,0.00,,http://www.toasttab.com/receipts/33eiUG9RSnqR9vgz4YmOIA/m7syXMmHMd7yx
,,,,CA02,1/24/25,12:33 PM,"Beef-Stew Noodle Soup 🌶️ 秘制牛肉汤面, Pork & Shrimp Potstickers (6) 🦐 猪肉三鲜锅贴, Green Onion Soy Sauce Noodles Ⓥ 葱油拌面, Minced Chicken Noodles 🌶️ 鸡肉肉燥小面",Default Online Ordering,3.02,Mastercard,600000034946223894,23,41.48,,1,0.00,,http://www.toasttab.com/receipts/33eiUG9RSnqR9vgz4YmOIA/yjxKbN7RTPmWL
,,,,CA02,1/24/25,12:37 PM,"Pork Xiao Long Bao (8) 鲜肉小笼包, Green Onion Pancake (1) Ⓥ 葱油饼, Banana Naan Bread (1) Ⓥ 香蕉飞饼, Pan Fried Chive Dumplings (3) 韭菜盒子",Default Online Ordering,2.59,Visa,600000034946357997,30,35.58,,1,0.00,,http://www.toasttab.com/receipts/33eiUG9RSnqR9vgz4YmOIA/kFzjzJbLxMpbj
,,,,CA02,1/24/25,12:43 PM,"Green Onion Pancake (1) Ⓥ 葱油饼, Vegetable Steamed Dumplings (6) Ⓥ 素三鲜蒸饺, Dan Dan Noodles Ⓥ🌶️🌶️ 担担面, Milk Tea (Cold) 奶茶 (冷), Add Boba 珍珠, Beef-Stew Noodle Soup 🌶️ 秘制牛肉汤面, Pork Xiao Long Bao (8) 鲜肉小笼包, Pan Fried Wontons with Chili Sauce (6) 红油香煎大馄饨, Chicken Xiao Long Bao (8) 鸡肉小笼包, Chicken Steamed Dumplings (6) 鸡肉蒸饺, Chicken Potstickers (6) 鸡肉锅贴, Spicy Beef Pancake Roll (1) 🌶️🌶️ 麻辣牛肉卷饼, Green Onion Pancake (1) Ⓥ 葱油饼, Chicken & Vegetable Wontons in Chili Sauce (6) 🌶️ 红油菜肉大馄饨, Chicken Xiao Long Bao (8) 鸡肉小笼包, Dan Dan Noodles Ⓥ🌶️🌶️ 担担面, Kale Salad with Sesame Dressing Ⓥ 麻酱羽衣甘蓝沙拉, Green Onion Pancake (1) Ⓥ 葱油饼, Sweet & Sour Cucumber Ⓥ 🌶️ 甜辣小黄瓜, Dan Dan Noodles Ⓥ🌶️🌶️ 担担面, Pan Fried Chive Dumplings (3) 韭菜盒子, Vegetable Potstickers (6) Ⓥ 素三鲜锅贴, Thai Milk Tea (Cold) 泰式奶茶 (冷), Green Onion Soy Sauce Noodles Ⓥ 葱油拌面, Yibin Noodles Ⓥ 🌶️ 宜宾燃面, Green Onion Pancake (1) Ⓥ 葱油饼, Vegetable Steamed Dumplings (6) Ⓥ 素三鲜蒸饺, Dan Dan Noodles Ⓥ🌶️🌶️ 担担面, Vegetarian Spicy (Ma La) Noodles Ⓥ 🌶️🌶️ 素麻辣小面, Vegetable Potstickers (6) Ⓥ 素三鲜锅贴, Sweet & Sour Cucumber Ⓥ 🌶️ 甜辣小黄瓜, Pork Xiao Long Bao (8) 鲜肉小笼包, Dan Dan Noodles Ⓥ🌶️🌶️ 担担面, Milk Tea (Cold) 奶茶 (冷), Chicken Steamed Dumplings (6) 鸡肉蒸饺, Shrimp & Zucchini Steamed Dumplings (6) 🦐 青瓜鲜虾蒸饺, Chicken Xiao Long Bao (8) 鸡肉小笼包, Romaine Lettuce Salad with Sesame Dressing Ⓥ 麻酱生菜沙拉, Pork Xiao Long Bao (8) 鲜肉小笼包, Pan Fried Pork Buns (4) 特色鲜肉煎包, Dan Dan Noodles Ⓥ🌶️🌶️ 担担面, Pan Fried Wontons with Chili Sauce (6) 红油香煎大馄饨, Milk Tea (Cold) 奶茶 (冷), Spicy (Ma La) Noodles 🌶️🌶️ 麻辣小面, Add Boba 珍珠, Pork Xiao Long Bao (8) 鲜肉小笼包, Dan Dan Noodles Ⓥ🌶️🌶️ 担担面, Pork Wontons in Chili Sauce (6) 🌶️ 红油猪肉抄手, Sweet & Sour Cucumber Ⓥ 🌶️ 甜辣小黄瓜, Kale Salad with Sesame Dressing Ⓥ 麻酱羽衣甘蓝沙拉, Thai Milk Tea (Cold) 泰式奶茶 (冷), Add Boba 珍珠, Diet Coke 健怡可乐, Dan Dan Noodles Ⓥ🌶️🌶️ 担担面, Romaine Lettuce Salad with Sesame Dressing Ⓥ 麻酱生菜沙拉, Green Onion Pancake (1) Ⓥ 葱油饼, Pork Xiao Long Bao (8) 鲜肉小笼包, Green Onion Pancake (1) Ⓥ 葱油饼, Pan Fried Pork Buns (4) 特色鲜肉煎包, Chicken Xiao Long Bao (8) 鸡肉小笼包, Beef Pancake Roll (1) 酱香牛肉卷饼 (不辣), Kale Salad with Sesame Dressing Ⓥ 麻酱羽衣甘蓝沙拉, Shrimp & Zucchini Steamed Dumplings (6) 🦐 青瓜鲜虾蒸饺, Vegetable Steamed Dumplings (6) Ⓥ 素三鲜蒸饺, Yibin Noodles Ⓥ 🌶️ 宜宾燃面, Ube Milk Tea (Cold) 紫薯奶茶 (冷), Add Boba 珍珠, Dan Dan Noodles Ⓥ🌶️🌶️ 担担面, Sweet & Sour Cucumber Ⓥ 🌶️ 甜辣小黄瓜, Ube Milk Tea (Cold) 紫薯奶茶 (冷), Diet Coke 健怡可乐, Diet Coke 健怡可乐, Ube Milk Tea (Cold) 紫薯奶茶 (冷), Add Boba 珍珠, Chrysanthemum Tea (Hot) 菊花茶 (热), Ube Milk Tea (Cold) 紫薯奶茶 (冷), Add Boba 珍珠, Dan Dan Noodles Ⓥ🌶️🌶️ 担担面, Sweet & Sour Cucumber Ⓥ 🌶️ 甜辣小黄瓜, Banana Naan Bread (1) Ⓥ 香蕉飞饼, Vegetable Potstickers (6) Ⓥ 素三鲜锅贴, Banana Naan Bread (1) Ⓥ 香蕉飞饼",Default Online Ordering,59.12,Amex,600000034946590690,33,847.76,,13,0.00,,http://www.toasttab.com/receipts/33eiUG9RSnqR9vgz4YmOIA/YC9yJRJHgdYHY
,,,,CA02,1/24/25,12:46 PM,"Green Onion Pancake (1) Ⓥ 葱油饼, Sweet & Sour Cucumber Ⓥ 🌶️ 甜辣小黄瓜, Dan Dan Noodles Ⓥ🌶️🌶️ 担担面, Pork Xiao Long Bao (8) 鲜肉小笼包, Pan Fried Pork Buns (4) 特色鲜肉煎包",Default Online Ordering,3.59,Visa,600000034946765136,34,50.55,,1,0.00,,http://www.toasttab.com/receipts/33eiUG9RSnqR9vgz4YmOIA/yLcRpxwNWCTw7
,,,,CA02,1/24/25,12:51 PM,"Pork Xiao Long Bao (8) 鲜肉小笼包, Kale Salad with Sweet & Spicy Garlic Dressing Ⓥ 🌶️ 甜辣羽衣甘蓝沙拉, Yibin Noodles Ⓥ 🌶️ 宜宾燃面",Default Online Ordering,3.21,Visa,600000034947064308,35,45.21,,1,0.00,,http://www.toasttab.com/receipts/33eiUG9RSnqR9vgz4YmOIA/LYgPWnKsjzrJc
,,,,CA02,1/24/25,1:03 PM,"Pork Xiao Long Bao (8) 鲜肉小笼包, Sweet & Sour Cucumber Ⓥ 🌶️ 甜辣小黄瓜, Coke 可乐, Ube Milk Tea (Cold) 紫薯奶茶 (冷), Add Boba 珍珠",Default Online Ordering,5.14,Visa,600000034947363378,38,70.77,,1,0.00,,http://www.toasttab.com/receipts/33eiUG9RSnqR9vgz4YmOIA/bYmWzcMhwgpyL
,,,,CA02,1/24/25,12:59 PM,"Chicken Potstickers (6) 鸡肉锅贴, Chicken & Vegetable Wontons in Hot & Sour Sauce (6) 🌶️ 酸辣菜肉大馄饨, Milk Tea (Cold) 奶茶 (冷)",Yafang Chen,1.88,Visa,600000034947424320,36,22.43,,1,0.00,,http://www.toasttab.com/receipts/33eiUG9RSnqR9vgz4YmOIA/jt9xLdCTkcrPM
,,,,CA02,1/24/25,1:15 PM,"COMB A, COMB C",xiaoli zheng,3.10,Visa,600000034947975848,39,43.75,,2,0.00,,http://www.toasttab.com/receipts/33eiUG9RSnqR9vgz4YmOIA/bxf9MYXLYdMPL
,,,,CA02,1/24/25,1:21 PM,"Chicken Xiao Long Bao (8) 鸡肉小笼包, Pan Fried Pork Buns (4) 特色鲜肉煎包, Chicken & Vegetable Wontons in Chili Sauce (6) 🌶️ 红油菜肉大馄饨, Spicy (Ma La) Noodles 🌶️🌶️ 麻辣小面",zhengyu chen,3.21,Visa,600000034948173755,40,45.97,,2,0.00,,http://www.toasttab.com/receipts/33eiUG9RSnqR9vgz4YmOIA/xNHYbWmTCdFMn
,,,,CA02,1/24/25,1:51 PM,"Pork & Crab Meat Xiao Long Bao (8) 🦐 蟹肉小笼包, Pan Fried Wontons with Chili Sauce (6) 红油香煎大馄饨, Dan Dan Noodles Ⓥ🌶️🌶️ 担担面, Zha Jiang Mian 京味炸酱面",Default Online Ordering,3.02,Visa,600000034948955936,42,41.07,,1,0.00,,http://www.toasttab.com/receipts/33eiUG9RSnqR9vgz4YmOIA/sjHwCzYPbxLCY
,,,,CA02,1/24/25,2:15 PM,"Dan Dan Noodles Ⓥ🌶️🌶️ 担担面, Chinese Crepe 煎饼果子 (薄脆)",Default Online Ordering,1.39,Discover,600000034950238215,44,19.58,,1,0.00,,http://www.toasttab.com/receipts/33eiUG9RSnqR9vgz4YmOIA/rpCM7gcy9RNTd
,,,,CA02,1/24/25,2:14 PM,"Dan Dan Noodles Ⓥ🌶️🌶️ 担担面, Pork Xiao Long Bao (8) 鲜肉小笼包",Default Online Ordering,1.63,Visa,600000034950248208,43,22.40,,1,0.00,,http://www.toasttab.com/receipts/33eiUG9RSnqR9vgz4YmOIA/cCHKMTFRdFFPh
600000034950411288,PickUp-Nicole Asia H,3473871449,dd.toast.orders+orders_eba70712-d36e-4f51-9fec-78f11f6d1885@gmail.com,CA02,1/24/25,2:25 PM,"Coke 可乐, Pork & Shrimp Potstickers (6) 🦐 猪肉三鲜锅贴, Pork Xiao Long Bao (8) 鲜肉小笼包",Default Online Ordering,2.47,Other,600000034950725072,45,32.22,,1,0.00,,http://www.toasttab.com/receipts/33eiUG9RSnqR9vgz4YmOIA/7HLwxkFmxCRcN
,,,,CA02,1/24/25,2:29 PM,"COMB A, COMB B, Green Onion Pancake (1) Ⓥ 葱油饼",Default Online Ordering,3.48,Visa,600000034951055255,46,47.85,,1,0.00,,http://www.toasttab.com/receipts/33eiUG9RSnqR9vgz4YmOIA/bYpkzpFnzmHt9
,,,,CA02,1/24/25,2:36 PM,"Hot & Sour Glass Noodles 🌶️🌶️ 酸辣粉, Pork & Crab Meat Xiao Long Bao (8) 🦐 蟹肉小笼包, Braised Pig Ears 🌶️ 凉拌猪耳, Beef-Stew Noodle Soup 🌶️ 秘制牛肉汤面, Chicken Steamed Dumplings (6) 鸡肉蒸饺",Default Online Ordering,3.88,Amex,600000034951100538,47,53.22,,1,0.00,,http://www.toasttab.com/receipts/33eiUG9RSnqR9vgz4YmOIA/pFsycqNFH9JPR
,,,,CA02,1/24/25,2:41 PM,"Pork & Shrimp Potstickers (6) 🦐 猪肉三鲜锅贴, Sweet & Sour Cucumber Ⓥ 🌶️ 甜辣小黄瓜, Banana Naan Bread (1) Ⓥ 香蕉飞饼, Sour Plum Juice (Cold) 酸梅汁 (冷), Pork & Shrimp Boiled Dumplings (6) 🦐 猪肉三鲜水饺, Beef Steamed Dumplings (6) 牛肉蒸饺, Beef Potstickers (6) 牛肉锅贴, Pork Wontons in Chicken Soup 鸡汤小馄饨, Pan Fried Beef Pies (2) 牛肉馅饼, Pork & Shrimp Boiled Dumplings (6) 🦐 猪肉三鲜水饺, Shrimp & Zucchini Steamed Dumplings (6) 🦐 青瓜鲜虾蒸饺",Default Online Ordering,7.34,Visa,600000034951682100,48,100.73,,1,0.00,,http://www.toasttab.com/receipts/33eiUG9RSnqR9vgz4YmOIA/qcHKnJdhYNfx9
600000034951724681,Kelli S,8552228111,dd.toast.orders+orders_a0ef9b7a-32ba-48ca-88c0-7af5d0ed90e2@gmail.com,CA02,1/24/25,2:51 PM,"Pan Fried Beef Pies (2) 牛肉馅饼, Pan Fried Wontons with Chili Sauce (6) 红油香煎大馄饨, Pork & Shrimp Potstickers (6) 🦐 猪肉三鲜锅贴, High Tail Shrimp & Pork Steamed Dumplings (6) 🦐 翘尾鲜虾蒸饺",Default Online Ordering,3.60,Other,600000034951728196,52,48.05,,1,0.00,,http://www.toasttab.com/receipts/33eiUG9RSnqR9vgz4YmOIA/N9tgchTndkkwT
,,,,CA02,1/24/25,2:48 PM,"Pork Xiao Long Bao (8) 鲜肉小笼包, Green Onion Pancake (1) Ⓥ 葱油饼, Sweet & Sour Cucumber Ⓥ 🌶️ 甜辣小黄瓜, Pan Fried Pork Buns (4) 特色鲜肉煎包, Dan Dan Noodles Ⓥ🌶️🌶️ 担担面, Pork & Shrimp Potstickers (6) 🦐 猪肉三鲜锅贴, Braised Pig Ears 🌶️ 凉拌猪耳, Pork Xiao Long Bao (8) 鲜肉小笼包, Yibin Noodles Ⓥ 🌶️ 宜宾燃面, Green Onion Soy Sauce Noodles Ⓥ 葱油拌面, Pork Xiao Long Bao (8) 鲜肉小笼包",Default Online Ordering,8.19,Cash,600000034951775996,50,97.74,,1,0.00,,http://www.toasttab.com/receipts/33eiUG9RSnqR9vgz4YmOIA/99Fhh9CMXbYqh
,,,,CA02,1/24/25,2:45 PM,"Chinese Crepe 煎饼果子 (薄脆), Green Onion Pancake (1) Ⓥ 葱油饼, Chicken & Vegetable Wontons in Hot & Sour Sauce (6) 🌶️ 酸辣菜肉大馄饨, High Tail Shrimp & Pork Steamed Dumplings (6) 🦐 翘尾鲜虾蒸饺, Banana Naan Bread (1) Ⓥ 香蕉飞饼, Kale Salad with Sesame Dressing Ⓥ 麻酱羽衣甘蓝沙拉",Default Online Ordering,3.88,Visa,600000034951789227,49,54.61,,1,0.00,,http://www.toasttab.com/receipts/33eiUG9RSnqR9vgz4YmOIA/MzLbHWLzMmN7F
600000034951953177,Shreya G,8552228111,dd.toast.orders+orders_8ecb2483-a404-40a7-9ab2-728ad158279c@gmail.com,CA02,1/24/25,2:50 PM,Vegetarian Spicy (Ma La) Noodles Ⓥ 🌶️🌶️ 素麻辣小面,Default Online Ordering,0.83,Other,600000034952067574,51,9.93,,1,0.00,,http://www.toasttab.com/receipts/33eiUG9RSnqR9vgz4YmOIA/MPRzHwxzXbLNC
,,,,CA02,1/24/25,2:52 PM,"Dan Dan Noodles Ⓥ🌶️🌶️ 担担面, Green Onion Pancake (1) Ⓥ 葱油饼",Default Online Ordering,1.10,Mastercard,600000034952286410,53,14.15,,1,0.00,,http://www.toasttab.com/receipts/33eiUG9RSnqR9vgz4YmOIA/zJXbJYs9wyRCC
600000034952070284,Shubham J,8552228111,dd.toast.orders+orders_724b8630-c1de-40db-9d9a-4ee0e35dc21e@gmail.com,CA02,1/24/25,2:54 PM,"Chicken Steamed Dumplings (6) 鸡肉蒸饺, Dan Dan Noodles Ⓥ🌶️🌶️ 担担面",Default Online Ordering,1.60,Other,600000034952345418,54,19.10,,1,0.00,,http://www.toasttab.com/receipts/33eiUG9RSnqR9vgz4YmOIA/qrgptYYpzhPLW
,,,,CA02,1/24/25,2:59 PM,"Pork & Crab Meat Xiao Long Bao (8) 🦐 蟹肉小笼包, Chicken & Vegetable Wontons in Hot & Sour Sauce (6) 🌶️ 酸辣菜肉大馄饨, Sweet & Sour Cucumber Ⓥ 🌶️ 甜辣小黄瓜, Green Onion Soy Sauce Noodles Ⓥ 葱油拌面, Pan Fried Pork Buns (4) 特色鲜肉煎包",Default Online Ordering,3.88,Visa,600000034952469233,55,53.22,,1,0.00,,http://www.toasttab.com/receipts/33eiUG9RSnqR9vgz4YmOIA/qqsfJkXhJrthc
,,,,CA02,1/24/25,3:02 PM,"Beef Sandwich (1) 大嘴牛肉包 (不辣), Green Onion Pancake (1) Ⓥ 葱油饼, Pan Fried Wontons with Chili Sauce (6) 红油香煎大馄饨, Pan Fried Pork Buns (4) 特色鲜肉煎包",Default Online Ordering,2.63,Visa,600000034952623135,56,36.97,,1,0.00,,http://www.toasttab.com/receipts/33eiUG9RSnqR9vgz4YmOIA/nTcgcscJzJxyH
,,,,CA02,1/24/25,3:22 PM,"Pork Xiao Long Bao (8) 鲜肉小笼包, Pork Wontons in Chili Sauce (6) 🌶️ 红油猪肉抄手, Beef-Stew Noodles 🌶️ 秘制牛肉小面, Chicken Potstickers (6) 鸡肉锅贴",Default Online Ordering,4.60,Visa,600000034954259662,57,63.14,,1,0.00,,http://www.toasttab.com/receipts/33eiUG9RSnqR9vgz4YmOIA/9yKFJfbCjkFLH
,,,,CA02,1/24/25,3:39 PM,"Sweet & Sour Cucumber Ⓥ 🌶️ 甜辣小黄瓜, Green Onion Pancake (1) Ⓥ 葱油饼, Passion Fruit Green Tea (Cold) 百香果绿茶 (冷), Pork Xiao Long Bao (8) 鲜肉小笼包, Chicken Potstickers (6) 鸡肉锅贴, Sprite 雪碧",Default Online Ordering,4.97,Visa,600000034955189449,58,59.37,,1,0.00,,http://www.toasttab.com/receipts/33eiUG9RSnqR9vgz4YmOIA/cFJPJpLJcbJkg
,,,,CA02,1/24/25,3:43 PM,"Pork Xiao Long Bao (8) 鲜肉小笼包, Chicken Potstickers (6) 鸡肉锅贴, Green Onion Pancake (1) Ⓥ 葱油饼, Beef-Stew Noodles 🌶️ 秘制牛肉小面, Spicy (Ma La) Noodles 🌶️🌶️ 麻辣小面",Default Online Ordering,3.40,Visa,600000034955636581,60,40.60,,1,0.00,,http://www.toasttab.com/receipts/33eiUG9RSnqR9vgz4YmOIA/cXNzpbjgt9Cdg
600000034955887983,Mhsall Cardholder,6692089311,,CA02,1/24/25,3:43 PM,"Pork Xiao Long Bao (8) 鲜肉小笼包, Chicken Potstickers (6) 鸡肉锅贴",zhengyu chen,1.58,Visa,600000034955910901,59,18.83,,1,0.00,,http://www.toasttab.com/receipts/33eiUG9RSnqR9vgz4YmOIA/chRkCgTL97xfz
,,,,CA02,1/24/25,3:45 PM,"Pan Fried Chive Dumplings (3) 韭菜盒子, Vegetable Steamed Dumplings (6) Ⓥ 素三鲜蒸饺, Vegetable Steamed Dumplings (6) Ⓥ 素三鲜蒸饺, Vegetarian Spicy (Ma La) Noodles Ⓥ 🌶️🌶️ 素麻辣小面",zhengyu chen,2.73,Mastercard,600000034956055888,61,37.41,,3,0.00,,http://www.toasttab.com/receipts/33eiUG9RSnqR9vgz4YmOIA/hpdJdjsKRX7rp
,,,,CA02,1/24/25,4:20 PM,"Beef-Stew Noodle Soup 🌶️ 秘制牛肉汤面, Green Onion Pancake (1) Ⓥ 葱油饼, Steamed Pork Buns (4) 特色鲜肉蒸包, Beef-Stew Noodle Soup 🌶️ 秘制牛肉汤面, Beef Sandwich (1) 大嘴牛肉包 (不辣), Diet Coke 健怡可乐, Coke 可乐, Dan Dan Noodles Ⓥ🌶️🌶️ 担担面, Banana Naan Bread (1) Ⓥ 香蕉飞饼, Banana Naan Bread (1) Ⓥ 香蕉飞饼",Default Online Ordering,7.36,Amex,600000034958528175,62,103.73,,1,0.00,,http://www.toasttab.com/receipts/33eiUG9RSnqR9vgz4YmOIA/PNNwCXrKFxKKC
,,,,CA02,1/24/25,4:23 PM,"Pork & Shrimp Potstickers (6) 🦐 猪肉三鲜锅贴, Chicken & Vegetable Wontons in Chili Sauce (6) 🌶️ 红油菜肉大馄饨, Beef-Stew Noodles 🌶️ 秘制牛肉小面, Pork Xiao Long Bao (8) 鲜肉小笼包",Default Online Ordering,5.32,Visa,600000034959033154,65,73.05,,1,0.00,,http://www.toasttab.com/receipts/33eiUG9RSnqR9vgz4YmOIA/PjhRrFyKXXpbX
600000034958927781,Kate G,8552228111,dd.toast.orders+orders_81b1cdc4-6e4c-4b31-b418-bbce73964b0a@gmail.com,CA02,1/24/25,4:31 PM,"Vegetable Steamed Dumplings (6) Ⓥ 素三鲜蒸饺, Dan Dan Noodles Ⓥ🌶️🌶️ 担担面, Chicken Xiao Long Bao (8) 鸡肉小笼包",Default Online Ordering,2.64,Other,600000034959050142,67,31.59,,1,0.00,,http://www.toasttab.com/receipts/33eiUG9RSnqR9vgz4YmOIA/7HMmtdKYdNxds
,,,,CA02,1/24/25,4:23 PM,"Beef Pancake Roll (1) 酱香牛肉卷饼 (不辣), Beef Pancake Roll (1) 酱香牛肉卷饼 (不辣), Pork Wontons in Chili Sauce (6) 🌶️ 红油猪肉抄手, Pork Xiao Long Bao (8) 鲜肉小笼包",Yafang Chen,2.96,Visa,600000034959097109,64,42.43,,1,3.60,Open % Check (10.00%),http://www.toasttab.com/receipts/33eiUG9RSnqR9vgz4YmOIA/f9zPbHygXHbsz
600000034959824784,Vivienne Z,8552228111,dd.toast.orders+orders_e2b145f4-4be6-490f-ace4-80da5d3f6c5f@gmail.com,CA02,1/24/25,4:42 PM,"Green Onion Pancake (1) Ⓥ 葱油饼, Shrimp & Zucchini Steamed Dumplings (6) 🦐 青瓜鲜虾蒸饺, Pan Fried Pork Buns (4) 特色鲜肉煎包, Beef-Stew Noodle Soup 🌶️ 秘制牛肉汤面",Default Online Ordering,3.40,Other,600000034960504654,68,40.70,,1,0.00,,http://www.toasttab.com/receipts/33eiUG9RSnqR9vgz4YmOIA/dMPNdfssKCscr
,,,,CA02,1/24/25,4:45 PM,"Pork & Shrimp Potstickers (6) 🦐 猪肉三鲜锅贴, Pork Wontons in Hot & Sour Sauce (6) 🌶️ 酸辣猪肉抄手, Yibin Noodles Ⓥ 🌶️ 宜宾燃面",Yafang Chen,2.06,Visa,600000034960830511,69,24.56,,1,0.00,,http://www.toasttab.com/receipts/33eiUG9RSnqR9vgz4YmOIA/jKdRHnRysyYdH
,,,,CA02,1/24/25,4:49 PM,"Pan Fried Pork Buns (4) 特色鲜肉煎包, Pan Fried Beef Pies (2) 牛肉馅饼, Beef-Stew Noodles 🌶️ 秘制牛肉小面, Beef-Stew Noodles 🌶️ 秘制牛肉小面, Sprite 雪碧, Steamed Pork Buns (4) 特色鲜肉蒸包, Beef Sandwich (1) 大嘴牛肉包 (不辣), Pan Fried Pork Buns (4) 特色鲜肉煎包",Default Online Ordering,5.74,Visa,600000034961058911,71,84.18,,1,9.95,Customer Service Discount (100.00%),http://www.toasttab.com/receipts/33eiUG9RSnqR9vgz4YmOIA/gFfNbYMRrjNLg
,,,,CA02,1/24/25,4:50 PM,"Green Onion Pancake (1) Ⓥ 葱油饼, Pork Wontons in Chili Sauce (6) 🌶️ 红油猪肉抄手, Pork Xiao Long Bao (8) 鲜肉小笼包, Pork & Shrimp Boiled Dumplings (6) 🦐 猪肉三鲜水饺",Default Online Ordering,2.63,Visa,600000034961158753,72,33.83,,1,0.00,,http://www.toasttab.com/receipts/33eiUG9RSnqR9vgz4YmOIA/CfqPNznqxnfRH
600000034961766708,PickUp-Jeff H,4082216318,dd.toast.orders+orders_78709e81-21b1-4677-a973-7e06336ede92@gmail.com,CA02,1/24/25,4:58 PM,"Green Onion Pancake (1) Ⓥ 葱油饼, Chinese Crepe 煎饼果子 (薄脆), Vegetable Potstickers (6) Ⓥ 素三鲜锅贴, Chicken Potstickers (6) 鸡肉锅贴, Sweet & Sour Cucumber Ⓥ 🌶️ 甜辣小黄瓜, Green Onion Soy Sauce Noodles Ⓥ 葱油拌面, Pork Xiao Long Bao (8) 鲜肉小笼包",Default Online Ordering,4.67,Other,600000034961299387,74,60.99,,1,0.00,,http://www.toasttab.com/receipts/33eiUG9RSnqR9vgz4YmOIA/JyPccLfzpY9kd
600000034960756887,PickUp-Samantha A,4087848090,dd.toast.orders+orders_0e376990-0d22-465f-b08b-b457d44d8ad4@gmail.com,CA02,1/24/25,4:53 PM,"Pork Wontons in Chili Sauce (6) 🌶️ 红油猪肉抄手, Sweet & Sour Cucumber Ⓥ 🌶️ 甜辣小黄瓜, Pork Xiao Long Bao (8) 鲜肉小笼包",Default Online Ordering,2.24,Other,600000034961410350,73,26.79,,1,0.00,,http://www.toasttab.com/receipts/33eiUG9RSnqR9vgz4YmOIA/L7TNCKjcRYNPX
600000034961797594,Karl O,8552228111,dd.toast.orders+orders_42aed390-def0-4f6a-838d-fdcd9a14e0f4@gmail.com,CA02,1/24/25,5:05 PM,"Spicy Beef Sandwich (1) 🌶️🌶️大嘴牛肉包 (辣), Pan Fried Pork Buns (4) 特色鲜肉煎包",Default Online Ordering,1.81,Other,600000034962168874,75,21.66,,1,0.00,,http://www.toasttab.com/receipts/33eiUG9RSnqR9vgz4YmOIA/dtwq9WpJL9bWz
,,,,CA02,,,,Yafang Chen,0.00,,600000034962939848,76,0.00,,1,0.00,,
600000034962232592,Irene A,8552228111,dd.toast.orders+orders_b532d74f-d409-4e31-8f44-f2b5eff5d451@gmail.com,CA02,1/24/25,5:15 PM,"Sweet & Sour Cucumber Ⓥ 🌶️ 甜辣小黄瓜, Dan Dan Noodles Ⓥ🌶️🌶️ 担担面, Chicken Xiao Long Bao (8) 鸡肉小笼包",Default Online Ordering,2.64,Other,600000034963115151,78,31.59,,1,0.00,,http://www.toasttab.com/receipts/33eiUG9RSnqR9vgz4YmOIA/PkNsPbLKhKwMg
,,,,CA02,1/24/25,5:15 PM,"Beef-Stew Noodle Soup 🌶️ 秘制牛肉汤面, Pork Xiao Long Bao (8) 鲜肉小笼包, Steamed Pork Buns (4) 特色鲜肉蒸包, Pork Wontons in Chicken Soup 鸡汤小馄饨",Yafang Chen,3.45,Visa,600000034963123587,77,47.38,,1,0.00,,http://www.toasttab.com/receipts/33eiUG9RSnqR9vgz4YmOIA/tnWtRzJMFFzwx
600000034963558450,PickUp-Leslie Y,8552228111,dd.toast.orders+orders_0d725a4d-1c63-47cb-a20a-290f98b0f85a@gmail.com,CA02,1/24/25,5:20 PM,"Kale Salad with Sesame Dressing Ⓥ 麻酱羽衣甘蓝沙拉, Vegetable Potstickers (6) Ⓥ 素三鲜锅贴, Pork & Shrimp Potstickers (6) 🦐 猪肉三鲜锅贴, Braised Pig Ears 🌶️ 凉拌猪耳, Beef-Stew Noodles 🌶️ 秘制牛肉小面, Pork & Crab Meat Xiao Long Bao (8) 🦐 蟹肉小笼包, Pork Xiao Long Bao (8) 鲜肉小笼包, Steamed Pork Buns (4) 特色鲜肉蒸包",Default Online Ordering,6.78,Other,600000034963416766,80,89.15,,1,0.00,,http://www.toasttab.com/receipts/33eiUG9RSnqR9vgz4YmOIA/FxgKWRtrLp7NY
,,,,CA02,1/24/25,5:22 PM,Dan Dan Noodles Ⓥ🌶️🌶️ 担担面,Yafang Chen,0.72,Visa,600000034963695902,79,8.62,,1,0.00,,http://www.toasttab.com/receipts/33eiUG9RSnqR9vgz4YmOIA/spzbyXdrwWmNw
,,,,CA02,1/24/25,5:42 PM,"Chinese Crepe 煎饼果子 (薄脆), Chicken Potstickers (6) 鸡肉锅贴, Chicken & Vegetable Wontons in Chili Sauce (6) 🌶️ 红油菜肉大馄饨, Cold Noodles with Sesame Dressing Ⓥ 麻酱凉面, Zha Jiang Mian 京味炸酱面, Pork Xiao Long Bao (8) 鲜肉小笼包, Chicken Xiao Long Bao (8) 鸡肉小笼包",Default Online Ordering,5.27,Visa,600000034964690138,81,72.30,,1,0.00,,http://www.toasttab.com/receipts/33eiUG9RSnqR9vgz4YmOIA/yzbYqrxstjCzL
,,,,CA02,1/24/25,5:43 PM,"Chicken Potstickers (6) 鸡肉锅贴, Beef Steamed Dumplings (6) 牛肉蒸饺, Pan Fried Wontons with Sweet & Spicy Garlic Sauce (6) 甜辣香煎大馄饨, Beef-Stew Noodles 🌶️ 秘制牛肉小面, Oolong Tea (Hot) 乌龙茶 (热), Milk Tea (Cold) 奶茶 (冷), Thai Milk Tea (Cold) 泰式奶茶 (冷), Add Boba 珍珠",Default Online Ordering,4.40,Visa,600000034964800186,83,62.07,,1,0.00,,http://www.toasttab.com/receipts/33eiUG9RSnqR9vgz4YmOIA/WrcdHzJgWPsgT
,,,,CA02,1/24/25,5:42 PM,"Beef-Stew Noodle Soup 🌶️ 秘制牛肉汤面, Passion Fruit Green Tea (Cold) 百香果绿茶 (冷), Passion Fruit Green Tea (Cold) 百香果绿茶 (冷), Passion Fruit Green Tea (Cold) 百香果绿茶 (冷), Passion Fruit Green Tea (Cold) 百香果绿茶 (冷)",xin Meng,0.00,,600000034965180732,82,0.00,,1,33.75,Open % Check (100.00%),
,,,,CA02,1/24/25,5:52 PM,"Beef Pancake Roll (1) 酱香牛肉卷饼 (不辣), Pork Xiao Long Bao (8) 鲜肉小笼包, Romaine Lettuce Salad with Sesame Dressing Ⓥ 麻酱生菜沙拉, Dan Dan Noodles Ⓥ🌶️🌶️ 担担面, Spicy (Ma La) Noodles 🌶️🌶️ 麻辣小面",Default Online Ordering,3.88,Mastercard,600000034965360491,85,53.28,,1,0.00,,http://www.toasttab.com/receipts/33eiUG9RSnqR9vgz4YmOIA/NkbXNbxntP9jz
,,,,CA02,1/24/25,5:57 PM,"Sweet & Sour Cucumber Ⓥ 🌶️ 甜辣小黄瓜, Beef Pancake Roll (1) 酱香牛肉卷饼 (不辣), Dan Dan Noodles Ⓥ🌶️🌶️ 担担面, Pan Fried Chive Dumplings (3) 韭菜盒子",Default Online Ordering,2.92,Visa,600000034965472444,90,41.09,,1,0.00,,http://www.toasttab.com/receipts/33eiUG9RSnqR9vgz4YmOIA/TxPTfrNcYWPmw
600000034965105139,Bei L,8552228111,dd.toast.orders+orders_5c611bd0-8b98-4240-8991-8c35796d42c6@gmail.com,CA02,1/24/25,5:53 PM,"Pork & Shrimp Potstickers (6) 🦐 猪肉三鲜锅贴, Shrimp & Zucchini Steamed Dumplings (6) 🦐 青瓜鲜虾蒸饺, Pan Fried Chive Dumplings (3) 韭菜盒子, Beef Pancake Roll (1) 酱香牛肉卷饼 (不辣), Pork Xiao Long Bao (8) 鲜肉小笼包",Default Online Ordering,4.44,Other,600000034965609971,86,53.14,,1,0.00,,http://www.toasttab.com/receipts/33eiUG9RSnqR9vgz4YmOIA/jpKNXqzkqpkMp
600000034965345231,PickUp-Megan D,4087020271,dd.toast.orders+orders_d240d33f-beb4-41e6-9714-814a9db5b24c@gmail.com,CA02,1/24/25,5:56 PM,"Pan Fried Wontons with Sweet & Spicy Garlic Sauce (6) 甜辣香煎大馄饨, Green Onion Soy Sauce Noodles Ⓥ 葱油拌面, Pork Xiao Long Bao (8) 鲜肉小笼包, Pan Fried Pork Buns (4) 特色鲜肉煎包",Default Online Ordering,3.20,Other,600000034965631634,89,41.81,,1,0.00,,http://www.toasttab.com/receipts/33eiUG9RSnqR9vgz4YmOIA/tHWrMHtsmjYzP
,,,,CA02,1/24/25,5:49 PM,"Jasmine Tea (Hot) 茉莉花茶 (热), Cold Noodles with Sesame Dressing Ⓥ 麻酱凉面, Green Onion Pancake (1) Ⓥ 葱油饼, Chicken Xiao Long Bao (8) 鸡肉小笼包, Chicken Potstickers (6) 鸡肉锅贴, Beef Potstickers (6) 牛肉锅贴, Chicken & Vegetable Wontons in Chili Sauce (6) 🌶️ 红油菜肉大馄饨, Sweet & Sour Cucumber Ⓥ 🌶️ 甜辣小黄瓜, Hot & Sour Glass Noodles 🌶️🌶️ 酸辣粉, Beef-Stew Noodles 🌶️ 秘制牛肉小面",Jaylan Penney,7.54,Mastercard,600000034965667593,84,106.19,,3,0.00,,http://www.toasttab.com/receipts/33eiUG9RSnqR9vgz4YmOIA/W7gpxkHkdRtgm
,,,,CA02,1/24/25,5:56 PM,"Chicken & Vegetable Wontons in Chicken Soup 鸡汤菜肉大馄饨, Spicy (Ma La) Noodles 🌶️🌶️ 麻辣小面, Pork Xiao Long Bao (8) 鲜肉小笼包",Default Online Ordering,2.35,Visa,600000034965948206,88,32.32,,1,0.00,,http://www.toasttab.com/receipts/33eiUG9RSnqR9vgz4YmOIA/7WYkWTJtWdzRf
,,,,CA02,1/24/25,5:55 PM,"Pan Fried Chive Dumplings (3) 韭菜盒子, Pork Xiao Long Bao (8) 鲜肉小笼包, Pork Wontons in Chili Sauce (6) 🌶️ 红油猪肉抄手",Jaylan Penney,2.25,Visa,600000034966040986,87,30.82,,3,0.00,,http://www.toasttab.com/receipts/33eiUG9RSnqR9vgz4YmOIA/WptnTPR9KXMMp
,,,,CA02,1/24/25,6:00 PM,"Pork Xiao Long Bao (8) 鲜肉小笼包, Green Onion Pancake (1) Ⓥ 葱油饼, Zha Jiang Mian 京味炸酱面",Default Online Ordering,2.01,Mastercard,600000034966074722,91,27.61,,1,0.00,,http://www.toasttab.com/receipts/33eiUG9RSnqR9vgz4YmOIA/tdzhxPdnffWMq
600000034966605453,Jun Y,8552228111,dd.toast.orders+orders_8b88db9b-c393-49cf-9816-99421b52f57e@gmail.com,CA02,1/24/25,6:05 PM,"Romaine Lettuce Salad with Sesame Dressing Ⓥ 麻酱生菜沙拉, Pan Fried Chive Dumplings (3) 韭菜盒子, Pan Fried Beef Pies (2) 牛肉馅饼, Green Onion Soy Sauce Noodles Ⓥ 葱油拌面, Beef-Stew Noodles 🌶️ 秘制牛肉小面, Pork Xiao Long Bao (8) 鲜肉小笼包",Default Online Ordering,4.55,Other,600000034966185887,97,59.40,,1,0.00,,http://www.toasttab.com/receipts/33eiUG9RSnqR9vgz4YmOIA/zfhyWNLKbhMsy
,,,,CA02,1/24/25,6:03 PM,"Green Onion Soy Sauce Noodles Ⓥ 葱油拌面, Spicy (Ma La) Noodles 🌶️🌶️ 麻辣小面, Beef-Stew Noodles 🌶️ 秘制牛肉小面, Sweet & Sour Cucumber Ⓥ 🌶️ 甜辣小黄瓜, Pork Wontons in Chili Sauce (6) 🌶️ 红油猪肉抄手, Pork & Shrimp Potstickers (6) 🦐 猪肉三鲜锅贴, Chinese Crepe 煎饼果子 (薄脆), Pork Wontons in Chicken Soup 鸡汤小馄饨",Default Online Ordering,5.56,Visa,600000034966237077,95,78.30,,1,0.00,,http://www.toasttab.com/receipts/33eiUG9RSnqR9vgz4YmOIA/WPLsPsjPJnhpx
,,,,CA02,1/24/25,6:03 PM,"Green Onion Pancake (1) Ⓥ 葱油饼, Sweet & Sour Cucumber Ⓥ 🌶️ 甜辣小黄瓜, Dan Dan Noodles Ⓥ🌶️🌶️ 担担面",Default Online Ordering,1.77,Visa,600000034966286627,96,24.29,,1,0.00,,http://www.toasttab.com/receipts/33eiUG9RSnqR9vgz4YmOIA/LdXjJwzskJssT
600000034966775959,Gulum O,8552228111,dd.toast.orders+orders_32ff0cfd-871e-426f-bb1a-89c4798994a2@gmail.com,CA02,1/24/25,6:07 PM,"Green Onion Pancake (1) Ⓥ 葱油饼, Beef Sandwich (1) 大嘴牛肉包 (不辣), Beef Steamed Dumplings (6) 牛肉蒸饺, Shrimp & Zucchini Steamed Dumplings (6) 🦐 青瓜鲜虾蒸饺, Sweet & Sour Cucumber Ⓥ 🌶️ 甜辣小黄瓜, Chicken Xiao Long Bao (8) 鸡肉小笼包",Default Online Ordering,10.19,Other,600000034966311139,100,121.89,,1,0.00,,http://www.toasttab.com/receipts/33eiUG9RSnqR9vgz4YmOIA/mCk9xkCytwfTK
,,,,CA02,1/24/25,6:01 PM,"Sweet & Sour Cucumber Ⓥ 🌶️ 甜辣小黄瓜, Chinese Crepe 煎饼果子 (薄脆), Chicken Potstickers (6) 鸡肉锅贴, Broccoli with Seafood Sauce 蚝油西兰花, Green Onion Soy Sauce Noodles Ⓥ 葱油拌面, Pork Xiao Long Bao (8) 鲜肉小笼包, Pan Fried Chive Dumplings (3) 韭菜盒子, Pork Xiao Long Bao (8) 鲜肉小笼包",Default Online Ordering,5.89,Visa,600000034966411902,92,80.72,,1,0.00,,http://www.toasttab.com/receipts/33eiUG9RSnqR9vgz4YmOIA/cqJTtsCkMtsgR
,,,,CA02,1/24/25,6:02 PM,"Pork Xiao Long Bao (8) 鲜肉小笼包, Dan Dan Noodles Ⓥ🌶️🌶️ 担担面, Pan Fried Pork Buns (4) 特色鲜肉煎包, Pork Wontons in Chili Sauce (6) 🌶️ 红油猪肉抄手",Default Online Ordering,3.21,Visa,600000034966411905,93,44.06,,1,0.00,,http://www.toasttab.com/receipts/33eiUG9RSnqR9vgz4YmOIA/jqCwpsyMRcPdK
,,,,CA02,1/24/25,6:02 PM,"Pork Xiao Long Bao (8) 鲜肉小笼包, Steamed Pork Buns (4) 特色鲜肉蒸包",Default Online Ordering,1.82,Visa,600000034966419058,94,24.98,,1,0.00,,http://www.toasttab.com/receipts/33eiUG9RSnqR9vgz4YmOIA/dCcfm7wYtkqmd
,,,,CA02,1/24/25,6:06 PM,"Broccoli with Seafood Sauce 蚝油西兰花, Pork Xiao Long Bao (8) 鲜肉小笼包, Zha Jiang Mian 京味炸酱面, Beef Pancake Roll (1) 酱香牛肉卷饼 (不辣), Banana Naan Bread (1) Ⓥ 香蕉飞饼",Default Online Ordering,3.79,Mastercard,600000034966440873,99,52.08,,1,0.00,,http://www.toasttab.com/receipts/33eiUG9RSnqR9vgz4YmOIA/R9CpbThWyJr9f
600000034965840146,Omer L,8552228111,dd.toast.orders+orders_9e46787d-4e29-4da9-a927-094872270d73@gmail.com,CA02,1/24/25,6:05 PM,"Broccoli with Seafood Sauce 蚝油西兰花, Pork Wontons in Chili Sauce (6) 🌶️ 红油猪肉抄手, Beef-Stew Noodle Soup 🌶️ 秘制牛肉汤面, Steamed Pork Buns (4) 特色鲜肉蒸包, Pork Xiao Long Bao (8) 鲜肉小笼包",Default Online Ordering,4.21,Other,600000034966471771,98,55.36,,1,0.00,,http://www.toasttab.com/receipts/33eiUG9RSnqR9vgz4YmOIA/TMpnyJmxgwwJz
,,,,CA02,1/24/25,6:12 PM,"Pork Xiao Long Bao (8) 鲜肉小笼包, Sweet & Sour Cucumber Ⓥ 🌶️ 甜辣小黄瓜, Dan Dan Noodles Ⓥ🌶️🌶️ 担担面, Chicken Potstickers (6) 鸡肉锅贴, Chinese Crepe 煎饼果子 (薄脆), Beef-Stew Noodle Soup 🌶️ 秘制牛肉汤面",Default Online Ordering,4.55,Mastercard,600000034966592793,101,64.01,,1,0.00,,http://www.toasttab.com/receipts/33eiUG9RSnqR9vgz4YmOIA/FKXRwxXt77Jqy
,,,,CA02,1/24/25,6:12 PM,"Pork & Crab Meat Xiao Long Bao (8) 🦐 蟹肉小笼包, Chicken Potstickers (6) 鸡肉锅贴, Sour Plum Juice (Cold) 酸梅汁 (冷), Banana Naan Bread (1) Ⓥ 香蕉飞饼",Default Online Ordering,2.75,Amex,600000034967094964,102,38.82,,1,0.00,,http://www.toasttab.com/receipts/33eiUG9RSnqR9vgz4YmOIA/JmqztLsz7qYrT
,,,,CA02,1/24/25,6:17 PM,"Chinese Crepe 煎饼果子 (薄脆), Five Spice Beef Shank 五香牛腱, Broccoli with Seafood Sauce 蚝油西兰花, Pork Wontons in Chicken Soup 鸡汤小馄饨",Default Online Ordering,2.82,Visa,600000034967170869,104,38.72,,1,0.00,,http://www.toasttab.com/receipts/33eiUG9RSnqR9vgz4YmOIA/9FmjydChHg7zN
,,,,CA02,1/24/25,6:17 PM,"Dan Dan Noodles Ⓥ🌶️🌶️ 担担面, Shrimp & Zucchini Steamed Dumplings (6) 🦐 青瓜鲜虾蒸饺, Chicken Xiao Long Bao (8) 鸡肉小笼包, Steamed Pork Buns (4) 特色鲜肉蒸包, Green Onion Soy Sauce Noodles Ⓥ 葱油拌面",Default Online Ordering,4.02,Visa,600000034967219373,103,55.28,,1,0.00,,http://www.toasttab.com/receipts/33eiUG9RSnqR9vgz4YmOIA/7dTftbKJcXMRY
600000034967098890,PickUp-Pooja R,9792557429,dd.toast.orders+orders_066678b0-406b-4160-b33e-93f1340fc0b4@gmail.com,CA02,1/24/25,6:19 PM,"Minced Chicken Noodles 🌶️ 鸡肉肉燥小面, Dan Dan Noodles Ⓥ🌶️🌶️ 担担面, Chicken Xiao Long Bao (8) 鸡肉小笼包",Default Online Ordering,2.35,Other,600000034967421068,105,30.67,,1,0.00,,http://www.toasttab.com/receipts/33eiUG9RSnqR9vgz4YmOIA/YgzkdyJhkKsKd
600000034967298284,PickUp-Michael M,8552228111,dd.toast.orders+orders_61161485-abe3-441c-941a-778f556dea00@gmail.com,CA02,1/24/25,6:21 PM,"Spicy Beef Sandwich (1) 🌶️🌶️大嘴牛肉包 (辣), Sweet & Sour Cucumber Ⓥ 🌶️ 甜辣小黄瓜, Vegetarian Spicy (Ma La) Noodles Ⓥ 🌶️🌶️ 素麻辣小面, Chicken Xiao Long Bao (8) 鸡肉小笼包",Default Online Ordering,4.59,Other,600000034967464782,106,60.39,,1,0.00,,http://www.toasttab.com/receipts/33eiUG9RSnqR9vgz4YmOIA/LkdbWqkns9Kbd
600000025862825783,,4082345850,,CA02,1/24/25,6:25 PM,"Pork Xiao Long Bao (8) 鲜肉小笼包, Green Onion Pancake (1) Ⓥ 葱油饼, Pan Fried Pork Buns (4) 特色鲜肉煎包, Dan Dan Noodles Ⓥ🌶️🌶️ 担担面, Pork & Shrimp Potstickers (6) 🦐 猪肉三鲜锅贴, Chicken Potstickers (6) 鸡肉锅贴, Chicken Potstickers (6) 鸡肉锅贴",Default Online Ordering,7.46,Visa,600000034967464793,108,102.48,,1,0.00,,http://www.toasttab.com/receipts/33eiUG9RSnqR9vgz4YmOIA/rxyrfyqnwY9Xs
600000034967571826,Luvish K,8552228111,dd.toast.orders+orders_8bf9e1a8-81b8-4e57-8cba-f5c68664e9c8@gmail.com,CA02,1/24/25,6:26 PM,"Chicken Potstickers (6) 鸡肉锅贴, Chicken & Vegetable Wontons in Chicken Soup 鸡汤菜肉大馄饨",Default Online Ordering,1.60,Other,600000034967559985,109,19.10,,1,0.00,,http://www.toasttab.com/receipts/33eiUG9RSnqR9vgz4YmOIA/kgJXnnmbWnqcJ
,,,,CA02,1/24/25,6:25 PM,"Pork Xiao Long Bao (8) 鲜肉小笼包, Braised Pig Ears 🌶️ 凉拌猪耳, Chicken & Vegetable Wontons in Chicken Soup 鸡汤菜肉大馄饨, Sour Plum Juice (Cold) 酸梅汁 (冷), Green Onion Soy Sauce Noodles Ⓥ 葱油拌面",Jaylan Penney,3.83,Visa,600000034967999479,107,53.83,,2,0.00,,http://www.toasttab.com/receipts/33eiUG9RSnqR9vgz4YmOIA/jRqzWJmqL9FgF
600000034968320752,Steve G,8552228111,dd.toast.orders+orders_2f9d8d85-6f5b-4e9f-b7b0-edcf9482ffe7@gmail.com,CA02,1/24/25,6:31 PM,"Pork Wontons in Chili Sauce (6) 🌶️ 红油猪肉抄手, Dan Dan Noodles Ⓥ🌶️🌶️ 担担面",Default Online Ordering,1.60,Other,600000034968087264,112,19.10,,1,0.00,,http://www.toasttab.com/receipts/33eiUG9RSnqR9vgz4YmOIA/wcpLnMMcwFtst
600000034968236807,Shelley G,8552228111,dd.toast.orders+orders_40f77cdf-8602-4e5b-a9e7-ac8b3297853f@gmail.com,CA02,1/24/25,6:30 PM,"Green Onion Pancake (1) Ⓥ 葱油饼, Vegetable Steamed Dumplings (6) Ⓥ 素三鲜蒸饺, Pork & Shrimp Potstickers (6) 🦐 猪肉三鲜锅贴, Kale Salad with Sesame Dressing Ⓥ 麻酱羽衣甘蓝沙拉, Sweet & Sour Cucumber Ⓥ 🌶️ 甜辣小黄瓜, Dan Dan Noodles Ⓥ🌶️🌶️ 担担面",Default Online Ordering,3.88,Other,600000034968121369,111,51.38,,1,0.00,,http://www.toasttab.com/receipts/33eiUG9RSnqR9vgz4YmOIA/fXcqH7wxhgbsy
600000034968236814,David H,8552228111,dd.toast.orders+orders_958d2728-203d-405d-b4d7-0a99715ac645@gmail.com,CA02,1/24/25,6:34 PM,"Green Onion Pancake (1) Ⓥ 葱油饼, Vegetable Potstickers (6) Ⓥ 素三鲜锅贴, Beef Steamed Dumplings (6) 牛肉蒸饺, Broccoli with Seafood Sauce 蚝油西兰花, Green Onion Soy Sauce Noodles Ⓥ 葱油拌面, Dan Dan Noodles Ⓥ🌶️🌶️ 担担面",Default Online Ordering,5.23,Other,600000034968121378,113,62.53,,1,0.00,,http://www.toasttab.com/receipts/33eiUG9RSnqR9vgz4YmOIA/rbqWHydPXKrpN
600000022805765479,,4088916717,,CA02,1/24/25,6:30 PM,"Pork Xiao Long Bao (8) 鲜肉小笼包, Pan Fried Pork Buns (4) 特色鲜肉煎包, Beef Pancake Roll (1) 酱香牛肉卷饼 (不辣), Pork & Shrimp Potstickers (6) 🦐 猪肉三鲜锅贴, Ube Milk Tea (Cold) 紫薯奶茶 (冷), Pork Xiao Long Bao (8) 鲜肉小笼包",Default Online Ordering,6.21,Mastercard,600000034968126464,110,88.87,,1,0.00,,http://www.toasttab.com/receipts/33eiUG9RSnqR9vgz4YmOIA/CsxNLJPrnNPJs
,,,,CA02,1/24/25,6:35 PM,"Beef Pancake Roll (1) 酱香牛肉卷饼 (不辣), Chinese Crepe 煎饼果子 (薄脆), Chicken & Vegetable Wontons in Chicken Soup 鸡汤菜肉大馄饨, Minced Chicken Noodles 🌶️ 鸡肉肉燥小面",Default Online Ordering,2.97,Visa,600000034968132085,114,40.79,,1,0.00,,http://www.toasttab.com/receipts/33eiUG9RSnqR9vgz4YmOIA/czFYtwbkWnRFX
,,,,CA02,1/24/25,6:36 PM,"Pork Xiao Long Bao (8) 鲜肉小笼包, Pork Xiao Long Bao (8) 鲜肉小笼包, Pork & Crab Meat Xiao Long Bao (8) 🦐 蟹肉小笼包, Pan Fried Pork Buns (4) 特色鲜肉煎包",Default Online Ordering,3.64,Visa,600000034968293925,115,51.26,,2,0.00,,http://www.toasttab.com/receipts/33eiUG9RSnqR9vgz4YmOIA/KgzrY9tJxFTrN
600000034968667916,Monica V,8552228111,dd.toast.orders+orders_d5bcb515-51e5-4530-bac3-5a6c8ddb0dc7@gmail.com,CA02,1/24/25,6:40 PM,"Chicken & Vegetable Wontons in Chili Sauce (6) 🌶️ 红油菜肉大馄饨, Dan Dan Noodles Ⓥ🌶️🌶️ 担担面, Chicken Xiao Long Bao (8) 鸡肉小笼包",Default Online Ordering,2.64,Other,600000034968679118,117,31.59,,1,0.00,,http://www.toasttab.com/receipts/33eiUG9RSnqR9vgz4YmOIA/ddpzrnJyPsTNy
,,,,CA02,1/24/25,6:45 PM,"Pan Fried Chive Dumplings (3) 韭菜盒子, Green Onion Pancake (1) Ⓥ 葱油饼, Vegetable Potstickers (6) Ⓥ 素三鲜锅贴, Chicken Potstickers (6) 鸡肉锅贴, Vegetarian Spicy (Ma La) Noodles Ⓥ 🌶️🌶️ 素麻辣小面, Green Onion Pancake (1) Ⓥ 葱油饼",Default Online Ordering,3.49,Discover,600000034968729825,121,47.83,,1,0.00,,http://www.toasttab.com/receipts/33eiUG9RSnqR9vgz4YmOIA/Pypt7tmCNWRhz
600000024119921532,Visa Cardholder,4128183222,,CA02,1/24/25,6:44 PM,"Pork & Shrimp Potstickers (6) 🦐 猪肉三鲜锅贴, Dan Dan Noodles Ⓥ🌶️🌶️ 担担面, Pork & Crab Meat Xiao Long Bao (8) 🦐 蟹肉小笼包, Pan Fried Chive Dumplings (3) 韭菜盒子",Default Online Ordering,2.97,Visa,600000034968811467,118,40.73,,1,0.00,,http://www.toasttab.com/receipts/33eiUG9RSnqR9vgz4YmOIA/XqMCMKpxWNkRk
,,,,CA02,1/24/25,6:49 PM,"Green Onion Pancake (1) Ⓥ 葱油饼, Dan Dan Noodles Ⓥ🌶️🌶️ 担担面, Chicken Xiao Long Bao (8) 鸡肉小笼包, Sour Plum Juice (Cold) 酸梅汁 (冷), Pork Xiao Long Bao (8) 鲜肉小笼包, Pork & Crab Meat Xiao Long Bao (8) 🦐 蟹肉小笼包, Dan Dan Noodles Ⓥ🌶️🌶️ 担担面, Chicken Xiao Long Bao (8) 鸡肉小笼包, Pork & Shrimp Boiled Dumplings (6) 🦐 猪肉三鲜水饺, Pork & Shrimp Potstickers (6) 🦐 猪肉三鲜锅贴, Chicken & Vegetable Wontons in Chili Sauce (6) 🌶️ 红油菜肉大馄饨, Sweet & Sour Cucumber Ⓥ 🌶️ 甜辣小黄瓜, Dan Dan Noodles Ⓥ🌶️🌶️ 担担面, Pan Fried Pork Buns (4) 特色鲜肉煎包, Chinese Crepe 煎饼果子 (薄脆), Pork & Crab Meat Xiao Long Bao (8) 🦐 蟹肉小笼包, Pork Wontons in Chili Sauce (6) 🌶️ 红油猪肉抄手, Dan Dan Noodles Ⓥ🌶️🌶️ 担担面",Default Online Ordering,14.38,Visa,600000034968831336,125,197.37,,1,0.00,,http://www.toasttab.com/receipts/33eiUG9RSnqR9vgz4YmOIA/ydkCCcq9qHRRR
,,,,CA02,1/24/25,6:47 PM,"Hot & Sour Glass Noodles 🌶️🌶️ 酸辣粉, Zha Jiang Mian 京味炸酱面",Default Online Ordering,1.44,Visa,600000034968831673,124,19.83,,1,0.00,,http://www.toasttab.com/receipts/33eiUG9RSnqR9vgz4YmOIA/9yNRPpqCtrL9J
600000021690522039,,2089942128,,CA02,1/24/25,6:52 PM,"Pork Xiao Long Bao (8) 鲜肉小笼包, Hot & Sour Glass Noodles 🌶️🌶️ 酸辣粉, Dan Dan Noodles Ⓥ🌶️🌶️ 担担面, Oolong Tea (Hot) 乌龙茶 (热), Pan Fried Pork Buns (4) 特色鲜肉煎包",Default Online Ordering,3.76,Visa,600000034968831691,126,53.05,,1,0.00,,http://www.toasttab.com/receipts/33eiUG9RSnqR9vgz4YmOIA/XycgMzgYPyFX9
,,,,CA02,1/24/25,6:44 PM,"Pork Wontons in Chili Sauce (6) 🌶️ 红油猪肉抄手, Pork & Shrimp Boiled Dumplings (6) 🦐 猪肉三鲜水饺, Pork Xiao Long Bao (8) 鲜肉小笼包, Green Onion Soy Sauce Noodles Ⓥ 葱油拌面, Pork & Shrimp Potstickers (6) 🦐 猪肉三鲜锅贴, Banana Naan Bread (1) Ⓥ 香蕉飞饼",Default Online Ordering,4.27,Visa,600000034968912963,120,61.16,,1,0.00,,http://www.toasttab.com/receipts/33eiUG9RSnqR9vgz4YmOIA/LdfxLHYCpjsFY
,,,,CA02,1/24/25,6:45 PM,"Beef Potstickers (6) 牛肉锅贴, Minced Chicken Noodles 🌶️ 鸡肉肉燥小面",Default Online Ordering,1.39,Visa,600000034968940466,122,19.08,,1,0.00,,http://www.toasttab.com/receipts/33eiUG9RSnqR9vgz4YmOIA/bTpcCFMLYNnqs
600000034968136848,Yomaira C,8552228111,dd.toast.orders+orders_89fd30b9-5926-45d1-b73c-c49148eff8d3@gmail.com,CA02,1/24/25,6:44 PM,"Coke 可乐, Green Onion Pancake (1) Ⓥ 葱油饼, Pan Fried Pork Buns (4) 特色鲜肉煎包, Pork Xiao Long Bao (8) 鲜肉小笼包",Default Online Ordering,3.38,Other,600000034968952158,119,45.43,,1,0.00,,http://www.toasttab.com/receipts/33eiUG9RSnqR9vgz4YmOIA/spypNbHnKfrkq
600000034968151097,PickUp-Timothy W.,4259236616,dd.toast.orders+orders_d169a672-d2fc-4eae-99b8-511385837631@gmail.com,CA02,1/24/25,6:46 PM,"Vegetable Steamed Dumplings (6) Ⓥ 素三鲜蒸饺, Beef-Stew Noodles 🌶️ 秘制牛肉小面, Chicken Xiao Long Bao (8) 鸡肉小笼包, Pork Xiao Long Bao (8) 鲜肉小笼包",Default Online Ordering,3.20,Other,600000034968999762,123,41.81,,1,0.00,,http://www.toasttab.com/receipts/33eiUG9RSnqR9vgz4YmOIA/CzHpqNbfwCxjx
600000034969548313,PickUp-Alina M,6262347260,dd.toast.orders+orders_d1006fb5-ce20-4080-a4f6-78b1f959d756@gmail.com,CA02,1/24/25,6:57 PM,"Pork Wontons in Chili Sauce (6) 🌶️ 红油猪肉抄手, Sweet & Sour Cucumber Ⓥ 🌶️ 甜辣小黄瓜, Dan Dan Noodles Ⓥ🌶️🌶️ 担担面, Pork Xiao Long Bao (8) 鲜肉小笼包",Default Online Ordering,4.35,Other,600000034969304577,129,56.76,,1,0.00,,http://www.toasttab.com/receipts/33eiUG9RSnqR9vgz4YmOIA/wJXscPtwhP9wt
,,,,CA02,1/24/25,6:53 PM,"Pork Xiao Long Bao (8) 鲜肉小笼包, Green Onion Pancake (1) Ⓥ 葱油饼, Pork & Shrimp Potstickers (6) 🦐 猪肉三鲜锅贴, Beef Steamed Dumplings (6) 牛肉蒸饺, Banana Naan Bread (1) Ⓥ 香蕉飞饼",Default Online Ordering,4.17,Visa,600000034969453458,128,58.73,,1,0.00,,http://www.toasttab.com/receipts/33eiUG9RSnqR9vgz4YmOIA/gNwXpYxwwKbTT
,,,,CA02,1/24/25,7:01 PM,"Green Onion Pancake (1) Ⓥ 葱油饼, Pork Xiao Long Bao (8) 鲜肉小笼包, Chicken Xiao Long Bao (8) 鸡肉小笼包, Zha Jiang Mian 京味炸酱面, Steamed Pork Buns (4) 特色鲜肉蒸包, Minced Chicken Noodles 🌶️ 鸡肉肉燥小面, Beef-Stew Noodle Soup 🌶️ 秘制牛肉汤面",Default Online Ordering,5.46,Visa,600000034969472632,132,74.99,,1,0.00,,http://www.toasttab.com/receipts/33eiUG9RSnqR9vgz4YmOIA/ngs7zHyzrwRKd
,,,,CA02,1/24/25,6:52 PM,"Pork & Shrimp Potstickers (6) 🦐 猪肉三鲜锅贴, Pork Wontons in Hot & Sour Sauce (6) 🌶️ 酸辣猪肉抄手, Braised Pig Ears 🌶️ 凉拌猪耳, Sweet & Sour Cucumber Ⓥ 🌶️ 甜辣小黄瓜, Green Onion Pancake (1) Ⓥ 葱油饼",Jaylan Penney,3.06,Visa,600000034969531328,127,43.69,,2,0.00,,http://www.toasttab.com/receipts/33eiUG9RSnqR9vgz4YmOIA/yCxdpydhcMyNd
,,,,CA02,1/24/25,6:59 PM,"Pork Xiao Long Bao (8) 鲜肉小笼包, Pan Fried Wontons with Chili Sauce (6) 红油香煎大馄饨, Pork Wontons in Hot & Sour Sauce (6) 🌶️ 酸辣猪肉抄手",Yafang Chen,2.25,Visa,600000034969874830,130,26.80,,1,0.00,,http://www.toasttab.com/receipts/33eiUG9RSnqR9vgz4YmOIA/sjKFyMmFLwCYz
,,,,CA02,1/24/25,7:10 PM,"Chicken Xiao Long Bao (8) 鸡肉小笼包, Chicken & Vegetable Wontons in Chicken Soup 鸡汤菜肉大馄饨, Braised Pig Ears 🌶️ 凉拌猪耳",Default Online Ordering,2.30,Visa,600000034969910035,134,31.57,,1,0.00,,http://www.toasttab.com/receipts/33eiUG9RSnqR9vgz4YmOIA/cmbMWCWTRkgLP
,,,,CA02,1/24/25,7:26 PM,"Shrimp & Zucchini Steamed Dumplings (6) 🦐 青瓜鲜虾蒸饺, Vegetable Steamed Dumplings (6) Ⓥ 素三鲜蒸饺, Dan Dan Noodles Ⓥ🌶️🌶️ 担担面, Green Onion Soy Sauce Noodles Ⓥ 葱油拌面, Vegetarian Spicy (Ma La) Noodles Ⓥ 🌶️🌶️ 素麻辣小面",Default Online Ordering,3.59,Visa,600000034970305294,137,49.38,,1,0.00,,http://www.toasttab.com/receipts/33eiUG9RSnqR9vgz4YmOIA/ccYsCxgsCT9XX
600000034969950623,Dhruv B,8552228111,dd.toast.orders+orders_dad50ef9-5b61-4e73-b67e-76eb7eb7f445@gmail.com,CA02,1/24/25,7:09 PM,"Green Onion Pancake (1) Ⓥ 葱油饼, Pork Wontons in Chili Sauce (6) 🌶️ 红油猪肉抄手, Dan Dan Noodles Ⓥ🌶️🌶️ 担担面, Pork Xiao Long Bao (8) 鲜肉小笼包",Default Online Ordering,3.08,Other,600000034970306953,133,36.83,,1,0.00,,http://www.toasttab.com/receipts/33eiUG9RSnqR9vgz4YmOIA/HqycPXdxw9cfx
,,,,CA02,1/24/25,7:27 PM,"Pork Xiao Long Bao (8) 鲜肉小笼包, Sweet & Sour Cucumber Ⓥ 🌶️ 甜辣小黄瓜, Dan Dan Noodles Ⓥ🌶️🌶️ 担担面, Kale Salad with Sesame Dressing Ⓥ 麻酱羽衣甘蓝沙拉, Green Onion Soy Sauce Noodles Ⓥ 葱油拌面, Pork Wontons in Chili Sauce (6) 🌶️ 红油猪肉抄手, Cold Noodles with Sesame Dressing Ⓥ 麻酱凉面, Passion Fruit Green Tea (Cold) 百香果绿茶 (冷), Add Boba 珍珠",Default Online Ordering,6.62,Visa,600000034970540694,140,90.93,,1,0.00,,http://www.toasttab.com/receipts/33eiUG9RSnqR9vgz4YmOIA/qbjKcwWfdkHHm
,,,,CA02,1/24/25,7:34 PM,"Thai Milk Tea (Cold) 泰式奶茶 (冷), Vegetable Potstickers (6) Ⓥ 素三鲜锅贴, Chicken Potstickers (6) 鸡肉锅贴, Chicken & Vegetable Wontons in Hot & Sour Sauce (6) 🌶️ 酸辣菜肉大馄饨, Minced Chicken Noodles 🌶️ 鸡肉肉燥小面",Default Online Ordering,3.82,Visa,600000034970662490,144,50.52,,1,0.00,,http://www.toasttab.com/receipts/33eiUG9RSnqR9vgz4YmOIA/TPm7wrRX7Rhkz
,,,,CA02,1/24/25,7:26 PM,"Pan Fried Pork Buns (4) 特色鲜肉煎包, Chinese Crepe 煎饼果子 (薄脆), Beef-Stew Noodles 🌶️ 秘制牛肉小面, Passion Fruit Green Tea (Cold) 百香果绿茶 (冷), Pork Xiao Long Bao (8) 鲜肉小笼包, Banana Naan Bread (1) Ⓥ 香蕉飞饼, Milk Tea (Cold) 奶茶 (冷), Dan Dan Noodles Ⓥ🌶️🌶️ 担担面, Pork Wontons in Chicken Soup 鸡汤小馄饨",Default Online Ordering,6.36,Visa,600000034970819414,139,89.81,,1,0.00,,http://www.toasttab.com/receipts/33eiUG9RSnqR9vgz4YmOIA/yML7kbrdTXdgN
,,,,CA02,1/24/25,7:35 PM,"Zha Jiang Mian 京味炸酱面, Broccoli with Seafood Sauce 蚝油西兰花, Pork & Shrimp Boiled Dumplings (6) 🦐 猪肉三鲜水饺",Default Online Ordering,2.06,Visa,600000034970844240,145,28.98,,1,0.00,,http://www.toasttab.com/receipts/33eiUG9RSnqR9vgz4YmOIA/xHxWkFchmFWNH
600000034970857065,PickUp-Prajakta P,8552228111,dd.toast.orders+orders_fb1c5c61-fb6d-42c5-8136-458bae7a4936@gmail.com,CA02,1/24/25,7:26 PM,Chicken Xiao Long Bao (8) 鸡肉小笼包,Default Online Ordering,0.91,Other,600000034970910217,138,10.86,,1,0.00,,http://www.toasttab.com/receipts/33eiUG9RSnqR9vgz4YmOIA/pFHNPTqFPkYw7
600000034970970517,Amanda E,8552228111,dd.toast.orders+orders_407fe628-ba09-4aed-879f-b1d4e63fe61a@gmail.com,CA02,1/24/25,7:32 PM,"Sweet & Sour Cucumber Ⓥ 🌶️ 甜辣小黄瓜, Dan Dan Noodles Ⓥ🌶️🌶️ 担担面, Spicy Beef Pancake Roll (1) 🌶️🌶️ 麻辣牛肉卷饼",Default Online Ordering,2.59,Other,600000034970948477,142,30.94,,1,0.00,,http://www.toasttab.com/receipts/33eiUG9RSnqR9vgz4YmOIA/ngnww9wjbcbHp
,,,,CA02,1/24/25,7:25 PM,"Green Onion Pancake (1) Ⓥ 葱油饼, Pork Xiao Long Bao (8) 鲜肉小笼包, Chicken Xiao Long Bao (8) 鸡肉小笼包, Pan Fried Pork Buns (4) 特色鲜肉煎包, Chicken Steamed Dumplings (6) 鸡肉蒸饺, Beef Pancake Roll (1) 酱香牛肉卷饼 (不辣), Pan Fried Pork Buns (4) 特色鲜肉煎包",Default Online Ordering,5.55,Visa,600000034971000902,135,71.20,,1,0.00,,http://www.toasttab.com/receipts/33eiUG9RSnqR9vgz4YmOIA/kmnC7RTyhksmR
600000034970189699,Ridhi S,8552228111,dd.toast.orders+orders_0297e9d5-6cc1-42d1-8c20-6a828fbc9061@gmail.com,CA02,1/24/25,7:25 PM,"Pan Fried Wontons with Chili Sauce (6) 红油香煎大馄饨, Vegetarian Spicy (Ma La) Noodles Ⓥ 🌶️🌶️ 素麻辣小面",Default Online Ordering,1.60,Other,600000034971078300,136,19.10,,1,0.00,,http://www.toasttab.com/receipts/33eiUG9RSnqR9vgz4YmOIA/WYgLbfWy9sswq
600000034971116580,Arjun R,8552228111,dd.toast.orders+orders_66e11779-a186-40de-98d7-523dca5c188d@gmail.com,CA02,1/24/25,7:45 PM,"Vegetable Steamed Dumplings (6) Ⓥ 素三鲜蒸饺, Dan Dan Noodles Ⓥ🌶️🌶️ 担担面",Default Online Ordering,1.60,Other,600000034971088385,150,19.10,,1,0.00,,http://www.toasttab.com/receipts/33eiUG9RSnqR9vgz4YmOIA/jnyXwHMkhmTTy
,,,,CA02,1/24/25,7:33 PM,"Green Onion Pancake (1) Ⓥ 葱油饼, Dan Dan Noodles Ⓥ🌶️🌶️ 担担面, Ube Milk Tea (Cold) 紫薯奶茶 (冷), Add Boba 珍珠",Default Online Ordering,1.73,Mastercard,600000034971144967,143,24.46,,1,0.00,,http://www.toasttab.com/receipts/33eiUG9RSnqR9vgz4YmOIA/hbRC9mwzLzTdM
600000034971263883,PickUp-Lillian C,6502817970,dd.toast.orders+orders_4080300b-106f-491d-beb2-00e4ae74edc5@gmail.com,CA02,1/24/25,7:52 PM,"Beef-Stew Noodles 🌶️ 秘制牛肉小面, Pan Fried Pork Buns (4) 特色鲜肉煎包, Pork Xiao Long Bao (8) 鲜肉小笼包",Default Online Ordering,4.35,Other,600000034971306042,154,56.82,,1,0.00,,http://www.toasttab.com/receipts/33eiUG9RSnqR9vgz4YmOIA/jgfRfTnkXYh9X
,,,,CA02,1/24/25,7:31 PM,"Green Onion Pancake (1) Ⓥ 葱油饼, Pork Xiao Long Bao (8) 鲜肉小笼包, Pork Xiao Long Bao (8) 鲜肉小笼包, Sweet & Sour Cucumber Ⓥ 🌶️ 甜辣小黄瓜, Banana Naan Bread (1) Ⓥ 香蕉飞饼, Jasmine Tea (Hot) 茉莉花茶 (热)",zhengyu chen,4.00,Mastercard,600000034971318501,141,56.40,,3,0.00,,http://www.toasttab.com/receipts/33eiUG9RSnqR9vgz4YmOIA/M9KsHxdk7hw9s
600000034971558906,Sergio C,8552228111,dd.toast.orders+orders_61c66f81-9c1e-4967-b27d-94858c8642db@gmail.com,CA02,1/24/25,7:40 PM,"Diet Coke 健怡可乐, Pork Xiao Long Bao (8) 鲜肉小笼包, Pork Xiao Long Bao (8) 鲜肉小笼包, Chicken Potstickers (6) 鸡肉锅贴",Default Online Ordering,3.12,Other,600000034971435067,147,37.32,,1,0.00,,http://www.toasttab.com/receipts/33eiUG9RSnqR9vgz4YmOIA/gJCNHNzdtnNrP
,,,,CA02,1/24/25,7:38 PM,"Kale Salad with Sesame Dressing Ⓥ 麻酱羽衣甘蓝沙拉, Dan Dan Noodles Ⓥ🌶️🌶️ 担担面, Cold Noodles with Sesame Dressing Ⓥ 麻酱凉面, Kale Salad with Sesame Dressing Ⓥ 麻酱羽衣甘蓝沙拉, Kale Salad with Sweet & Spicy Garlic Dressing Ⓥ 🌶️ 甜辣羽衣甘蓝沙拉",Default Online Ordering,3.50,Visa,600000034971494154,146,51.62,,1,7.30,Spillage/Food Quality - Item (100.00%),http://www.toasttab.com/receipts/33eiUG9RSnqR9vgz4YmOIA/JhqNsFbxkJPjx
600000034971188448,Shruti P,8552228111,dd.toast.orders+orders_35d2a22a-2c6a-48df-a03f-2f4c3c4ff1d6@gmail.com,CA02,1/24/25,8:00 PM,"Diet Coke 健怡可乐, Pan Fried Wontons with Sweet & Spicy Garlic Sauce (6) 甜辣香煎大馄饨, Chicken & Vegetable Wontons in Chili Sauce (6) 🌶️ 红油菜肉大馄饨, Minced Chicken Noodles 🌶️ 鸡肉肉燥小面",Default Online Ordering,3.16,Other,600000034971553492,159,37.76,,1,0.00,,http://www.toasttab.com/receipts/33eiUG9RSnqR9vgz4YmOIA/wcnfmp9rgLMLh
,,,,CA02,1/24/25,7:51 PM,"Pan Fried Pork Buns (4) 特色鲜肉煎包, Pork Xiao Long Bao (8) 鲜肉小笼包, Pork & Shrimp Potstickers (6) 🦐 猪肉三鲜锅贴, Pork Wontons in Chili Sauce (6) 🌶️ 红油猪肉抄手, Green Onion Pancake (1) Ⓥ 葱油饼, Braised Pig Ears 🌶️ 凉拌猪耳, Dan Dan Noodles Ⓥ🌶️🌶️ 担担面, Yibin Noodles Ⓥ 🌶️ 宜宾燃面, Pork Xiao Long Bao (8) 鲜肉小笼包",Default Online Ordering,8.37,Visa,600000034971640377,153,114.97,,1,0.00,,http://www.toasttab.com/receipts/33eiUG9RSnqR9vgz4YmOIA/cTHjfnskkmWtf
,,,,CA02,1/24/25,7:41 PM,"Beef Sandwich (1) 大嘴牛肉包 (不辣), Beef Sandwich (1) 大嘴牛肉包 (不辣), Beef Pancake Roll (1) 酱香牛肉卷饼 (不辣), Beef Pancake Roll (1) 酱香牛肉卷饼 (不辣), Pork Xiao Long Bao (8) 鲜肉小笼包, Pan Fried Pork Buns (4) 特色鲜肉煎包, Pan Fried Pork Buns (4) 特色鲜肉煎包, Vegetable Potstickers (6) Ⓥ 素三鲜锅贴, Pork Wontons in Hot & Sour Sauce (6) 🌶️ 酸辣猪肉抄手, Kale Salad with Sweet & Spicy Garlic Dressing Ⓥ 🌶️ 甜辣羽衣甘蓝沙拉, Dan Dan Noodles Ⓥ🌶️🌶️ 担担面",zhengyu chen,8.52,Visa,600000034971752819,148,116.81,,4,0.00,,http://www.toasttab.com/receipts/33eiUG9RSnqR9vgz4YmOIA/LxptrJwYsp79b
,,,,CA02,1/24/25,7:56 PM,"Pork Xiao Long Bao (8) 鲜肉小笼包, Steamed Pork Buns (4) 特色鲜肉蒸包, Chicken & Vegetable Wontons in Chicken Soup 鸡汤菜肉大馄饨, Chicken Potstickers (6) 鸡肉锅贴, Pork Wontons in Chili Sauce (6) 🌶️ 红油猪肉抄手, Pan Fried Pork Buns (4) 特色鲜肉煎包, Green Onion Soy Sauce Noodles Ⓥ 葱油拌面, Pan Fried Wontons with Sweet & Spicy Garlic Sauce (6) 甜辣香煎大馄饨, Pork & Crab Meat Xiao Long Bao (8) 🦐 蟹肉小笼包",Default Online Ordering,7.09,Visa,600000034971832322,155,97.28,,1,0.00,,http://www.toasttab.com/receipts/33eiUG9RSnqR9vgz4YmOIA/fJPphRbhFTHgg
,,,,CA02,1/24/25,7:45 PM,"Pork Xiao Long Bao (8) 鲜肉小笼包, Pan Fried Pork Buns (4) 特色鲜肉煎包, Dan Dan Noodles Ⓥ🌶️🌶️ 担担面, Pork Wontons in Hot & Sour Sauce (6) 🌶️ 酸辣猪肉抄手, Chicken Xiao Long Bao (8) 鸡肉小笼包, Pan Fried Beef Pies (2) 牛肉馅饼",Default Online Ordering,4.79,Visa,600000034971902351,151,65.71,,1,0.00,,http://www.toasttab.com/receipts/33eiUG9RSnqR9vgz4YmOIA/McLpxFYMgkKbk
,,,,CA02,1/24/25,7:46 PM,"Spicy Beef Pancake Roll (1) 🌶️🌶️ 麻辣牛肉卷饼, Pan Fried Pork Buns (4) 特色鲜肉煎包, Beef Potstickers (6) 牛肉锅贴, Chicken & Vegetable Wontons in Chili Sauce (6) 🌶️ 红油菜肉大馄饨, Beef Steamed Dumplings (6) 牛肉蒸饺, Dan Dan Noodles Ⓥ🌶️🌶️ 担担面, Green Onion Pancake (1) Ⓥ 葱油饼, Green Onion Pancake (1) Ⓥ 葱油饼, Pork & Crab Meat Xiao Long Bao (8) 🦐 蟹肉小笼包, Spicy (Ma La) Noodles 🌶️🌶️ 麻辣小面",zhengyu chen,6.89,Discover,600000034971918700,149,94.52,,4,0.00,,http://www.toasttab.com/receipts/33eiUG9RSnqR9vgz4YmOIA/PNRrNKgcsbzKh
,,,,CA02,1/24/25,7:50 PM,"Vegetarian Spicy (Ma La) Noodles Ⓥ 🌶️🌶️ 素麻辣小面, Banana Naan Bread (1) Ⓥ 香蕉飞饼, Chicken Steamed Dumplings (6) 鸡肉蒸饺, Vegetable Steamed Dumplings (6) Ⓥ 素三鲜蒸饺, Vegetarian Spicy (Ma La) Noodles Ⓥ 🌶️🌶️ 素麻辣小面, Vegetable Potstickers (6) Ⓥ 素三鲜锅贴, Green Onion Pancake (1) Ⓥ 葱油饼, Ube Milk Tea (Cold) 紫薯奶茶 (冷)",Default Online Ordering,5.00,Visa,600000034972086750,152,68.71,,1,0.00,,http://www.toasttab.com/receipts/33eiUG9RSnqR9vgz4YmOIA/mXNMMCgdHpXXh
,,,,CA02,1/24/25,7:58 PM,"Pan Fried Pork Buns (4) 特色鲜肉煎包, Sweet & Sour Cucumber Ⓥ 🌶️ 甜辣小黄瓜, Chicken Xiao Long Bao (8) 鸡肉小笼包, Steamed Pork Buns (4) 特色鲜肉蒸包, Chicken Potstickers (6) 鸡肉锅贴, Passion Fruit Green Tea (Cold) 百香果绿茶 (冷), Milk Tea (Cold) 奶茶 (冷), Add Boba 珍珠, Steamed Pork Buns (4) 特色鲜肉蒸包, Pork Xiao Long Bao (8) 鲜肉小笼包, Sweet & Sour Cucumber Ⓥ 🌶️ 甜辣小黄瓜",Default Online Ordering,9.85,Visa,600000034972240162,158,117.60,,1,0.00,,http://www.toasttab.com/receipts/33eiUG9RSnqR9vgz4YmOIA/qJnPNxMLkR7nm
,,,,CA02,1/24/25,7:57 PM,"Chicken & Vegetable Wontons in Chicken Soup 鸡汤菜肉大馄饨, Sweet & Sour Cucumber Ⓥ 🌶️ 甜辣小黄瓜, Pork & Crab Meat Xiao Long Bao (8) 🦐 蟹肉小笼包, Steamed Pork Buns (4) 特色鲜肉蒸包, Pork & Shrimp Potstickers (6) 🦐 猪肉三鲜锅贴, Thai Milk Tea (Cold) 泰式奶茶 (冷)",Default Online Ordering,5.14,Visa,600000034972278303,157,70.60,,1,0.00,,http://www.toasttab.com/receipts/33eiUG9RSnqR9vgz4YmOIA/qxgCcXwwjfx7Y
,,,,CA02,1/24/25,8:18 PM,"Pan Fried Beef Pies (2) 牛肉馅饼, Pork Xiao Long Bao (8) 鲜肉小笼包, Sweet & Sour Cucumber Ⓥ 🌶️ 甜辣小黄瓜, Oolong Tea (Hot) 乌龙茶 (热)",Default Online Ordering,2.75,Amex,600000034972294993,162,36.26,,2,0.00,,http://www.toasttab.com/receipts/33eiUG9RSnqR9vgz4YmOIA/qnzfdMyTfWLPw
,,,,CA02,1/24/25,7:57 PM,"Pork Xiao Long Bao (8) 鲜肉小笼包, Sweet & Sour Cucumber Ⓥ 🌶️ 甜辣小黄瓜, Beef-Stew Noodle Soup 🌶️ 秘制牛肉汤面, Jasmine Tea (Hot) 茉莉花茶 (热)",zhengyu chen,2.99,Visa,600000034972327159,156,41.04,,1,0.00,,http://www.toasttab.com/receipts/33eiUG9RSnqR9vgz4YmOIA/FjsycFTpHsYgJ
,,,,CA02,1/24/25,8:08 PM,"Dan Dan Noodles Ⓥ🌶️🌶️ 担担面, Pork Xiao Long Bao (8) 鲜肉小笼包, Chicken & Vegetable Wontons in Chili Sauce (6) 🌶️ 红油菜肉大馄饨, Pork Wontons in Chicken Soup 鸡汤小馄饨, Thai Milk Tea (Cold) 泰式奶茶 (冷), Add Boba 珍珠, Kale Salad with Sweet & Spicy Garlic Dressing Ⓥ 🌶️ 甜辣羽衣甘蓝沙拉, Pork Xiao Long Bao (8) 鲜肉小笼包, Pan Fried Wontons with Sweet & Spicy Garlic Sauce (6) 甜辣香煎大馄饨",Default Online Ordering,5.90,Visa,600000034972435764,161,78.45,,1,0.00,,http://www.toasttab.com/receipts/33eiUG9RSnqR9vgz4YmOIA/XrpHztmYmskRc
600000034972640071,PickUp-Jason C.,4083187104,dd.toast.orders+orders_daf18539-daa8-4812-8858-feffb33fd559@gmail.com,CA02,1/24/25,8:21 PM,"Pan Fried Beef Pies (2) 牛肉馅饼, Pork Wontons in Chili Sauce (6) 🌶️ 红油猪肉抄手, Zha Jiang Mian 京味炸酱面, Dan Dan Noodles Ⓥ🌶️🌶️ 担担面",Default Online Ordering,2.77,Other,600000034972486534,165,36.21,,1,0.00,,http://www.toasttab.com/receipts/33eiUG9RSnqR9vgz4YmOIA/m7w9m99PdjCfq
,,,,CA02,1/24/25,8:03 PM,"Pan Fried Chive Dumplings (3) 韭菜盒子, Pork & Crab Meat Xiao Long Bao (8) 🦐 蟹肉小笼包, Braised Pig Ears 🌶️ 凉拌猪耳, Yibin Noodles Ⓥ 🌶️ 宜宾燃面",zhengyu chen,2.97,Mastercard,600000034972544766,160,39.22,,2,0.00,,http://www.toasttab.com/receipts/33eiUG9RSnqR9vgz4YmOIA/J7qHfbgMmCRYP
,,,,CA02,1/24/25,8:21 PM,"Pork Xiao Long Bao (8) 鲜肉小笼包, Green Onion Pancake (1) Ⓥ 葱油饼, Sweet & Sour Cucumber Ⓥ 🌶️ 甜辣小黄瓜, Chicken Potstickers (6) 鸡肉锅贴, Pork Wontons in Chili Sauce (6) 🌶️ 红油猪肉抄手, Dan Dan Noodles Ⓥ🌶️🌶️ 担担面, Pan Fried Wontons with Chili Sauce (6) 红油香煎大馄饨",Default Online Ordering,4.69,Visa,600000034972761714,164,62.89,,1,0.00,,http://www.toasttab.com/receipts/33eiUG9RSnqR9vgz4YmOIA/JTTpcxJcssXrN
,,,,CA02,1/24/25,8:40 PM,"Pork Xiao Long Bao (8) 鲜肉小笼包, Pan Fried Pork Buns (4) 特色鲜肉煎包, Green Onion Pancake (1) Ⓥ 葱油饼, Beef Sandwich (1) 大嘴牛肉包 (不辣), Beef Pancake Roll (1) 酱香牛肉卷饼 (不辣), Chinese Crepe 煎饼果子 (薄脆), Pork Wontons in Chicken Soup 鸡汤小馄饨, Chicken & Vegetable Wontons in Chicken Soup 鸡汤菜肉大馄饨, Pork & Shrimp Potstickers (6) 🦐 猪肉三鲜锅贴",Default Online Ordering,6.51,Visa,600000034972761745,168,89.31,,1,0.00,,http://www.toasttab.com/receipts/33eiUG9RSnqR9vgz4YmOIA/dghsqKJNrMq7w
,,,,CA02,1/24/25,8:40 PM,"Pork Xiao Long Bao (8) 鲜肉小笼包, Beef Pancake Roll (1) 酱香牛肉卷饼 (不辣), Pork Wontons in Chicken Soup 鸡汤小馄饨, Ube Milk Tea (Cold) 紫薯奶茶 (冷), Yibin Noodles Ⓥ 🌶️ 宜宾燃面, Pork & Shrimp Potstickers (6) 🦐 猪肉三鲜锅贴, Diet Coke 健怡可乐, Sapporo, Jasmine Tea (Hot) 茉莉花茶 (热), Dan Dan Noodles Ⓥ🌶️🌶️ 担担面",Default Online Ordering,6.46,Visa,600000034972974080,169,88.85,,1,0.00,,http://www.toasttab.com/receipts/33eiUG9RSnqR9vgz4YmOIA/XbsKgJMgsppKL
600000034972525985,Sheetal S,8552228111,dd.toast.orders+orders_57cf2ff8-3eaf-4b23-8f41-9a74d13da70e@gmail.com,CA02,1/24/25,8:38 PM,"Pan Fried Chive Dumplings (3) 韭菜盒子, Chicken & Vegetable Wontons in Chili Sauce (6) 🌶️ 红油菜肉大馄饨",Default Online Ordering,2.30,Other,600000034973082127,167,27.50,,1,0.00,,http://www.toasttab.com/receipts/33eiUG9RSnqR9vgz4YmOIA/nYTFHdWPmLcXR
,,,,CA02,1/24/25,8:22 PM,"Pork Xiao Long Bao (8) 鲜肉小笼包, Beef-Stew Noodles 🌶️ 秘制牛肉小面, Pork & Shrimp Potstickers (6) 🦐 猪肉三鲜锅贴, Zha Jiang Mian 京味炸酱面",Default Online Ordering,3.68,Visa,600000034973147000,166,50.63,,1,0.00,,http://www.toasttab.com/receipts/33eiUG9RSnqR9vgz4YmOIA/T7JCzFPkkpyqh
600000015484999997,Harman K,8169054769,harmanjeet.kandhari@gmail.com,CA02,1/24/25,8:45 PM,"Dan Dan Noodles Ⓥ🌶️🌶️ 担担面, Pork & Crab Meat Xiao Long Bao (8) 🦐 蟹肉小笼包, Chicken Xiao Long Bao (8) 鸡肉小笼包, High Tail Shrimp & Pork Steamed Dumplings (6) 🦐 翘尾鲜虾蒸饺, Chicken & Vegetable Wontons in Hot & Sour Sauce (6) 🌶️ 酸辣菜肉大馄饨, Chicken & Vegetable Wontons in Chili Sauce (6) 🌶️ 红油菜肉大馄饨",Default Online Ordering,6.51,Amex,600000034973289622,170,82.66,,1,0.00,,http://www.toasttab.com/receipts/33eiUG9RSnqR9vgz4YmOIA/9wnXFgcjRHbNF
600000020107291956,G T,7656312648,gqtay@alumni.anderson.edu,CA02,1/24/25,8:50 PM,"Pork & Crab Meat Xiao Long Bao (8) 🦐 蟹肉小笼包, Pork Wontons in Chicken Soup 鸡汤小馄饨, Green Onion Soy Sauce Noodles Ⓥ 葱油拌面, Banana Naan Bread (1) Ⓥ 香蕉飞饼, Pork Xiao Long Bao (8) 鲜肉小笼包",Default Online Ordering,5.91,Visa,600000034973628718,173,82.47,,1,7.70,Reward Dollars,http://www.toasttab.com/receipts/33eiUG9RSnqR9vgz4YmOIA/HRTPLgWXjXmP9
,,,,CA02,1/24/25,9:04 PM,"Dan Dan Noodles Ⓥ🌶️🌶️ 担担面, Pork Xiao Long Bao (8) 鲜肉小笼包, Pork & Shrimp Potstickers (6) 🦐 猪肉三鲜锅贴, Green Onion Soy Sauce Noodles Ⓥ 葱油拌面",Default Online Ordering,3.02,Visa,600000034973637343,177,41.48,,1,0.00,,http://www.toasttab.com/receipts/33eiUG9RSnqR9vgz4YmOIA/FyKJPqnpmXyNm
,,,,CA02,1/24/25,8:47 PM,"Pork Xiao Long Bao (8) 鲜肉小笼包, Dan Dan Noodles Ⓥ🌶️🌶️ 担担面, Chicken Potstickers (6) 鸡肉锅贴, Sweet & Sour Cucumber Ⓥ 🌶️ 甜辣小黄瓜, Beef-Stew Noodle Soup 🌶️ 秘制牛肉汤面, Green Onion Pancake (1) Ⓥ 葱油饼, Pan Fried Pork Buns (4) 特色鲜肉煎包, Beef Pancake Roll (1) 酱香牛肉卷饼 (不辣), Chinese Crepe 煎饼果子 (薄脆)",Default Online Ordering,7.61,Visa,600000034973671010,172,108.91,,1,0.00,,http://www.toasttab.com/receipts/33eiUG9RSnqR9vgz4YmOIA/kKYpLd7FbdJkg
,,,,CA02,1/24/25,8:54 PM,"Chicken Xiao Long Bao (8) 鸡肉小笼包, Vegetable Potstickers (6) Ⓥ 素三鲜锅贴, Dan Dan Noodles Ⓥ🌶️🌶️ 担担面, Chicken Potstickers (6) 鸡肉锅贴, Sweet & Sour Cucumber Ⓥ 🌶️ 甜辣小黄瓜, Pan Fried Chive Dumplings (3) 韭菜盒子",Default Online Ordering,4.97,Visa,600000034973671024,175,68.22,,1,0.00,,http://www.toasttab.com/receipts/33eiUG9RSnqR9vgz4YmOIA/NpskJWRHRsXfM
,,,,CA02,1/24/25,8:46 PM,"Pork Xiao Long Bao (8) 鲜肉小笼包, Pork & Crab Meat Xiao Long Bao (8) 🦐 蟹肉小笼包, High Tail Shrimp & Pork Steamed Dumplings (6) 🦐 翘尾鲜虾蒸饺, Pork Wontons in Chili Sauce (6) 🌶️ 红油猪肉抄手, Sweet & Sour Cucumber Ⓥ 🌶️ 甜辣小黄瓜, Green Onion Soy Sauce Noodles Ⓥ 葱油拌面, Pan Fried Wontons with Chili Sauce (6) 红油香煎大馄饨, Beef Steamed Dumplings (6) 牛肉蒸饺",Default Online Ordering,6.08,Amex,600000034973786653,171,83.35,,1,0.00,,http://www.toasttab.com/receipts/33eiUG9RSnqR9vgz4YmOIA/cNPyFLhbPCpWt
600000034973283744,Lena S,8552228111,dd.toast.orders+orders_f6ca620f-bf08-43d4-b375-00d98dde5447@gmail.com,CA02,1/24/25,9:13 PM,"Pork & Shrimp Potstickers (6) 🦐 猪肉三鲜锅贴, Chicken & Vegetable Wontons in Chili Sauce (6) 🌶️ 红油菜肉大馄饨, Zha Jiang Mian 京味炸酱面",Default Online Ordering,3.13,Other,600000034973786699,179,37.43,,1,0.00,,http://www.toasttab.com/receipts/33eiUG9RSnqR9vgz4YmOIA/dLWNM9hjfhqHX
,,,,CA02,1/24/25,8:52 PM,"Pork Xiao Long Bao (8) 鲜肉小笼包, Pan Fried Wontons with Sweet & Spicy Garlic Sauce (6) 甜辣香煎大馄饨, Pork Wontons in Chili Sauce (6) 🌶️ 红油猪肉抄手, Beef-Stew Noodles 🌶️ 秘制牛肉小面",Jaylan Penney,2.97,Visa,600000034973978501,174,35.42,,2,0.00,,http://www.toasttab.com/receipts/33eiUG9RSnqR9vgz4YmOIA/FmjqKCCFmLXkP
600000034973774840,Chris B,8552228111,dd.toast.orders+orders_c7699d34-a305-4d9a-a8da-16b06caa74d5@gmail.com,CA02,1/24/25,9:15 PM,"Green Onion Pancake (1) Ⓥ 葱油饼, Beef Sandwich (1) 大嘴牛肉包 (不辣), Chicken Potstickers (6) 鸡肉锅贴, Dan Dan Noodles Ⓥ🌶️🌶️ 担担面, Pan Fried Pork Buns (4) 特色鲜肉煎包",Default Online Ordering,4.61,Other,600000034974034386,180,55.16,,1,0.00,,http://www.toasttab.com/receipts/33eiUG9RSnqR9vgz4YmOIA/bRsh7KKhd7Jph
,,,,CA02,1/24/25,9:07 PM,"Spicy Beef Sandwich (1) 🌶️🌶️大嘴牛肉包 (辣), Pork Xiao Long Bao (8) 鲜肉小笼包, Pan Fried Pork Buns (4) 特色鲜肉煎包",zhengyu chen,2.49,Visa,600000034974312225,178,34.14,,2,0.00,,http://www.toasttab.com/receipts/33eiUG9RSnqR9vgz4YmOIA/ChbYKk7mfhXnm
600000034974483610,Khyati I,8552228111,dd.toast.orders+orders_86e9b5fd-6016-4792-a7fb-26eeed1a1e5b@gmail.com,CA02,1/24/25,9:20 PM,"Sprite 雪碧, Chicken Steamed Dumplings (6) 鸡肉蒸饺, Dan Dan Noodles Ⓥ🌶️🌶️ 担担面",Default Online Ordering,2.69,Other,600000034974547055,181,32.19,,1,0.00,,http://www.toasttab.com/receipts/33eiUG9RSnqR9vgz4YmOIA/KwgJ9xh7pbnXn
,,,,CA02,1/24/25,9:41 PM,"Banana Naan Bread (1) Ⓥ 香蕉飞饼, Chicken Steamed Dumplings (6) 鸡肉蒸饺, Vegetarian Spicy (Ma La) Noodles Ⓥ 🌶️🌶️ 素麻辣小面",Default Online Ordering,2.02,Visa,600000034974726859,183,27.80,,2,0.00,,http://www.toasttab.com/receipts/33eiUG9RSnqR9vgz4YmOIA/qMLyMrntMpFxK
