Location,Order Id,Order #,Sent Date,Order Date,Check Id,Server,Table,Dining Area,Service,Dining Option,Item Selection Id,Modifier Id,Master Id,Modifier SKU,Modifier PLU,Modifier,Option Group ID,Option Group Name,Parent Menu Selection Item ID,Parent Menu Selection,Sales Category,Gross Price,Discount,Net Price,Qty,Void?,Void Reason ID,Void Reason
Cupertino,600000035110814792,4,1/29/25 11:10 AM,1/29/25 11:10 AM,600000035110757997,Default Online Ordering,,,Lunch,DoorDash - Delivery,600000035111089416,,,,,Weian,,,600000010081823847,Green Onion Pancake (1) Ⓥ 葱油饼,,0.00,0.00,0.00,1.0,false,,
Cupertino,600000035110814792,4,1/29/25 11:10 AM,1/29/25 11:10 AM,600000035110757997,Default Online Ordering,,,Lunch,DoorDash - Delivery,600000035111089418,,,,,Stacey,,,600000010081831015,Beef Pancake Roll (1) 酱香牛肉卷饼 (不辣),,0.00,0.00,0.00,1.0,false,,
Cupertino,600000035110814792,4,1/29/25 11:10 AM,1/29/25 11:10 AM,600000035110757997,Default Online Ordering,,,Lunch,DoorDash - Delivery,600000035111089420,,,,,Yichen,,,600000031726935734,Chinese Crepe 煎饼果子 (薄脆),,0.00,0.00,0.00,1.0,false,,
Cupertino,600000035110814792,4,1/29/25 11:10 AM,1/29/25 11:10 AM,600000035110757997,Default Online Ordering,,,Lunch,DoorDash - Delivery,600000035111089422,,,,,Weian,,,600000010081865189,Beef Steamed Dumplings (6) 牛肉蒸饺,,0.00,0.00,0.00,1.0,false,,
Cupertino,600000035110814792,4,1/29/25 11:10 AM,1/29/25 11:10 AM,600000035110757997,Default Online Ordering,,,Lunch,DoorDash - Delivery,600000035111089424,,,,,Divya,,,600000010081862679,Vegetable Steamed Dumplings (6) Ⓥ 素三鲜蒸饺,,0.00,0.00,0.00,1.0,false,,
Cupertino,600000035110814792,4,1/29/25 11:10 AM,1/29/25 11:10 AM,600000035110757997,Default Online Ordering,,,Lunch,DoorDash - Delivery,600000035111089426,,,,,Lan,,,600000010081843259,Vegetable Potstickers (6) Ⓥ 素三鲜锅贴,,0.00,0.00,0.00,1.0,false,,
Cupertino,600000035110814792,4,1/29/25 11:10 AM,1/29/25 11:10 AM,600000035110757997,Default Online Ordering,,,Lunch,DoorDash - Delivery,600000035111089428,,,,,Stacey,,,600000010081859192,Shrimp & Zucchini Steamed Dumplings (6) 🦐 青瓜鲜虾蒸饺,,0.00,0.00,0.00,1.0,false,,
Cupertino,600000035110814792,4,1/29/25 11:10 AM,1/29/25 11:10 AM,600000035110757997,Default Online Ordering,,,Lunch,DoorDash - Delivery,600000035111089430,,,,,Weian,,,600000010081892480,Beef-Stew Noodles 🌶️ 秘制牛肉小面,,0.00,0.00,0.00,1.0,false,,
Cupertino,600000035110814792,4,1/29/25 11:10 AM,1/29/25 11:10 AM,600000035110757997,Default Online Ordering,,,Lunch,DoorDash - Delivery,600000035111089432,,,,,Vikas,,,600000010081880028,Dan Dan Noodles Ⓥ🌶️🌶️ 担担面,,0.00,0.00,0.00,1.0,false,,
Cupertino,600000035110814792,4,1/29/25 11:10 AM,1/29/25 11:10 AM,600000035110757997,Default Online Ordering,,,Lunch,DoorDash - Delivery,600000035111089434,,,,,Bhavna,,,600000010081883486,Green Onion Soy Sauce Noodles Ⓥ 葱油拌面,,0.00,0.00,0.00,1.0,false,,
Cupertino,600000035110814792,4,1/29/25 11:10 AM,1/29/25 11:10 AM,600000035110757997,Default Online Ordering,,,Lunch,DoorDash - Delivery,600000035111089436,,,,,Bhavna,,,600000010081918799,Milk Tea (Cold) 奶茶 (冷),,0.00,0.00,0.00,1.0,false,,
Cupertino,600000035110814792,4,1/29/25 11:10 AM,1/29/25 11:10 AM,600000035110757997,Default Online Ordering,,,Lunch,DoorDash - Delivery,600000035111089438,,,,,Lan,,,600000010081834427,Pork Xiao Long Bao (8) 鲜肉小笼包,,0.00,0.00,0.00,1.0,false,,
Cupertino,600000035110814792,4,1/29/25 11:10 AM,1/29/25 11:10 AM,600000035110757997,Default Online Ordering,,,Lunch,DoorDash - Delivery,600000035111089440,,,,,Yichen,,,600000012356770061,Romaine Lettuce Salad with Sweet & Spicy Garlic Dressing Ⓥ 🌶️ 甜辣生菜沙拉,,0.00,0.00,0.00,1.0,false,,
Cupertino,600000035110814792,4,1/29/25 11:10 AM,1/29/25 11:10 AM,600000035110757997,Default Online Ordering,,,Lunch,DoorDash - Delivery,600000035111089442,600000027695849626,600000027695849627,,,No Peanut 不要花生,600000027695838538,Ingredients 原料,600000010081899532,Kale Salad with Sesame Dressing Ⓥ 麻酱羽衣甘蓝沙拉,,0.00,0.00,0.00,1.0,false,,
Cupertino,600000035110814792,4,1/29/25 11:10 AM,1/29/25 11:10 AM,600000035110757997,Default Online Ordering,,,Lunch,DoorDash - Delivery,600000035111089443,600000027695871780,600000027695871781,,,Sauce On Side 酱汁分开,600000027695860434,Sauce 酱汁,600000010081899532,Kale Salad with Sesame Dressing Ⓥ 麻酱羽衣甘蓝沙拉,,0.00,0.00,0.00,1.0,false,,
Cupertino,600000035110814792,4,1/29/25 11:10 AM,1/29/25 11:10 AM,600000035110757997,Default Online Ordering,,,Lunch,DoorDash - Delivery,600000035111089444,,,,,Yichen,,,600000010081899532,Kale Salad with Sesame Dressing Ⓥ 麻酱羽衣甘蓝沙拉,,0.00,0.00,0.00,1.0,false,,
Cupertino,600000035110814792,4,1/29/25 11:10 AM,1/29/25 11:10 AM,600000035110757997,Default Online Ordering,,,Lunch,DoorDash - Delivery,600000035111089446,,,,,Yichen,,,600000010081905518,Chicken & Vegetable Wontons in Chicken Soup 鸡汤菜肉大馄饨,,0.00,0.00,0.00,1.0,false,,
Cupertino,600000035111211568,5,1/29/25 11:18 AM,1/29/25 11:18 AM,600000035111206469,Default Online Ordering,,,Lunch,DoorDash - Delivery,600000035111337836,600000027696332693,600000027696332694,,,No Romaine Lettuce 不要罗马生菜丝,600000010081888885,Ingredients 原料,600000010081888887,Vegetarian Spicy (Ma La) Noodles Ⓥ 🌶️🌶️ 素麻辣小面,,0.00,0.00,0.00,1.0,false,,
Cupertino,600000035111701001,6,1/29/25 11:30 AM,1/29/25 11:30 AM,600000035111700502,Default Online Ordering,,,Lunch,DoorDash - Delivery,600000035111700458,600000027696332689,600000027696332690,,,No Preserved Mustard Strips 不要榨菜,600000010081888885,Ingredients 原料,600000010081888887,Vegetarian Spicy (Ma La) Noodles Ⓥ 🌶️🌶️ 素麻辣小面,,0.00,0.00,0.00,1.0,false,,
Cupertino,600000035111701001,6,1/29/25 11:30 AM,1/29/25 11:30 AM,600000035111700502,Default Online Ordering,,,Lunch,DoorDash - Delivery,600000035111700459,600000027696332693,600000027696332694,,,No Romaine Lettuce 不要罗马生菜丝,600000010081888885,Ingredients 原料,600000010081888887,Vegetarian Spicy (Ma La) Noodles Ⓥ 🌶️🌶️ 素麻辣小面,,0.00,0.00,0.00,1.0,false,,
Cupertino,600000035111760879,7,1/29/25 11:32 AM,1/29/25 11:31 AM,600000035111760878,Yafang Chen,A2,Dining Room,Lunch,Dine In,600000035111760867,,,,,To Go,,,600000010081831015,Beef Pancake Roll (1) 酱香牛肉卷饼 (不辣),,0.00,0.00,0.00,1.0,false,,
Cupertino,600000035112143506,11,1/29/25 11:46 AM,1/29/25 11:46 AM,600000035112143456,Default Online Ordering,,,Lunch,DoorDash - Takeout,600000035112116547,,,,,Include plasticware,,,600000010081865189,Beef Steamed Dumplings (6) 牛肉蒸饺,,0.00,0.00,0.00,1.0,false,,
Cupertino,600000035112143506,11,1/29/25 11:46 AM,1/29/25 11:46 AM,600000035112143456,Default Online Ordering,,,Lunch,DoorDash - Takeout,600000035112116549,,,,,Include plasticware,,,600000010081905518,Chicken & Vegetable Wontons in Chicken Soup 鸡汤菜肉大馄饨,,0.00,0.00,0.00,1.0,false,,
Cupertino,600000035112143506,11,1/29/25 11:46 AM,1/29/25 11:46 AM,600000035112143456,Default Online Ordering,,,Lunch,DoorDash - Takeout,600000035112177901,,,,,Include plasticware,,,600000010081837613,Chicken Xiao Long Bao (8) 鸡肉小笼包,,0.00,0.00,0.00,1.0,false,,
Cupertino,600000035112148022,12,1/29/25 11:50 AM,1/29/25 11:50 AM,600000035112147972,Default Online Ordering,B1,Dining Room,Lunch,Dine In,600000035112273128,600000027297452340,600000027297452341,,,Pork Xiao Long Bao (8) 鲜肉小笼包,600000027297452338,COMB A Options,600000027297452336,COMB A,SOUP DUMPLINGS,0.00,0.00,0.00,1.0,false,,
Cupertino,600000035112148022,12,1/29/25 11:50 AM,1/29/25 11:50 AM,600000035112147972,Default Online Ordering,B1,Dining Room,Lunch,Dine In,600000035112273129,600000033258299949,600000033258302350,,,Dan Dan Noodle 担担面,600000033258296896,COMB A Option,600000027297452336,COMB A,,0.00,0.00,0.00,1.0,false,,
Cupertino,600000035112148022,12,1/29/25 11:50 AM,1/29/25 11:50 AM,600000035112147972,Default Online Ordering,B1,Dining Room,Lunch,Dine In,600000035112273130,600000027297453978,600000027297453979,,,Thai Milk Tea 泰式奶茶,600000027297452348,Cold Drinks,600000027297452336,COMB A,BEVERAGES,0.00,0.00,0.00,1.0,false,,
Cupertino,600000035112380799,13,1/29/25 11:53 AM,1/29/25 11:53 AM,600000035112380798,Yafang Chen,A6,Dining Room,Lunch,Dine In,600000035112380781,600000027297452340,600000027297452341,,,Pork Xiao Long Bao (8) 鲜肉小笼包,600000027297452338,COMB A Options,600000027297452336,COMB A,SOUP DUMPLINGS,0.00,0.00,0.00,1.0,false,,
Cupertino,600000035112380799,13,1/29/25 11:53 AM,1/29/25 11:53 AM,600000035112380798,Yafang Chen,A6,Dining Room,Lunch,Dine In,600000035112380782,600000033258299949,600000033258302350,,,Dan Dan Noodle 担担面,600000033258296896,COMB A Option,600000027297452336,COMB A,,0.00,0.00,0.00,1.0,false,,
Cupertino,600000035112380799,13,1/29/25 11:53 AM,1/29/25 11:53 AM,600000035112380798,Yafang Chen,A6,Dining Room,Lunch,Dine In,600000035112380783,600000027297453982,600000027297453983,,,Ube Milk Tea 紫薯奶茶,600000027297452348,Cold Drinks,600000027297452336,COMB A,BEVERAGES,0.00,0.00,0.00,1.0,false,,
Cupertino,600000035112380799,13,1/29/25 11:53 AM,1/29/25 11:53 AM,600000035112380798,Yafang Chen,A6,Dining Room,Lunch,Dine In,600000035112380786,600000027297453998,600000027297453999,,,Pork Xiao Long Bao (8) 鲜肉小笼包,600000027297453996,COMB B Options,600000027297453990,COMB B,SOUP DUMPLINGS,0.00,0.00,0.00,1.0,false,,
Cupertino,600000035112380799,13,1/29/25 11:53 AM,1/29/25 11:53 AM,600000035112380798,Yafang Chen,A6,Dining Room,Lunch,Dine In,600000035112380787,600000033258323865,600000033258323866,,,Pork & Shrimp Pot Stickers 猪锅贴,600000033258320642,COMB B Option,600000027297453990,COMB B,,0.00,0.00,0.00,1.0,false,,
Cupertino,600000035112380799,13,1/29/25 11:53 AM,1/29/25 11:53 AM,600000035112380798,Yafang Chen,A6,Dining Room,Lunch,Dine In,600000035112380788,600000027297453974,600000027297453975,,,Sour Plum Juice 酸梅汁,600000027297454411,Cold Drinks,600000027297453990,COMB B,BEVERAGES,0.00,0.00,0.00,1.0,false,,
Cupertino,600000035112380799,13,1/29/25 11:53 AM,1/29/25 11:53 AM,600000035112380798,Yafang Chen,A6,Dining Room,Lunch,Dine In,600000035112380791,600000030014214817,600000030014214818,,,Pork & Crab Meat Xiao Long Bao (8) 🦐 蟹肉小笼包,600000027297454430,COMB C Options,600000027297454428,COMB C,SOUP DUMPLINGS,0.00,0.00,0.00,1.0,false,,
Cupertino,600000035112380799,13,1/29/25 11:53 AM,1/29/25 11:53 AM,600000035112380798,Yafang Chen,A6,Dining Room,Lunch,Dine In,600000035112380792,600000033258343127,600000033258343128,,,Chicken Veggie Wonton w/Chicken Broth  鸡汤大馄饨,600000033258340028,COMB C Option,600000027297454428,COMB C,,0.00,0.00,0.00,1.0,false,,
Cupertino,600000035112380799,13,1/29/25 11:53 AM,1/29/25 11:53 AM,600000035112380798,Yafang Chen,A6,Dining Room,Lunch,Dine In,600000035112380793,600000027297453974,600000027297453975,,,Sour Plum Juice 酸梅汁,600000027297454441,Cold Drinks,600000027297454428,COMB C,BEVERAGES,0.00,0.00,0.00,1.0,false,,
Cupertino,600000035112250544,16,1/29/25 11:58 AM,1/29/25 11:58 AM,600000035112212199,Default Online Ordering,,,Lunch,DoorDash - Takeout,600000035112475190,,,,,Include plasticware,,,600000010081823847,Green Onion Pancake (1) Ⓥ 葱油饼,,0.00,0.00,0.00,1.0,false,,
Cupertino,600000035112250544,16,1/29/25 11:58 AM,1/29/25 11:58 AM,600000035112212199,Default Online Ordering,,,Lunch,DoorDash - Takeout,600000035112475192,,,,,Include plasticware,,,600000010081829146,Spicy Beef Pancake Roll (1) 🌶️🌶️ 麻辣牛肉卷饼,,0.00,0.00,0.00,1.0,false,,
Cupertino,600000035112250544,16,1/29/25 11:58 AM,1/29/25 11:58 AM,600000035112212199,Default Online Ordering,,,Lunch,DoorDash - Takeout,600000035112475194,,,,,Include plasticware,,,600000010081857563,Pork Wontons in Chili Sauce (6) 🌶️ 红油猪肉抄手,,0.00,0.00,0.00,1.0,false,,
Cupertino,600000035112250544,16,1/29/25 11:58 AM,1/29/25 11:58 AM,600000035112212199,Default Online Ordering,,,Lunch,DoorDash - Takeout,600000035112475196,,,,,Include plasticware,,,600000010081880028,Dan Dan Noodles Ⓥ🌶️🌶️ 担担面,,0.00,0.00,0.00,1.0,false,,
Cupertino,600000035112250544,16,1/29/25 11:58 AM,1/29/25 11:58 AM,600000035112212199,Default Online Ordering,,,Lunch,DoorDash - Takeout,600000035112475198,,,,,Include plasticware,,,600000010081892480,Beef-Stew Noodles 🌶️ 秘制牛肉小面,,0.00,0.00,0.00,1.0,false,,
Cupertino,600000035112250544,16,1/29/25 11:58 AM,1/29/25 11:58 AM,600000035112212199,Default Online Ordering,,,Lunch,DoorDash - Takeout,600000035112526400,,,,,Include plasticware,,,600000010081874216,Spicy Beef Shank 🌶️🌶️ 麻辣牛腱,,0.00,0.00,0.00,1.0,false,,
Cupertino,600000035112250544,16,1/29/25 11:58 AM,1/29/25 11:58 AM,600000035112212199,Default Online Ordering,,,Lunch,DoorDash - Takeout,600000035112526402,,,,,Include plasticware,,,600000010081834427,Pork Xiao Long Bao (8) 鲜肉小笼包,,0.00,0.00,0.00,1.0,false,,
Cupertino,600000035112932221,19,1/29/25 12:33 PM,1/29/25 12:12 PM,600000035112932220,andres valencia,B6,Dining Room,Lunch,Dine In,600000035113513797,,,,,To Go,,,600000010081847463,Beef Potstickers (6) 牛肉锅贴,,0.00,0.00,0.00,1.0,false,,
Cupertino,600000035112932221,19,1/29/25 12:33 PM,1/29/25 12:12 PM,600000035112932220,andres valencia,B6,Dining Room,Lunch,Dine In,600000035113515350,,,,,To Go,,,600000010081892480,Beef-Stew Noodles 🌶️ 秘制牛肉小面,,0.00,0.00,0.00,1.0,false,,
Cupertino,600000035113511666,26,1/29/25 12:37 PM,1/29/25 12:37 PM,600000035113487818,Default Online Ordering,B4,Dining Room,Lunch,Dine In,600000035113604552,600000030014089445,600000030014089446,,,Pork & Crab Meat Xiao Long Bao (8) 🦐 蟹肉小笼包,600000027297452338,COMB A Options,600000027297452336,COMB A,SOUP DUMPLINGS,0.00,0.00,0.00,1.0,false,,
Cupertino,600000035113511666,26,1/29/25 12:37 PM,1/29/25 12:37 PM,600000035113487818,Default Online Ordering,B4,Dining Room,Lunch,Dine In,600000035113604553,600000033258299949,600000033258302350,,,Dan Dan Noodle 担担面,600000033258296896,COMB A Option,600000027297452336,COMB A,,0.00,0.00,0.00,1.0,false,,
Cupertino,600000035113511666,26,1/29/25 12:37 PM,1/29/25 12:37 PM,600000035113487818,Default Online Ordering,B4,Dining Room,Lunch,Dine In,600000035113604554,600000027297453978,600000027297453979,,,Thai Milk Tea 泰式奶茶,600000027297452348,Cold Drinks,600000027297452336,COMB A,BEVERAGES,0.00,0.00,0.00,1.0,false,,
Cupertino,600000035113454594,28,1/29/25 12:42 PM,1/29/25 12:42 PM,600000035113454544,Default Online Ordering,,,Lunch,DoorDash - Delivery,600000035113715870,,,,,Include plasticware,,,600000010081850666,Pan Fried Wontons with Sweet & Spicy Garlic Sauce (6) 甜辣香煎大馄饨,,0.00,0.00,0.00,1.0,false,,
Cupertino,600000035113454594,28,1/29/25 12:42 PM,1/29/25 12:42 PM,600000035113454544,Default Online Ordering,,,Lunch,DoorDash - Delivery,600000035113715872,,,,,Include plasticware,,,600000010081845158,Chicken Potstickers (6) 鸡肉锅贴,,0.00,0.00,0.00,2.0,false,,
Cupertino,600000035113454594,28,1/29/25 12:42 PM,1/29/25 12:42 PM,600000035113454544,Default Online Ordering,,,Lunch,DoorDash - Delivery,600000035113715874,,,,,Include plasticware,,,600000010081862679,Vegetable Steamed Dumplings (6) Ⓥ 素三鲜蒸饺,,0.00,0.00,0.00,2.0,false,,
Cupertino,600000035113454594,28,1/29/25 12:42 PM,1/29/25 12:42 PM,600000035113454544,Default Online Ordering,,,Lunch,DoorDash - Delivery,600000035113715876,,,,,Include plasticware,,,600000010081843259,Vegetable Potstickers (6) Ⓥ 素三鲜锅贴,,0.00,0.00,0.00,1.0,false,,
Cupertino,600000035113454594,28,1/29/25 12:42 PM,1/29/25 12:42 PM,600000035113454544,Default Online Ordering,,,Lunch,DoorDash - Delivery,600000035113715878,,,,,Include plasticware,,,600000010081834427,Pork Xiao Long Bao (8) 鲜肉小笼包,,0.00,0.00,0.00,1.0,false,,
Cupertino,600000035113822265,29,1/29/25 12:50 PM,1/29/25 12:50 PM,600000035113797818,Default Online Ordering,,,Lunch,DoorDash - Delivery,600000035113948507,,,,,Include plasticware,,,600000010081849365,Pan Fried Wontons with Chili Sauce (6) 红油香煎大馄饨,,0.00,0.00,0.00,1.0,false,,
Cupertino,600000035113822265,29,1/29/25 12:50 PM,1/29/25 12:50 PM,600000035113797818,Default Online Ordering,,,Lunch,DoorDash - Delivery,600000035113948509,,,,,Include plasticware,,,600000010081862679,Vegetable Steamed Dumplings (6) Ⓥ 素三鲜蒸饺,,0.00,0.00,0.00,2.0,false,,
Cupertino,600000035113822265,29,1/29/25 12:50 PM,1/29/25 12:50 PM,600000035113797818,Default Online Ordering,,,Lunch,DoorDash - Delivery,600000035113948511,,,,,Include plasticware,,,600000010081843259,Vegetable Potstickers (6) Ⓥ 素三鲜锅贴,,0.00,0.00,0.00,2.0,false,,
Cupertino,600000035113822265,29,1/29/25 12:50 PM,1/29/25 12:50 PM,600000035113797818,Default Online Ordering,,,Lunch,DoorDash - Delivery,600000035113948513,,,,,Include plasticware,,,600000010081845158,Chicken Potstickers (6) 鸡肉锅贴,,0.00,0.00,0.00,1.0,false,,
Cupertino,600000035113822265,29,1/29/25 12:50 PM,1/29/25 12:50 PM,600000035113797818,Default Online Ordering,,,Lunch,DoorDash - Delivery,600000035113948515,,,,,Include plasticware,,,600000026820238595,High Tail Shrimp & Pork Steamed Dumplings (6) 🦐 翘尾鲜虾蒸饺,,0.00,0.00,0.00,1.0,false,,
Cupertino,600000035113822265,29,1/29/25 12:50 PM,1/29/25 12:50 PM,600000035113797818,Default Online Ordering,,,Lunch,DoorDash - Delivery,600000035113948517,,,,,Include plasticware,,,600000010081834427,Pork Xiao Long Bao (8) 鲜肉小笼包,,0.00,0.00,0.00,2.0,false,,
Cupertino,600000035113839791,31,1/29/25 12:57 PM,1/29/25 12:57 PM,600000035113839741,Default Online Ordering,A6,Dining Room,Lunch,Dine In,600000035114124566,600000030014147180,600000030014147181,,,Pork & Crab Meat Xiao Long Bao (8) 🦐 蟹肉小笼包,600000027297453996,COMB B Options,600000027297453990,COMB B,SOUP DUMPLINGS,0.00,0.00,0.00,1.0,false,,
Cupertino,600000035113839791,31,1/29/25 12:57 PM,1/29/25 12:57 PM,600000035113839741,Default Online Ordering,A6,Dining Room,Lunch,Dine In,600000035114124567,600000033258323865,600000033258323866,,,Pork & Shrimp Pot Stickers 猪锅贴,600000033258320642,COMB B Option,600000027297453990,COMB B,,0.00,0.00,0.00,1.0,false,,
Cupertino,600000035113839791,31,1/29/25 12:57 PM,1/29/25 12:57 PM,600000035113839741,Default Online Ordering,A6,Dining Room,Lunch,Dine In,600000035114124568,600000027297453954,600000027297453955,,,Diet Coke,600000027297454411,Cold Drinks,600000027297453990,COMB B,BEVERAGES,0.00,0.00,0.00,1.0,false,,
Cupertino,600000035114044115,32,1/29/25 12:57 PM,1/29/25 12:57 PM,600000035114026967,Default Online Ordering,,,Lunch,DoorDash - Delivery,600000035114126119,,,,,Include plasticware,,,600000010081845158,Chicken Potstickers (6) 鸡肉锅贴,,0.00,0.00,0.00,1.0,false,,
Cupertino,600000035114044115,32,1/29/25 12:57 PM,1/29/25 12:57 PM,600000035114026967,Default Online Ordering,,,Lunch,DoorDash - Delivery,600000035114126121,,,,,Include plasticware,,,600000010081846333,Pork & Shrimp Potstickers (6) 🦐 猪肉三鲜锅贴,,0.00,0.00,0.00,1.0,false,,
Cupertino,600000035114044115,32,1/29/25 12:57 PM,1/29/25 12:57 PM,600000035114026967,Default Online Ordering,,,Lunch,DoorDash - Delivery,600000035114126123,,,,,Include plasticware,,,600000010081892480,Beef-Stew Noodles 🌶️ 秘制牛肉小面,,0.00,0.00,0.00,1.0,false,,
Cupertino,600000035114044115,32,1/29/25 12:57 PM,1/29/25 12:57 PM,600000035114026967,Default Online Ordering,,,Lunch,DoorDash - Delivery,600000035114126125,,,,,Include plasticware,,,600000010081883486,Green Onion Soy Sauce Noodles Ⓥ 葱油拌面,,0.00,0.00,0.00,1.0,false,,
Cupertino,600000035114109915,33,1/29/25 1:00 PM,1/29/25 1:00 PM,600000035114088466,Default Online Ordering,A1,Dining Room,Lunch,Dine In,600000035114182889,600000031727085237,600000031727085238,,,No Spicy 不要辣,600000031727019038,Sauce 酱汁,600000031726935734,Chinese Crepe 煎饼果子 (薄脆),,0.00,0.00,0.00,1.0,false,,
Cupertino,600000035114067486,35,1/29/25 1:01 PM,1/29/25 1:01 PM,600000035114067436,Default Online Ordering,A5,Dining Room,Lunch,Dine In,600000035114234018,600000027695817041,600000027695817042,,,No Chili Oil 不要红油,600000027695801376,Sauce 酱汁,600000010081905403,Sweet & Sour Cucumber Ⓥ 🌶️ 甜辣小黄瓜,,0.00,0.00,0.00,1.0,false,,
Cupertino,600000035114109928,38,1/29/25 1:05 PM,1/29/25 1:05 PM,600000035114088479,Default Online Ordering,,,Lunch,DoorDash - Takeout,600000035114355407,,,,,Include plasticware,,,600000010081823847,Green Onion Pancake (1) Ⓥ 葱油饼,,0.00,0.00,0.00,1.0,false,,
Cupertino,600000035114109928,38,1/29/25 1:05 PM,1/29/25 1:05 PM,600000035114088479,Default Online Ordering,,,Lunch,DoorDash - Takeout,600000035114355409,,,,,Include plasticware,,,600000010081849365,Pan Fried Wontons with Chili Sauce (6) 红油香煎大馄饨,,0.00,0.00,0.00,1.0,false,,
Cupertino,600000035114109928,38,1/29/25 1:05 PM,1/29/25 1:05 PM,600000035114088479,Default Online Ordering,,,Lunch,DoorDash - Takeout,600000035114355411,,,,,Include plasticware,,,600000010081905518,Chicken & Vegetable Wontons in Chicken Soup 鸡汤菜肉大馄饨,,0.00,0.00,0.00,2.0,false,,
Cupertino,600000035114109928,38,1/29/25 1:05 PM,1/29/25 1:05 PM,600000035114088479,Default Online Ordering,,,Lunch,DoorDash - Takeout,600000035114355413,,,,,Include plasticware,,,600000010081905403,Sweet & Sour Cucumber Ⓥ 🌶️ 甜辣小黄瓜,,0.00,0.00,0.00,2.0,false,,
Cupertino,600000035114109928,38,1/29/25 1:05 PM,1/29/25 1:05 PM,600000035114088479,Default Online Ordering,,,Lunch,DoorDash - Takeout,600000035114355415,,,,,Include plasticware,,,600000010081837613,Chicken Xiao Long Bao (8) 鸡肉小笼包,,0.00,0.00,0.00,2.0,false,,
Cupertino,600000035114341127,39,1/29/25 1:10 PM,1/29/25 1:10 PM,600000035114316028,Default Online Ordering,,,Lunch,DoorDash - Takeout,600000035114500207,,,,,Include plasticware,,,600000010081845158,Chicken Potstickers (6) 鸡肉锅贴,,0.00,0.00,0.00,2.0,false,,
Cupertino,600000035114341127,39,1/29/25 1:10 PM,1/29/25 1:10 PM,600000035114316028,Default Online Ordering,,,Lunch,DoorDash - Takeout,600000035114500209,,,,,Include plasticware,,,600000010081899532,Kale Salad with Sesame Dressing Ⓥ 麻酱羽衣甘蓝沙拉,,0.00,0.00,0.00,1.0,false,,
Cupertino,600000035114341127,39,1/29/25 1:10 PM,1/29/25 1:10 PM,600000035114316028,Default Online Ordering,,,Lunch,DoorDash - Takeout,600000035114500211,,,,,Include plasticware,,,600000010081883486,Green Onion Soy Sauce Noodles Ⓥ 葱油拌面,,0.00,0.00,0.00,1.0,false,,
Cupertino,600000035114341127,39,1/29/25 1:10 PM,1/29/25 1:10 PM,600000035114316028,Default Online Ordering,,,Lunch,DoorDash - Takeout,600000035114500213,,,,,Include plasticware,,,600000010081834427,Pork Xiao Long Bao (8) 鲜肉小笼包,,0.00,0.00,0.00,1.0,false,,
Cupertino,600000035114500961,40,1/29/25 1:13 PM,1/29/25 1:13 PM,600000035114500911,Default Online Ordering,B4,Dining Room,Lunch,Dine In,600000035114529779,600000030014089445,600000030014089446,,,Pork & Crab Meat Xiao Long Bao (8) 🦐 蟹肉小笼包,600000027297452338,COMB A Options,600000027297452336,COMB A,SOUP DUMPLINGS,0.00,0.00,0.00,1.0,false,,
Cupertino,600000035114500961,40,1/29/25 1:13 PM,1/29/25 1:13 PM,600000035114500911,Default Online Ordering,B4,Dining Room,Lunch,Dine In,600000035114529780,600000033258299949,600000033258302350,,,Dan Dan Noodle 担担面,600000033258296896,COMB A Option,600000027297452336,COMB A,,0.00,0.00,0.00,1.0,false,,
Cupertino,600000035114500961,40,1/29/25 1:13 PM,1/29/25 1:13 PM,600000035114500911,Default Online Ordering,B4,Dining Room,Lunch,Dine In,600000035114529781,600000027297453978,600000027297453979,,,Thai Milk Tea 泰式奶茶,600000027297452348,Cold Drinks,600000027297452336,COMB A,BEVERAGES,0.00,0.00,0.00,1.0,false,,
Cupertino,600000035114500961,40,1/29/25 1:13 PM,1/29/25 1:13 PM,600000035114500911,Default Online Ordering,B4,Dining Room,Lunch,Dine In,600000035114529783,600000030014147180,600000030014147181,,,Pork & Crab Meat Xiao Long Bao (8) 🦐 蟹肉小笼包,600000027297453996,COMB B Options,600000027297453990,COMB B,SOUP DUMPLINGS,0.00,0.00,0.00,1.0,false,,
Cupertino,600000035114500961,40,1/29/25 1:13 PM,1/29/25 1:13 PM,600000035114500911,Default Online Ordering,B4,Dining Room,Lunch,Dine In,600000035114529784,600000033258323865,600000033258323866,,,Pork & Shrimp Pot Stickers 猪锅贴,600000033258320642,COMB B Option,600000027297453990,COMB B,,0.00,0.00,0.00,1.0,false,,
Cupertino,600000035114500961,40,1/29/25 1:13 PM,1/29/25 1:13 PM,600000035114500911,Default Online Ordering,B4,Dining Room,Lunch,Dine In,600000035114529785,600000027297453970,600000027297453971,,,Milk Tea 冰奶茶,600000027297454411,Cold Drinks,600000027297453990,COMB B,BEVERAGES,0.00,0.00,0.00,1.0,false,,
Cupertino,600000035115306396,42,1/29/25 1:52 PM,1/29/25 1:52 PM,600000035115306147,Default Online Ordering,B3,Dining Room,Lunch,Dine In,600000035115565996,600000027297452340,600000027297452341,,,Pork Xiao Long Bao (8) 鲜肉小笼包,600000027297452338,COMB A Options,600000027297452336,COMB A,SOUP DUMPLINGS,0.00,0.00,0.00,1.0,false,,
Cupertino,600000035115306396,42,1/29/25 1:52 PM,1/29/25 1:52 PM,600000035115306147,Default Online Ordering,B3,Dining Room,Lunch,Dine In,600000035115565997,600000033258299949,600000033258302350,,,Dan Dan Noodle 担担面,600000033258296896,COMB A Option,600000027297452336,COMB A,,0.00,0.00,0.00,1.0,false,,
Cupertino,600000035115306396,42,1/29/25 1:52 PM,1/29/25 1:52 PM,600000035115306147,Default Online Ordering,B3,Dining Room,Lunch,Dine In,600000035115565998,600000027297453970,600000027297453971,,,Milk Tea 冰奶茶,600000027297452348,Cold Drinks,600000027297452336,COMB A,BEVERAGES,0.00,0.00,0.00,1.0,false,,
Cupertino,600000035115306396,42,1/29/25 1:52 PM,1/29/25 1:52 PM,600000035115306147,Default Online Ordering,B3,Dining Room,Lunch,Dine In,600000035115636950,600000030014147180,600000030014147181,,,Pork & Crab Meat Xiao Long Bao (8) 🦐 蟹肉小笼包,600000027297453996,COMB B Options,600000027297453990,COMB B,SOUP DUMPLINGS,0.00,0.00,0.00,1.0,false,,
Cupertino,600000035115306396,42,1/29/25 1:52 PM,1/29/25 1:52 PM,600000035115306147,Default Online Ordering,B3,Dining Room,Lunch,Dine In,600000035115636951,600000033258323865,600000033258323866,,,Pork & Shrimp Pot Stickers 猪锅贴,600000033258320642,COMB B Option,600000027297453990,COMB B,,0.00,0.00,0.00,1.0,false,,
Cupertino,600000035115306396,42,1/29/25 1:52 PM,1/29/25 1:52 PM,600000035115306147,Default Online Ordering,B3,Dining Room,Lunch,Dine In,600000035115636952,600000027297453974,600000027297453975,,,Sour Plum Juice 酸梅汁,600000027297454411,Cold Drinks,600000027297453990,COMB B,BEVERAGES,0.00,0.00,0.00,1.0,false,,
Cupertino,600000035115840312,43,1/29/25 2:02 PM,1/29/25 2:02 PM,600000035115823515,Default Online Ordering,B1,Dining Room,Lunch,Dine In,600000035115881168,600000027692292271,600000027692292272,,,No Cucumber Pickle 不要酸黄瓜,600000010081827850,Ingredients 原料,600000010081827857,Beef Sandwich (1) 大嘴牛肉包 (不辣),,0.00,0.00,0.00,1.0,false,,
Cupertino,600000035116440763,45,1/29/25 2:18 PM,1/29/25 2:17 PM,600000035116440762,Yafang Chen,B6,Dining Room,Lunch,Dine In,600000035116440753,600000027297452340,600000027297452341,,,Pork Xiao Long Bao (8) 鲜肉小笼包,600000027297452338,COMB A Options,600000027297452336,COMB A,SOUP DUMPLINGS,0.00,0.00,0.00,1.0,false,,
Cupertino,600000035116440763,45,1/29/25 2:18 PM,1/29/25 2:17 PM,600000035116440762,Yafang Chen,B6,Dining Room,Lunch,Dine In,600000035116440754,600000033258299949,600000033258302350,,,Dan Dan Noodle 担担面,600000033258296896,COMB A Option,600000027297452336,COMB A,,0.00,0.00,0.00,1.0,false,,
Cupertino,600000035116440763,45,1/29/25 2:18 PM,1/29/25 2:17 PM,600000035116440762,Yafang Chen,B6,Dining Room,Lunch,Dine In,600000035116440755,600000027297453950,600000027297453951,,,Coke,600000027297452348,Cold Drinks,600000027297452336,COMB A,BEVERAGES,0.00,0.00,0.00,1.0,false,,
Cupertino,600000035117638765,52,1/29/25 2:52 PM,1/29/25 2:52 PM,600000035117638715,Default Online Ordering,,,Lunch,DoorDash - Takeout,600000035117690726,,,,,Include plasticware,,,600000010081846333,Pork & Shrimp Potstickers (6) 🦐 猪肉三鲜锅贴,,0.00,0.00,0.00,1.0,false,,
Cupertino,600000035120509283,61,1/29/25 3:55 PM,1/29/25 3:55 PM,600000035120508984,Default Online Ordering,,,Lunch,DoorDash - Takeout,600000035120750156,,,,,Include plasticware,,,600000010081831015,Beef Pancake Roll (1) 酱香牛肉卷饼 (不辣),,0.00,0.00,0.00,1.0,false,,
Cupertino,600000035120509283,61,1/29/25 3:55 PM,1/29/25 3:55 PM,600000035120508984,Default Online Ordering,,,Lunch,DoorDash - Takeout,600000035120750158,,,,,Include plasticware,,,600000010081829146,Spicy Beef Pancake Roll (1) 🌶️🌶️ 麻辣牛肉卷饼,,0.00,0.00,0.00,1.0,false,,
Cupertino,600000035120509283,61,1/29/25 3:55 PM,1/29/25 3:55 PM,600000035120508984,Default Online Ordering,,,Lunch,DoorDash - Takeout,600000035120750160,,,,,Include plasticware,,,600000010081834427,Pork Xiao Long Bao (8) 鲜肉小笼包,,0.00,0.00,0.00,5.0,false,,
Cupertino,600000035121198273,63,1/29/25 4:06 PM,1/29/25 4:06 PM,600000035121198223,Default Online Ordering,,,Dinner,DoorDash - Delivery,600000035121327216,600000027696251284,600000027696251285,,,No Green Onion 不要葱花,600000010081883484,Ingredients 原料,600000010081883486,Green Onion Soy Sauce Noodles Ⓥ 葱油拌面,,0.00,0.00,0.00,1.0,false,,
Cupertino,600000035121739920,66,1/29/25 4:17 PM,1/29/25 4:17 PM,600000035121739870,Default Online Ordering,,,Dinner,DoorDash - Delivery,600000035121904955,600000027695504499,600000027695506400,,,Sauce On Side 酱汁分开,600000027695469677,Sauce 酱汁,600000010081852343,Chicken & Vegetable Wontons in Chili Sauce (6) 🌶️ 红油菜肉大馄饨,,0.00,0.00,0.00,1.0,false,,
Cupertino,600000035123443561,75,1/29/25 4:48 PM,1/29/25 4:48 PM,600000035123443511,Default Online Ordering,,,Dinner,DoorDash - Takeout,600000035123475248,,,,,Include plasticware,,,600000010081845158,Chicken Potstickers (6) 鸡肉锅贴,,0.00,0.00,0.00,1.0,false,,
Cupertino,600000035123443561,75,1/29/25 4:48 PM,1/29/25 4:48 PM,600000035123443511,Default Online Ordering,,,Dinner,DoorDash - Takeout,600000035123506050,,,,,Include plasticware,,,600000010081892480,Beef-Stew Noodles 🌶️ 秘制牛肉小面,,0.00,0.00,0.00,1.0,false,,
Cupertino,600000035123443561,75,1/29/25 4:48 PM,1/29/25 4:48 PM,600000035123443511,Default Online Ordering,,,Dinner,DoorDash - Takeout,600000035123506052,,,,,Include plasticware,,,600000010081834427,Pork Xiao Long Bao (8) 鲜肉小笼包,,0.00,0.00,0.00,1.0,false,,
Cupertino,600000035124088846,81,1/29/25 5:08 PM,1/29/25 5:08 PM,600000035124076449,Default Online Ordering,,,Dinner,DoorDash - Delivery,600000035124416334,,,,,Include plasticware,,,600000010081852343,Chicken & Vegetable Wontons in Chili Sauce (6) 🌶️ 红油菜肉大馄饨,,0.00,0.00,0.00,1.0,false,,
Cupertino,600000035124088846,81,1/29/25 5:08 PM,1/29/25 5:08 PM,600000035124076449,Default Online Ordering,,,Dinner,DoorDash - Delivery,600000035124416336,,,,,Include plasticware,,,600000010081837613,Chicken Xiao Long Bao (8) 鸡肉小笼包,,0.00,0.00,0.00,1.0,false,,
Cupertino,600000035124984154,83,1/29/25 5:21 PM,1/29/25 5:21 PM,600000035124984104,Default Online Ordering,,,Dinner,DoorDash - Takeout,600000035124985763,600000027695948679,600000027695948680,,,Sauce On Side 酱汁分开,600000027695937344,Sauce 酱汁,600000010081902976,Romaine Lettuce Salad with Sesame Dressing Ⓥ 麻酱生菜沙拉,,0.00,0.00,0.00,2.0,false,,
Cupertino,600000035125446011,88,1/29/25 5:34 PM,1/29/25 5:34 PM,600000035125443762,Default Online Ordering,A7,Dining Room,Dinner,Dine In,600000035125505966,600000027695817041,600000027695817042,,,No Chili Oil 不要红油,600000027695801376,Sauce 酱汁,600000010081905403,Sweet & Sour Cucumber Ⓥ 🌶️ 甜辣小黄瓜,,0.00,0.00,0.00,1.0,false,,
Cupertino,600000035125713196,98,1/29/25 5:48 PM,1/29/25 5:48 PM,600000035125713146,Default Online Ordering,B7,Dining Room,Dinner,Dine In,600000035126065990,600000027696436293,600000027696436294,,,No Green Onion 不要葱花,600000010081895354,Ingredients 原料,600000010081892480,Beef-Stew Noodles 🌶️ 秘制牛肉小面,,0.00,0.00,0.00,1.0,false,,
Cupertino,600000035125713196,98,1/29/25 5:48 PM,1/29/25 5:48 PM,600000035125713146,Default Online Ordering,B7,Dining Room,Dinner,Dine In,600000035126065992,600000028482322726,600000028482322727,,,No Preserved Mustard Strips 不要榨菜,600000028482272477,Ingredients 原料,600000028210151889,Cold Noodles with Sesame Dressing Ⓥ 麻酱凉面,,0.00,0.00,0.00,1.0,false,,
Cupertino,600000035126381433,107,1/29/25 6:04 PM,1/29/25 6:04 PM,600000035126373135,Default Online Ordering,,,Dinner,DoorDash - Delivery,600000035126679766,600000027695871780,600000027695871781,,,Sauce On Side 酱汁分开,600000027695860434,Sauce 酱汁,600000010081899532,Kale Salad with Sesame Dressing Ⓥ 麻酱羽衣甘蓝沙拉,,0.00,0.00,0.00,1.0,false,,
Cupertino,600000035126381433,107,1/29/25 6:04 PM,1/29/25 6:04 PM,600000035126373135,Default Online Ordering,,,Dinner,DoorDash - Delivery,600000035126679769,600000027696170234,600000027696170235,,,No Yibin Sprouts 不要宜宾芽菜,600000027696127047,Ingredients 原料,600000010081880028,Dan Dan Noodles Ⓥ🌶️🌶️ 担担面,,0.00,0.00,0.00,1.0,false,,
Cupertino,600000035126381433,107,1/29/25 6:04 PM,1/29/25 6:04 PM,600000035126373135,Default Online Ordering,,,Dinner,DoorDash - Delivery,600000035126679771,600000027696290409,600000027696290410,,,No Yibin Sprouts 不要宜宾芽菜,600000010081888850,Ingredients 原料,600000010081886453,Yibin Noodles Ⓥ 🌶️ 宜宾燃面,,0.00,0.00,0.00,1.0,false,,
Cupertino,600000035126673299,110,1/29/25 6:16 PM,1/29/25 6:16 PM,600000035127077251,Default Online Ordering,,,Dinner,DoorDash - Delivery,600000035126981447,,,,,Include plasticware,,,600000010081823847,Green Onion Pancake (1) Ⓥ 葱油饼,,0.00,0.00,0.00,1.0,false,,
Cupertino,600000035126673299,110,1/29/25 6:16 PM,1/29/25 6:16 PM,600000035127077251,Default Online Ordering,,,Dinner,DoorDash - Delivery,600000035126981449,,,,,Include plasticware,,,600000010081847463,Beef Potstickers (6) 牛肉锅贴,,0.00,0.00,0.00,1.0,false,,
Cupertino,600000035126673299,110,1/29/25 6:16 PM,1/29/25 6:16 PM,600000035127077251,Default Online Ordering,,,Dinner,DoorDash - Delivery,600000035127110751,,,,,Include plasticware,,,600000010081864086,Chicken Steamed Dumplings (6) 鸡肉蒸饺,,0.00,0.00,0.00,1.0,false,,
Cupertino,600000035126673299,110,1/29/25 6:16 PM,1/29/25 6:16 PM,600000035127077251,Default Online Ordering,,,Dinner,DoorDash - Delivery,600000035127110753,,,,,Include plasticware,,,600000010081857563,Pork Wontons in Chili Sauce (6) 🌶️ 红油猪肉抄手,,0.00,0.00,0.00,1.0,false,,
Cupertino,600000035127075060,111,1/29/25 6:19 PM,1/29/25 6:19 PM,600000035127072061,Default Online Ordering,B2,Dining Room,Dinner,Dine In,600000035127115239,600000027695721240,600000027695721241,,,Sauce On Side 酱汁分开,600000027695692470,Sauce 酱汁,600000010081857563,Pork Wontons in Chili Sauce (6) 🌶️ 红油猪肉抄手,,0.00,0.00,0.00,1.0,false,,
Cupertino,600000035127124421,113,1/29/25 6:21 PM,1/29/25 6:21 PM,600000035127124371,Default Online Ordering,,,Dinner,DoorDash - Delivery,600000035127264723,600000031727053414,600000031727053415,,,No Green Onion 不要葱花,600000031727019036,Ingredients 原料,600000031726935734,Chinese Crepe 煎饼果子 (薄脆),,0.00,0.00,0.00,1.0,false,,
Cupertino,600000035127281365,115,1/29/25 6:24 PM,1/29/25 6:24 PM,600000035127281266,Default Online Ordering,A3,Dining Room,Dinner,Dine In,600000035127379409,,,,,For Robin.,,,600000010081823847,Green Onion Pancake (1) Ⓥ 葱油饼,,0.00,0.00,0.00,1.0,false,,
Cupertino,600000035127281365,115,1/29/25 6:24 PM,1/29/25 6:24 PM,600000035127281266,Default Online Ordering,A3,Dining Room,Dinner,Dine In,600000035127379411,,,,,For Robin.,,,600000010081846333,Pork & Shrimp Potstickers (6) 🦐 猪肉三鲜锅贴,,0.00,0.00,0.00,1.0,false,,
Cupertino,600000035127281365,115,1/29/25 6:24 PM,1/29/25 6:24 PM,600000035127281266,Default Online Ordering,A3,Dining Room,Dinner,Dine In,600000035127379413,,,,,For Robin.,,,600000010081890982,Minced Chicken Noodles 🌶️ 鸡肉肉燥小面,,0.00,0.00,0.00,1.0,false,,
Cupertino,600000035127281365,115,1/29/25 6:24 PM,1/29/25 6:24 PM,600000035127281266,Default Online Ordering,A3,Dining Room,Dinner,Dine In,600000035127379415,,,,,For Krizia Chang.,,,600000010081834427,Pork Xiao Long Bao (8) 鲜肉小笼包,,0.00,0.00,0.00,1.0,false,,
Cupertino,600000035127281365,115,1/29/25 6:24 PM,1/29/25 6:24 PM,600000035127281266,Default Online Ordering,A3,Dining Room,Dinner,Dine In,600000035127379417,,,,,For Krizia Chang.,,,600000010081905403,Sweet & Sour Cucumber Ⓥ 🌶️ 甜辣小黄瓜,,0.00,0.00,0.00,1.0,false,,
Cupertino,600000035127401960,116,1/29/25 6:28 PM,1/29/25 6:28 PM,600000035127339262,Default Online Ordering,,,Dinner,DoorDash - Takeout,600000035127435442,,,,,Include plasticware,,,600000010081857563,Pork Wontons in Chili Sauce (6) 🌶️ 红油猪肉抄手,,0.00,0.00,0.00,1.0,false,,
Cupertino,600000035127401960,116,1/29/25 6:28 PM,1/29/25 6:28 PM,600000035127339262,Default Online Ordering,,,Dinner,DoorDash - Takeout,600000035127435444,,,,,Include plasticware,,,600000010081831015,Beef Pancake Roll (1) 酱香牛肉卷饼 (不辣),,0.00,0.00,0.00,1.0,false,,
Cupertino,600000035127401960,116,1/29/25 6:28 PM,1/29/25 6:28 PM,600000035127339262,Default Online Ordering,,,Dinner,DoorDash - Takeout,600000035127435446,,,,,Include plasticware,,,600000010081835786,Pork & Crab Meat Xiao Long Bao (8) 🦐 蟹肉小笼包,,0.00,0.00,0.00,1.0,false,,
Cupertino,600000035127401960,116,1/29/25 6:28 PM,1/29/25 6:28 PM,600000035127339262,Default Online Ordering,,,Dinner,DoorDash - Takeout,600000035127435448,,,,,Include plasticware,,,600000010081834427,Pork Xiao Long Bao (8) 鲜肉小笼包,,0.00,0.00,0.00,1.0,false,,
Cupertino,600000035127401960,116,1/29/25 6:28 PM,1/29/25 6:28 PM,600000035127339262,Default Online Ordering,,,Dinner,DoorDash - Takeout,600000035127511400,,,,,Include plasticware,,,600000010081839187,Pan Fried Pork Buns (4) 特色鲜肉煎包,,0.00,0.00,0.00,1.0,false,,
Cupertino,600000035127780917,123,1/29/25 6:42 PM,1/29/25 6:42 PM,600000035127778419,Default Online Ordering,A4,Dining Room,Dinner,Dine In,600000035127854526,,,,,For Aditya.,,,600000010081924409,Diet Coke 健怡可乐,,0.00,0.00,0.00,1.0,false,,
Cupertino,600000035127780917,123,1/29/25 6:42 PM,1/29/25 6:42 PM,600000035127778419,Default Online Ordering,A4,Dining Room,Dinner,Dine In,600000035127896423,,,,,For Aditya.,,,600000010081880028,Dan Dan Noodles Ⓥ🌶️🌶️ 担担面,,0.00,0.00,0.00,1.0,false,,
Cupertino,600000035127780917,123,1/29/25 6:42 PM,1/29/25 6:42 PM,600000035127778419,Default Online Ordering,A4,Dining Room,Dinner,Dine In,600000035127896425,,,,,For Aditya.,,,600000010081843259,Vegetable Potstickers (6) Ⓥ 素三鲜锅贴,,0.00,0.00,0.00,1.0,false,,
Cupertino,600000035127780917,123,1/29/25 6:42 PM,1/29/25 6:42 PM,600000035127778419,Default Online Ordering,A4,Dining Room,Dinner,Dine In,600000035127896427,,,,,For Aditya.,,,600000010081823847,Green Onion Pancake (1) Ⓥ 葱油饼,,0.00,0.00,0.00,1.0,false,,
Cupertino,600000035127780917,123,1/29/25 6:42 PM,1/29/25 6:42 PM,600000035127778419,Default Online Ordering,A4,Dining Room,Dinner,Dine In,600000035127896429,,,,,For Nikhil Patel.,,,600000010081862679,Vegetable Steamed Dumplings (6) Ⓥ 素三鲜蒸饺,,0.00,0.00,0.00,1.0,false,,
Cupertino,600000035127780917,123,1/29/25 6:42 PM,1/29/25 6:42 PM,600000035127778419,Default Online Ordering,A4,Dining Room,Dinner,Dine In,600000035127896431,,,,,For Nikhil Patel.,,,600000010081880028,Dan Dan Noodles Ⓥ🌶️🌶️ 担担面,,0.00,0.00,0.00,1.0,false,,
Cupertino,600000035127780917,123,1/29/25 6:42 PM,1/29/25 6:42 PM,600000035127778419,Default Online Ordering,A4,Dining Room,Dinner,Dine In,600000035127896433,,,,,For Nikhil Patel.,,,600000010081921412,Coke 可乐,,0.00,0.00,0.00,1.0,false,,
Cupertino,600000035127780917,123,1/29/25 6:42 PM,1/29/25 6:42 PM,600000035127778419,Default Online Ordering,A4,Dining Room,Dinner,Dine In,600000035127896435,,,,,For Dilip Rajanna.,,,600000010081880028,Dan Dan Noodles Ⓥ🌶️🌶️ 担担面,,0.00,0.00,0.00,1.0,false,,
Cupertino,600000035127780917,123,1/29/25 6:42 PM,1/29/25 6:42 PM,600000035127778419,Default Online Ordering,A4,Dining Room,Dinner,Dine In,600000035127896437,,,,,For Dilip Rajanna.,,,600000010081857563,Pork Wontons in Chili Sauce (6) 🌶️ 红油猪肉抄手,,0.00,0.00,0.00,1.0,false,,
Cupertino,600000035127780917,123,1/29/25 6:42 PM,1/29/25 6:42 PM,600000035127778419,Default Online Ordering,A4,Dining Room,Dinner,Dine In,600000035127896439,,,,,For Dilip Rajanna.,,,600000010081845158,Chicken Potstickers (6) 鸡肉锅贴,,0.00,0.00,0.00,1.0,false,,
Cupertino,600000035127780917,123,1/29/25 6:42 PM,1/29/25 6:42 PM,600000035127778419,Default Online Ordering,A4,Dining Room,Dinner,Dine In,600000035127896441,,,,,For Laksheeta.,,,600000010081880028,Dan Dan Noodles Ⓥ🌶️🌶️ 担担面,,0.00,0.00,0.00,1.0,false,,
Cupertino,600000035127780917,123,1/29/25 6:42 PM,1/29/25 6:42 PM,600000035127778419,Default Online Ordering,A4,Dining Room,Dinner,Dine In,600000035127896443,,,,,For Laksheeta.,,,600000010081852343,Chicken & Vegetable Wontons in Chili Sauce (6) 🌶️ 红油菜肉大馄饨,,0.00,0.00,0.00,1.0,false,,
Cupertino,600000035127780917,123,1/29/25 6:42 PM,1/29/25 6:42 PM,600000035127778419,Default Online Ordering,A4,Dining Room,Dinner,Dine In,600000035127896445,,,,,For Laksheeta.,,,600000010081921412,Coke 可乐,,0.00,0.00,0.00,1.0,false,,
Cupertino,600000035127780917,123,1/29/25 6:48 PM,1/29/25 6:42 PM,600000035127778419,Default Online Ordering,A4,Dining Room,Dinner,Dine In,600000035128015145,,,,,For Dilip Rajanna.,,,600000010081921412,Coke 可乐,,0.00,0.00,0.00,1.0,false,,
Cupertino,600000035127912819,128,1/29/25 6:49 PM,1/29/25 6:49 PM,600000035127912769,Default Online Ordering,,,Dinner,DoorDash - Takeout,600000035128077471,,,,,Include plasticware,,,600000010081852343,Chicken & Vegetable Wontons in Chili Sauce (6) 🌶️ 红油菜肉大馄饨,,0.00,0.00,0.00,1.0,false,,
Cupertino,600000035127912819,128,1/29/25 6:49 PM,1/29/25 6:49 PM,600000035127912769,Default Online Ordering,,,Dinner,DoorDash - Takeout,600000035128077473,,,,,Include plasticware,,,600000010081845158,Chicken Potstickers (6) 鸡肉锅贴,,0.00,0.00,0.00,1.0,false,,
Cupertino,600000035127912819,128,1/29/25 6:49 PM,1/29/25 6:49 PM,600000035127912769,Default Online Ordering,,,Dinner,DoorDash - Takeout,600000035128077475,,,,,Include plasticware,,,600000010081880028,Dan Dan Noodles Ⓥ🌶️🌶️ 担担面,,0.00,0.00,0.00,1.0,false,,
Cupertino,600000035127912819,128,1/29/25 6:49 PM,1/29/25 6:49 PM,600000035127912769,Default Online Ordering,,,Dinner,DoorDash - Takeout,600000035128077477,,,,,Include plasticware,,,600000010081837613,Chicken Xiao Long Bao (8) 鸡肉小笼包,,0.00,0.00,0.00,1.0,false,,
Cupertino,600000035127780917,123,1/29/25 6:55 PM,1/29/25 6:42 PM,600000035127778419,Default Online Ordering,A4,Dining Room,Dinner,Dine In,600000035128189846,,,,,For Aditya.,,,600000010081880028,Dan Dan Noodles Ⓥ🌶️🌶️ 担担面,,0.00,0.00,0.00,1.0,false,,
Cupertino,600000035127859592,133,1/29/25 6:55 PM,1/29/25 6:55 PM,600000035127835195,Default Online Ordering,B7,Dining Room,Dinner,Dine In,600000035128199139,600000027696436293,600000027696436294,,,No Green Onion 不要葱花,600000010081895354,Ingredients 原料,600000010081892480,Beef-Stew Noodles 🌶️ 秘制牛肉小面,,0.00,0.00,0.00,1.0,false,,
Cupertino,600000035127976939,136,1/29/25 6:58 PM,1/29/25 6:58 PM,600000035127960790,Default Online Ordering,B7,Dining Room,Dinner,Dine In,600000035128327406,600000027695721240,600000027695721241,,,Sauce On Side 酱汁分开,600000027695692470,Sauce 酱汁,600000010081857563,Pork Wontons in Chili Sauce (6) 🌶️ 红油猪肉抄手,,0.00,0.00,0.00,1.0,false,,
Cupertino,600000035128342833,141,1/29/25 7:09 PM,1/29/25 7:09 PM,600000035128281436,Default Online Ordering,,,Dinner,DoorDash - Takeout,600000035128523946,600000027692292271,600000027692292272,,,No Cucumber Pickle 不要酸黄瓜,600000010081827850,Ingredients 原料,600000010081827857,Beef Sandwich (1) 大嘴牛肉包 (不辣),,0.00,0.00,0.00,1.0,false,,
Cupertino,600000035128342833,141,1/29/25 7:09 PM,1/29/25 7:09 PM,600000035128281436,Default Online Ordering,,,Dinner,DoorDash - Takeout,600000035128523947,,,,,Include plasticware,,,600000010081827857,Beef Sandwich (1) 大嘴牛肉包 (不辣),,0.00,0.00,0.00,1.0,false,,
Cupertino,600000035128342833,141,1/29/25 7:09 PM,1/29/25 7:09 PM,600000035128281436,Default Online Ordering,,,Dinner,DoorDash - Takeout,600000035128523949,600000027693016529,600000027693016530,,,No Green Onion 不要葱花,600000010081850664,Ingredients 原料,600000010081905518,Chicken & Vegetable Wontons in Chicken Soup 鸡汤菜肉大馄饨,,0.00,0.00,0.00,1.0,false,,
Cupertino,600000035128342833,141,1/29/25 7:09 PM,1/29/25 7:09 PM,600000035128281436,Default Online Ordering,,,Dinner,DoorDash - Takeout,600000035128611500,,,,,Include plasticware,,,600000010081905518,Chicken & Vegetable Wontons in Chicken Soup 鸡汤菜肉大馄饨,,0.00,0.00,0.00,1.0,false,,
Cupertino,600000035128577308,143,1/29/25 7:12 PM,1/29/25 7:12 PM,600000035128574060,Default Online Ordering,D1,Dining Room,Dinner,Dine In,600000035128635635,600000027696170230,600000027696170231,,,No Green Onion 不要葱花,600000027696127047,Ingredients 原料,600000010081880028,Dan Dan Noodles Ⓥ🌶️🌶️ 担担面,,0.00,0.00,0.00,1.0,false,,
Cupertino,600000035128588162,144,1/29/25 7:14 PM,1/29/25 7:14 PM,600000035128536618,Default Online Ordering,,,Dinner,DoorDash - Delivery,600000035128727451,600000027695721240,600000027695721241,,,Sauce On Side 酱汁分开,600000027695692470,Sauce 酱汁,600000010081857563,Pork Wontons in Chili Sauce (6) 🌶️ 红油猪肉抄手,,0.00,0.00,0.00,1.0,false,,
Cupertino,600000035128434790,145,1/29/25 7:17 PM,1/29/25 7:17 PM,600000035128415143,Default Online Ordering,A2,Dining Room,Dinner,Dine In,600000035128749169,600000027695817041,600000027695817042,,,No Chili Oil 不要红油,600000027695801376,Sauce 酱汁,600000010081905403,Sweet & Sour Cucumber Ⓥ 🌶️ 甜辣小黄瓜,,0.00,0.00,0.00,1.0,false,,
Cupertino,600000035128756810,147,1/29/25 7:20 PM,1/29/25 7:20 PM,600000035128724362,Default Online Ordering,C1,Dining Room,Dinner,Dine In,600000035128792668,,,,,For David Klinghoffer.,,,600000010081905403,Sweet & Sour Cucumber Ⓥ 🌶️ 甜辣小黄瓜,,0.00,0.00,0.00,1.0,false,,
Cupertino,600000035128756810,147,1/29/25 7:20 PM,1/29/25 7:20 PM,600000035128724362,Default Online Ordering,C1,Dining Room,Dinner,Dine In,600000035128792670,,,,,For David Klinghoffer.,,,600000010081823847,Green Onion Pancake (1) Ⓥ 葱油饼,,0.00,0.00,0.00,1.0,false,,
Cupertino,600000035128756810,147,1/29/25 7:20 PM,1/29/25 7:20 PM,600000035128724362,Default Online Ordering,C1,Dining Room,Dinner,Dine In,600000035128792672,,,,,For David Klinghoffer.,,,600000010081839187,Pan Fried Pork Buns (4) 特色鲜肉煎包,,0.00,0.00,0.00,1.0,false,,
Cupertino,600000035128756810,147,1/29/25 7:20 PM,1/29/25 7:20 PM,600000035128724362,Default Online Ordering,C1,Dining Room,Dinner,Dine In,600000035128792674,,,,,For David Klinghoffer.,,,600000010081829146,Spicy Beef Pancake Roll (1) 🌶️🌶️ 麻辣牛肉卷饼,,0.00,0.00,0.00,1.0,false,,
Cupertino,600000035128756810,147,1/29/25 7:20 PM,1/29/25 7:20 PM,600000035128724362,Default Online Ordering,C1,Dining Room,Dinner,Dine In,600000035128792676,,,,,For David Klinghoffer.,,,600000010081849365,Pan Fried Wontons with Chili Sauce (6) 红油香煎大馄饨,,0.00,0.00,0.00,1.0,false,,
Cupertino,600000035128756810,147,1/29/25 7:20 PM,1/29/25 7:20 PM,600000035128724362,Default Online Ordering,C1,Dining Room,Dinner,Dine In,600000035128792678,,,,,For David Klinghoffer.,,,600000010081921412,Coke 可乐,,0.00,0.00,0.00,2.0,false,,
Cupertino,600000035128756810,147,1/29/25 7:20 PM,1/29/25 7:20 PM,600000035128724362,Default Online Ordering,C1,Dining Room,Dinner,Dine In,600000035128792680,,,,,For David Klinghoffer.,,,600000010081846333,Pork & Shrimp Potstickers (6) 🦐 猪肉三鲜锅贴,,0.00,0.00,0.00,1.0,false,,
Cupertino,600000035128756810,147,1/29/25 7:20 PM,1/29/25 7:20 PM,600000035128724362,Default Online Ordering,C1,Dining Room,Dinner,Dine In,600000035128792682,,,,,For Brian Tran.,,,600000010081834427,Pork Xiao Long Bao (8) 鲜肉小笼包,,0.00,0.00,0.00,2.0,false,,
Cupertino,600000035128756810,147,1/29/25 7:20 PM,1/29/25 7:20 PM,600000035128724362,Default Online Ordering,C1,Dining Room,Dinner,Dine In,600000035128792684,,,,,For Brian Tran.,,,600000010081857563,Pork Wontons in Chili Sauce (6) 🌶️ 红油猪肉抄手,,0.00,0.00,0.00,2.0,false,,
Cupertino,600000035128756810,147,1/29/25 7:20 PM,1/29/25 7:20 PM,600000035128724362,Default Online Ordering,C1,Dining Room,Dinner,Dine In,600000035128792686,,,,,For Maria Pham.,,,600000010081880028,Dan Dan Noodles Ⓥ🌶️🌶️ 担担面,,0.00,0.00,0.00,1.0,false,,
Cupertino,600000035128756810,147,1/29/25 7:20 PM,1/29/25 7:20 PM,600000035128724362,Default Online Ordering,C1,Dining Room,Dinner,Dine In,600000035128792688,,,,,For Ally Hoang.,,,600000010081899532,Kale Salad with Sesame Dressing Ⓥ 麻酱羽衣甘蓝沙拉,,0.00,0.00,0.00,1.0,false,,
Cupertino,600000035128756810,147,1/29/25 7:20 PM,1/29/25 7:20 PM,600000035128724362,Default Online Ordering,C1,Dining Room,Dinner,Dine In,600000035128792690,,,,,For Ally Hoang.,,,600000010081875664,Hot & Sour Glass Noodles 🌶️🌶️ 酸辣粉,,0.00,0.00,0.00,1.0,false,,
Cupertino,600000035128756810,147,1/29/25 7:20 PM,1/29/25 7:20 PM,600000035128724362,Default Online Ordering,C1,Dining Room,Dinner,Dine In,600000035128792692,,,,,For Ally Hoang.,,,600000010081839187,Pan Fried Pork Buns (4) 特色鲜肉煎包,,0.00,0.00,0.00,1.0,false,,
Cupertino,600000035128756810,147,1/29/25 7:35 PM,1/29/25 7:20 PM,600000035128724362,Default Online Ordering,C1,Dining Room,Dinner,Dine In,600000035129143105,,,,,For Maria Pham.,,,600000010081880028,Dan Dan Noodles Ⓥ🌶️🌶️ 担担面,,0.00,0.00,0.00,1.0,false,,
Cupertino,600000035128756810,147,1/29/25 7:35 PM,1/29/25 7:20 PM,600000035128724362,Default Online Ordering,C1,Dining Room,Dinner,Dine In,600000035129143107,,,,,For Maria Pham.,,,600000010081857563,Pork Wontons in Chili Sauce (6) 🌶️ 红油猪肉抄手,,0.00,0.00,0.00,1.0,false,,
Cupertino,600000035129113783,166,1/29/25 7:50 PM,1/29/25 7:50 PM,600000035129104136,Default Online Ordering,A7,Dining Room,Dinner,Dine In,600000035129398455,,,,,For Saral.,,,600000010081928289,Tsingtao,,0.00,0.00,0.00,1.0,false,,
Cupertino,600000035129113783,166,1/29/25 7:52 PM,1/29/25 7:50 PM,600000035129104136,Default Online Ordering,A7,Dining Room,Dinner,Dine In,600000035129411893,,,,,For Prithu Pareek.,,,600000010081928287,Sapporo,,0.00,0.00,0.00,1.0,false,,
Cupertino,600000035129113783,166,1/29/25 7:52 PM,1/29/25 7:50 PM,600000035129104136,Default Online Ordering,A7,Dining Room,Dinner,Dine In,600000035129411895,,,,,For Prithu Pareek.,,,600000010081921412,Coke 可乐,,0.00,0.00,0.00,1.0,false,,
Cupertino,600000035129113783,166,1/29/25 7:54 PM,1/29/25 7:50 PM,600000035129104136,Default Online Ordering,A7,Dining Room,Dinner,Dine In,600000035129411897,,,,,For Ravi.,,,600000010081924411,Sprite 雪碧,,0.00,0.00,0.00,1.0,false,,
Cupertino,600000035129113783,166,1/29/25 7:54 PM,1/29/25 7:50 PM,600000035129104136,Default Online Ordering,A7,Dining Room,Dinner,Dine In,600000035129411899,,,,,For Saral.,,,600000031726935734,Chinese Crepe 煎饼果子 (薄脆),,0.00,0.00,0.00,1.0,false,,
Cupertino,600000035129113783,166,1/29/25 7:59 PM,1/29/25 7:50 PM,600000035129104136,Default Online Ordering,A7,Dining Room,Dinner,Dine In,600000035129544221,,,,,For Ravi.,,,600000010081843259,Vegetable Potstickers (6) Ⓥ 素三鲜锅贴,,0.00,0.00,0.00,1.0,false,,
Cupertino,600000035129113783,166,1/29/25 7:59 PM,1/29/25 7:50 PM,600000035129104136,Default Online Ordering,A7,Dining Room,Dinner,Dine In,600000035129544223,,,,,For Saral.,,,600000010081888887,Vegetarian Spicy (Ma La) Noodles Ⓥ 🌶️🌶️ 素麻辣小面,,0.00,0.00,0.00,1.0,false,,
Cupertino,600000035129113783,166,1/29/25 7:59 PM,1/29/25 7:50 PM,600000035129104136,Default Online Ordering,A7,Dining Room,Dinner,Dine In,600000035129544225,,,,,For Saral.,,,600000010081865189,Beef Steamed Dumplings (6) 牛肉蒸饺,,0.00,0.00,0.00,1.0,false,,
Cupertino,600000035129113783,166,1/29/25 7:59 PM,1/29/25 7:50 PM,600000035129104136,Default Online Ordering,A7,Dining Room,Dinner,Dine In,600000035129544227,,,,,For Saral.,,,600000010081839187,Pan Fried Pork Buns (4) 特色鲜肉煎包,,0.00,0.00,0.00,1.0,false,,
Cupertino,600000035129240048,170,1/29/25 8:02 PM,1/29/25 8:02 PM,600000035129599751,Default Online Ordering,,,Dinner,DoorDash - Takeout,600000035129581123,,,,,Include plasticware,,,600000010081862679,Vegetable Steamed Dumplings (6) Ⓥ 素三鲜蒸饺,,0.00,0.00,0.00,2.0,false,,
Cupertino,600000035129240048,170,1/29/25 8:02 PM,1/29/25 8:02 PM,600000035129599751,Default Online Ordering,,,Dinner,DoorDash - Takeout,600000035129581125,,,,,Include plasticware,,,600000010081862679,Vegetable Steamed Dumplings (6) Ⓥ 素三鲜蒸饺,,0.00,0.00,0.00,1.0,false,,
Cupertino,600000035129240048,170,1/29/25 8:02 PM,1/29/25 8:02 PM,600000035129599751,Default Online Ordering,,,Dinner,DoorDash - Takeout,600000035129581127,,,,,Include plasticware,,,600000010081888887,Vegetarian Spicy (Ma La) Noodles Ⓥ 🌶️🌶️ 素麻辣小面,,0.00,0.00,0.00,2.0,false,,
Cupertino,600000035129240048,170,1/29/25 8:02 PM,1/29/25 8:02 PM,600000035129599751,Default Online Ordering,,,Dinner,DoorDash - Takeout,600000035129581129,,,,,Include plasticware,,,600000010081880028,Dan Dan Noodles Ⓥ🌶️🌶️ 担担面,,0.00,0.00,0.00,2.0,false,,
Cupertino,600000035129795357,176,1/29/25 8:22 PM,1/29/25 8:22 PM,600000035129795307,Default Online Ordering,,,Dinner,DoorDash - Delivery,600000035129824432,600000027695504499,600000027695506400,,,Sauce On Side 酱汁分开,600000027695469677,Sauce 酱汁,600000010081852343,Chicken & Vegetable Wontons in Chili Sauce (6) 🌶️ 红油菜肉大馄饨,,0.00,0.00,0.00,1.0,false,,
Cupertino,600000035129113783,166,1/29/25 8:30 PM,1/29/25 7:50 PM,600000035129104136,Default Online Ordering,A7,Dining Room,Dinner,Dine In,600000035129867218,,,,,For Ravi.,,,600000010081862679,Vegetable Steamed Dumplings (6) Ⓥ 素三鲜蒸饺,,0.00,0.00,0.00,1.0,false,,
Cupertino,600000035129113783,166,1/29/25 8:30 PM,1/29/25 7:50 PM,600000035129104136,Default Online Ordering,A7,Dining Room,Dinner,Dine In,600000035129867220,,,,,For Ravi.,,,600000010081829146,Spicy Beef Pancake Roll (1) 🌶️🌶️ 麻辣牛肉卷饼,,0.00,0.00,0.00,1.0,false,,
Cupertino,600000035129745534,172,1/29/25 8:52 PM,1/29/25 8:13 PM,600000035129745533,Yafang Chen,A5,Dining Room,Dinner,Dine In,600000035130167179,,,,,To Go,,,600000010081834427,Pork Xiao Long Bao (8) 鲜肉小笼包,,0.00,0.00,0.00,1.0,false,,
Cupertino,600000035129745534,172,1/29/25 8:52 PM,1/29/25 8:13 PM,600000035129745533,Yafang Chen,A5,Dining Room,Dinner,Dine In,600000035130167182,,,,,To Go,,,600000010081850666,Pan Fried Wontons with Sweet & Spicy Garlic Sauce (6) 甜辣香煎大馄饨,,0.00,0.00,0.00,1.0,false,,
