Customer Id,Customer,Customer Phone,Customer Email,Location Code,Opened Date,Opened Time,Item Description,Server,Tax,Tender,Check Id,Check #,Total,Customer Family,Table Size,Discount,Reason of Discount,Link
,,,,CA02,1/25/25,11:05 AM,"Pork Xiao Long Bao (8) 鲜肉小笼包, Green Onion Pancake (1) Ⓥ 葱油饼, Chicken Xiao Long Bao (8) 鸡肉小笼包, Steamed Pork Buns (4) 特色鲜肉蒸包, Pan Fried Pork Buns (4) 特色鲜肉煎包",Default Online Ordering,4.02,Visa,600000034986691326,2,55.17,,1,0.00,,http://www.toasttab.com/receipts/33eiUG9RSnqR9vgz4YmOIA/pnpYPWmMt9qT9
,,,,CA02,1/25/25,11:08 AM,"Pan Fried Pork Buns (4) 特色鲜肉煎包, Pork & Crab Meat Xiao Long Bao (8) 🦐 蟹肉小笼包, Green Onion Soy Sauce Noodles Ⓥ 葱油拌面, Beef Potstickers (6) 牛肉锅贴, Sweet & Sour Cucumber Ⓥ 🌶️ 甜辣小黄瓜, Passion Fruit Green Tea (Cold) 百香果绿茶 (冷), Banana Naan Bread (1) Ⓥ 香蕉飞饼, Green Onion Pancake (1) Ⓥ 葱油饼",Default Online Ordering,5.43,Visa,600000034986715497,4,76.56,,1,0.00,,http://www.toasttab.com/receipts/33eiUG9RSnqR9vgz4YmOIA/r9ymhgnTg9rkz
,,,,CA02,1/25/25,11:05 AM,"Chicken Xiao Long Bao (8) 鸡肉小笼包, Beef Steamed Dumplings (6) 牛肉蒸饺, Pan Fried Wontons with Chili Sauce (6) 红油香煎大馄饨, Chicken Potstickers (6) 鸡肉锅贴, Chicken Steamed Dumplings (6) 鸡肉蒸饺",Default Online Ordering,3.59,Visa,600000034986862171,3,49.15,,1,0.00,,http://www.toasttab.com/receipts/33eiUG9RSnqR9vgz4YmOIA/PyhxfLRhwkmCt
600000034986182697,Sunny P,8552228111,dd.toast.orders+orders_da640eb7-3769-4259-b878-a871050d3586@gmail.com,CA02,1/25/25,11:04 AM,"Green Onion Pancake (1) Ⓥ 葱油饼, Chicken Potstickers (6) 鸡肉锅贴, Pork Xiao Long Bao (8) 鲜肉小笼包",Default Online Ordering,2.25,Other,600000034986885112,1,26.90,,1,0.00,,http://www.toasttab.com/receipts/33eiUG9RSnqR9vgz4YmOIA/dtFkxccWyFjzM
,,,,CA02,1/25/25,11:10 AM,"Pork Xiao Long Bao (8) 鲜肉小笼包, Green Onion Pancake (1) Ⓥ 葱油饼, Beef-Stew Noodle Soup 🌶️ 秘制牛肉汤面, Chicken & Vegetable Wontons in Chicken Soup 鸡汤菜肉大馄饨",Default Online Ordering,2.92,Visa,600000034987261506,5,40.10,,1,0.00,,http://www.toasttab.com/receipts/33eiUG9RSnqR9vgz4YmOIA/wfN9gTc7PF9Rx
,,,,CA02,1/25/25,11:20 AM,"Pan Fried Pork Buns (4) 特色鲜肉煎包, Green Onion Soy Sauce Noodles Ⓥ 葱油拌面",Default Online Ordering,1.63,Visa,600000034987538581,7,22.00,,1,0.00,,http://www.toasttab.com/receipts/33eiUG9RSnqR9vgz4YmOIA/NpFRhtPNnMsjd
,,,,CA02,1/25/25,11:15 AM,"Green Onion Pancake (1) Ⓥ 葱油饼, Green Onion Pancake (1) Ⓥ 葱油饼, Pan Fried Chive Dumplings (3) 韭菜盒子, Pork & Crab Meat Xiao Long Bao (8) 🦐 蟹肉小笼包, Pork & Crab Meat Xiao Long Bao (8) 🦐 蟹肉小笼包, Pan Fried Pork Buns (4) 特色鲜肉煎包, Steamed Pork Buns (4) 特色鲜肉蒸包, Pork & Shrimp Potstickers (6) 🦐 猪肉三鲜锅贴, Pork & Shrimp Potstickers (6) 🦐 猪肉三鲜锅贴, Pork & Shrimp Boiled Dumplings (6) 🦐 猪肉三鲜水饺, Pork Wontons in Chili Sauce (6) 🌶️ 红油猪肉抄手, Pan Fried Wontons with Chili Sauce (6) 红油香煎大馄饨, Pan Fried Wontons with Chili Sauce (6) 红油香煎大馄饨, Sweet & Sour Cucumber Ⓥ 🌶️ 甜辣小黄瓜, Sweet & Sour Cucumber Ⓥ 🌶️ 甜辣小黄瓜, Kale Salad with Sesame Dressing Ⓥ 麻酱羽衣甘蓝沙拉, Kale Salad with Sesame Dressing Ⓥ 麻酱羽衣甘蓝沙拉, Dan Dan Noodles Ⓥ🌶️🌶️ 担担面, Green Onion Soy Sauce Noodles Ⓥ 葱油拌面, Beef-Stew Noodles 🌶️ 秘制牛肉小面, Jasmine Tea (Hot) 茉莉花茶 (热), Jasmine Tea (Hot) 茉莉花茶 (热), Oolong Tea (Hot) 乌龙茶 (热), Thai Milk Tea (Cold) 泰式奶茶 (冷), Beef Steamed Dumplings (6) 牛肉蒸饺",Yan Xu,16.14,Visa,600000034987580528,6,232.09,,7,5.50,Operation Management (100.00%),http://www.toasttab.com/receipts/33eiUG9RSnqR9vgz4YmOIA/pwXFn9PmHpysT
,,,,CA02,1/25/25,11:25 AM,"Green Onion Pancake (1) Ⓥ 葱油饼, Pork Xiao Long Bao (8) 鲜肉小笼包, Chicken & Vegetable Wontons in Chili Sauce (6) 🌶️ 红油菜肉大馄饨",Default Online Ordering,1.96,Visa,600000034987970370,8,24.36,,1,0.00,,http://www.toasttab.com/receipts/33eiUG9RSnqR9vgz4YmOIA/MqxwnWgMPKy7T
,,,,CA02,1/25/25,11:39 AM,"Sweet & Sour Cucumber Ⓥ 🌶️ 甜辣小黄瓜, Chinese Crepe 煎饼果子 (薄脆), Pork & Crab Meat Xiao Long Bao (8) 🦐 蟹肉小笼包, Kale Salad with Sesame Dressing Ⓥ 麻酱羽衣甘蓝沙拉, Yibin Noodles Ⓥ 🌶️ 宜宾燃面, Spicy (Ma La) Noodles 🌶️🌶️ 麻辣小面, Banana Naan Bread (1) Ⓥ 香蕉飞饼, Braised Pig Ears 🌶️ 凉拌猪耳",Default Online Ordering,6.30,Visa,600000034988335848,13,85.15,,1,0.00,,http://www.toasttab.com/receipts/33eiUG9RSnqR9vgz4YmOIA/NwTrCfXwPNMkz
,,,,CA02,1/25/25,11:34 AM,"Vegetarian Hot & Sour Glass Noodles Ⓥ 🌶️🌶️ 素酸辣粉, Milk Tea (Cold) 奶茶 (冷), Add Boba 珍珠, Sweet & Sour Cucumber Ⓥ 🌶️ 甜辣小黄瓜, Beef-Stew Noodles 🌶️ 秘制牛肉小面, Sour Plum Juice (Cold) 酸梅汁 (冷), Green Onion Pancake (1) Ⓥ 葱油饼, Steamed Pork Buns (4) 特色鲜肉蒸包, Pork Wontons in Chicken Soup 鸡汤小馄饨, Pork Xiao Long Bao (8) 鲜肉小笼包, Coke 可乐",Default Online Ordering,6.43,Visa,600000034988379567,10,90.72,,1,0.00,,http://www.toasttab.com/receipts/33eiUG9RSnqR9vgz4YmOIA/kqpqtWJTxxfdc
,,,,CA02,1/25/25,11:31 AM,"Spicy (Ma La) Noodles 🌶️🌶️ 麻辣小面, Beef-Stew Noodles 🌶️ 秘制牛肉小面, Pork Xiao Long Bao (8) 鲜肉小笼包",Default Online Ordering,2.35,Visa,600000034988406355,9,32.32,,1,0.00,,http://www.toasttab.com/receipts/33eiUG9RSnqR9vgz4YmOIA/yjqcMJmNJJsRK
,,,,CA02,1/25/25,11:36 AM,"Beef-Stew Noodle Soup 🌶️ 秘制牛肉汤面, Pork Xiao Long Bao (8) 鲜肉小笼包, Green Onion Pancake (1) Ⓥ 葱油饼, Dan Dan Noodles Ⓥ🌶️🌶️ 担担面, Beef Potstickers (6) 牛肉锅贴, Cold Noodles with Sesame Dressing Ⓥ 麻酱凉面, Green Onion Soy Sauce Noodles Ⓥ 葱油拌面, Pan Fried Pork Buns (4) 特色鲜肉煎包",Default Online Ordering,5.94,Amex,600000034988406383,12,81.58,,1,0.00,,http://www.toasttab.com/receipts/33eiUG9RSnqR9vgz4YmOIA/RcxwrqFjNFT9f
,,,,CA02,1/25/25,11:43 AM,"Green Onion Pancake (1) Ⓥ 葱油饼, Pork Xiao Long Bao (8) 鲜肉小笼包, Dan Dan Noodles Ⓥ🌶️🌶️ 担担面, Beef Sandwich (1) 大嘴牛肉包 (不辣), Pork & Shrimp Potstickers (6) 🦐 猪肉三鲜锅贴, Broccoli with Seafood Sauce 蚝油西兰花, Zha Jiang Mian 京味炸酱面, Banana Naan Bread (1) Ⓥ 香蕉飞饼",Default Online Ordering,5.37,Visa,600000034988625443,14,76.94,,1,0.00,,http://www.toasttab.com/receipts/33eiUG9RSnqR9vgz4YmOIA/7zMPwW9swn9Pr
,,,,CA02,1/25/25,11:36 AM,"Chinese Crepe 煎饼果子 (薄脆), Pan Fried Pork Buns (4) 特色鲜肉煎包, Pork & Crab Meat Xiao Long Bao (8) 🦐 蟹肉小笼包",Default Online Ordering,2.49,Discover,600000034988688954,11,33.69,,1,0.00,,http://www.toasttab.com/receipts/33eiUG9RSnqR9vgz4YmOIA/pCtXjKYdchKRg
,,,,CA02,1/25/25,11:44 AM,"Shrimp & Zucchini Steamed Dumplings (6) 🦐 青瓜鲜虾蒸饺, Chicken & Vegetable Wontons in Chicken Soup 鸡汤菜肉大馄饨, Chinese Crepe 煎饼果子 (薄脆), Pork & Crab Meat Xiao Long Bao (8) 🦐 蟹肉小笼包, Zha Jiang Mian 京味炸酱面",Default Online Ordering,3.78,Visa,600000034988792875,15,51.96,,1,0.00,,http://www.toasttab.com/receipts/33eiUG9RSnqR9vgz4YmOIA/RwyftCMnRqhcb
,,,,CA02,1/25/25,11:46 AM,"Dan Dan Noodles Ⓥ🌶️🌶️ 担担面, Milk Tea (Cold) 奶茶 (冷), Pork Xiao Long Bao (8) 鲜肉小笼包",Default Online Ordering,3.08,Visa,600000034988891179,16,36.83,,1,0.00,,http://www.toasttab.com/receipts/33eiUG9RSnqR9vgz4YmOIA/NYWMggPmg9PTk
600000034989072733,Leah C,8552228111,dd.toast.orders+orders_c28464f2-f996-4537-9fab-7889dd670bf7@gmail.com,CA02,1/25/25,11:53 AM,"Sweet & Sour Cucumber Ⓥ 🌶️ 甜辣小黄瓜, Pork Xiao Long Bao (8) 鲜肉小笼包",Default Online Ordering,2.86,Other,600000034989173888,21,34.16,,1,0.00,,http://www.toasttab.com/receipts/33eiUG9RSnqR9vgz4YmOIA/MgNynstHpLLmw
,,,,CA02,1/25/25,11:49 AM,"Pork & Crab Meat Xiao Long Bao (8) 🦐 蟹肉小笼包, Chinese Crepe 煎饼果子 (薄脆), Pan Fried Pork Buns (4) 特色鲜肉煎包, Kale Salad with Sesame Dressing Ⓥ 麻酱羽衣甘蓝沙拉, Beef-Stew Noodles 🌶️ 秘制牛肉小面, Five Spice Beef Shank 五香牛腱, Oolong Tea (Hot) 乌龙茶 (热), Pan Fried Pork Buns (4) 特色鲜肉煎包",Default Online Ordering,6.05,Mastercard,600000034989339258,18,83.91,,2,5.50,Operation Management (50.00%),http://www.toasttab.com/receipts/33eiUG9RSnqR9vgz4YmOIA/snqYfWWtdwcqR
,,,,CA02,1/25/25,11:49 AM,"Spicy Beef Sandwich (1) 🌶️🌶️大嘴牛肉包 (辣), Beef Sandwich (1) 大嘴牛肉包 (不辣), Pork Xiao Long Bao (8) 鲜肉小笼包, Pork Wontons in Chili Sauce (6) 🌶️ 红油猪肉抄手",Yafang Chen,2.92,Visa,600000034989404474,17,34.77,,1,0.00,,http://www.toasttab.com/receipts/33eiUG9RSnqR9vgz4YmOIA/wwLwCFwRLCtRN
,,,,CA02,1/25/25,11:51 AM,"Green Onion Pancake (1) Ⓥ 葱油饼, Green Onion Pancake (1) Ⓥ 葱油饼, Pan Fried Chive Dumplings (3) 韭菜盒子, Pork Xiao Long Bao (8) 鲜肉小笼包, Pork Xiao Long Bao (8) 鲜肉小笼包, Pork Xiao Long Bao (8) 鲜肉小笼包, Pork Xiao Long Bao (8) 鲜肉小笼包",Yafang Chen,5.07,Visa,600000034989503987,20,75.47,,2,0.00,,http://www.toasttab.com/receipts/33eiUG9RSnqR9vgz4YmOIA/nNhmPYRMrYCdW
,,,,CA02,1/25/25,11:58 AM,"Pork & Crab Meat Xiao Long Bao (8) 🦐 蟹肉小笼包, Pan Fried Pork Buns (4) 特色鲜肉煎包, Beef-Stew Noodle Soup 🌶️ 秘制牛肉汤面, Romaine Lettuce Salad with Sesame Dressing Ⓥ 麻酱生菜沙拉, Beef Potstickers (6) 牛肉锅贴, Beef Pancake Roll (1) 酱香牛肉卷饼 (不辣)",Default Online Ordering,5.84,Mastercard,600000034989575076,23,80.09,,1,0.00,,http://www.toasttab.com/receipts/33eiUG9RSnqR9vgz4YmOIA/qKJ7yyTybYKgF
,,,,CA02,1/25/25,11:54 AM,Chicken Xiao Long Bao (8) 鸡肉小笼包,Yafang Chen,0.91,Visa,600000034989672818,22,10.86,,1,0.00,,http://www.toasttab.com/receipts/33eiUG9RSnqR9vgz4YmOIA/xF7bwdH7cMWRH
,,,,CA02,1/25/25,12:00 PM,"Pork & Crab Meat Xiao Long Bao (8) 🦐 蟹肉小笼包, Dan Dan Noodles Ⓥ🌶️🌶️ 担担面, Pork Wontons in Chili Sauce (6) 🌶️ 红油猪肉抄手, Sweet & Sour Cucumber Ⓥ 🌶️ 甜辣小黄瓜, Pan Fried Pork Buns (4) 特色鲜肉煎包",Default Online Ordering,3.88,Mastercard,600000034989877409,24,53.22,,1,0.00,,http://www.toasttab.com/receipts/33eiUG9RSnqR9vgz4YmOIA/7M9r7CF97WdjR
,,,,CA02,1/25/25,12:08 PM,"Pan Fried Pork Buns (4) 特色鲜肉煎包, Dan Dan Noodles Ⓥ🌶️🌶️ 担担面, Pork Xiao Long Bao (8) 鲜肉小笼包, Pork & Crab Meat Xiao Long Bao (8) 🦐 蟹肉小笼包",Default Online Ordering,3.45,Mastercard,600000034990309859,25,48.62,,1,0.00,,http://www.toasttab.com/receipts/33eiUG9RSnqR9vgz4YmOIA/PqxkpPPjgbPjh
,,,,CA02,1/25/25,12:20 PM,"Pan Fried Pork Buns (4) 特色鲜肉煎包, Green Onion Pancake (1) Ⓥ 葱油饼, Sweet & Sour Cucumber Ⓥ 🌶️ 甜辣小黄瓜, Chinese Crepe 煎饼果子 (薄脆), Pork Xiao Long Bao (8) 鲜肉小笼包, Pork Wontons in Chili Sauce (6) 🌶️ 红油猪肉抄手, Minced Chicken Noodles 🌶️ 鸡肉肉燥小面, Beef-Stew Noodle Soup 🌶️ 秘制牛肉汤面, Oolong Tea (Hot) 乌龙茶 (热), Chinese Crepe 煎饼果子 (薄脆), Beef Pancake Roll (1) 酱香牛肉卷饼 (不辣), Pan Fried Chive Dumplings (3) 韭菜盒子",Default Online Ordering,9.45,Visa,600000034990545132,29,129.60,,1,0.00,,http://www.toasttab.com/receipts/33eiUG9RSnqR9vgz4YmOIA/tzgkYKgkPHxYk
600000034990686554,PickUp-Frances K.,6502766144,dd.toast.orders+orders_25cd2e37-e1f8-4e63-95c3-7fca4c60cc2f@gmail.com,CA02,1/25/25,12:14 PM,"Broccoli with Seafood Sauce 蚝油西兰花, Dan Dan Noodles Ⓥ🌶️🌶️ 担担面, Green Onion Soy Sauce Noodles Ⓥ 葱油拌面, Steamed Pork Buns (4) 特色鲜肉蒸包, Pork Xiao Long Bao (8) 鲜肉小笼包",Default Online Ordering,4.83,Other,600000034990660160,26,68.37,,1,0.00,,http://www.toasttab.com/receipts/33eiUG9RSnqR9vgz4YmOIA/fRjytCMPpLfYz
,,,,CA02,1/25/25,12:24 PM,"Pork Xiao Long Bao (8) 鲜肉小笼包, Pork & Crab Meat Xiao Long Bao (8) 🦐 蟹肉小笼包, Chinese Crepe 煎饼果子 (薄脆), Zha Jiang Mian 京味炸酱面, Banana Naan Bread (1) Ⓥ 香蕉飞饼, Beef-Stew Noodle Soup 🌶️ 秘制牛肉汤面",Default Online Ordering,4.75,Visa,600000034990700747,32,65.26,,1,0.00,,http://www.toasttab.com/receipts/33eiUG9RSnqR9vgz4YmOIA/cL97sTgRTwWgs
,,,,CA02,1/25/25,12:17 PM,"Pork Xiao Long Bao (8) 鲜肉小笼包, Pan Fried Wontons with Chili Sauce (6) 红油香煎大馄饨, Passion Fruit Green Tea (Cold) 百香果绿茶 (冷), Add Boba 珍珠, Pork Wontons in Chicken Soup 鸡汤小馄饨, Dan Dan Noodles Ⓥ🌶️🌶️ 担担面, Zha Jiang Mian 京味炸酱面",Default Online Ordering,5.03,Mastercard,600000034990777968,28,60.23,,1,0.00,,http://www.toasttab.com/receipts/33eiUG9RSnqR9vgz4YmOIA/XKTXhcqRRKXCd
,,,,CA02,1/25/25,12:29 PM,"Sweet & Sour Cucumber Ⓥ 🌶️ 甜辣小黄瓜, Chicken Xiao Long Bao (8) 鸡肉小笼包, Thai Milk Tea (Cold) 泰式奶茶 (冷), Passion Fruit Green Tea (Cold) 百香果绿茶 (冷), Steamed Pork Buns (4) 特色鲜肉蒸包, Pork & Shrimp Potstickers (6) 🦐 猪肉三鲜锅贴, Pork Wontons in Chili Sauce (6) 🌶️ 红油猪肉抄手",Default Online Ordering,5.82,Visa,600000034990898398,34,79.89,,1,0.00,,http://www.toasttab.com/receipts/33eiUG9RSnqR9vgz4YmOIA/ztk9CrJpKqRfR
,,,,CA02,1/25/25,12:17 PM,"Jasmine Tea (Hot) 茉莉花茶 (热), Pork Xiao Long Bao (8) 鲜肉小笼包, Sweet & Sour Cucumber Ⓥ 🌶️ 甜辣小黄瓜, Dan Dan Noodles Ⓥ🌶️🌶️ 担担面",zhengyu chen,3.52,Visa,600000034990916292,27,48.38,,3,0.00,,http://www.toasttab.com/receipts/33eiUG9RSnqR9vgz4YmOIA/yTPbfNm9JhRdK
,,,,CA02,1/25/25,12:21 PM,"Minced Chicken Noodles 🌶️ 鸡肉肉燥小面, Pork Xiao Long Bao (8) 鲜肉小笼包, Green Onion Soy Sauce Noodles Ⓥ 葱油拌面",Default Online Ordering,3.26,Visa,600000034990933965,30,44.80,,1,0.00,,http://www.toasttab.com/receipts/33eiUG9RSnqR9vgz4YmOIA/TLnPwbgymLFbw
600000034990670337,PickUp-Shuai J,5732023927,dd.toast.orders+orders_e8d15154-0a59-409a-8f54-e6a1fe2d1b3b@gmail.com,CA02,1/25/25,12:22 PM,"Pan Fried Chive Dumplings (3) 韭菜盒子, Zha Jiang Mian 京味炸酱面, Dan Dan Noodles Ⓥ🌶️🌶️ 担担面, Spicy Beef Shank 🌶️🌶️ 麻辣牛腱, Steamed Pork Buns (4) 特色鲜肉蒸包",Default Online Ordering,3.78,Other,600000034991001062,31,45.18,,1,0.00,,http://www.toasttab.com/receipts/33eiUG9RSnqR9vgz4YmOIA/frzzCT7jYKMmR
,,,,CA02,1/25/25,12:30 PM,"Pork Xiao Long Bao (8) 鲜肉小笼包, Beef Pancake Roll (1) 酱香牛肉卷饼 (不辣), Broccoli with Seafood Sauce 蚝油西兰花, Vegetarian Hot & Sour Glass Noodles Ⓥ 🌶️🌶️ 素酸辣粉, Zha Jiang Mian 京味炸酱面, Pan Fried Pork Buns (4) 特色鲜肉煎包",Default Online Ordering,5.70,Visa,600000034991096694,35,80.30,,1,0.00,,http://www.toasttab.com/receipts/33eiUG9RSnqR9vgz4YmOIA/zWtds79h9pRtt
,,,,CA02,1/25/25,12:25 PM,"Pan Fried Beef Pies (2) 牛肉馅饼, Five Spice Beef Shank 五香牛腱, Hot & Sour Glass Noodles 🌶️🌶️ 酸辣粉, Green Onion Soy Sauce Noodles Ⓥ 葱油拌面, Banana Naan Bread (1) Ⓥ 香蕉飞饼",zhengyu chen,3.50,Visa,600000034991308765,33,49.44,,2,0.00,,http://www.toasttab.com/receipts/33eiUG9RSnqR9vgz4YmOIA/rFrJRPjs7RTmp
,,,,CA02,1/25/25,12:33 PM,"Pork Xiao Long Bao (8) 鲜肉小笼包, Dan Dan Noodles Ⓥ🌶️🌶️ 担担面, Beef-Stew Noodles 🌶️ 秘制牛肉小面",Default Online Ordering,2.35,Visa,600000034991642709,36,32.32,,2,0.00,,http://www.toasttab.com/receipts/33eiUG9RSnqR9vgz4YmOIA/LbFphWMPWcdgq
600000034991830959,PickUp-Yunyun N,4082099468,dd.toast.orders+orders_aacf284d-8cbe-4fb1-b1f6-41e1258f277e@gmail.com,CA02,1/25/25,12:36 PM,"Green Onion Pancake (1) Ⓥ 葱油饼, Pan Fried Beef Pies (2) 牛肉馅饼, Braised Pig Ears 🌶️ 凉拌猪耳, Sweet & Sour Cucumber Ⓥ 🌶️ 甜辣小黄瓜, Pork Wontons in Chicken Soup 鸡汤小馄饨, Beef-Stew Noodles 🌶️ 秘制牛肉小面, Zha Jiang Mian 京味炸酱面",Default Online Ordering,4.54,Other,600000034991778563,38,59.26,,1,0.00,,http://www.toasttab.com/receipts/33eiUG9RSnqR9vgz4YmOIA/LCcwgKnRNfcfX
,,,,CA02,1/25/25,12:46 PM,"Sweet & Sour Cucumber Ⓥ 🌶️ 甜辣小黄瓜, Vegetable Steamed Dumplings (6) Ⓥ 素三鲜蒸饺, Pork Xiao Long Bao (8) 鲜肉小笼包, Pork Wontons in Chicken Soup 鸡汤小馄饨, Dan Dan Noodles Ⓥ🌶️🌶️ 担担面",Default Online Ordering,5.07,Visa,600000034991862044,41,69.71,,1,0.00,,http://www.toasttab.com/receipts/33eiUG9RSnqR9vgz4YmOIA/zTNjtdFHLWybf
,,,,CA02,1/25/25,12:38 PM,"Pork & Crab Meat Xiao Long Bao (8) 🦐 蟹肉小笼包, Pan Fried Pork Buns (4) 特色鲜肉煎包, Pan Fried Pork Buns (4) 特色鲜肉煎包, Vegetable Potstickers (6) Ⓥ 素三鲜锅贴, Shrimp & Zucchini Steamed Dumplings (6) 🦐 青瓜鲜虾蒸饺, Braised Pig Ears 🌶️ 凉拌猪耳, Kale Salad with Sesame Dressing Ⓥ 麻酱羽衣甘蓝沙拉, Beef-Stew Noodle Soup 🌶️ 秘制牛肉汤面",zhengyu chen,6.41,Visa,600000034992006799,39,87.93,,3,0.00,,http://www.toasttab.com/receipts/33eiUG9RSnqR9vgz4YmOIA/fHxWMJCMKLJNs
,,,,CA02,1/25/25,12:43 PM,"Chicken Potstickers (6) 鸡肉锅贴, Chicken Potstickers (6) 鸡肉锅贴, Chicken Potstickers (6) 鸡肉锅贴, Pork & Shrimp Boiled Dumplings (6) 🦐 猪肉三鲜水饺, Chicken Steamed Dumplings (6) 鸡肉蒸饺, Chicken Steamed Dumplings (6) 鸡肉蒸饺, Chicken Steamed Dumplings (6) 鸡肉蒸饺, Beef Steamed Dumplings (6) 牛肉蒸饺, Beef Steamed Dumplings (6) 牛肉蒸饺, Beef Steamed Dumplings (6) 牛肉蒸饺, Chicken & Vegetable Wontons in Chili Sauce (6) 🌶️ 红油菜肉大馄饨, Pork Wontons in Chili Sauce (6) 🌶️ 红油猪肉抄手, Sweet & Sour Cucumber Ⓥ 🌶️ 甜辣小黄瓜, Sweet & Sour Cucumber Ⓥ 🌶️ 甜辣小黄瓜, Sweet & Sour Cucumber Ⓥ 🌶️ 甜辣小黄瓜, Romaine Lettuce Salad with Sesame Dressing Ⓥ 麻酱生菜沙拉, Dan Dan Noodles Ⓥ🌶️🌶️ 担担面, Beef-Stew Noodles 🌶️ 秘制牛肉小面, Passion Fruit Green Tea (Cold) 百香果绿茶 (冷), Coke 可乐, Coke 可乐, Sprite 雪碧, Chicken Xiao Long Bao (8) 鸡肉小笼包, Pork Xiao Long Bao (8) 鲜肉小笼包, Coke 可乐",zhengyu chen,13.86,Cash,600000034992280740,40,165.06,,6,17.25,"Spillage/Food Quality - Item (100.00%), Spillage/Food Quality - Item (100.00%)",http://www.toasttab.com/receipts/33eiUG9RSnqR9vgz4YmOIA/9Ncj7jHWMxjXq
,,,,CA02,1/25/25,12:52 PM,"High Tail Shrimp & Pork Steamed Dumplings (6) 🦐 翘尾鲜虾蒸饺, Beef-Stew Noodle Soup 🌶️ 秘制牛肉汤面, Hot & Sour Glass Noodles 🌶️🌶️ 酸辣粉, Pork Xiao Long Bao (8) 鲜肉小笼包, Steamed Pork Buns (4) 特色鲜肉蒸包, Chrysanthemum Tea (Hot) 菊花茶 (热)",Default Online Ordering,4.81,Visa,600000034992389027,43,66.08,,1,0.00,,http://www.toasttab.com/receipts/33eiUG9RSnqR9vgz4YmOIA/hnbXdnTwpLyRm
,,,,CA02,1/25/25,12:50 PM,"High Tail Shrimp & Pork Steamed Dumplings (6) 🦐 翘尾鲜虾蒸饺, Chicken & Vegetable Wontons in Chicken Soup 鸡汤菜肉大馄饨, Shrimp & Zucchini Steamed Dumplings (6) 🦐 青瓜鲜虾蒸饺, Beef Sandwich (1) 大嘴牛肉包 (不辣), Steamed Pork Buns (4) 特色鲜肉蒸包, Chicken Potstickers (6) 鸡肉锅贴, Green Onion Soy Sauce Noodles Ⓥ 葱油拌面, Banana Naan Bread (1) Ⓥ 香蕉飞饼",Default Online Ordering,5.94,Visa,600000034992390173,42,83.77,,1,0.00,,http://www.toasttab.com/receipts/33eiUG9RSnqR9vgz4YmOIA/XyzyhNWWcMnsY
600000034992676156,PickUp-Harleen G.,4084206084,dd.toast.orders+orders_56dd7b59-8986-43d2-8c3d-880b67764499@gmail.com,CA02,1/25/25,12:53 PM,"Chicken & Vegetable Wontons in Chili Sauce (6) 🌶️ 红油菜肉大馄饨, Chicken Steamed Dumplings (6) 鸡肉蒸饺",Default Online Ordering,1.33,Other,600000034992565820,44,15.93,,1,0.00,,http://www.toasttab.com/receipts/33eiUG9RSnqR9vgz4YmOIA/CsKbF7nWmsLFP
,,,,CA02,1/25/25,12:58 PM,"Pork Xiao Long Bao (8) 鲜肉小笼包, Green Onion Pancake (1) Ⓥ 葱油饼, Dan Dan Noodles Ⓥ🌶️🌶️ 担担面, Pork & Shrimp Potstickers (6) 🦐 猪肉三鲜锅贴, Kale Salad with Sesame Dressing Ⓥ 麻酱羽衣甘蓝沙拉, Spicy (Ma La) Noodles 🌶️🌶️ 麻辣小面, High Tail Shrimp & Pork Steamed Dumplings (6) 🦐 翘尾鲜虾蒸饺",Default Online Ordering,5.84,Visa,600000034992565840,48,72.69,,1,0.00,,http://www.toasttab.com/receipts/33eiUG9RSnqR9vgz4YmOIA/qdXwchKfyJhj9
,,,,CA02,1/25/25,12:59 PM,"Dan Dan Noodles Ⓥ🌶️🌶️ 担担面, Pan Fried Pork Buns (4) 特色鲜肉煎包, Vegetable Potstickers (6) Ⓥ 素三鲜锅贴",Default Online Ordering,2.30,Visa,600000034992681225,49,31.57,,1,0.00,,http://www.toasttab.com/receipts/33eiUG9RSnqR9vgz4YmOIA/LpNhjnLJNdrgK
,,,,CA02,1/25/25,12:57 PM,"Vegetable Steamed Dumplings (6) Ⓥ 素三鲜蒸饺, Chicken & Vegetable Wontons in Hot & Sour Sauce (6) 🌶️ 酸辣菜肉大馄饨, Dan Dan Noodles Ⓥ🌶️🌶️ 担担面, Chicken Xiao Long Bao (8) 鸡肉小笼包, Green Onion Pancake (1) Ⓥ 葱油饼, Vegetable Potstickers (6) Ⓥ 素三鲜锅贴, Yibin Noodles Ⓥ 🌶️ 宜宾燃面, Spicy (Ma La) Noodles 🌶️🌶️ 麻辣小面",Default Online Ordering,6.84,Visa,600000034992742977,47,90.14,,1,0.00,,http://www.toasttab.com/receipts/33eiUG9RSnqR9vgz4YmOIA/KXjW7CtrwxfNp
,,,,CA02,1/25/25,12:55 PM,"Spicy Beef Pancake Roll (1) 🌶️🌶️ 麻辣牛肉卷饼, Hot & Sour Glass Noodles 🌶️🌶️ 酸辣粉, Beef-Stew Noodles 🌶️ 秘制牛肉小面, Kale Salad with Sesame Dressing Ⓥ 麻酱羽衣甘蓝沙拉, Chicken & Vegetable Wontons in Chili Sauce (6) 🌶️ 红油菜肉大馄饨",Default Online Ordering,3.64,Visa,600000034992786960,46,49.96,,1,0.00,,http://www.toasttab.com/receipts/33eiUG9RSnqR9vgz4YmOIA/mfLJRkjRrXgLw
,,,,CA02,1/25/25,1:01 PM,"Pork Xiao Long Bao (8) 鲜肉小笼包, Pork & Shrimp Boiled Dumplings (6) 🦐 猪肉三鲜水饺, Broccoli with Seafood Sauce 蚝油西兰花, Beef Steamed Dumplings (6) 牛肉蒸饺, Chinese Crepe 煎饼果子 (薄脆)",Default Online Ordering,3.59,Discover,600000034992789786,52,46.94,,1,0.00,,http://www.toasttab.com/receipts/33eiUG9RSnqR9vgz4YmOIA/YYmsTyrfgytmf
,,,,CA02,1/25/25,12:59 PM,"Pork Xiao Long Bao (8) 鲜肉小笼包, Sweet & Sour Cucumber Ⓥ 🌶️ 甜辣小黄瓜, Pork & Crab Meat Xiao Long Bao (8) 🦐 蟹肉小笼包, Dan Dan Noodles Ⓥ🌶️🌶️ 担担面, Hot & Sour Glass Noodles 🌶️🌶️ 酸辣粉, Beef-Stew Noodles 🌶️ 秘制牛肉小面, Hot & Sour Glass Noodles 🌶️🌶️ 酸辣粉, Spicy (Ma La) Noodles 🌶️🌶️ 麻辣小面",Default Online Ordering,6.09,Visa,600000034992812371,50,85.89,,2,0.00,,http://www.toasttab.com/receipts/33eiUG9RSnqR9vgz4YmOIA/HtcLnkz7wWdmx
600000034992890962,Vi,4085056874,,CA02,1/25/25,12:56 PM,"Pork Xiao Long Bao (8) 鲜肉小笼包, Pork Xiao Long Bao (8) 鲜肉小笼包, Pork Xiao Long Bao (8) 鲜肉小笼包, Pork Xiao Long Bao (8) 鲜肉小笼包",Yafang Chen,3.64,Mastercard,600000034992912125,45,49.96,,1,0.00,,http://www.toasttab.com/receipts/33eiUG9RSnqR9vgz4YmOIA/gb97tyYCnwwyL
,,,,CA02,1/25/25,1:00 PM,"Pork Xiao Long Bao (8) 鲜肉小笼包, Pork Xiao Long Bao (8) 鲜肉小笼包, Pork Xiao Long Bao (8) 鲜肉小笼包, Sweet & Sour Cucumber Ⓥ 🌶️ 甜辣小黄瓜, Sweet & Sour Cucumber Ⓥ 🌶️ 甜辣小黄瓜, Dan Dan Noodles Ⓥ🌶️🌶️ 担担面, Dan Dan Noodles Ⓥ🌶️🌶️ 担担面, Yibin Noodles Ⓥ 🌶️ 宜宾燃面, Yibin Noodles Ⓥ 🌶️ 宜宾燃面",zhengyu chen,6.35,Visa,600000034993110829,51,88.01,,4,6.75,Reward Dollars,http://www.toasttab.com/receipts/33eiUG9RSnqR9vgz4YmOIA/mFMYMqzdgmjJf
,,,,CA02,1/25/25,1:04 PM,"Green Onion Pancake (1) Ⓥ 葱油饼, Pork & Crab Meat Xiao Long Bao (8) 🦐 蟹肉小笼包, Vegetable Potstickers (6) Ⓥ 素三鲜锅贴, Pork & Shrimp Potstickers (6) 🦐 猪肉三鲜锅贴, Hot & Sour Glass Noodles 🌶️🌶️ 酸辣粉, Vegetarian Hot & Sour Glass Noodles Ⓥ 🌶️🌶️ 素酸辣粉",zhengyu chen,4.07,Visa,600000034993345216,54,58.28,,2,0.00,,http://www.toasttab.com/receipts/33eiUG9RSnqR9vgz4YmOIA/ntKfFwCdfmtcW
,,,,CA02,1/25/25,1:04 PM,"Pork Wontons in Chili Sauce (6) 🌶️ 红油猪肉抄手, Pork Wontons in Chili Sauce (6) 🌶️ 红油猪肉抄手, Pork Wontons in Chili Sauce (6) 🌶️ 红油猪肉抄手, Kale Salad with Sesame Dressing Ⓥ 麻酱羽衣甘蓝沙拉, Hot & Sour Glass Noodles 🌶️🌶️ 酸辣粉, Vegetarian Spicy (Ma La) Noodles Ⓥ 🌶️🌶️ 素麻辣小面",Yafang Chen,4.12,Amex,600000034993357186,53,56.49,,1,0.00,,http://www.toasttab.com/receipts/33eiUG9RSnqR9vgz4YmOIA/MzLJyxjgRmfwp
,,,,CA02,1/25/25,1:14 PM,"Pork Xiao Long Bao (8) 鲜肉小笼包, Hot & Sour Glass Noodles 🌶️🌶️ 酸辣粉, Dan Dan Noodles Ⓥ🌶️🌶️ 担担面, Green Onion Pancake (1) Ⓥ 葱油饼, Vegetable Steamed Dumplings (6) Ⓥ 素三鲜蒸饺, Romaine Lettuce Salad with Sesame Dressing Ⓥ 麻酱生菜沙拉, Pork Wontons in Chili Sauce (6) 🌶️ 红油猪肉抄手",Default Online Ordering,4.74,Amex,600000034993361998,56,65.02,,1,0.00,,http://www.toasttab.com/receipts/33eiUG9RSnqR9vgz4YmOIA/zCLtmYRRxLwqk
,,,,CA02,1/25/25,1:11 PM,"Pork Xiao Long Bao (8) 鲜肉小笼包, Pan Fried Pork Buns (4) 特色鲜肉煎包, Sweet & Sour Cucumber Ⓥ 🌶️ 甜辣小黄瓜, Chicken & Vegetable Wontons in Chili Sauce (6) 🌶️ 红油菜肉大馄饨, Green Onion Soy Sauce Noodles Ⓥ 葱油拌面",Default Online Ordering,3.88,Visa,600000034993510722,55,54.61,,1,0.00,,http://www.toasttab.com/receipts/33eiUG9RSnqR9vgz4YmOIA/ttfXPMRJjqX7H
600000034993654010,PickUp-Melani L,8552228111,dd.toast.orders+orders_4ad3e20c-04c8-49ed-8acc-abe3db500a5c@gmail.com,CA02,1/25/25,1:14 PM,"Dan Dan Noodles Ⓥ🌶️🌶️ 担担面, Chicken Xiao Long Bao (8) 鸡肉小笼包",Default Online Ordering,1.63,Other,600000034993593764,57,19.48,,1,0.00,,http://www.toasttab.com/receipts/33eiUG9RSnqR9vgz4YmOIA/9Y9YFWRMqKWgq
,,,,CA02,1/25/25,1:25 PM,"Chinese Crepe 煎饼果子 (薄脆), Pork Xiao Long Bao (8) 鲜肉小笼包, Kale Salad with Sesame Dressing Ⓥ 麻酱羽衣甘蓝沙拉, Pan Fried Wontons with Sweet & Spicy Garlic Sauce (6) 甜辣香煎大馄饨, High Tail Shrimp & Pork Steamed Dumplings (6) 🦐 翘尾鲜虾蒸饺",Default Online Ordering,3.78,Visa,600000034994152926,59,51.78,,1,0.00,,http://www.toasttab.com/receipts/33eiUG9RSnqR9vgz4YmOIA/XYrjRm7WRhMNJ
,,,,CA02,1/25/25,1:31 PM,"Pork Xiao Long Bao (8) 鲜肉小笼包, Sweet & Sour Cucumber Ⓥ 🌶️ 甜辣小黄瓜, Hot & Sour Glass Noodles 🌶️🌶️ 酸辣粉, Spicy Beef Shank 🌶️🌶️ 麻辣牛腱",Default Online Ordering,3.06,Visa,600000034994307085,62,42.04,,1,0.00,,http://www.toasttab.com/receipts/33eiUG9RSnqR9vgz4YmOIA/KCHTLydmspPjR
,,,,CA02,1/25/25,1:38 PM,"Kale Salad with Sesame Dressing Ⓥ 麻酱羽衣甘蓝沙拉, Pork & Crab Meat Xiao Long Bao (8) 🦐 蟹肉小笼包, High Tail Shrimp & Pork Steamed Dumplings (6) 🦐 翘尾鲜虾蒸饺, Dan Dan Noodles Ⓥ🌶️🌶️ 担担面, Chicken & Vegetable Wontons in Chicken Soup 鸡汤菜肉大馄饨",Default Online Ordering,3.88,Visa,600000034994600142,63,53.28,,1,0.00,,http://www.toasttab.com/receipts/33eiUG9RSnqR9vgz4YmOIA/bjbdWbsLzPWnh
,,,,CA02,1/25/25,1:29 PM,"Green Onion Pancake (1) Ⓥ 葱油饼, Spicy Beef Pancake Roll (1) 🌶️🌶️ 麻辣牛肉卷饼, Pork Xiao Long Bao (8) 鲜肉小笼包, Pork & Crab Meat Xiao Long Bao (8) 🦐 蟹肉小笼包, Chicken Potstickers (6) 鸡肉锅贴, Pork Wontons in Chili Sauce (6) 🌶️ 红油猪肉抄手, Yibin Noodles Ⓥ 🌶️ 宜宾燃面, Beef-Stew Noodle Soup 🌶️ 秘制牛肉汤面, Zha Jiang Mian 京味炸酱面, Banana Naan Bread (1) Ⓥ 香蕉飞饼, Diet Coke 健怡可乐",xiaoli zheng,6.75,Visa,600000034994671704,61,98.95,,3,9.05,Reward Dollars,http://www.toasttab.com/receipts/33eiUG9RSnqR9vgz4YmOIA/ccqWpppsbLNXR
,,,,CA02,1/25/25,1:46 PM,"Pork Xiao Long Bao (8) 鲜肉小笼包, Beef Pancake Roll (1) 酱香牛肉卷饼 (不辣), Chicken & Vegetable Wontons in Chicken Soup 鸡汤菜肉大馄饨, Green Onion Pancake (1) Ⓥ 葱油饼, Pork & Crab Meat Xiao Long Bao (8) 🦐 蟹肉小笼包",Default Online Ordering,3.78,Mastercard,600000034994931498,69,51.90,,1,0.00,,http://www.toasttab.com/receipts/33eiUG9RSnqR9vgz4YmOIA/sFcqYWgxnLpHR
,,,,CA02,1/25/25,1:39 PM,"Coke 可乐, Green Onion Soy Sauce Noodles Ⓥ 葱油拌面, Pan Fried Wontons with Sweet & Spicy Garlic Sauce (6) 甜辣香煎大馄饨, Chicken Xiao Long Bao (8) 鸡肉小笼包, Chicken Potstickers (6) 鸡肉锅贴, Coke 可乐",Default Online Ordering,4.38,Visa,600000034995019469,64,57.23,,3,0.00,,http://www.toasttab.com/receipts/33eiUG9RSnqR9vgz4YmOIA/FHJ7j9pWcYsbW
,,,,CA02,1/25/25,1:40 PM,"Dan Dan Noodles Ⓥ🌶️🌶️ 担担面, Pork Xiao Long Bao (8) 鲜肉小笼包, Ube Milk Tea (Cold) 紫薯奶茶 (冷), Add Boba 珍珠, Green Onion Pancake (1) Ⓥ 葱油饼, Chicken Potstickers (6) 鸡肉锅贴, Green Onion Soy Sauce Noodles Ⓥ 葱油拌面, Pork Wontons in Hot & Sour Sauce (6) 🌶️ 酸辣猪肉抄手, Pork Xiao Long Bao (8) 鲜肉小笼包, Pan Fried Pork Buns (4) 特色鲜肉煎包, Pork Wontons in Chili Sauce (6) 🌶️ 红油猪肉抄手, Sweet & Sour Cucumber Ⓥ 🌶️ 甜辣小黄瓜, Spicy Beef Pancake Roll (1) 🌶️🌶️ 麻辣牛肉卷饼, Chicken Steamed Dumplings (6) 鸡肉蒸饺, Chicken Potstickers (6) 鸡肉锅贴",Default Online Ordering,10.06,Amex,600000034995246408,66,138.01,,1,0.00,,http://www.toasttab.com/receipts/33eiUG9RSnqR9vgz4YmOIA/fCNdFRPyXkXgg
,,,,CA02,1/25/25,1:51 PM,"Chinese Crepe 煎饼果子 (薄脆), Cold Noodles with Sesame Dressing Ⓥ 麻酱凉面, Chinese Crepe 煎饼果子 (薄脆), Pork Xiao Long Bao (8) 鲜肉小笼包, Beef Potstickers (6) 牛肉锅贴, Dan Dan Noodles Ⓥ🌶️🌶️ 担担面",Default Online Ordering,4.36,Visa,600000034995251249,74,61.37,,1,0.00,,http://www.toasttab.com/receipts/33eiUG9RSnqR9vgz4YmOIA/LdTxMtkTKRkTs
,,,,CA02,1/25/25,1:39 PM,"Vegetable Steamed Dumplings (6) Ⓥ 素三鲜蒸饺, Chinese Crepe 煎饼果子 (薄脆), Dan Dan Noodles Ⓥ🌶️🌶️ 担担面, Sweet & Sour Cucumber Ⓥ 🌶️ 甜辣小黄瓜, Oolong Tea (Hot) 乌龙茶 (热)",zhengyu chen,3.23,Visa,600000034995253498,65,44.31,,2,0.00,,http://www.toasttab.com/receipts/33eiUG9RSnqR9vgz4YmOIA/qJPmFsWRwFtxw
,,,,CA02,1/25/25,1:47 PM,"Pork Xiao Long Bao (8) 鲜肉小笼包, Dan Dan Noodles Ⓥ🌶️🌶️ 担担面",Default Online Ordering,1.63,Visa,600000034995297239,70,19.48,,1,0.00,,http://www.toasttab.com/receipts/33eiUG9RSnqR9vgz4YmOIA/fbc7LWKnMjFgn
,,,,CA02,1/25/25,1:42 PM,"Green Onion Pancake (1) Ⓥ 葱油饼, Pork & Crab Meat Xiao Long Bao (8) 🦐 蟹肉小笼包, Green Onion Soy Sauce Noodles Ⓥ 葱油拌面, Spicy (Ma La) Noodles 🌶️🌶️ 麻辣小面, Dan Dan Noodles Ⓥ🌶️🌶️ 担担面, Pork Xiao Long Bao (8) 鲜肉小笼包, Pan Fried Beef Pies (2) 牛肉馅饼",Default Online Ordering,5.94,Visa,600000034995339455,67,81.58,,1,0.00,,http://www.toasttab.com/receipts/33eiUG9RSnqR9vgz4YmOIA/Jb9kwNTfTYWgd
600000034995461915,PickUp-Fu Q,8552228111,dd.toast.orders+orders_089f1d3c-1f57-481e-9168-a04b840a525a@gmail.com,CA02,1/25/25,1:48 PM,"Pork & Shrimp Potstickers (6) 🦐 猪肉三鲜锅贴, Green Onion Soy Sauce Noodles Ⓥ 葱油拌面, Pork Xiao Long Bao (8) 鲜肉小笼包",Default Online Ordering,3.02,Other,600000034995674554,71,36.07,,1,0.00,,http://www.toasttab.com/receipts/33eiUG9RSnqR9vgz4YmOIA/CywMKC7b7Ly9z
,,,,CA02,1/25/25,1:48 PM,Beef-Stew Noodle Soup 🌶️ 秘制牛肉汤面,Yan Xu,0.91,Visa,600000034995735714,72,10.86,,1,0.00,,http://www.toasttab.com/receipts/33eiUG9RSnqR9vgz4YmOIA/sjbs79dyCTCNq
,,,,CA02,1/25/25,1:52 PM,"Beef Sandwich (1) 大嘴牛肉包 (不辣), Spicy Beef Pancake Roll (1) 🌶️🌶️ 麻辣牛肉卷饼, Chicken Xiao Long Bao (8) 鸡肉小笼包, Chicken Potstickers (6) 鸡肉锅贴, Chicken & Vegetable Wontons in Hot & Sour Sauce (6) 🌶️ 酸辣菜肉大馄饨, Sweet & Sour Cucumber Ⓥ 🌶️ 甜辣小黄瓜",xiaoli zheng,4.45,Visa,600000034995936978,75,60.95,,2,0.00,,http://www.toasttab.com/receipts/33eiUG9RSnqR9vgz4YmOIA/z99wfCYMcpTqy
,,,,CA02,1/25/25,1:59 PM,"Chicken & Vegetable Wontons in Chili Sauce (6) 🌶️ 红油菜肉大馄饨, Pork Xiao Long Bao (8) 鲜肉小笼包, Green Onion Pancake (1) Ⓥ 葱油饼, Dan Dan Noodles Ⓥ🌶️🌶️ 担担面, Thai Milk Tea (Cold) 泰式奶茶 (冷), Add Boba 珍珠, Coke 可乐, Coke 可乐, Pan Fried Wontons with Chili Sauce (6) 红油香煎大馄饨, Beef Steamed Dumplings (6) 牛肉蒸饺, Chicken Steamed Dumplings (6) 鸡肉蒸饺, High Tail Shrimp & Pork Steamed Dumplings (6) 🦐 翘尾鲜虾蒸饺",Default Online Ordering,7.97,Cash,600000034996073227,76,95.07,,1,0.00,,http://www.toasttab.com/receipts/33eiUG9RSnqR9vgz4YmOIA/NXbjJyWnFs7jp
,,,,CA02,1/25/25,2:02 PM,"Spicy Beef Pancake Roll (1) 🌶️🌶️ 麻辣牛肉卷饼, Chinese Crepe 煎饼果子 (薄脆), Yibin Noodles Ⓥ 🌶️ 宜宾燃面, Spicy (Ma La) Noodles 🌶️🌶️ 麻辣小面",Default Online Ordering,2.97,Visa,600000034996427812,78,41.85,,1,0.00,,http://www.toasttab.com/receipts/33eiUG9RSnqR9vgz4YmOIA/7nWbf9sgrq9Nr
600000017820559400,,6172332981,,CA02,1/25/25,2:05 PM,"Pork Xiao Long Bao (8) 鲜肉小笼包, Chinese Crepe 煎饼果子 (薄脆), Pork & Shrimp Potstickers (6) 🦐 猪肉三鲜锅贴, Beef-Stew Noodle Soup 🌶️ 秘制牛肉汤面",Default Online Ordering,2.42,Visa,600000034996440326,81,34.51,,1,7.95,Reward Dollars,http://www.toasttab.com/receipts/33eiUG9RSnqR9vgz4YmOIA/HRgsymzxpctJd
,,,,CA02,1/25/25,2:01 PM,"Pork Xiao Long Bao (8) 鲜肉小笼包, Dan Dan Noodles Ⓥ🌶️🌶️ 担担面, Pan Fried Pork Buns (4) 特色鲜肉煎包, Pan Fried Chive Dumplings (3) 韭菜盒子",Default Online Ordering,3.21,Visa,600000034996456669,77,44.06,,1,0.00,,http://www.toasttab.com/receipts/33eiUG9RSnqR9vgz4YmOIA/KnJHmHwnXhJy7
,,,,CA02,1/25/25,2:04 PM,"Green Onion Pancake (1) Ⓥ 葱油饼, Chicken Xiao Long Bao (8) 鸡肉小笼包, Chicken Xiao Long Bao (8) 鸡肉小笼包, Beef Potstickers (6) 牛肉锅贴, Dan Dan Noodles Ⓥ🌶️🌶️ 担担面, Dan Dan Noodles Ⓥ🌶️🌶️ 担担面",zhengyu chen,4.31,Visa,600000034996652956,80,61.75,,3,0.00,,http://www.toasttab.com/receipts/33eiUG9RSnqR9vgz4YmOIA/9YrMJngRPLpdM
,,,,CA02,1/25/25,2:09 PM,"Dan Dan Noodles Ⓥ🌶️🌶️ 担担面, Dan Dan Noodles Ⓥ🌶️🌶️ 担担面, Pork & Crab Meat Xiao Long Bao (8) 🦐 蟹肉小笼包, Pork Xiao Long Bao (8) 鲜肉小笼包, Pan Fried Beef Pies (2) 牛肉馅饼, Pork & Crab Meat Xiao Long Bao (8) 🦐 蟹肉小笼包, Banana Naan Bread (1) Ⓥ 香蕉飞饼",Default Online Ordering,6.19,Visa,600000034996784417,82,90.27,,1,0.00,,http://www.toasttab.com/receipts/33eiUG9RSnqR9vgz4YmOIA/TmXxnWtbqhNnf
,,,,CA02,1/25/25,2:13 PM,"Dan Dan Noodles Ⓥ🌶️🌶️ 担担面, Chinese Crepe 煎饼果子 (薄脆), Pork & Crab Meat Xiao Long Bao (8) 🦐 蟹肉小笼包, Steamed Pork Buns (4) 特色鲜肉蒸包",Default Online Ordering,3.21,Visa,600000034996980265,84,43.31,,1,0.00,,http://www.toasttab.com/receipts/33eiUG9RSnqR9vgz4YmOIA/TRgbfHmhcLWpg
,,,,CA02,1/25/25,2:16 PM,"Pork & Crab Meat Xiao Long Bao (8) 🦐 蟹肉小笼包, Sweet & Sour Cucumber Ⓥ 🌶️ 甜辣小黄瓜, Chicken & Vegetable Wontons in Chicken Soup 鸡汤菜肉大馄饨, Chicken Potstickers (6) 鸡肉锅贴, Oolong Tea (Hot) 乌龙茶 (热), Yibin Noodles Ⓥ 🌶️ 宜宾燃面",Default Online Ordering,4.19,Visa,600000034996983688,86,57.55,,2,0.00,,http://www.toasttab.com/receipts/33eiUG9RSnqR9vgz4YmOIA/LgCJhKhCcXbwP
,,,,CA02,1/25/25,2:13 PM,"Beef Pancake Roll (1) 酱香牛肉卷饼 (不辣), Chicken Xiao Long Bao (8) 鸡肉小笼包, Green Onion Soy Sauce Noodles Ⓥ 葱油拌面, Yibin Noodles Ⓥ 🌶️ 宜宾燃面",Default Online Ordering,3.21,Visa,600000034996992916,85,44.11,,1,0.00,,http://www.toasttab.com/receipts/33eiUG9RSnqR9vgz4YmOIA/MYqgffwpyXWjd
,,,,CA02,1/25/25,2:12 PM,"Pork Wontons in Chili Sauce (6) 🌶️ 红油猪肉抄手, Dan Dan Noodles Ⓥ🌶️🌶️ 担担面, Beef-Stew Noodles 🌶️ 秘制牛肉小面, Pork & Shrimp Potstickers (6) 🦐 猪肉三鲜锅贴",zhengyu chen,2.78,Amex,600000034997149943,83,38.16,,2,0.00,,http://www.toasttab.com/receipts/33eiUG9RSnqR9vgz4YmOIA/CkkCmMfTtMbYj
,,,,CA02,1/25/25,2:16 PM,"Pork & Crab Meat Xiao Long Bao (8) 🦐 蟹肉小笼包, Dan Dan Noodles Ⓥ🌶️🌶️ 担担面, Pan Fried Pork Buns (4) 特色鲜肉煎包, Beef Steamed Dumplings (6) 牛肉蒸饺, Pork Wontons in Hot & Sour Sauce (6) 🌶️ 酸辣猪肉抄手, Sweet & Sour Cucumber Ⓥ 🌶️ 甜辣小黄瓜, Five Spice Beef Shank 五香牛腱, Beef-Stew Noodle Soup 🌶️ 秘制牛肉汤面, Banana Naan Bread (1) Ⓥ 香蕉飞饼, Steamed Pork Buns (4) 特色鲜肉蒸包, Beef Steamed Dumplings (6) 牛肉蒸饺",Default Online Ordering,8.43,Visa,600000034997359404,87,120.76,,1,0.00,,http://www.toasttab.com/receipts/33eiUG9RSnqR9vgz4YmOIA/mJzFsWhPbjymJ
,,,,CA02,1/25/25,2:17 PM,"Beef-Stew Noodles 🌶️ 秘制牛肉小面, Spicy (Ma La) Noodles 🌶️🌶️ 麻辣小面, Pork & Crab Meat Xiao Long Bao (8) 🦐 蟹肉小笼包, Chicken & Vegetable Wontons in Chili Sauce (6) 🌶️ 红油菜肉大馄饨, Coke 可乐",Default Online Ordering,3.48,Visa,600000034997359413,88,47.76,,1,0.00,,http://www.toasttab.com/receipts/33eiUG9RSnqR9vgz4YmOIA/fcKnXgsXmtbkm
,,,,CA02,1/25/25,2:22 PM,"Chicken Xiao Long Bao (8) 鸡肉小笼包, Sweet & Sour Cucumber Ⓥ 🌶️ 甜辣小黄瓜, Pork & Shrimp Potstickers (6) 🦐 猪肉三鲜锅贴, Pork Wontons in Chili Sauce (6) 🌶️ 红油猪肉抄手, Kale Salad with Sesame Dressing Ⓥ 麻酱羽衣甘蓝沙拉, Green Onion Pancake (1) Ⓥ 葱油饼, Sapporo",Default Online Ordering,4.56,Visa,600000034997630517,90,62.51,,1,0.00,,http://www.toasttab.com/receipts/33eiUG9RSnqR9vgz4YmOIA/NTxrKghq77FMF
,,,,CA02,1/25/25,2:21 PM,"Green Onion Pancake (1) Ⓥ 葱油饼, Pork & Shrimp Boiled Dumplings (6) 🦐 猪肉三鲜水饺, Chicken Steamed Dumplings (6) 鸡肉蒸饺, Sweet & Sour Cucumber Ⓥ 🌶️ 甜辣小黄瓜, Green Onion Soy Sauce Noodles Ⓥ 葱油拌面, Coke 可乐, Sprite 雪碧",zhengyu chen,3.57,Visa,600000034997721708,89,50.17,,2,0.00,,http://www.toasttab.com/receipts/33eiUG9RSnqR9vgz4YmOIA/tPNTqKhWTWN9x
,,,,CA02,1/25/25,2:34 PM,"Steamed Pork Buns (4) 特色鲜肉蒸包, Pork Xiao Long Bao (8) 鲜肉小笼包, Green Onion Pancake (1) Ⓥ 葱油饼, Chicken Potstickers (6) 鸡肉锅贴, Dan Dan Noodles Ⓥ🌶️🌶️ 担担面, Pan Fried Beef Pies (2) 牛肉馅饼, Chicken Potstickers (6) 鸡肉锅贴, Beef-Stew Noodles 🌶️ 秘制牛肉小面, Pan Fried Pork Buns (4) 特色鲜肉煎包",Default Online Ordering,6.56,Visa,600000034998284922,91,93.91,,1,0.00,,http://www.toasttab.com/receipts/33eiUG9RSnqR9vgz4YmOIA/MznqWdJkptmx7
600000035000770568,PickUp-Stephen S,9152529783,dd.toast.orders+orders_dc1f57e4-16d7-4458-9f65-1fbd94afb9ea@gmail.com,CA02,1/25/25,3:09 PM,"Pork Wontons in Chili Sauce (6) 🌶️ 红油猪肉抄手, Beef-Stew Noodles 🌶️ 秘制牛肉小面",Default Online Ordering,2.05,Other,600000035000663287,95,24.55,,1,0.00,,http://www.toasttab.com/receipts/33eiUG9RSnqR9vgz4YmOIA/TwrtRPgKMbx9b
,,,,CA02,1/25/25,3:07 PM,"Pork Xiao Long Bao (8) 鲜肉小笼包, Pan Fried Pork Buns (4) 特色鲜肉煎包, Dan Dan Noodles Ⓥ🌶️🌶️ 担担面",Default Online Ordering,2.54,Discover,600000035000790418,94,34.89,,1,0.00,,http://www.toasttab.com/receipts/33eiUG9RSnqR9vgz4YmOIA/KL9nfTdgcgwbL
,,,,CA02,1/25/25,3:05 PM,"Chicken Xiao Long Bao (8) 鸡肉小笼包, Pork & Shrimp Boiled Dumplings (6) 🦐 猪肉三鲜水饺, Green Onion Soy Sauce Noodles Ⓥ 葱油拌面",zhengyu chen,2.30,Visa,600000035000808005,93,31.57,,2,0.00,,http://www.toasttab.com/receipts/33eiUG9RSnqR9vgz4YmOIA/M9dX9XpXXRKJM
600000035001241908,So Sun I,8552228111,dd.toast.orders+orders_d5ba6456-4c68-4b22-9a97-afc50a8a4a45@gmail.com,CA02,1/25/25,3:14 PM,Green Onion Pancake (1) Ⓥ 葱油饼,Default Online Ordering,0.44,Other,600000035000866849,97,5.24,,1,0.00,,http://www.toasttab.com/receipts/33eiUG9RSnqR9vgz4YmOIA/dqCmdC9yqzYxf
,,,,CA02,1/25/25,3:12 PM,"Pan Fried Pork Buns (4) 特色鲜肉煎包, Pork Xiao Long Bao (8) 鲜肉小笼包, Pork & Crab Meat Xiao Long Bao (8) 🦐 蟹肉小笼包, Pan Fried Wontons with Sweet & Spicy Garlic Sauce (6) 甜辣香煎大馄饨, Green Onion Soy Sauce Noodles Ⓥ 葱油拌面",Default Online Ordering,4.12,Visa,600000035001117768,96,56.55,,1,0.00,,http://www.toasttab.com/receipts/33eiUG9RSnqR9vgz4YmOIA/kLpxgLKtgnhsR
600000035001383278,Shirley S,8552228111,dd.toast.orders+orders_44787721-cdd7-4aee-8272-f95ccd6a1d9a@gmail.com,CA02,1/25/25,3:17 PM,"Pan Fried Wontons with Chili Sauce (6) 红油香煎大馄饨, Chinese Crepe 煎饼果子 (薄脆), Spicy Beef Pancake Roll (1) 🌶️🌶️ 麻辣牛肉卷饼, Beef-Stew Noodles 🌶️ 秘制牛肉小面, Pork Xiao Long Bao (8) 鲜肉小笼包",Default Online Ordering,3.94,Other,600000035001657357,98,52.14,,1,0.00,,http://www.toasttab.com/receipts/33eiUG9RSnqR9vgz4YmOIA/kwLhWKXJgP9Jh
600000035001919682,Johanna L,6503169941,dd.toast.orders+orders_0cbfa378-40bf-4b26-a546-e0d008733645@gmail.com,CA02,1/25/25,3:26 PM,"Chicken & Vegetable Wontons in Chili Sauce (6) 🌶️ 红油菜肉大馄饨, Green Onion Soy Sauce Noodles Ⓥ 葱油拌面, Chicken Xiao Long Bao (8) 鸡肉小笼包",Default Online Ordering,2.29,Other,600000035002315211,99,27.44,,1,0.00,,http://www.toasttab.com/receipts/33eiUG9RSnqR9vgz4YmOIA/PCjyNjMyXXTtx
,,,,CA02,1/25/25,3:33 PM,"Beef Pancake Roll (1) 酱香牛肉卷饼 (不辣), Pork Xiao Long Bao (8) 鲜肉小笼包, Pork Wontons in Chili Sauce (6) 🌶️ 红油猪肉抄手, Beef-Stew Noodle Soup 🌶️ 秘制牛肉汤面",xiaoli zheng,3.35,Visa,600000035002958903,100,47.14,,2,0.00,,http://www.toasttab.com/receipts/33eiUG9RSnqR9vgz4YmOIA/fnHfPLHFpPFqX
,,,,CA02,1/25/25,3:51 PM,"Chicken & Vegetable Wontons in Chicken Soup 鸡汤菜肉大馄饨, Jasmine Tea (Hot) 茉莉花茶 (热), Sweet & Sour Cucumber Ⓥ 🌶️ 甜辣小黄瓜, Pork Wontons in Hot & Sour Sauce (6) 🌶️ 酸辣猪肉抄手, Banana Naan Bread (1) Ⓥ 香蕉飞饼, Beef Steamed Dumplings (6) 牛肉蒸饺",Default Online Ordering,2.69,Visa,600000035003841997,101,42.03,,1,12.80,"Spillage/Food Quality - Item (100.00%), Spillage/Food Quality - Item (100.00%)",http://www.toasttab.com/receipts/33eiUG9RSnqR9vgz4YmOIA/zWLMXxXKKppWT
,,,,CA02,1/25/25,4:02 PM,"Green Onion Pancake (1) Ⓥ 葱油饼, Sweet & Sour Cucumber Ⓥ 🌶️ 甜辣小黄瓜, Pork & Shrimp Potstickers (6) 🦐 猪肉三鲜锅贴, Pan Fried Pork Buns (4) 特色鲜肉煎包, Pork Xiao Long Bao (8) 鲜肉小笼包, Dan Dan Noodles Ⓥ🌶️🌶️ 担担面, Hot & Sour Glass Noodles 🌶️🌶️ 酸辣粉, Pork Wontons in Hot & Sour Sauce (6) 🌶️ 酸辣猪肉抄手",Default Online Ordering,5.65,Discover,600000035005136264,102,80.88,,2,0.00,,http://www.toasttab.com/receipts/33eiUG9RSnqR9vgz4YmOIA/FrFrKfWbd9fxk
,,,,CA02,1/25/25,4:06 PM,"Pork Xiao Long Bao (8) 鲜肉小笼包, Sweet & Sour Cucumber Ⓥ 🌶️ 甜辣小黄瓜, Dan Dan Noodles Ⓥ🌶️🌶️ 担担面, Pork Wontons in Chili Sauce (6) 🌶️ 红油猪肉抄手, Pan Fried Beef Pies (2) 牛肉馅饼, Pork Xiao Long Bao (8) 鲜肉小笼包",Default Online Ordering,4.55,Visa,600000035005574708,104,62.39,,1,0.00,,http://www.toasttab.com/receipts/33eiUG9RSnqR9vgz4YmOIA/xqfyCnmhhdnJb
,,,,CA02,1/25/25,4:25 PM,"Pork & Crab Meat Xiao Long Bao (8) 🦐 蟹肉小笼包, Pork Xiao Long Bao (8) 鲜肉小笼包, Chicken Potstickers (6) 鸡肉锅贴, Pan Fried Wontons with Sweet & Spicy Garlic Sauce (6) 甜辣香煎大馄饨, Spicy (Ma La) Noodles 🌶️🌶️ 麻辣小面, Beef-Stew Noodles 🌶️ 秘制牛肉小面",Default Online Ordering,4.60,Cash,600000035006782983,105,54.90,,1,0.00,,http://www.toasttab.com/receipts/33eiUG9RSnqR9vgz4YmOIA/MrkWP9rRrCb9j
,,,,CA02,1/25/25,4:25 PM,"Chicken Steamed Dumplings (6) 鸡肉蒸饺, Green Onion Soy Sauce Noodles Ⓥ 葱油拌面, Dan Dan Noodles Ⓥ🌶️🌶️ 担担面, Pork & Shrimp Boiled Dumplings (6) 🦐 猪肉三鲜水饺, Chicken & Vegetable Wontons in Chili Sauce (6) 🌶️ 红油菜肉大馄饨",Default Online Ordering,3.45,Visa,600000035007173707,106,46.15,,2,0.00,,http://www.toasttab.com/receipts/33eiUG9RSnqR9vgz4YmOIA/ctKfR7gMRM7Kh
600000035007444763,Radai R,8552228111,dd.toast.orders+orders_701ac95b-e592-4602-b110-af4c417a3710@gmail.com,CA02,1/25/25,4:31 PM,"Green Onion Pancake (1) Ⓥ 葱油饼, Green Onion Soy Sauce Noodles Ⓥ 葱油拌面, Chicken Xiao Long Bao (8) 鸡肉小笼包",Default Online Ordering,3.80,Other,600000035007209338,108,45.40,,1,0.00,,http://www.toasttab.com/receipts/33eiUG9RSnqR9vgz4YmOIA/JKrXktdcLnKYP
,,,,CA02,1/25/25,4:35 PM,"Dan Dan Noodles Ⓥ🌶️🌶️ 担担面, Green Onion Pancake (1) Ⓥ 葱油饼, Shrimp & Zucchini Steamed Dumplings (6) 🦐 青瓜鲜虾蒸饺",Default Online Ordering,1.86,Amex,600000035007953263,109,25.60,,1,0.00,,http://www.toasttab.com/receipts/33eiUG9RSnqR9vgz4YmOIA/kyNTHRxxLgKgF
600000035007586787,Joshua C,8552228111,dd.toast.orders+orders_ae4b5eaa-1d24-4338-9657-da5df2bef1ac@gmail.com,CA02,1/25/25,4:39 PM,"Dan Dan Noodles Ⓥ🌶️🌶️ 担担面, Spicy (Ma La) Noodles 🌶️🌶️ 麻辣小面, Pork Xiao Long Bao (8) 鲜肉小笼包, Pan Fried Pork Buns (4) 特色鲜肉煎包, Pork Wontons in Hot & Sour Sauce (6) 🌶️ 酸辣猪肉抄手, Sweet & Sour Cucumber Ⓥ 🌶️ 甜辣小黄瓜",Default Online Ordering,4.83,Other,600000035008099072,110,62.73,,1,0.00,,http://www.toasttab.com/receipts/33eiUG9RSnqR9vgz4YmOIA/WFdMgRPCbCJWz
,,,,CA02,1/25/25,4:45 PM,"Pork Xiao Long Bao (8) 鲜肉小笼包, Sweet & Sour Cucumber Ⓥ 🌶️ 甜辣小黄瓜, Sour Plum Juice (Cold) 酸梅汁 (冷)",Default Online Ordering,2.12,Amex,600000035008406129,113,29.12,,1,0.00,,http://www.toasttab.com/receipts/33eiUG9RSnqR9vgz4YmOIA/dCXLpymNqKRrF
600000035008254182,PickUp-Nicole Asia H,3473871449,dd.toast.orders+orders_f37b2aa0-4cdd-4476-bc34-e627d7b66b95@gmail.com,CA02,1/25/25,4:44 PM,"Sprite 雪碧, Pork & Shrimp Potstickers (6) 🦐 猪肉三鲜锅贴",Default Online Ordering,1.56,Other,600000035008493226,112,20.66,,1,0.00,,http://www.toasttab.com/receipts/33eiUG9RSnqR9vgz4YmOIA/yMXMwp9cfH7Xb
600000035008149892,Mabel A.,6692726541,dd.toast.orders+orders_69e508f7-b53e-42f1-bd96-e804fdcc2cb4@gmail.com,CA02,1/25/25,4:47 PM,"Sweet & Sour Cucumber Ⓥ 🌶️ 甜辣小黄瓜, Dan Dan Noodles Ⓥ🌶️🌶️ 担担面, Chicken Xiao Long Bao (8) 鸡肉小笼包",Default Online Ordering,2.29,Other,600000035008649825,115,27.44,,1,0.00,,http://www.toasttab.com/receipts/33eiUG9RSnqR9vgz4YmOIA/NKsbfTqMCxTpT
,,,,CA02,1/25/25,4:46 PM,"Pork Xiao Long Bao (8) 鲜肉小笼包, Banana Naan Bread (1) Ⓥ 香蕉飞饼, Sour Plum Juice (Cold) 酸梅汁 (冷)",Default Online Ordering,2.99,Visa,600000035008707613,114,41.16,,1,0.00,,http://www.toasttab.com/receipts/33eiUG9RSnqR9vgz4YmOIA/jd9rjqThdkzym
,,,,CA02,1/25/25,4:43 PM,"Pork & Crab Meat Xiao Long Bao (8) 🦐 蟹肉小笼包, Steamed Pork Buns (4) 特色鲜肉蒸包, Pork Wontons in Chili Sauce (6) 🌶️ 红油猪肉抄手, Kale Salad with Sesame Dressing Ⓥ 麻酱羽衣甘蓝沙拉, Beef-Stew Noodle Soup 🌶️ 秘制牛肉汤面, Banana Naan Bread (1) Ⓥ 香蕉飞饼",zhengyu chen,4.70,Visa,600000035008806993,111,64.52,,3,0.00,,http://www.toasttab.com/receipts/33eiUG9RSnqR9vgz4YmOIA/7sdb7jfKsKsbn
600000035008862099,PickUp-Katie S.,9515053624,dd.toast.orders+orders_e692ed55-5359-4fb4-8b69-409d2c763e5d@gmail.com,CA02,1/25/25,4:57 PM,"Pan Fried Wontons with Chili Sauce (6) 红油香煎大馄饨, Pan Fried Chive Dumplings (3) 韭菜盒子, Beef-Stew Noodles 🌶️ 秘制牛肉小面, Dan Dan Noodles Ⓥ🌶️🌶️ 担担面, Steamed Pork Buns (4) 特色鲜肉蒸包",Default Online Ordering,3.68,Other,600000035009569821,116,52.10,,1,0.00,,http://www.toasttab.com/receipts/33eiUG9RSnqR9vgz4YmOIA/LpnxdcqnsCFjF
600000035009860808,Eren M,8552228111,dd.toast.orders+orders_6f0c5c30-2f64-4892-9e59-dc7adcf64249@gmail.com,CA02,1/25/25,4:59 PM,"Green Onion Pancake (1) Ⓥ 葱油饼, Kale Salad with Sesame Dressing Ⓥ 麻酱羽衣甘蓝沙拉, Spicy (Ma La) Noodles 🌶️🌶️ 麻辣小面, Dan Dan Noodles Ⓥ🌶️🌶️ 担担面, Chicken Xiao Long Bao (8) 鸡肉小笼包, Pan Fried Pork Buns (4) 特色鲜肉煎包",Default Online Ordering,6.62,Other,600000035009907756,117,79.12,,1,0.00,,http://www.toasttab.com/receipts/33eiUG9RSnqR9vgz4YmOIA/HjkxyXJctMkPm
,,,,CA02,1/25/25,5:07 PM,"Pan Fried Pork Buns (4) 特色鲜肉煎包, Beef Sandwich (1) 大嘴牛肉包 (不辣), Pork Xiao Long Bao (8) 鲜肉小笼包, Dan Dan Noodles Ⓥ🌶️🌶️ 担担面, Beef-Stew Noodle Soup 🌶️ 秘制牛肉汤面, Pork Wontons in Hot & Sour Sauce (6) 🌶️ 酸辣猪肉抄手, Chicken Xiao Long Bao (8) 鸡肉小笼包, Beef Potstickers (6) 牛肉锅贴, Pork Xiao Long Bao (8) 鲜肉小笼包, Dan Dan Noodles Ⓥ🌶️🌶️ 担担面, Beef Potstickers (6) 牛肉锅贴, Beef-Stew Noodle Soup 🌶️ 秘制牛肉汤面, Pan Fried Pork Buns (4) 特色鲜肉煎包, Banana Naan Bread (1) Ⓥ 香蕉飞饼, Beef Pancake Roll (1) 酱香牛肉卷饼 (不辣), Pork Xiao Long Bao (8) 鲜肉小笼包, Braised Pig Ears 🌶️ 凉拌猪耳, Spicy Beef Pancake Roll (1) 🌶️🌶️ 麻辣牛肉卷饼, Dan Dan Noodles Ⓥ🌶️🌶️ 担担面, Pan Fried Pork Buns (4) 特色鲜肉煎包",Default Online Ordering,17.63,Mastercard,600000035010549256,119,241.99,,1,0.00,,http://www.toasttab.com/receipts/33eiUG9RSnqR9vgz4YmOIA/mXLfHrWXCxRRC
,,,,CA02,1/25/25,5:06 PM,"Beef Pancake Roll (1) 酱香牛肉卷饼 (不辣), Chicken Potstickers (6) 鸡肉锅贴, Yibin Noodles Ⓥ 🌶️ 宜宾燃面, Pork Wontons in Chili Sauce (6) 🌶️ 红油猪肉抄手",Yafang Chen,2.92,Mastercard,600000035010605928,118,34.82,,1,0.00,,http://www.toasttab.com/receipts/33eiUG9RSnqR9vgz4YmOIA/wRYfnPWwrLXkT
,,,,CA02,1/25/25,5:19 PM,"Dan Dan Noodles Ⓥ🌶️🌶️ 担担面, Pork Xiao Long Bao (8) 鲜肉小笼包, Pan Fried Chive Dumplings (3) 韭菜盒子, Beef Pancake Roll (1) 酱香牛肉卷饼 (不辣), Pan Fried Beef Pies (2) 牛肉馅饼, Pork Wontons in Chili Sauce (6) 🌶️ 红油猪肉抄手, Beef-Stew Noodles 🌶️ 秘制牛肉小面, Pork & Crab Meat Xiao Long Bao (8) 🦐 蟹肉小笼包",Default Online Ordering,6.13,Visa,600000035011568456,121,84.10,,1,0.00,,http://www.toasttab.com/receipts/33eiUG9RSnqR9vgz4YmOIA/ftynRgrHKNNyt
,,,,CA02,1/25/25,5:27 PM,"Sweet & Sour Cucumber Ⓥ 🌶️ 甜辣小黄瓜, Vegetable Potstickers (6) Ⓥ 素三鲜锅贴, Yibin Noodles Ⓥ 🌶️ 宜宾燃面, Pan Fried Wontons with Sweet & Spicy Garlic Sauce (6) 甜辣香煎大馄饨",Default Online Ordering,2.73,Discover,600000035011667279,123,38.39,,1,0.00,,http://www.toasttab.com/receipts/33eiUG9RSnqR9vgz4YmOIA/KML9gcWLTxL7d
600000035011744771,PickUp-Eric Y.,4086050931,dd.toast.orders+orders_8a4ea2c8-eb5d-4130-970a-520146388771@gmail.com,CA02,1/25/25,5:28 PM,"Chicken & Vegetable Wontons in Chili Sauce (6) 🌶️ 红油菜肉大馄饨, Pork & Shrimp Potstickers (6) 🦐 猪肉三鲜锅贴, Shrimp & Zucchini Steamed Dumplings (6) 🦐 青瓜鲜虾蒸饺, Beef-Stew Noodles 🌶️ 秘制牛肉小面, Spicy (Ma La) Noodles 🌶️🌶️ 麻辣小面",Default Online Ordering,3.54,Other,600000035011955966,124,42.29,,1,0.00,,http://www.toasttab.com/receipts/33eiUG9RSnqR9vgz4YmOIA/rK7xTXnNHjfPC
600000035011744781,Jessica Y,8552228111,dd.toast.orders+orders_e0c5aa62-a920-4709-940f-891d6b1336f6@gmail.com,CA02,1/25/25,5:32 PM,"Kale Salad with Sesame Dressing Ⓥ 麻酱羽衣甘蓝沙拉, Sweet & Sour Cucumber Ⓥ 🌶️ 甜辣小黄瓜, Pan Fried Chive Dumplings (3) 韭菜盒子, Green Onion Soy Sauce Noodles Ⓥ 葱油拌面, Beef-Stew Noodle Soup 🌶️ 秘制牛肉汤面, Pork Xiao Long Bao (8) 鲜肉小笼包",Default Online Ordering,4.76,Other,600000035011955981,127,61.96,,1,0.00,,http://www.toasttab.com/receipts/33eiUG9RSnqR9vgz4YmOIA/XjryPtXLFRMyN
,,,,CA02,1/25/25,5:34 PM,"Pork Xiao Long Bao (8) 鲜肉小笼包, Steamed Pork Buns (4) 特色鲜肉蒸包, Pork & Shrimp Potstickers (6) 🦐 猪肉三鲜锅贴, Green Onion Soy Sauce Noodles Ⓥ 葱油拌面, Chicken & Vegetable Wontons in Hot & Sour Sauce (6) 🌶️ 酸辣菜肉大馄饨, Shrimp & Zucchini Steamed Dumplings (6) 🦐 青瓜鲜虾蒸饺",Default Online Ordering,4.64,Visa,600000035012047347,128,66.47,,1,0.00,,http://www.toasttab.com/receipts/33eiUG9RSnqR9vgz4YmOIA/WXdw9xCcfwgw9
,,,,CA02,1/25/25,5:29 PM,"Pork Xiao Long Bao (8) 鲜肉小笼包, Pork Xiao Long Bao (8) 鲜肉小笼包, Green Onion Pancake (1) Ⓥ 葱油饼, Pan Fried Pork Buns (4) 特色鲜肉煎包, Chicken Potstickers (6) 鸡肉锅贴, Sapporo, Jasmine Tea (Hot) 茉莉花茶 (热)",Default Online Ordering,5.53,Mastercard,600000035012085824,125,79.36,,1,0.00,,http://www.toasttab.com/receipts/33eiUG9RSnqR9vgz4YmOIA/FFqwRJwxpbJNM
600000035011290641,Akshay A,8552228111,dd.toast.orders+orders_4f1a9ec0-88b8-4853-9fa7-a4ddad5cbfcc@gmail.com,CA02,1/25/25,5:27 PM,"Green Onion Soy Sauce Noodles Ⓥ 葱油拌面, Dan Dan Noodles Ⓥ🌶️🌶️ 担担面, Cold Noodles with Sesame Dressing Ⓥ 麻酱凉面",Default Online Ordering,4.15,Other,600000035012169403,122,49.65,,1,0.00,,http://www.toasttab.com/receipts/33eiUG9RSnqR9vgz4YmOIA/Mbw9KmqygMtfs
,,,,CA02,1/25/25,5:31 PM,"Green Onion Pancake (1) Ⓥ 葱油饼, Dan Dan Noodles Ⓥ🌶️🌶️ 担担面, Pan Fried Pork Buns (4) 特色鲜肉煎包, Chicken & Vegetable Wontons in Chili Sauce (6) 🌶️ 红油菜肉大馄饨, Spicy Beef Pancake Roll (1) 🌶️🌶️ 麻辣牛肉卷饼",Default Online Ordering,3.54,Visa,600000035012171913,126,50.69,,1,0.00,,http://www.toasttab.com/receipts/33eiUG9RSnqR9vgz4YmOIA/TtwzqTdNKF7fd
600000035012021046,PickUp-Sydney K,8552228111,dd.toast.orders+orders_ecefad15-c316-42e7-82bb-c46cb3617f9e@gmail.com,CA02,1/25/25,5:37 PM,"Green Onion Pancake (1) Ⓥ 葱油饼, Pan Fried Chive Dumplings (3) 韭菜盒子, Chicken Potstickers (6) 鸡肉锅贴, Kale Salad with Sweet & Spicy Garlic Dressing Ⓥ 🌶️ 甜辣羽衣甘蓝沙拉, Sweet & Sour Cucumber Ⓥ 🌶️ 甜辣小黄瓜, Pan Fried Wontons with Sweet & Spicy Garlic Sauce (6) 甜辣香煎大馄饨, Chicken & Vegetable Wontons in Chicken Soup 鸡汤菜肉大馄饨, Dan Dan Noodles Ⓥ🌶️🌶️ 担担面, Chicken Xiao Long Bao (8) 鸡肉小笼包",Default Online Ordering,11.75,Other,600000035012483880,130,140.50,,1,0.00,,http://www.toasttab.com/receipts/33eiUG9RSnqR9vgz4YmOIA/gbzdsgp9yrRYh
600000035012132290,Jihyun K,8552228111,dd.toast.orders+orders_917aa460-3c27-4217-987f-8fa4e0059086@gmail.com,CA02,1/25/25,5:39 PM,"Pan Fried Wontons with Sweet & Spicy Garlic Sauce (6) 甜辣香煎大馄饨, Chicken & Vegetable Wontons in Chili Sauce (6) 🌶️ 红油菜肉大馄饨, Sweet & Sour Cucumber Ⓥ 🌶️ 甜辣小黄瓜, Dan Dan Noodles Ⓥ🌶️🌶️ 担担面, Pork & Crab Meat Xiao Long Bao (8) 🦐 蟹肉小笼包, Pork Xiao Long Bao (8) 鲜肉小笼包",Default Online Ordering,4.76,Other,600000035012653770,131,61.96,,1,0.00,,http://www.toasttab.com/receipts/33eiUG9RSnqR9vgz4YmOIA/NKCNpLYXCRyfc
,,,,CA02,1/25/25,5:37 PM,"Pork Xiao Long Bao (8) 鲜肉小笼包, Pork & Crab Meat Xiao Long Bao (8) 🦐 蟹肉小笼包, Sweet & Sour Cucumber Ⓥ 🌶️ 甜辣小黄瓜, Dan Dan Noodles Ⓥ🌶️🌶️ 担担面, Pork & Shrimp Boiled Dumplings (6) 🦐 猪肉三鲜水饺, Green Onion Pancake (1) Ⓥ 葱油饼",Default Online Ordering,4.26,Mastercard,600000035012775112,129,58.43,,1,0.00,,http://www.toasttab.com/receipts/33eiUG9RSnqR9vgz4YmOIA/yKmfnPhsThHsd
,,,,CA02,1/25/25,5:40 PM,"Kale Salad with Sesame Dressing Ⓥ 麻酱羽衣甘蓝沙拉, Green Onion Soy Sauce Noodles Ⓥ 葱油拌面, Pork Xiao Long Bao (8) 鲜肉小笼包, Pork & Shrimp Potstickers (6) 🦐 猪肉三鲜锅贴, Minced Chicken Noodles 🌶️ 鸡肉肉燥小面, Zha Jiang Mian 京味炸酱面, Tsingtao, Chinese Crepe 煎饼果子 (薄脆)",Default Online Ordering,6.39,Visa,600000035013033215,132,91.61,,1,0.00,,http://www.toasttab.com/receipts/33eiUG9RSnqR9vgz4YmOIA/jNTMJwJcxNpsf
,,,,CA02,1/25/25,5:42 PM,"Green Onion Pancake (1) Ⓥ 葱油饼, Dan Dan Noodles Ⓥ🌶️🌶️ 担担面, Chinese Crepe 煎饼果子 (薄脆), Pan Fried Pork Buns (4) 特色鲜肉煎包, Pork Xiao Long Bao (8) 鲜肉小笼包, Kale Salad with Sweet & Spicy Garlic Dressing Ⓥ 🌶️ 甜辣羽衣甘蓝沙拉, Minced Chicken Noodles 🌶️ 鸡肉肉燥小面, Sprite 雪碧",Default Online Ordering,5.93,Visa,600000035013085871,133,84.94,,1,0.00,,http://www.toasttab.com/receipts/33eiUG9RSnqR9vgz4YmOIA/kstsNtbCkzCbg
600000020777211213,,2174199320,,CA02,1/25/25,5:53 PM,"Pork Xiao Long Bao (8) 鲜肉小笼包, Sweet & Sour Cucumber Ⓥ 🌶️ 甜辣小黄瓜, Shrimp & Zucchini Steamed Dumplings (6) 🦐 青瓜鲜虾蒸饺, Pan Fried Pork Buns (4) 特色鲜肉煎包",Default Online Ordering,2.43,Visa,600000035013557782,135,35.77,,1,9.05,Reward Dollars,http://www.toasttab.com/receipts/33eiUG9RSnqR9vgz4YmOIA/PmrxFRd7CNwgz
600000035012908247,Lisa N,8552228111,dd.toast.orders+orders_74caea9c-607a-4eaf-a32d-0e911a1dc635@gmail.com,CA02,1/25/25,5:55 PM,"Sweet & Sour Cucumber Ⓥ 🌶️ 甜辣小黄瓜, Pork Wontons in Chili Sauce (6) 🌶️ 红油猪肉抄手, Chicken Xiao Long Bao (8) 鸡肉小笼包, Pork Xiao Long Bao (8) 鲜肉小笼包",Default Online Ordering,3.62,Other,600000035013801574,136,43.32,,1,0.00,,http://www.toasttab.com/receipts/33eiUG9RSnqR9vgz4YmOIA/zhHWdMR9bhnPc
600000035013876909,A Cardholder,4086470193,,CA02,1/25/25,5:50 PM,"Pork Xiao Long Bao (8) 鲜肉小笼包, Chicken Potstickers (6) 鸡肉锅贴, Thai Milk Tea (Cold) 泰式奶茶 (冷)",Yafang Chen,2.12,Visa,600000035013892249,120,29.12,,1,0.00,,http://www.toasttab.com/receipts/33eiUG9RSnqR9vgz4YmOIA/JPNTrzxHtXXdc
600000035014535903,PickUp-Kelly C.,5109280364,dd.toast.orders+orders_c8da6415-dfa0-4d7f-bd48-bfd6641cd185@gmail.com,CA02,1/25/25,6:00 PM,"Broccoli with Seafood Sauce 蚝油西兰花, Sweet & Sour Cucumber Ⓥ 🌶️ 甜辣小黄瓜, Sweet & Sour Cucumber Ⓥ 🌶️ 甜辣小黄瓜, Chicken & Vegetable Wontons in Chili Sauce (6) 🌶️ 红油菜肉大馄饨, Chicken & Vegetable Wontons in Chicken Soup 鸡汤菜肉大馄饨, Dan Dan Noodles Ⓥ🌶️🌶️ 担担面, Pork Xiao Long Bao (8) 鲜肉小笼包",Default Online Ordering,8.03,Other,600000035014097576,138,104.83,,1,0.00,,http://www.toasttab.com/receipts/33eiUG9RSnqR9vgz4YmOIA/PyYmdHtkfWgYN
600000035013659784,Cecile S,8552228111,dd.toast.orders+orders_2fe4b33d-a75a-4e57-9854-7f492a6e5535@gmail.com,CA02,1/25/25,5:55 PM,"Ube Milk Tea (Cold) 紫薯奶茶 (冷), Chicken & Vegetable Wontons in Hot & Sour Sauce (6) 🌶️ 酸辣菜肉大馄饨",Default Online Ordering,1.50,Other,600000035014168507,137,17.90,,1,0.00,,http://www.toasttab.com/receipts/33eiUG9RSnqR9vgz4YmOIA/PHpdMWjtzfssg
,,,,CA02,1/25/25,6:07 PM,"Pan Fried Pork Buns (4) 特色鲜肉煎包, Pork Xiao Long Bao (8) 鲜肉小笼包, Green Onion Soy Sauce Noodles Ⓥ 葱油拌面",Default Online Ordering,2.54,Visa,600000035014358145,142,35.80,,1,0.00,,http://www.toasttab.com/receipts/33eiUG9RSnqR9vgz4YmOIA/HpnWczmWbWPyY
,,,,CA02,1/25/25,6:09 PM,"Dan Dan Noodles Ⓥ🌶️🌶️ 担担面, Vegetable Potstickers (6) Ⓥ 素三鲜锅贴, Pork Xiao Long Bao (8) 鲜肉小笼包, Chicken & Vegetable Wontons in Chili Sauce (6) 🌶️ 红油菜肉大馄饨, Dan Dan Noodles Ⓥ🌶️🌶️ 担担面",Default Online Ordering,4.41,Mastercard,600000035014578435,144,60.56,,1,0.00,,http://www.toasttab.com/receipts/33eiUG9RSnqR9vgz4YmOIA/WbjcPn9s7wdcq
,,,,CA02,1/25/25,6:15 PM,"Hot & Sour Glass Noodles 🌶️🌶️ 酸辣粉, Pan Fried Pork Buns (4) 特色鲜肉煎包, Pork Wontons in Chili Sauce (6) 🌶️ 红油猪肉抄手, Pork Xiao Long Bao (8) 鲜肉小笼包, Dan Dan Noodles Ⓥ🌶️🌶️ 担担面",Default Online Ordering,3.93,Mastercard,600000035014592799,146,53.97,,1,0.00,,http://www.toasttab.com/receipts/33eiUG9RSnqR9vgz4YmOIA/TgdkqdTkmzjWM
,,,,CA02,1/25/25,6:06 PM,"Pan Fried Pork Buns (4) 特色鲜肉煎包, Pork Xiao Long Bao (8) 鲜肉小笼包, Pan Fried Beef Pies (2) 牛肉馅饼, Pan Fried Wontons with Chili Sauce (6) 红油香煎大馄饨",Default Online Ordering,3.16,Visa,600000035014619924,141,44.44,,1,0.00,,http://www.toasttab.com/receipts/33eiUG9RSnqR9vgz4YmOIA/NLdJFJdXtHmjP
,,,,CA02,1/25/25,6:03 PM,Banana Naan Bread (1) Ⓥ 香蕉飞饼,Yafang Chen,0.63,Visa,600000035014802356,139,7.58,,1,0.00,,http://www.toasttab.com/receipts/33eiUG9RSnqR9vgz4YmOIA/LznzxrTddmfFj
,,,,CA02,1/25/25,6:11 PM,"Pork Xiao Long Bao (8) 鲜肉小笼包, Sweet & Sour Cucumber Ⓥ 🌶️ 甜辣小黄瓜, Dan Dan Noodles Ⓥ🌶️🌶️ 担担面, Chicken Potstickers (6) 鸡肉锅贴, Spicy (Ma La) Noodles 🌶️🌶️ 麻辣小面",Default Online Ordering,3.69,Visa,600000035014820133,145,50.65,,1,0.00,,http://www.toasttab.com/receipts/33eiUG9RSnqR9vgz4YmOIA/JcJrqstx7kPMm
600000035015266311,Jason Y,8552228111,dd.toast.orders+orders_90a5e9b3-39e5-4097-8cb7-835000677254@gmail.com,CA02,1/25/25,6:16 PM,"Pork Wontons in Chili Sauce (6) 🌶️ 红油猪肉抄手, Beef-Stew Noodles 🌶️ 秘制牛肉小面, Green Onion Soy Sauce Noodles Ⓥ 葱油拌面, Dan Dan Noodles Ⓥ🌶️🌶️ 担担面, Beef Pancake Roll (1) 酱香牛肉卷饼 (不辣)",Default Online Ordering,3.79,Other,600000035014861436,147,50.34,,1,0.00,,http://www.toasttab.com/receipts/33eiUG9RSnqR9vgz4YmOIA/wsbxsKRc7pjzR
,,,,CA02,1/25/25,6:08 PM,"Pork Wontons in Hot & Sour Sauce (6) 🌶️ 酸辣猪肉抄手, Chicken & Vegetable Wontons in Hot & Sour Sauce (6) 🌶️ 酸辣菜肉大馄饨, Pork Wontons in Chicken Soup 鸡汤小馄饨, Chicken Potstickers (6) 鸡肉锅贴, Chicken Xiao Long Bao (8) 鸡肉小笼包, Sweet & Sour Cucumber Ⓥ 🌶️ 甜辣小黄瓜, Banana Naan Bread (1) Ⓥ 香蕉飞饼",Default Online Ordering,4.94,Visa,600000035014899562,143,67.78,,1,0.00,,http://www.toasttab.com/receipts/33eiUG9RSnqR9vgz4YmOIA/jkKmJXCjHxgYx
,,,,CA02,1/25/25,6:16 PM,"Sweet & Sour Cucumber Ⓥ 🌶️ 甜辣小黄瓜, Pan Fried Pork Buns (4) 特色鲜肉煎包, Green Onion Pancake (1) Ⓥ 葱油饼, Spicy (Ma La) Noodles 🌶️🌶️ 麻辣小面, Hot & Sour Glass Noodles 🌶️🌶️ 酸辣粉, Pan Fried Pork Buns (4) 特色鲜肉煎包, Pork Wontons in Chili Sauce (6) 🌶️ 红油猪肉抄手, Pork & Shrimp Potstickers (6) 🦐 猪肉三鲜锅贴, Pork Xiao Long Bao (8) 鲜肉小笼包, Pork & Crab Meat Xiao Long Bao (8) 🦐 蟹肉小笼包, Chicken Xiao Long Bao (8) 鸡肉小笼包",Default Online Ordering,14.48,Visa,600000035014964343,148,199.04,,1,0.00,,http://www.toasttab.com/receipts/33eiUG9RSnqR9vgz4YmOIA/HhrctkTpFHcss
,,,,CA02,1/25/25,6:20 PM,"Pork Xiao Long Bao (8) 鲜肉小笼包, Spicy Beef Pancake Roll (1) 🌶️🌶️ 麻辣牛肉卷饼, Pork Wontons in Chili Sauce (6) 🌶️ 红油猪肉抄手, Sweet & Sour Cucumber Ⓥ 🌶️ 甜辣小黄瓜, Banana Naan Bread (1) Ⓥ 香蕉飞饼",Default Online Ordering,3.74,Mastercard,600000035015271485,152,53.57,,1,0.00,,http://www.toasttab.com/receipts/33eiUG9RSnqR9vgz4YmOIA/PHfRR9JKKwsqJ
,,,,CA02,1/25/25,6:26 PM,"Yibin Noodles Ⓥ 🌶️ 宜宾燃面, Chicken & Vegetable Wontons in Chili Sauce (6) 🌶️ 红油菜肉大馄饨",Default Online Ordering,2.32,Visa,600000035015414345,156,27.72,,1,5.00,Coupon,http://www.toasttab.com/receipts/33eiUG9RSnqR9vgz4YmOIA/HRrcrLnKCsNkp
,,,,CA02,1/25/25,6:19 PM,"Pork Xiao Long Bao (8) 鲜肉小笼包, Pork & Shrimp Potstickers (6) 🦐 猪肉三鲜锅贴, Pork Wontons in Hot & Sour Sauce (6) 🌶️ 酸辣猪肉抄手, Dan Dan Noodles Ⓥ🌶️🌶️ 担担面, Green Onion Soy Sauce Noodles Ⓥ 葱油拌面, Pan Fried Pork Buns (4) 特色鲜肉煎包, Sapporo",Default Online Ordering,5.79,Visa,600000035015484069,151,81.53,,1,0.00,,http://www.toasttab.com/receipts/33eiUG9RSnqR9vgz4YmOIA/zRJMCTxFrfJXr
,,,,CA02,1/25/25,6:24 PM,"Pork Wontons in Chicken Soup 鸡汤小馄饨, Pork Wontons in Chicken Soup 鸡汤小馄饨, Yibin Noodles Ⓥ 🌶️ 宜宾燃面, Braised Pig Ears 🌶️ 凉拌猪耳, Pork Xiao Long Bao (8) 鲜肉小笼包",Default Online Ordering,3.74,Visa,600000035015588175,154,51.39,,1,0.00,,http://www.toasttab.com/receipts/33eiUG9RSnqR9vgz4YmOIA/CNxqfpPfzRLYp
600000001286204414,Alex,4243338136,,CA02,1/25/25,6:18 PM,"Pork Xiao Long Bao (8) 鲜肉小笼包, Pork Xiao Long Bao (8) 鲜肉小笼包, Green Onion Soy Sauce Noodles Ⓥ 葱油拌面, Pork & Shrimp Potstickers (6) 🦐 猪肉三鲜锅贴",Yafang Chen,3.21,Mastercard,600000035015741461,149,44.06,,1,0.00,,http://www.toasttab.com/receipts/33eiUG9RSnqR9vgz4YmOIA/hbmpdqPgWsxbF
,,,,CA02,1/25/25,6:28 PM,"Chicken Potstickers (6) 鸡肉锅贴, Sweet & Sour Cucumber Ⓥ 🌶️ 甜辣小黄瓜, Pork Xiao Long Bao (8) 鲜肉小笼包, Pork Wontons in Hot & Sour Sauce (6) 🌶️ 酸辣猪肉抄手",Default Online Ordering,2.92,Visa,600000035015763989,157,39.99,,1,0.00,,http://www.toasttab.com/receipts/33eiUG9RSnqR9vgz4YmOIA/sfqPfyn9CJrpk
,,,,CA02,1/25/25,6:32 PM,"Pork Wontons in Chili Sauce (6) 🌶️ 红油猪肉抄手, Pork Wontons in Chicken Soup 鸡汤小馄饨, Beef-Stew Noodles 🌶️ 秘制牛肉小面, Zha Jiang Mian 京味炸酱面, Pork Wontons in Chicken Soup 鸡汤小馄饨, High Tail Shrimp & Pork Steamed Dumplings (6) 🦐 翘尾鲜虾蒸饺, Chicken Potstickers (6) 鸡肉锅贴, Pork & Shrimp Potstickers (6) 🦐 猪肉三鲜锅贴, Pork Xiao Long Bao (8) 鲜肉小笼包, Pan Fried Beef Pies (2) 牛肉馅饼, Pork Xiao Long Bao (8) 鲜肉小笼包, High Tail Shrimp & Pork Steamed Dumplings (6) 🦐 翘尾鲜虾蒸饺",Default Online Ordering,11.63,Cash,600000035015968895,161,138.93,,2,0.00,,http://www.toasttab.com/receipts/33eiUG9RSnqR9vgz4YmOIA/cT9Hyf7nL7qyj
,,,,CA02,1/25/25,6:39 PM,"Pork Xiao Long Bao (8) 鲜肉小笼包, Pan Fried Pork Buns (4) 特色鲜肉煎包, Dan Dan Noodles Ⓥ🌶️🌶️ 担担面, Cold Noodles with Sesame Dressing Ⓥ 麻酱凉面, Braised Pig Ears 🌶️ 凉拌猪耳, Pork Xiao Long Bao (8) 鲜肉小笼包, Dan Dan Noodles Ⓥ🌶️🌶️ 担担面",Default Online Ordering,6.28,Visa,600000035016017348,166,88.54,,1,0.00,,http://www.toasttab.com/receipts/33eiUG9RSnqR9vgz4YmOIA/LkXcPHRyY9zRy
,,,,CA02,1/25/25,6:25 PM,"Chicken Xiao Long Bao (8) 鸡肉小笼包, Chicken Potstickers (6) 鸡肉锅贴, Pork Wontons in Chili Sauce (6) 🌶️ 红油猪肉抄手, Green Onion Pancake (1) Ⓥ 葱油饼, Green Onion Soy Sauce Noodles Ⓥ 葱油拌面, Dan Dan Noodles Ⓥ🌶️🌶️ 担担面, Sweet & Sour Cucumber Ⓥ 🌶️ 甜辣小黄瓜, Pork Xiao Long Bao (8) 鲜肉小笼包, Jasmine Tea (Hot) 茉莉花茶 (热), Chicken Potstickers (6) 鸡肉锅贴, Pork Xiao Long Bao (8) 鲜肉小笼包, Chicken & Vegetable Wontons in Chili Sauce (6) 🌶️ 红油菜肉大馄饨",Default Online Ordering,11.84,Visa,600000035016033010,155,169.67,,1,0.00,,http://www.toasttab.com/receipts/33eiUG9RSnqR9vgz4YmOIA/pFwwqnPdXHJzr
,,,,CA02,1/25/25,6:38 PM,"Sweet & Sour Cucumber Ⓥ 🌶️ 甜辣小黄瓜, Dan Dan Noodles Ⓥ🌶️🌶️ 担担面, Chicken Xiao Long Bao (8) 鸡肉小笼包, Chicken & Vegetable Wontons in Chili Sauce (6) 🌶️ 红油菜肉大馄饨, Jasmine Tea (Hot) 茉莉花茶 (热), Vegetable Steamed Dumplings (6) Ⓥ 素三鲜蒸饺",Default Online Ordering,4.14,Visa,600000035016033042,165,56.80,,1,0.00,,http://www.toasttab.com/receipts/33eiUG9RSnqR9vgz4YmOIA/LpxFrkxT7bXdz
600000035015977393,A Cardholder,2069393323,,CA02,1/25/25,6:22 PM,"Pork Xiao Long Bao (8) 鲜肉小笼包, Pork Xiao Long Bao (8) 鲜肉小笼包, Chicken Xiao Long Bao (8) 鸡肉小笼包, Vegetable Potstickers (6) Ⓥ 素三鲜锅贴, Dan Dan Noodles Ⓥ🌶️🌶️ 担担面, Dan Dan Noodles Ⓥ🌶️🌶️ 担担面, Steamed Pork Buns (4) 特色鲜肉蒸包, Pan Fried Pork Buns (4) 特色鲜肉煎包, Sweet & Sour Cucumber Ⓥ 🌶️ 甜辣小黄瓜",Yafang Chen,7.33,Visa,600000035016041964,150,87.48,,1,0.00,,http://www.toasttab.com/receipts/33eiUG9RSnqR9vgz4YmOIA/YXzsRxnkkrgwr
,,,,CA02,1/25/25,6:31 PM,"Pork Xiao Long Bao (8) 鲜肉小笼包, Sweet & Sour Cucumber Ⓥ 🌶️ 甜辣小黄瓜, Spicy Beef Sandwich (1) 🌶️🌶️大嘴牛肉包 (辣), Pork & Shrimp Potstickers (6) 🦐 猪肉三鲜锅贴, Pork & Crab Meat Xiao Long Bao (8) 🦐 蟹肉小笼包",Default Online Ordering,3.83,Visa,600000035016062076,159,52.47,,1,0.00,,http://www.toasttab.com/receipts/33eiUG9RSnqR9vgz4YmOIA/WN9LYbPhbCpTh
600000035015987095,Jonathan S,8552228111,dd.toast.orders+orders_428168fd-0f14-46ae-b59d-6aa1e9970c16@gmail.com,CA02,1/25/25,6:45 PM,"Beef Steamed Dumplings (6) 牛肉蒸饺, Chinese Crepe 煎饼果子 (薄脆), Pan Fried Pork Buns (4) 特色鲜肉煎包, Pork Xiao Long Bao (8) 鲜肉小笼包",Default Online Ordering,4.67,Other,600000035016365494,169,55.82,,1,0.00,,http://www.toasttab.com/receipts/33eiUG9RSnqR9vgz4YmOIA/qjJsynHhHMzwf
,,,,CA02,1/25/25,6:43 PM,"Pork Xiao Long Bao (8) 鲜肉小笼包, Pan Fried Pork Buns (4) 特色鲜肉煎包, Dan Dan Noodles Ⓥ🌶️🌶️ 担担面",Default Online Ordering,2.54,Visa,600000035016416693,168,34.89,,1,0.00,,http://www.toasttab.com/receipts/33eiUG9RSnqR9vgz4YmOIA/sF7gnqhLwFChW
,,,,CA02,1/25/25,6:30 PM,"Pork Xiao Long Bao (8) 鲜肉小笼包, Beef-Stew Noodle Soup 🌶️ 秘制牛肉汤面, Sprite 雪碧, Chicken Potstickers (6) 鸡肉锅贴",Default Online Ordering,2.72,Mastercard,600000035016506250,158,38.90,,1,0.00,,http://www.toasttab.com/receipts/33eiUG9RSnqR9vgz4YmOIA/mwKxwh9MPCxY7
,,,,CA02,1/25/25,6:33 PM,"Sweet & Sour Cucumber Ⓥ 🌶️ 甜辣小黄瓜, Pork & Crab Meat Xiao Long Bao (8) 🦐 蟹肉小笼包, Pork Xiao Long Bao (8) 鲜肉小笼包, Pan Fried Pork Buns (4) 特色鲜肉煎包, Sprite 雪碧, Beef Potstickers (6) 牛肉锅贴, Sweet & Sour Cucumber Ⓥ 🌶️ 甜辣小黄瓜, Beef-Stew Noodle Soup 🌶️ 秘制牛肉汤面, Spicy Beef Pancake Roll (1) 🌶️🌶️ 麻辣牛肉卷饼, Green Onion Pancake (1) Ⓥ 葱油饼, Pan Fried Wontons with Chili Sauce (6) 红油香煎大馄饨",Default Online Ordering,8.93,Amex,600000035016573056,162,122.39,,1,0.00,,http://www.toasttab.com/receipts/33eiUG9RSnqR9vgz4YmOIA/kjhnhHfk7W7bx
600000035015906989,Sarah Z,8552228111,dd.toast.orders+orders_bc1b434d-cf35-4ddf-b543-80f4fd44da2f@gmail.com,CA02,1/25/25,6:36 PM,"Chicken & Vegetable Wontons in Chili Sauce (6) 🌶️ 红油菜肉大馄饨, Braised Pig Ears 🌶️ 凉拌猪耳",Default Online Ordering,1.53,Other,600000035016573072,164,18.33,,1,0.00,,http://www.toasttab.com/receipts/33eiUG9RSnqR9vgz4YmOIA/9LtyTgTzfW9fb
,,,,CA02,1/25/25,6:32 PM,"Pan Fried Wontons with Sweet & Spicy Garlic Sauce (6) 甜辣香煎大馄饨, Dan Dan Noodles Ⓥ🌶️🌶️ 担担面, Chicken Steamed Dumplings (6) 鸡肉蒸饺, Sprite 雪碧",Default Online Ordering,2.29,Visa,600000035016575804,160,31.38,,1,0.00,,http://www.toasttab.com/receipts/33eiUG9RSnqR9vgz4YmOIA/tcqNcnHXbNMjc
600000035016997911,Mohit T,8552228111,dd.toast.orders+orders_895513c8-e5d5-4e1d-a61c-cb63650bf5df@gmail.com,CA02,1/25/25,6:42 PM,Chicken & Vegetable Wontons in Chicken Soup 鸡汤菜肉大馄饨,Default Online Ordering,1.66,Other,600000035016597477,167,19.86,,1,0.00,,http://www.toasttab.com/receipts/33eiUG9RSnqR9vgz4YmOIA/tnpF7wWtzmdbL
,,,,CA02,1/25/25,6:36 PM,"Chicken Xiao Long Bao (8) 鸡肉小笼包, Beef Potstickers (6) 牛肉锅贴, Pork Wontons in Chili Sauce (6) 🌶️ 红油猪肉抄手, Sweet & Sour Cucumber Ⓥ 🌶️ 甜辣小黄瓜, Spicy (Ma La) Noodles 🌶️🌶️ 麻辣小面",zhengyu chen,3.64,Visa,600000035016846981,163,49.90,,2,0.00,,http://www.toasttab.com/receipts/33eiUG9RSnqR9vgz4YmOIA/9nrgfkCgyz9Rz
600000035017846505,Alric S,8552228111,dd.toast.orders+orders_1bf38e42-d817-40e0-a0a1-8da186e67a41@gmail.com,CA02,1/25/25,6:57 PM,"Kale Salad with Sesame Dressing Ⓥ 麻酱羽衣甘蓝沙拉, Sweet & Sour Cucumber Ⓥ 🌶️ 甜辣小黄瓜, Chicken Potstickers (6) 鸡肉锅贴, Spicy Beef Pancake Roll (1) 🌶️🌶️ 麻辣牛肉卷饼, Pan Fried Pork Buns (4) 特色鲜肉煎包, Pork Xiao Long Bao (8) 鲜肉小笼包",Default Online Ordering,4.92,Other,600000035017197536,173,63.87,,1,0.00,,http://www.toasttab.com/receipts/33eiUG9RSnqR9vgz4YmOIA/jztWTWbXpPqTh
600000035017307417,Stanley Z,8552228111,dd.toast.orders+orders_eea5938a-9955-497d-9ec5-4c15b2a68264@gmail.com,CA02,1/25/25,6:52 PM,"Pork Wontons in Chili Sauce (6) 🌶️ 红油猪肉抄手, Green Onion Soy Sauce Noodles Ⓥ 葱油拌面, Pork & Crab Meat Xiao Long Bao (8) 🦐 蟹肉小笼包, Pork Xiao Long Bao (8) 鲜肉小笼包",Default Online Ordering,3.23,Other,600000035017332520,172,43.63,,1,0.00,,http://www.toasttab.com/receipts/33eiUG9RSnqR9vgz4YmOIA/yMxPMRsdFWnFg
,,,,CA02,1/25/25,6:49 PM,"Pork Xiao Long Bao (8) 鲜肉小笼包, Steamed Pork Buns (4) 特色鲜肉蒸包, Chicken & Vegetable Wontons in Chili Sauce (6) 🌶️ 红油菜肉大馄饨, Chicken Steamed Dumplings (6) 鸡肉蒸饺, Dan Dan Noodles Ⓥ🌶️🌶️ 担担面, Jasmine Tea (Hot) 茉莉花茶 (热)",Default Online Ordering,4.38,Visa,600000035017446609,170,60.12,,1,0.00,,http://www.toasttab.com/receipts/33eiUG9RSnqR9vgz4YmOIA/CrwMpMjbRNjWT
,,,,CA02,1/25/25,7:04 PM,"Pork Xiao Long Bao (8) 鲜肉小笼包, Sweet & Sour Cucumber Ⓥ 🌶️ 甜辣小黄瓜, Pan Fried Pork Buns (4) 特色鲜肉煎包, Dan Dan Noodles Ⓥ🌶️🌶️ 担担面, Chicken & Vegetable Wontons in Chili Sauce (6) 🌶️ 红油菜肉大馄饨, Pork Wontons in Chili Sauce (6) 🌶️ 红油猪肉抄手, Kale Salad with Sesame Dressing Ⓥ 麻酱羽衣甘蓝沙拉, Chrysanthemum Tea (Hot) 菊花茶 (热)",Default Online Ordering,7.10,Visa,600000035017620833,180,100.06,,1,0.00,,http://www.toasttab.com/receipts/33eiUG9RSnqR9vgz4YmOIA/TpLyjcpwhhnjR
,,,,CA02,1/25/25,7:05 PM,"Beef Pancake Roll (1) 酱香牛肉卷饼 (不辣), Beef-Stew Noodle Soup 🌶️ 秘制牛肉汤面, Pan Fried Pork Buns (4) 特色鲜肉煎包",Default Online Ordering,2.68,Visa,600000035017650793,181,36.78,,1,0.00,,http://www.toasttab.com/receipts/33eiUG9RSnqR9vgz4YmOIA/7Pqj9cNPgrtRh
600000035017287130,PickUp-Tim P.,3023307462,dd.toast.orders+orders_d8a16a2d-408c-47ac-a37d-7ec82d4c677b@gmail.com,CA02,1/25/25,6:58 PM,"Milk Tea (Cold) 奶茶 (冷), Pan Fried Beef Pies (2) 牛肉馅饼, Chinese Crepe 煎饼果子 (薄脆), Vegetarian Spicy (Ma La) Noodles Ⓥ 🌶️🌶️ 素麻辣小面",Default Online Ordering,2.60,Other,600000035017891959,174,31.05,,1,0.00,,http://www.toasttab.com/receipts/33eiUG9RSnqR9vgz4YmOIA/wntTtThwnChjk
,,,,CA02,1/25/25,7:08 PM,"Pork Xiao Long Bao (8) 鲜肉小笼包, Pork Wontons in Chili Sauce (6) 🌶️ 红油猪肉抄手, Sweet & Sour Cucumber Ⓥ 🌶️ 甜辣小黄瓜, Thai Milk Tea (Cold) 泰式奶茶 (冷), Milk Tea (Cold) 奶茶 (冷), Spicy Beef Sandwich (1) 🌶️🌶️大嘴牛肉包 (辣), Pan Fried Beef Pies (2) 牛肉馅饼, Pork Wontons in Chili Sauce (6) 🌶️ 红油猪肉抄手",Default Online Ordering,5.34,Visa,600000035017926826,182,76.43,,1,0.00,,http://www.toasttab.com/receipts/33eiUG9RSnqR9vgz4YmOIA/LYLwqjrRYJCtd
,,,,CA02,1/25/25,6:56 PM,"Pan Fried Pork Buns (4) 特色鲜肉煎包, Pork & Shrimp Potstickers (6) 🦐 猪肉三鲜锅贴, Vegetable Steamed Dumplings (6) Ⓥ 素三鲜蒸饺, Pan Fried Wontons with Sweet & Spicy Garlic Sauce (6) 甜辣香煎大馄饨, Pork Wontons in Chicken Soup 鸡汤小馄饨, Broccoli with Seafood Sauce 蚝油西兰花, Spicy (Ma La) Noodles 🌶️🌶️ 麻辣小面, Zha Jiang Mian 京味炸酱面, Zha Jiang Mian 京味炸酱面, Banana Naan Bread (1) Ⓥ 香蕉飞饼, Pork Xiao Long Bao (8) 鲜肉小笼包, Pan Fried Pork Buns (4) 特色鲜肉煎包, Zha Jiang Mian 京味炸酱面",Yafang Chen,9.64,Visa,600000035017929522,5001,135.87,,4,0.00,,http://www.toasttab.com/receipts/33eiUG9RSnqR9vgz4YmOIA/sfznRHjdtqrTR
,,,,CA02,1/25/25,7:18 PM,"Sweet & Sour Cucumber Ⓥ 🌶️ 甜辣小黄瓜, Dan Dan Noodles Ⓥ🌶️🌶️ 担担面, Chicken Xiao Long Bao (8) 鸡肉小笼包, Pork & Shrimp Potstickers (6) 🦐 猪肉三鲜锅贴, Chicken & Vegetable Wontons in Chili Sauce (6) 🌶️ 红油菜肉大馄饨, Pan Fried Pork Buns (4) 特色鲜肉煎包, Dan Dan Noodles Ⓥ🌶️🌶️ 担担面, Dan Dan Noodles Ⓥ🌶️🌶️ 担担面, Green Onion Pancake (1) Ⓥ 葱油饼, Dan Dan Noodles Ⓥ🌶️🌶️ 担担面, Sprite 雪碧",Default Online Ordering,8.04,Amex,600000035017982549,192,110.39,,1,0.00,,http://www.toasttab.com/receipts/33eiUG9RSnqR9vgz4YmOIA/qpH9spXNdMjFx
,,,,CA02,1/25/25,7:12 PM,"Dan Dan Noodles Ⓥ🌶️🌶️ 担担面, Vegetarian Spicy (Ma La) Noodles Ⓥ 🌶️🌶️ 素麻辣小面, Green Onion Pancake (1) Ⓥ 葱油饼, Vegetable Potstickers (6) Ⓥ 素三鲜锅贴, Thai Milk Tea (Cold) 泰式奶茶 (冷)",Default Online Ordering,3.03,Visa,600000035018059527,188,41.66,,1,0.00,,http://www.toasttab.com/receipts/33eiUG9RSnqR9vgz4YmOIA/rKdWkYmtjyhKt
600000035018486857,PickUp-Zinneerah A,4086217664,dd.toast.orders+orders_02f4297b-af88-4d85-8a0b-1ffde3d7eb14@gmail.com,CA02,1/25/25,7:09 PM,"Chicken Potstickers (6) 鸡肉锅贴, Dan Dan Noodles Ⓥ🌶️🌶️ 担担面, Spicy Beef Pancake Roll (1) 🌶️🌶️ 麻辣牛肉卷饼, Chicken Xiao Long Bao (8) 鸡肉小笼包",Default Online Ordering,3.15,Other,600000035018073030,184,41.15,,1,0.00,,http://www.toasttab.com/receipts/33eiUG9RSnqR9vgz4YmOIA/gKjHnHhy7CKqL
,,,,CA02,1/25/25,6:59 PM,"Pork Xiao Long Bao (8) 鲜肉小笼包, Pork & Shrimp Potstickers (6) 🦐 猪肉三鲜锅贴, Broccoli with Seafood Sauce 蚝油西兰花, Beef-Stew Noodle Soup 🌶️ 秘制牛肉汤面, Passion Fruit Green Tea (Cold) 百香果绿茶 (冷), Dan Dan Noodles Ⓥ🌶️🌶️ 担担面, Green Onion Soy Sauce Noodles Ⓥ 葱油拌面, Banana Naan Bread (1) Ⓥ 香蕉飞饼",Default Online Ordering,5.77,Mastercard,600000035018103152,176,82.76,,1,0.00,,http://www.toasttab.com/receipts/33eiUG9RSnqR9vgz4YmOIA/ntNMdMm9M9wy9
600000035017488493,PickUp-Ted K,4085694875,dd.toast.orders+orders_bd36dfcd-3eea-4f42-bc75-bfcadc3c7adb@gmail.com,CA02,1/25/25,7:09 PM,"Green Onion Pancake (1) Ⓥ 葱油饼, Vegetable Potstickers (6) Ⓥ 素三鲜锅贴, Minced Chicken Noodles 🌶️ 鸡肉肉燥小面, Dan Dan Noodles Ⓥ🌶️🌶️ 担担面, Chicken Xiao Long Bao (8) 鸡肉小笼包",Default Online Ordering,3.39,Other,600000035018211769,183,46.17,,1,0.00,,http://www.toasttab.com/receipts/33eiUG9RSnqR9vgz4YmOIA/X7YCwwjryszwr
,,,,CA02,1/25/25,7:02 PM,"Vegetable Steamed Dumplings (6) Ⓥ 素三鲜蒸饺, Chicken Steamed Dumplings (6) 鸡肉蒸饺, Chicken & Vegetable Wontons in Chili Sauce (6) 🌶️ 红油菜肉大馄饨, Chicken & Vegetable Wontons in Hot & Sour Sauce (6) 🌶️ 酸辣菜肉大馄饨, Sweet & Sour Cucumber Ⓥ 🌶️ 甜辣小黄瓜, Sweet & Sour Cucumber Ⓥ 🌶️ 甜辣小黄瓜, Vegetarian Hot & Sour Glass Noodles Ⓥ 🌶️🌶️ 素酸辣粉, Passion Fruit Green Tea (Cold) 百香果绿茶 (冷), Add Boba 珍珠",Yafang Chen,5.37,Amex,600000035018243816,177,70.52,,3,0.00,,http://www.toasttab.com/receipts/33eiUG9RSnqR9vgz4YmOIA/W9JTbMnkCKXtm
,,,,CA02,1/25/25,7:16 PM,"Beef Sandwich (1) 大嘴牛肉包 (不辣), Spicy Beef Pancake Roll (1) 🌶️🌶️ 麻辣牛肉卷饼, Chicken Potstickers (6) 鸡肉锅贴, Sweet & Sour Cucumber Ⓥ 🌶️ 甜辣小黄瓜, Pork Wontons in Hot & Sour Sauce (6) 🌶️ 酸辣猪肉抄手, Milk Tea (Cold) 奶茶 (冷), Add Boba 珍珠, Pan Fried Pork Buns (4) 特色鲜肉煎包, High Tail Shrimp & Pork Steamed Dumplings (6) 🦐 翘尾鲜虾蒸饺",Default Online Ordering,5.94,Visa,600000035018261181,189,85.01,,1,0.00,,http://www.toasttab.com/receipts/33eiUG9RSnqR9vgz4YmOIA/rJKgpRxXmtMdk
,,,,CA02,1/25/25,7:03 PM,"Dan Dan Noodles Ⓥ🌶️🌶️ 担担面, Yibin Noodles Ⓥ 🌶️ 宜宾燃面, Banana Naan Bread (1) Ⓥ 香蕉飞饼, Banana Naan Bread (1) Ⓥ 香蕉飞饼",Yafang Chen,2.70,Visa,600000035018308888,178,34.40,,1,0.00,,http://www.toasttab.com/receipts/33eiUG9RSnqR9vgz4YmOIA/7KgMcChxFWTtj
,,,,CA02,1/25/25,7:11 PM,"Green Onion Pancake (1) Ⓥ 葱油饼, Pork Wontons in Hot & Sour Sauce (6) 🌶️ 酸辣猪肉抄手, Chicken Xiao Long Bao (8) 鸡肉小笼包, Sour Plum Juice (Cold) 酸梅汁 (冷), Tsingtao, Vegetable Steamed Dumplings (6) Ⓥ 素三鲜蒸饺, Sweet & Sour Cucumber Ⓥ 🌶️ 甜辣小黄瓜, Vegetable Potstickers (6) Ⓥ 素三鲜锅贴, High Tail Shrimp & Pork Steamed Dumplings (6) 🦐 翘尾鲜虾蒸饺, Green Onion Pancake (1) Ⓥ 葱油饼, Vegetarian Spicy (Ma La) Noodles Ⓥ 🌶️🌶️ 素麻辣小面, Pork Wontons in Hot & Sour Sauce (6) 🌶️ 酸辣猪肉抄手, Tsingtao, Tsingtao",Default Online Ordering,12.85,Visa,600000035018346767,185,193.50,,1,0.00,,http://www.toasttab.com/receipts/33eiUG9RSnqR9vgz4YmOIA/CWLxNgPctgpRM
600000035019929500,PickUp-Laura W.,4089815450,dd.toast.orders+orders_e5a2ae58-9d64-4d95-b358-c4e7a16c1fc3@gmail.com,CA02,1/25/25,7:39 PM,"Broccoli with Seafood Sauce 蚝油西兰花, Pan Fried Wontons with Sweet & Spicy Garlic Sauce (6) 甜辣香煎大馄饨, Chicken & Vegetable Wontons in Chili Sauce (6) 🌶️ 红油菜肉大馄饨, Chicken Potstickers (6) 鸡肉锅贴",Default Online Ordering,2.66,Other,600000035018586148,199,31.86,,1,0.00,,http://www.toasttab.com/receipts/33eiUG9RSnqR9vgz4YmOIA/dYMjqqrqbJybN
,,,,CA02,1/25/25,7:12 PM,"Beef Pancake Roll (1) 酱香牛肉卷饼 (不辣), Pork Xiao Long Bao (8) 鲜肉小笼包, Pan Fried Pork Buns (4) 特色鲜肉煎包, Pork Wontons in Chicken Soup 鸡汤小馄饨, Braised Pig Ears 🌶️ 凉拌猪耳, Banana Naan Bread (1) Ⓥ 香蕉飞饼",Yafang Chen,4.70,Visa,600000035018722264,186,63.15,,2,0.00,,http://www.toasttab.com/receipts/33eiUG9RSnqR9vgz4YmOIA/9XRnFKsJqFdgN
,,,,CA02,1/25/25,7:12 PM,"Green Onion Pancake (1) Ⓥ 葱油饼, Vegetable Potstickers (6) Ⓥ 素三鲜锅贴, Vegetable Steamed Dumplings (6) Ⓥ 素三鲜蒸饺, Pan Fried Pork Buns (4) 特色鲜肉煎包, Chicken Xiao Long Bao (8) 鸡肉小笼包, Pork & Shrimp Potstickers (6) 🦐 猪肉三鲜锅贴, Beef Steamed Dumplings (6) 牛肉蒸饺, Steamed Pork Buns (4) 特色鲜肉蒸包, Add Boba 珍珠, Passion Fruit Green Tea (Cold) 百香果绿茶 (冷), Passion Fruit Green Tea (Cold) 百香果绿茶 (冷), Add Boba 珍珠, Sweet & Sour Cucumber Ⓥ 🌶️ 甜辣小黄瓜",Default Online Ordering,8.36,Visa,600000035018730001,187,117.66,,1,0.00,,http://www.toasttab.com/receipts/33eiUG9RSnqR9vgz4YmOIA/CFnwyqyrYrLmM
600000035018066737,Amy Y,8552228111,dd.toast.orders+orders_f7d24105-111f-433a-8444-7b3c3260cc4f@gmail.com,CA02,1/25/25,7:25 PM,"Green Onion Pancake (1) Ⓥ 葱油饼, Green Onion Soy Sauce Noodles Ⓥ 葱油拌面",Default Online Ordering,1.27,Other,600000035018743428,193,15.17,,1,0.00,,http://www.toasttab.com/receipts/33eiUG9RSnqR9vgz4YmOIA/WYPqcsncYXRPs
,,,,CA02,1/25/25,7:47 PM,"Pork Xiao Long Bao (8) 鲜肉小笼包, Beef Pancake Roll (1) 酱香牛肉卷饼 (不辣), Pan Fried Wontons with Chili Sauce (6) 红油香煎大馄饨, Dan Dan Noodles Ⓥ🌶️🌶️ 担担面, Chinese Crepe 煎饼果子 (薄脆)",Default Online Ordering,3.83,Mastercard,600000035018955447,201,52.53,,1,0.00,,http://www.toasttab.com/receipts/33eiUG9RSnqR9vgz4YmOIA/9N7ML7HKNHxfW
,,,,CA02,1/25/25,7:17 PM,"Green Onion Pancake (1) Ⓥ 葱油饼, Pork Wontons in Chicken Soup 鸡汤小馄饨, Romaine Lettuce Salad with Sesame Dressing Ⓥ 麻酱生菜沙拉",Yafang Chen,1.77,Visa,600000035018983148,190,22.12,,1,0.00,,http://www.toasttab.com/receipts/33eiUG9RSnqR9vgz4YmOIA/hP9TptzxWwhNH
,,,,CA02,1/25/25,7:18 PM,"Green Onion Pancake (1) Ⓥ 葱油饼, Chicken Xiao Long Bao (8) 鸡肉小笼包, Pan Fried Wontons with Sweet & Spicy Garlic Sauce (6) 甜辣香煎大馄饨, Sweet & Sour Cucumber Ⓥ 🌶️ 甜辣小黄瓜, Dan Dan Noodles Ⓥ🌶️🌶️ 担担面, Green Onion Soy Sauce Noodles Ⓥ 葱油拌面, Chrysanthemum Tea (Hot) 菊花茶 (热), Ube Milk Tea (Cold) 紫薯奶茶 (冷), Add Boba 珍珠, Sapporo, Pork & Shrimp Potstickers (6) 🦐 猪肉三鲜锅贴",Yafang Chen,5.83,Visa,600000035019020107,191,81.12,,4,6.95,"Spillage/Food Quality - Item (100.00%), Spillage/Food Quality - Item (100.00%)",http://www.toasttab.com/receipts/33eiUG9RSnqR9vgz4YmOIA/Nb7pqXMJJFsx7
,,,,CA02,1/25/25,7:33 PM,"Dan Dan Noodles Ⓥ🌶️🌶️ 担担面, Pan Fried Beef Pies (2) 牛肉馅饼, Steamed Pork Buns (4) 特色鲜肉蒸包, Chicken & Vegetable Wontons in Chili Sauce (6) 🌶️ 红油菜肉大馄饨, Beef-Stew Noodle Soup 🌶️ 秘制牛肉汤面",Default Online Ordering,3.88,Mastercard,600000035019172036,196,51.28,,1,0.00,,http://www.toasttab.com/receipts/33eiUG9RSnqR9vgz4YmOIA/wsKfmTxysnsH9
,,,,CA02,1/25/25,7:38 PM,"Pork Xiao Long Bao (8) 鲜肉小笼包, Dan Dan Noodles Ⓥ🌶️🌶️ 担担面, Ozeki Nigori Sake (375 ml / 12.68 fl.oz.) Best Chilled, Pork Wontons in Chili Sauce (6) 🌶️ 红油猪肉抄手",Default Online Ordering,3.37,Visa,600000035019252979,198,47.52,,1,0.00,,http://www.toasttab.com/receipts/33eiUG9RSnqR9vgz4YmOIA/w9XNMNp77pyjH
,,,,CA02,1/25/25,7:53 PM,"Pork Xiao Long Bao (8) 鲜肉小笼包, Kale Salad with Sesame Dressing Ⓥ 麻酱羽衣甘蓝沙拉, Beef-Stew Noodles 🌶️ 秘制牛肉小面, Beef-Stew Noodles 🌶️ 秘制牛肉小面, Jasmine Tea (Hot) 茉莉花茶 (热), Beef-Stew Noodle Soup 🌶️ 秘制牛肉汤面, Pan Fried Pork Buns (4) 特色鲜肉煎包, Beef-Stew Noodle Soup 🌶️ 秘制牛肉汤面, Green Onion Soy Sauce Noodles Ⓥ 葱油拌面, Zha Jiang Mian 京味炸酱面, Pork Xiao Long Bao (8) 鲜肉小笼包, Green Onion Soy Sauce Noodles Ⓥ 葱油拌面",Default Online Ordering,9.32,Mastercard,600000035019404642,204,128.08,,1,0.00,,http://www.toasttab.com/receipts/33eiUG9RSnqR9vgz4YmOIA/nHMftkz97Mwqc
600000035019501919,Rayah G,8552228111,dd.toast.orders+orders_84b9dfb1-70a4-4eb8-b1d1-1459631770bd@gmail.com,CA02,1/25/25,7:37 PM,"Chicken & Vegetable Wontons in Hot & Sour Sauce (6) 🌶️ 酸辣菜肉大馄饨, Chicken Potstickers (6) 鸡肉锅贴, Minced Chicken Noodles 🌶️ 鸡肉肉燥小面",Default Online Ordering,2.36,Other,600000035019447824,197,28.26,,1,0.00,,http://www.toasttab.com/receipts/33eiUG9RSnqR9vgz4YmOIA/zyzxJqdKJdfhR
,,,,CA02,1/25/25,7:42 PM,"Pan Fried Pork Buns (4) 特色鲜肉煎包, Beef Potstickers (6) 牛肉锅贴, Sapporo, Beef Steamed Dumplings (6) 牛肉蒸饺",Default Online Ordering,3.44,Visa,600000035019532425,200,47.14,,1,0.00,,http://www.toasttab.com/receipts/33eiUG9RSnqR9vgz4YmOIA/PWFYFMkcTYkx7
,,,,CA02,1/25/25,7:30 PM,"Pork Xiao Long Bao (8) 鲜肉小笼包, Chicken Xiao Long Bao (8) 鸡肉小笼包, Beef Potstickers (6) 牛肉锅贴, Pan Fried Wontons with Chili Sauce (6) 红油香煎大馄饨, Chicken & Vegetable Wontons in Hot & Sour Sauce (6) 🌶️ 酸辣菜肉大馄饨, Dan Dan Noodles Ⓥ🌶️🌶️ 担担面, Dan Dan Noodles Ⓥ🌶️🌶️ 担担面, Banana Naan Bread (1) Ⓥ 香蕉飞饼, Pork Xiao Long Bao (8) 鲜肉小笼包",zhengyu chen,5.90,Visa,600000035019574222,194,82.51,,4,9.95,Customer Service Discount (100.00%),http://www.toasttab.com/receipts/33eiUG9RSnqR9vgz4YmOIA/9xYt7TfcbYKKW
,,,,CA02,1/25/25,7:31 PM,"Chicken Xiao Long Bao (8) 鸡肉小笼包, Pan Fried Pork Buns (4) 特色鲜肉煎包, Chicken Potstickers (6) 鸡肉锅贴, Pan Fried Wontons with Chili Sauce (6) 红油香煎大馄饨, Pan Fried Wontons with Sweet & Spicy Garlic Sauce (6) 甜辣香煎大馄饨, Dan Dan Noodles Ⓥ🌶️🌶️ 担担面, Banana Naan Bread (1) Ⓥ 香蕉飞饼, Banana Naan Bread (1) Ⓥ 香蕉飞饼, Chicken & Vegetable Wontons in Hot & Sour Sauce (6) 🌶️ 酸辣菜肉大馄饨",zhengyu chen,6.48,Visa,600000035019596120,195,88.99,,2,0.00,,http://www.toasttab.com/receipts/33eiUG9RSnqR9vgz4YmOIA/JLxKHJMpNXxPs
,,,,CA02,1/25/25,7:55 PM,"Pork Xiao Long Bao (8) 鲜肉小笼包, High Tail Shrimp & Pork Steamed Dumplings (6) 🦐 翘尾鲜虾蒸饺, Pan Fried Pork Buns (4) 特色鲜肉煎包, Chrysanthemum Tea (Hot) 菊花茶 (热)",Default Online Ordering,3.18,Visa,600000035019691596,207,43.68,,1,0.00,,http://www.toasttab.com/receipts/33eiUG9RSnqR9vgz4YmOIA/YXXtnyCPsdtyq
,,,,CA02,1/25/25,7:52 PM,"Pork Xiao Long Bao (8) 鲜肉小笼包, Sweet & Sour Cucumber Ⓥ 🌶️ 甜辣小黄瓜, Dan Dan Noodles Ⓥ🌶️🌶️ 担担面, Spicy Beef Pancake Roll (1) 🌶️🌶️ 麻辣牛肉卷饼, Chicken & Vegetable Wontons in Chicken Soup 鸡汤菜肉大馄饨, Steamed Pork Buns (4) 特色鲜肉蒸包, Chicken Potstickers (6) 鸡肉锅贴, Zha Jiang Mian 京味炸酱面, Ube Milk Tea (Cold) 紫薯奶茶 (冷)",Default Online Ordering,6.72,Visa,600000035019697983,203,92.31,,1,0.00,,http://www.toasttab.com/receipts/33eiUG9RSnqR9vgz4YmOIA/qnFgbHxT9tq9q
600000035020542550,Kevin S,8552228111,dd.toast.orders+orders_2fffecd3-7ccb-463b-a6fd-2d85f486a1ad@gmail.com,CA02,1/25/25,7:54 PM,"Coke 可乐, Pork Xiao Long Bao (8) 鲜肉小笼包",Default Online Ordering,1.31,Other,600000035019883478,206,15.66,,1,0.00,,http://www.toasttab.com/receipts/33eiUG9RSnqR9vgz4YmOIA/7TdhmgbtykHFC
,,,,CA02,1/25/25,7:50 PM,"Vegetable Potstickers (6) Ⓥ 素三鲜锅贴, Pork & Shrimp Potstickers (6) 🦐 猪肉三鲜锅贴, Pork & Shrimp Boiled Dumplings (6) 🦐 猪肉三鲜水饺, Dan Dan Noodles Ⓥ🌶️🌶️ 担担面, Beef-Stew Noodle Soup 🌶️ 秘制牛肉汤面, Banana Naan Bread (1) Ⓥ 香蕉飞饼, Jasmine Tea (Hot) 茉莉花茶 (热), Ube Milk Tea (Cold) 紫薯奶茶 (冷), Dan Dan Noodles Ⓥ🌶️🌶️ 担担面",xin Meng,6.03,Amex,600000035020402365,202,86.50,,3,0.00,,http://www.toasttab.com/receipts/33eiUG9RSnqR9vgz4YmOIA/hwTHw9FnqCwKq
,,,,CA02,1/25/25,7:53 PM,"Chicken & Vegetable Wontons in Hot & Sour Sauce (6) 🌶️ 酸辣菜肉大馄饨, Sweet & Sour Cucumber Ⓥ 🌶️ 甜辣小黄瓜, Dan Dan Noodles Ⓥ🌶️🌶️ 担担面, Sour Plum Juice (Cold) 酸梅汁 (冷)",xin Meng,2.60,Visa,600000035020518314,205,31.05,,2,0.00,,http://www.toasttab.com/receipts/33eiUG9RSnqR9vgz4YmOIA/ryJmPjhsfqbWn
,,,,CA02,1/25/25,8:20 PM,"Pork Xiao Long Bao (8) 鲜肉小笼包, Chicken & Vegetable Wontons in Chicken Soup 鸡汤菜肉大馄饨, Dan Dan Noodles Ⓥ🌶️🌶️ 担担面, Vegetable Steamed Dumplings (6) Ⓥ 素三鲜蒸饺, Chicken & Vegetable Wontons in Chicken Soup 鸡汤菜肉大馄饨",Default Online Ordering,3.74,Visa,600000035020633577,213,51.39,,1,0.00,,http://www.toasttab.com/receipts/33eiUG9RSnqR9vgz4YmOIA/yjJkWNtyT9zNJ
,,,,CA02,1/25/25,7:57 PM,"Pork Xiao Long Bao (8) 鲜肉小笼包, Steamed Pork Buns (4) 特色鲜肉蒸包, Beef Steamed Dumplings (6) 牛肉蒸饺, Spicy (Ma La) Noodles 🌶️🌶️ 麻辣小面, Spicy (Ma La) Noodles 🌶️🌶️ 麻辣小面, Beef-Stew Noodles 🌶️ 秘制牛肉小面, Beef-Stew Noodles 🌶️ 秘制牛肉小面, Diet Coke 健怡可乐",xin Meng,5.60,Mastercard,600000035020664576,208,76.94,,4,0.00,,http://www.toasttab.com/receipts/33eiUG9RSnqR9vgz4YmOIA/rtFJRpFqWhxPs
,,,,CA02,1/25/25,7:59 PM,"Steamed Pork Buns (4) 特色鲜肉蒸包, Chicken Potstickers (6) 鸡肉锅贴, Pan Fried Wontons with Chili Sauce (6) 红油香煎大馄饨, Spicy (Ma La) Noodles 🌶️🌶️ 麻辣小面, Spicy (Ma La) Noodles 🌶️🌶️ 麻辣小面, Spicy (Ma La) Noodles 🌶️🌶️ 麻辣小面, Beef-Stew Noodles 🌶️ 秘制牛肉小面, Jasmine Tea (Hot) 茉莉花茶 (热)",xin Meng,5.63,Visa,600000035020719505,209,77.37,,4,0.00,,http://www.toasttab.com/receipts/33eiUG9RSnqR9vgz4YmOIA/zqyjqfXqPRsww
,,,,CA02,1/25/25,8:37 PM,"Green Onion Pancake (1) Ⓥ 葱油饼, Romaine Lettuce Salad with Sesame Dressing Ⓥ 麻酱生菜沙拉, Green Onion Soy Sauce Noodles Ⓥ 葱油拌面, Spicy Beef Shank 🌶️🌶️ 麻辣牛腱",Default Online Ordering,2.53,Visa,600000035020750898,219,34.00,,1,0.00,,http://www.toasttab.com/receipts/33eiUG9RSnqR9vgz4YmOIA/yK7z9xcLmmHpx
,,,,CA02,1/25/25,8:27 PM,"Pork Wontons in Chili Sauce (6) 🌶️ 红油猪肉抄手, Beef-Stew Noodle Soup 🌶️ 秘制牛肉汤面, Banana Naan Bread (1) Ⓥ 香蕉飞饼",Default Online Ordering,2.21,Amex,600000035020871396,216,31.16,,1,0.00,,http://www.toasttab.com/receipts/33eiUG9RSnqR9vgz4YmOIA/JYmKdFKLNPxkg
,,,,CA02,1/25/25,8:34 PM,"Sweet & Sour Cucumber Ⓥ 🌶️ 甜辣小黄瓜, Chicken Potstickers (6) 鸡肉锅贴, Chicken & Vegetable Wontons in Chili Sauce (6) 🌶️ 红油菜肉大馄饨, Shrimp & Zucchini Steamed Dumplings (6) 🦐 青瓜鲜虾蒸饺",Default Online Ordering,3.43,Visa,600000035021008530,217,45.98,,1,0.00,,http://www.toasttab.com/receipts/33eiUG9RSnqR9vgz4YmOIA/yHqhWRRwn9LwX
,,,,CA02,1/25/25,8:18 PM,"Beef-Stew Noodles 🌶️ 秘制牛肉小面, Chicken Steamed Dumplings (6) 鸡肉蒸饺, Beef Steamed Dumplings (6) 牛肉蒸饺, Dan Dan Noodles Ⓥ🌶️🌶️ 担担面, Chicken & Vegetable Wontons in Hot & Sour Sauce (6) 🌶️ 酸辣菜肉大馄饨, Passion Fruit Green Tea (Cold) 百香果绿茶 (冷), Milk Tea (Cold) 奶茶 (冷), Add Boba 珍珠, Banana Naan Bread (1) Ⓥ 香蕉飞饼",Default Online Ordering,5.34,Amex,600000035021138965,211,63.89,,1,0.00,,http://www.toasttab.com/receipts/33eiUG9RSnqR9vgz4YmOIA/bmwwWFHtgPrhk
600000035019660396,PickUp-Lian W,3157962121,dd.toast.orders+orders_b0f83232-4d36-4219-95a3-97a9131924ce@gmail.com,CA02,1/25/25,8:18 PM,Dan Dan Noodles Ⓥ🌶️🌶️ 担担面,Default Online Ordering,0.72,Other,600000035021179756,212,8.62,,1,0.00,,http://www.toasttab.com/receipts/33eiUG9RSnqR9vgz4YmOIA/HjcwtpytwcYRw
,,,,CA02,1/25/25,8:26 PM,"Pork Xiao Long Bao (8) 鲜肉小笼包, Dan Dan Noodles Ⓥ🌶️🌶️ 担担面, Chicken & Vegetable Wontons in Chili Sauce (6) 🌶️ 红油菜肉大馄饨, Sweet & Sour Cucumber Ⓥ 🌶️ 甜辣小黄瓜, Beef Potstickers (6) 牛肉锅贴, Spicy (Ma La) Noodles 🌶️🌶️ 麻辣小面, Jasmine Tea (Hot) 茉莉花茶 (热)",Default Online Ordering,4.86,Mastercard,600000035021179763,215,68.45,,1,0.00,,http://www.toasttab.com/receipts/33eiUG9RSnqR9vgz4YmOIA/bNHJFbyWj7TdC
600000035022083860,PickUp-Julie C,3109952802,dd.toast.orders+orders_61f21657-9beb-4cdd-aaf3-4472cdfebc42@gmail.com,CA02,1/25/25,8:47 PM,"Pork & Shrimp Potstickers (6) 🦐 猪肉三鲜锅贴, Green Onion Soy Sauce Noodles Ⓥ 葱油拌面, Beef Pancake Roll (1) 酱香牛肉卷饼 (不辣), Pork Xiao Long Bao (8) 鲜肉小笼包",Default Online Ordering,3.15,Other,600000035021255890,223,37.70,,1,0.00,,http://www.toasttab.com/receipts/33eiUG9RSnqR9vgz4YmOIA/JPwfTKgMRyLyz
,,,,CA02,1/25/25,8:18 PM,"Green Onion Pancake (1) Ⓥ 葱油饼, Pork Xiao Long Bao (8) 鲜肉小笼包, Pan Fried Pork Buns (4) 特色鲜肉煎包, Chicken & Vegetable Wontons in Chili Sauce (6) 🌶️ 红油菜肉大馄饨, Sweet & Sour Cucumber Ⓥ 🌶️ 甜辣小黄瓜",xin Meng,3.54,Mastercard,600000035021398281,210,50.21,,2,0.00,,http://www.toasttab.com/receipts/33eiUG9RSnqR9vgz4YmOIA/ywyFymqkNpMjW
,,,,CA02,1/25/25,8:23 PM,"Five Spice Beef Shank 五香牛腱, Sweet & Sour Cucumber Ⓥ 🌶️ 甜辣小黄瓜, Jasmine Tea (Hot) 茉莉花茶 (热), Thai Milk Tea (Cold) 泰式奶茶 (冷), Braised Pig Ears 🌶️ 凉拌猪耳, Milk Tea (Cold) 奶茶 (冷), Milk Tea (Cold) 奶茶 (冷), Milk Tea (Cold) 奶茶 (冷), Milk Tea (Cold) 奶茶 (冷), Milk Tea (Cold) 奶茶 (冷), Milk Tea (Cold) 奶茶 (冷)",Yafang Chen,0.00,,600000035021550469,214,0.00,,1,70.10,Open % Check (100.00%),
,,,,CA02,1/25/25,8:34 PM,"Dan Dan Noodles Ⓥ🌶️🌶️ 担担面, Chicken Steamed Dumplings (6) 鸡肉蒸饺, Chicken & Vegetable Wontons in Chicken Soup 鸡汤菜肉大馄饨, Sweet & Sour Cucumber Ⓥ 🌶️ 甜辣小黄瓜",Default Online Ordering,2.78,Visa,600000035021755759,218,38.16,,1,0.00,,http://www.toasttab.com/receipts/33eiUG9RSnqR9vgz4YmOIA/RXknbWjRXTjXg
,,,,CA02,1/25/25,8:40 PM,"Chicken Potstickers (6) 鸡肉锅贴, Pork Wontons in Chili Sauce (6) 🌶️ 红油猪肉抄手, Beef-Stew Noodles 🌶️ 秘制牛肉小面, Kale Salad with Sweet & Spicy Garlic Dressing Ⓥ 🌶️ 甜辣羽衣甘蓝沙拉",Default Online Ordering,3.45,Visa,600000035021958553,220,47.32,,1,0.00,,http://www.toasttab.com/receipts/33eiUG9RSnqR9vgz4YmOIA/twMsmbMFjXyFp
,,,,CA02,1/25/25,8:41 PM,"Pork Xiao Long Bao (8) 鲜肉小笼包, Sweet & Sour Cucumber Ⓥ 🌶️ 甜辣小黄瓜, Dan Dan Noodles Ⓥ🌶️🌶️ 担担面, Beef Potstickers (6) 牛肉锅贴, Pork Wontons in Chili Sauce (6) 🌶️ 红油猪肉抄手, High Tail Shrimp & Pork Steamed Dumplings (6) 🦐 翘尾鲜虾蒸饺, Dan Dan Noodles Ⓥ🌶️🌶️ 担担面, Pork Wontons in Chili Sauce (6) 🌶️ 红油猪肉抄手",Default Online Ordering,8.12,Visa,600000035022008804,221,107.02,,1,0.00,,http://www.toasttab.com/receipts/33eiUG9RSnqR9vgz4YmOIA/kqL7YFJpcgPsW
,,,,CA02,1/25/25,9:01 PM,"Dan Dan Noodles Ⓥ🌶️🌶️ 担担面, Yibin Noodles Ⓥ 🌶️ 宜宾燃面, Tsingtao",Default Online Ordering,2.75,Mastercard,600000035022070721,227,34.95,,2,0.00,,http://www.toasttab.com/receipts/33eiUG9RSnqR9vgz4YmOIA/qh7FXHmmKs7pg
600000035021940591,PickUp-Pooja P,4088298608,dd.toast.orders+orders_771b9ba4-1b40-4c0a-a005-ebac5352a109@gmail.com,CA02,1/25/25,9:24 PM,"Pork Wontons in Hot & Sour Sauce (6) 🌶️ 酸辣猪肉抄手, Chinese Crepe 煎饼果子 (薄脆), Pork Xiao Long Bao (8) 鲜肉小笼包",Default Online Ordering,2.24,Other,600000035022203043,230,26.79,,1,0.00,,http://www.toasttab.com/receipts/33eiUG9RSnqR9vgz4YmOIA/WwmWgzzRwqfJb
600000035020645595,Kelly T,8552228111,dd.toast.orders+orders_a7c91da0-c15a-4c19-bf1d-4a926ac3e6f0@gmail.com,CA02,1/25/25,8:46 PM,"Sweet & Sour Cucumber Ⓥ 🌶️ 甜辣小黄瓜, Chicken & Vegetable Wontons in Chicken Soup 鸡汤菜肉大馄饨, Yibin Noodles Ⓥ 🌶️ 宜宾燃面, Beef-Stew Noodle Soup 🌶️ 秘制牛肉汤面",Default Online Ordering,3.47,Other,600000035022208001,222,41.52,,1,0.00,,http://www.toasttab.com/receipts/33eiUG9RSnqR9vgz4YmOIA/byffKjymccJn7
,,,,CA02,1/25/25,9:21 PM,"Pork Wontons in Chili Sauce (6) 🌶️ 红油猪肉抄手, Vegetable Steamed Dumplings (6) Ⓥ 素三鲜蒸饺, Vegetable Potstickers (6) Ⓥ 素三鲜锅贴, Green Onion Pancake (1) Ⓥ 葱油饼, Chicken & Vegetable Wontons in Chicken Soup 鸡汤菜肉大馄饨",Default Online Ordering,3.11,Visa,600000035022303893,229,37.06,,1,0.00,,http://www.toasttab.com/receipts/33eiUG9RSnqR9vgz4YmOIA/cYtLgty9XtMrW
,,,,CA02,1/25/25,8:57 PM,"Pork Xiao Long Bao (8) 鲜肉小笼包, Pork & Shrimp Potstickers (6) 🦐 猪肉三鲜锅贴, Dan Dan Noodles Ⓥ🌶️🌶️ 担担面",Yafang Chen,2.30,Visa,600000035022534243,224,27.45,,1,0.00,,http://www.toasttab.com/receipts/33eiUG9RSnqR9vgz4YmOIA/HNpNcwngfgKCK
,,,,CA02,1/25/25,9:01 PM,"Pork Xiao Long Bao (8) 鲜肉小笼包, Pork & Shrimp Boiled Dumplings (6) 🦐 猪肉三鲜水饺, Chicken & Vegetable Wontons in Chicken Soup 鸡汤菜肉大馄饨, Broccoli with Seafood Sauce 蚝油西兰花, Chrysanthemum Tea (Hot) 菊花茶 (热)",zhengyu chen,3.47,Visa,600000035022630612,226,48.88,,2,0.00,,http://www.toasttab.com/receipts/33eiUG9RSnqR9vgz4YmOIA/pFyRWnyJdFfyg
