Location,Payment Id,Order Id,Order #,Paid Date,Order Date,Check Id,Check #,Tab Name,Server,Table,Dining Area,Service,Dining Option,House Acct #,Amount,Tip,Gratuity,Total,Swiped Card Amount,Keyed Card Amount,Amount Tendered,Refunded,Refund Date,Refund Amount,Refund Tip Amount,Void User,Void Approver,Void Date,Status,Type,Cash Drawer,Card Type,Other Type,Email,Phone,Last 4 Card Digits,V/MC/D Fees,Room Info,Receipt,Source,Last 4 Gift Card Digits,First 5 Gift Card Digits
Cupertino,600000034986918509,600000034986885162,1,1/25/25 11:04 AM,1/25/25 11:04 AM,600000034986885112,1,DD 15210d18 Sunny P,Default Online Ordering,,,Lunch,DoorDash - Delivery,,26.90,0.00,0.00,26.90,0.00,0.00,0.00,NONE,,,,,,,CAPTURED,Other,,,DoorDash,,8552228111,,,,dtFkxccWyFjzM,API,,
Cupertino,600000034988789708,600000034987267755,5,1/25/25 11:37 AM,1/25/25 11:10 AM,600000034987261506,5,,Default Online Ordering,B1,Dining Room,Lunch,Dine In,,34.87,5.23,0.00,40.10,0.00,0.00,0.00,NONE,,,,,,,AUTHORIZED,Credit,,Visa,,,,5032,,,wfN9gTc7PF9Rx,In Store,,
Cupertino,600000034988882451,600000034986740873,2,1/25/25 11:39 AM,1/25/25 11:05 AM,600000034986691326,2,,Default Online Ordering,A2,Dining Room,Lunch,Dine In,,47.97,7.20,0.00,55.17,55.17,0.00,0.00,NONE,,,,,,,AUTHORIZED,Credit,,Visa,,,,8010,,,pnpYPWmMt9qT9,In Store,,
Cupertino,600000034989048242,600000034986899269,3,1/25/25 11:42 AM,1/25/25 11:05 AM,600000034986862171,3,,Default Online Ordering,A3,Dining Room,Lunch,Dine In,,42.74,6.41,0.00,49.15,49.15,0.00,0.00,NONE,,,,,,,AUTHORIZED,Credit,,Visa,,,,3209,,,PyhxfLRhwkmCt,In Store,,
Cupertino,600000034989308704,600000034987983818,8,1/25/25 11:47 AM,1/25/25 11:25 AM,600000034987970370,8,,Default Online Ordering,B4,Dining Room,Lunch,Dine In,,23.36,1.00,0.00,24.36,24.36,0.00,0.00,NONE,,,,,,,AUTHORIZED,Credit,,Visa,,,,6289,,,MqxwnWgMPKy7T,In Store,,
Cupertino,600000034989350778,600000034989233235,21,1/25/25 11:53 AM,1/25/25 11:53 AM,600000034989173888,21,DD 1c5035bb Leah C,Default Online Ordering,,,Lunch,DoorDash - Delivery,,34.16,0.00,0.00,34.16,0.00,0.00,0.00,NONE,,,,,,,CAPTURED,Other,,,DoorDash,,8552228111,,,,MgNynstHpLLmw,API,,
Cupertino,600000034989416618,600000034989404475,17,1/25/25 11:49 AM,1/25/25 11:48 AM,600000034989404474,17,,Yafang Chen,,,Lunch,Take Out,,34.77,0.00,0.00,34.77,34.77,0.00,0.00,NONE,,,,,,,AUTHORIZED,Credit,,Visa,,,,1858,,,wwLwCFwRLCtRN,In Store,,
Cupertino,600000034989450879,600000034987538631,7,1/25/25 11:49 AM,1/25/25 11:20 AM,600000034987538581,7,,Default Online Ordering,A1,Dining Room,Lunch,Dine In,,19.48,2.52,0.00,22.00,22.00,0.00,0.00,NONE,,,,,,,AUTHORIZED,Credit,,Visa,,,,7031,,,NpFRhtPNnMsjd,In Store,,
Cupertino,600000034989651955,600000034988431903,9,1/25/25 11:53 AM,1/25/25 11:31 AM,600000034988406355,9,,Default Online Ordering,B2,Dining Room,Lunch,Dine In,,28.10,4.22,0.00,32.32,32.32,0.00,0.00,NONE,,,,,,,AUTHORIZED,Credit,,Visa,,,+16503536147,1089,,,yjqcMJmNJJsRK,In Store,,
Cupertino,600000034989678476,600000034989672820,22,1/25/25 11:54 AM,1/25/25 11:54 AM,600000034989672818,22,,Yafang Chen,,,Lunch,Take Out,,10.86,0.00,0.00,10.86,10.86,0.00,0.00,NONE,,,,,,,AUTHORIZED,Credit,,Visa,,,,1858,,,xF7bwdH7cMWRH,In Store,,
Cupertino,600000034989782647,600000034986716046,4,1/25/25 11:56 AM,1/25/25 11:08 AM,600000034986715497,4,,Default Online Ordering,B3,Dining Room,Lunch,Dine In,,64.88,11.68,0.00,76.56,0.00,0.00,0.00,NONE,,,,,,,AUTHORIZED,Credit,,Visa,,,,7505,,,r9ymhgnTg9rkz,In Store,,
Cupertino,600000034990109515,600000034987580536,6,1/25/25 12:02 PM,1/25/25 11:11 AM,600000034987580528,6,,Yan Xu,B6,Dining Room,Lunch,Dine In,,192.49,39.60,0.00,232.09,232.09,0.00,0.00,NONE,,,,,,,AUTHORIZED,Credit,,Visa,,,,0769,,,pwXFn9PmHpysT,In Store,,
Cupertino,600000034990144417,600000034988689004,11,1/25/25 12:03 PM,1/25/25 11:36 AM,600000034988688954,11,,Default Online Ordering,B8,Dining Room,Lunch,Dine In,,29.69,4.00,0.00,33.69,33.69,0.00,0.00,NONE,,,,,,,AUTHORIZED,Credit,,Discover,,,,1008,,,pCtXjKYdchKRg,In Store,,
Cupertino,600000034990359890,600000034988379617,10,1/25/25 12:07 PM,1/25/25 11:34 AM,600000034988379567,10,,Default Online Ordering,A4,Dining Room,Lunch,Dine In,,76.88,13.84,0.00,90.72,90.72,0.00,0.00,NONE,,,,,,,AUTHORIZED,Credit,,Visa,,,,3226,,,kqpqtWJTxxfdc,In Store,,
Cupertino,600000034990398180,600000034988431931,12,1/25/25 12:08 PM,1/25/25 11:36 AM,600000034988406383,12,,Default Online Ordering,A7,Dining Room,Lunch,Dine In,,70.94,10.64,0.00,81.58,0.00,0.00,0.00,NONE,,,,,,,AUTHORIZED,Credit,,Amex,,,,8063,,,RcxwrqFjNFT9f,In Store,,
Cupertino,600000034990627691,600000034988792975,15,1/25/25 12:12 PM,1/25/25 11:44 AM,600000034988792875,15,,Default Online Ordering,B7,Dining Room,Lunch,Dine In,,45.18,6.78,0.00,51.96,51.96,0.00,0.00,NONE,,,,,,,AUTHORIZED,Credit,,Visa,,,,0698,,,RwyftCMnRqhcb,In Store,,
Cupertino,600000034990670649,600000034991008211,31,1/25/25 12:22 PM,1/25/25 12:22 PM,600000034991001062,31,SF 6dab1a13 PickUp-Shuai J,Default Online Ordering,,,Lunch,DoorDash - Takeout,,45.18,0.00,0.00,45.18,0.00,0.00,0.00,NONE,,,,,,,CAPTURED,Other,,,DoorDash,,5732023927,,,,frzzCT7jYKMmR,API,,
Cupertino,600000034990682507,600000034990660210,26,1/25/25 12:14 PM,1/25/25 12:14 PM,600000034990660160,26,SF ed50a2e8 PickUp-Frances K,Default Online Ordering,,,Lunch,DoorDash - Takeout,,57.78,10.59,0.00,68.37,0.00,0.00,0.00,NONE,,,,,,,CAPTURED,Other,,,DoorDash,,6502766144,,,,fRjytCMPpLfYz,API,,
Cupertino,600000034990852666,600000034988335898,13,1/25/25 12:16 PM,1/25/25 11:39 AM,600000034988335848,13,,Default Online Ordering,A6,Dining Room,Lunch,Dine In,,75.15,10.00,0.00,85.15,85.15,0.00,0.00,NONE,,,,,,,AUTHORIZED,Credit,,Visa,,,,1432,,,NwTrCfXwPNMkz,In Store,,
Cupertino,600000034990854948,600000034988891229,16,1/25/25 12:16 PM,1/25/25 11:46 AM,600000034988891179,16,,Default Online Ordering,A2,Dining Room,Lunch,Dine In,,36.83,0.00,0.00,36.83,36.83,0.00,0.00,NONE,,,,,,,AUTHORIZED,Credit,,Visa,,,,6983,,,NYWMggPmg9PTk,In Store,,
Cupertino,600000034990998776,600000034989603674,23,1/25/25 12:19 PM,1/25/25 11:58 AM,600000034989575076,23,,Default Online Ordering,C4,Dining Room,Lunch,Dine In,,69.64,10.45,0.00,80.09,80.09,0.00,0.00,NONE,,,,,,,AUTHORIZED,Credit,,Mastercard,,,,1590,,,qKJ7yyTybYKgF,In Store,,
Cupertino,600000034991134352,600000034989503988,20,1/25/25 12:21 PM,1/25/25 11:51 AM,600000034989503987,20,George Tang,Yafang Chen,A3,Dining Room,Lunch,Dine In,,60.47,15.00,0.00,75.47,75.47,0.00,0.00,NONE,,,,,,,AUTHORIZED,Credit,,Visa,,,,9511,,,nNhmPYRMrYCdW,In Store,,
Cupertino,600000034991228179,600000034988636892,14,1/25/25 12:23 PM,1/25/25 11:43 AM,600000034988625443,14,,Default Online Ordering,A5,Dining Room,Lunch,Dine In,,64.12,12.82,0.00,76.94,76.94,0.00,0.00,NONE,,,,,,,AUTHORIZED,Credit,,Visa,,,,6524,,,7zMPwW9swn9Pr,In Store,,
Cupertino,600000034991628776,600000034990317758,25,1/25/25 12:31 PM,1/25/25 12:08 PM,600000034990309859,25,,Default Online Ordering,B2,Dining Room,Lunch,Dine In,,41.20,7.42,0.00,48.62,0.00,0.00,0.00,NONE,,,,,,,AUTHORIZED,Credit,,Mastercard,,,,1175,,,PqxkpPPjgbPjh,In Store,,
Cupertino,600000034991669254,600000034989950105,24,1/25/25 12:32 PM,1/25/25 12:00 PM,600000034989877409,24,,Default Online Ordering,A1,Dining Room,Lunch,Dine In,,46.28,6.94,0.00,53.22,53.22,0.00,0.00,NONE,,,,,,,AUTHORIZED,Credit,,Mastercard,,,,7116,,,7M9r7CF97WdjR,In Store,,
Cupertino,600000034991696021,600000034991852156,38,1/25/25 12:36 PM,1/25/25 12:36 PM,600000034991778563,38,SF 54bd1262 PickUp-Yunyun N,Default Online Ordering,,,Lunch,DoorDash - Takeout,,54.29,4.97,0.00,59.26,0.00,0.00,0.00,NONE,,,,,,,CAPTURED,Other,,,DoorDash,,4082099468,,,,LCcwgKnRNfcfX,API,,
Cupertino,600000034992297596,600000034990975013,30,1/25/25 12:44 PM,1/25/25 12:21 PM,600000034990933965,30,,Default Online Ordering,B4,Dining Room,Lunch,Dine In,,38.96,5.84,0.00,44.80,44.80,0.00,0.00,NONE,,,,,,,AUTHORIZED,Credit,,Visa,,,+14088585335,7000,,,TLnPwbgymLFbw,In Store,,
Cupertino,600000034992448866,600000034990621578,29,1/25/25 12:47 PM,1/25/25 12:20 PM,600000034990545132,29,,Default Online Ordering,B6,Dining Room,Lunch,Dine In,,112.70,16.90,0.00,129.60,0.00,0.00,0.00,NONE,,,,,,,AUTHORIZED,Credit,,Visa,,,,2095,,,tzgkYKgkPHxYk,In Store,,
Cupertino,600000034992553402,600000034990826662,28,1/25/25 12:49 PM,1/25/25 12:17 PM,600000034990777968,28,,Default Online Ordering,B3,Dining Room,Lunch,Dine In,,60.23,0.00,0.00,60.23,60.23,0.00,0.00,NONE,,,,,,,AUTHORIZED,Credit,,Mastercard,,,,2457,,,XKTXhcqRRKXCd,In Store,,
Cupertino,600000034992697457,600000034992583569,44,1/25/25 12:53 PM,1/25/25 12:53 PM,600000034992565820,44,SF 3941f45a PickUp-Harleen G,Default Online Ordering,,,Lunch,DoorDash - Takeout,,15.93,0.00,0.00,15.93,0.00,0.00,0.00,NONE,,,,,,,CAPTURED,Other,,,DoorDash,,4084206084,,,,CsKbF7nWmsLFP,API,,
Cupertino,600000034992715252,600000034991708002,36,1/25/25 12:52 PM,1/25/25 12:33 PM,600000034991642709,36,,Default Online Ordering,A5,Dining Room,Lunch,Dine In,,28.10,4.22,0.00,32.32,32.32,0.00,0.00,NONE,,,,,,,AUTHORIZED,Credit,,Visa,,,+14086747674,2338,,,LbFphWMPWcdgq,In Store,,
Cupertino,600000034992734354,600000034990916293,27,1/25/25 12:52 PM,1/25/25 12:17 PM,600000034990916292,27,,zhengyu chen,A4,Dining Room,Lunch,Dine In,,42.07,6.31,0.00,48.38,48.38,0.00,0.00,NONE,,,,,,,AUTHORIZED,Credit,,Visa,,,,3296,,,yTPbfNm9JhRdK,In Store,,
Cupertino,600000034992958777,600000034989342106,18,1/25/25 12:57 PM,1/25/25 11:49 AM,600000034989339258,18,,Default Online Ordering,B1,Dining Room,Lunch,Dine In,,72.25,11.66,0.00,83.91,83.91,0.00,0.00,NONE,,,,,,,AUTHORIZED,Credit,,Mastercard,,,,7003,,,snqYfWWtdwcqR,In Store,,
Cupertino,600000034993151184,600000034991308766,33,1/25/25 1:00 PM,1/25/25 12:24 PM,600000034991308765,33,,zhengyu chen,A2,Dining Room,Lunch,Dine In,,41.90,7.54,0.00,49.44,0.00,0.00,0.00,NONE,,,,,,,AUTHORIZED,Credit,,Visa,,,,5120,,,rFrJRPjs7RTmp,In Store,,
Cupertino,600000034993217387,600000034990898448,34,1/25/25 1:01 PM,1/25/25 12:29 PM,600000034990898398,34,,Default Online Ordering,A3,Dining Room,Lunch,Dine In,,69.47,10.42,0.00,79.89,79.89,0.00,0.00,NONE,,,,,,,AUTHORIZED,Credit,,Visa,,,,6118,,,ztk9CrJpKqRfR,In Store,,
Cupertino,600000034993369928,600000034993357187,53,1/25/25 1:04 PM,1/25/25 1:03 PM,600000034993357186,53,,Yafang Chen,,,Lunch,Take Out,,49.12,7.37,0.00,56.49,56.49,0.00,0.00,NONE,,,,,,,AUTHORIZED,Credit,,Amex,,,,1004,,,MzLJyxjgRmfwp,In Store,,
Cupertino,600000034993641512,600000034993593864,57,1/25/25 1:14 PM,1/25/25 1:14 PM,600000034993593764,57,DD 0c29d436 PickUp-Melani L,Default Online Ordering,,,Lunch,DoorDash - Takeout,,19.48,0.00,0.00,19.48,0.00,0.00,0.00,NONE,,,,,,,CAPTURED,Other,,,DoorDash,,8552228111,,,,9Y9YFWRMqKWgq,API,,
Cupertino,600000034993643773,600000034992912126,45,1/25/25 1:10 PM,1/25/25 12:55 PM,600000034992912125,45,,Yafang Chen,,,Lunch,Take Out,,43.44,6.52,0.00,49.96,49.96,0.00,0.00,NONE,,,,,,,AUTHORIZED,Credit,,Mastercard,,,408-505-6874,4564,,,gb97tyYCnwwyL,In Store,,
Cupertino,600000034993688337,600000034991137842,35,1/25/25 1:10 PM,1/25/25 12:30 PM,600000034991096694,35,,Default Online Ordering,B7,Dining Room,Lunch,Dine In,,68.05,12.25,0.00,80.30,80.30,0.00,0.00,NONE,,,,,,,AUTHORIZED,Credit,,Visa,,,,9587,,,zWtds79h9pRtt,In Store,,
Cupertino,600000034993867286,600000034990713495,32,1/25/25 1:14 PM,1/25/25 12:24 PM,600000034990700747,32,,Default Online Ordering,B8,Dining Room,Lunch,Dine In,,56.75,8.51,0.00,65.26,65.26,0.00,0.00,NONE,,,,,,,AUTHORIZED,Credit,,Visa,,,,2825,,,cL97sTgRTwWgs,In Store,,
Cupertino,600000034993993743,600000034991875443,41,1/25/25 1:16 PM,1/25/25 12:46 PM,600000034991862044,41,,Default Online Ordering,A7,Dining Room,Lunch,Dine In,,60.62,9.09,0.00,69.71,0.00,0.00,0.00,NONE,,,,,,,AUTHORIZED,Credit,,Visa,,,,2187,,,zTNjtdFHLWybf,In Store,,
Cupertino,600000034994167993,600000034992007350,39,1/25/25 1:19 PM,1/25/25 12:38 PM,600000034992006799,39,,zhengyu chen,A6,Dining Room,Lunch,Dine In,,76.46,11.47,0.00,87.93,87.93,0.00,0.00,NONE,,,,,,,AUTHORIZED,Credit,,Visa,,,,0268,,,fHxWMJCMKLJNs,In Store,,
Cupertino,600000034994257906,600000034992462418,42,1/25/25 1:21 PM,1/25/25 12:50 PM,600000034992390173,42,,Default Online Ordering,A1,Dining Room,Lunch,Dine In,,70.99,12.78,0.00,83.77,83.77,0.00,0.00,NONE,,,,,,,AUTHORIZED,Credit,,Visa,,,,6860,,,XyzyhNWWcMnsY,In Store,,
Cupertino,600000034994353606,600000034992280742,40,1/25/25 1:23 PM,1/25/25 12:43 PM,600000034992280740,40,,zhengyu chen,C3,Dining Room,Lunch,Dine In,,31.00,0.00,0.00,31.00,0.00,0.00,31.00,NONE,,,,,,,CAPTURED,Cash,,,,,,,,,9Ncj7jHWMxjXq,In Store,,
Cupertino,600000034994370429,600000034992280742,40,1/25/25 1:23 PM,1/25/25 12:43 PM,600000034992280740,40,,zhengyu chen,C3,Dining Room,Lunch,Dine In,,142.03,0.00,0.00,142.03,142.03,0.00,0.00,NONE,,,,"RestaurantUser [id=600000002970777958, user email = 54ec62b9-67ed-451f-bb19-abb6b7ecdba7@example.com]","RestaurantUser [id=600000002970777958, user email = 54ec62b9-67ed-451f-bb19-abb6b7ecdba7@example.com]",1/25/2025 1:27 PM,VOIDED,Credit,,Visa,,,,8685,,,zrnksxYKRCbJh,In Store,,
Cupertino,600000034994632174,600000034992280742,40,1/25/25 1:28 PM,1/25/25 12:43 PM,600000034992280740,40,,zhengyu chen,C3,Dining Room,Lunch,Dine In,,134.06,0.00,0.00,134.06,134.06,0.00,0.00,NONE,,,,,,,AUTHORIZED,Credit,,Visa,,,,8685,,,KKdRnHj7gry9m,In Store,,
Cupertino,600000034994702460,600000034992809657,46,1/25/25 1:29 PM,1/25/25 12:55 PM,600000034992786960,46,,Default Online Ordering,D1,Dining Room,Lunch,Dine In,,43.44,6.52,0.00,49.96,49.96,0.00,0.00,NONE,,,,,,,AUTHORIZED,Credit,,Visa,,,,7198,,,mfLJRkjRrXgLw,In Store,,
Cupertino,600000034994759535,600000034993345219,54,1/25/25 1:30 PM,1/25/25 1:04 PM,600000034993345216,54,,zhengyu chen,B5,Dining Room,Lunch,Dine In,,48.57,9.71,0.00,58.28,58.28,0.00,0.00,NONE,,,,,,,AUTHORIZED,Credit,,Visa,,,,0800,,,ntKfFwCdfmtcW,In Store,,
Cupertino,600000034994834681,600000034992400475,43,1/25/25 1:32 PM,1/25/25 12:52 PM,600000034992389027,43,,Default Online Ordering,D2,Dining Room,Lunch,Dine In,,57.46,8.62,0.00,66.08,0.00,0.00,0.00,NONE,,,,,,,AUTHORIZED,Credit,,Visa,,,,6966,,,hnbXdnTwpLyRm,In Store,,
Cupertino,600000034994984078,600000034992803885,52,1/25/25 1:34 PM,1/25/25 1:01 PM,600000034992789786,52,,Default Online Ordering,B6,Dining Room,Lunch,Dine In,,42.74,4.20,0.00,46.94,46.94,0.00,0.00,NONE,,,,,,,AUTHORIZED,Credit,,Discover,,,,4110,,,YYmsTyrfgytmf,In Store,,
Cupertino,600000034995207096,600000034992866869,50,1/25/25 1:38 PM,1/25/25 12:59 PM,600000034992812371,50,,Default Online Ordering,A4,Dining Room,Lunch,Dine In,,72.79,13.10,0.00,85.89,0.00,0.00,0.00,NONE,,,,,,,AUTHORIZED,Credit,,Visa,,,,8206,,,HtcLnkz7wWdmx,In Store,,
Cupertino,600000034995356535,600000034993110830,51,1/25/25 1:41 PM,1/25/25 12:59 PM,600000034993110829,51,Valued Customer Sunny,zhengyu chen,A5,Dining Room,Lunch,Dine In,,75.65,12.36,0.00,88.01,88.01,0.00,0.00,NONE,,,,,,,AUTHORIZED,Credit,,Visa,,hyun_sunny@hotmail.com,4159872616,5992,,,mFMYMqzdgmjJf,In Store,,
Cupertino,600000034995394226,600000034992583589,48,1/25/25 1:42 PM,1/25/25 12:58 PM,600000034992565840,48,,Default Online Ordering,D3,Dining Room,Lunch,Dine In,,69.69,3.00,0.00,72.69,0.00,0.00,0.00,NONE,,,,,,,AUTHORIZED,Credit,,Visa,,,,1400,,,qdXwchKfyJhj9,In Store,,
Cupertino,600000034995399667,600000034993520571,55,1/25/25 1:42 PM,1/25/25 1:11 PM,600000034993510722,55,,Default Online Ordering,A3,Dining Room,Lunch,Dine In,,46.28,8.33,0.00,54.61,54.61,0.00,0.00,NONE,,,,,,,AUTHORIZED,Credit,,Visa,,,,0092,,,ttfXPMRJjqX7H,In Store,,
Cupertino,600000034995531063,600000034995707252,71,1/25/25 1:48 PM,1/25/25 1:48 PM,600000034995674554,71,DD fc1bae64 PickUp-Fu Q,Default Online Ordering,,,Lunch,DoorDash - Takeout,,36.07,0.00,0.00,36.07,0.00,0.00,0.00,NONE,,,,,,,CAPTURED,Other,,,DoorDash,,8552228111,,,,CywMKC7b7Ly9z,API,,
Cupertino,600000034995743616,600000034995735715,72,1/25/25 1:48 PM,1/25/25 1:48 PM,600000034995735714,72,,Yan Xu,,,Lunch,Take Out,,10.86,0.00,0.00,10.86,10.86,0.00,0.00,NONE,,,,,,,AUTHORIZED,Credit,,Visa,,,,1431,,,sjbs79dyCTCNq,In Store,,
Cupertino,600000034995760035,600000034992747125,47,1/25/25 1:47 PM,1/25/25 12:57 PM,600000034992742977,47,,Default Online Ordering,B2,Dining Room,Lunch,Dine In,,81.74,8.40,0.00,90.14,90.14,0.00,0.00,NONE,,,,,,,AUTHORIZED,Credit,,Visa,,,,6275,,,KXjW7CtrwxfNp,In Store,,
Cupertino,600000034995782790,600000034993438494,56,1/25/25 1:49 PM,1/25/25 1:14 PM,600000034993361998,56,,Default Online Ordering,B3,Dining Room,Lunch,Dine In,,56.54,8.48,0.00,65.02,65.02,0.00,0.00,NONE,,,,,,,AUTHORIZED,Credit,,Amex,,,,2185,,,zCLtmYRRxLwqk,In Store,,
Cupertino,600000034995875333,600000034992681325,49,1/25/25 1:50 PM,1/25/25 12:59 PM,600000034992681225,49,,Default Online Ordering,B4,Dining Room,Lunch,Dine In,,27.45,4.12,0.00,31.57,31.57,0.00,0.00,NONE,,,,,,,AUTHORIZED,Credit,,Visa,,,,9195,,,LpNhjnLJNdrgK,In Store,,
Cupertino,600000034996064538,600000034994671705,61,1/25/25 1:54 PM,1/25/25 1:28 PM,600000034994671704,61,Yurui Lam,xiaoli zheng,B1,Dining Room,Lunch,Dine In,,80.95,18.00,0.00,98.95,0.00,0.00,0.00,NONE,,,,,,,AUTHORIZED,Credit,,Visa,,,,1530,,,ccqWpppsbLNXR,In Store,,
Cupertino,600000034996227377,600000034994222521,59,1/25/25 1:57 PM,1/25/25 1:25 PM,600000034994152926,59,,Default Online Ordering,B8,Dining Room,Lunch,Dine In,,45.03,6.75,0.00,51.78,51.78,0.00,0.00,NONE,,,,,,,AUTHORIZED,Credit,,Visa,,,,2316,,,XYrjRm7WRhMNJ,In Store,,
Cupertino,600000034996500441,600000034995019518,64,1/25/25 2:01 PM,1/25/25 1:39 PM,600000034995019469,64,,Default Online Ordering,A2,Dining Room,Lunch,Dine In,,52.23,5.00,0.00,57.23,0.00,0.00,0.00,NONE,,,,,,,AUTHORIZED,Credit,,Visa,,,,7935,,,FHJ7j9pWcYsbW,In Store,,
Cupertino,600000034996624349,600000034994600192,63,1/25/25 2:03 PM,1/25/25 1:38 PM,600000034994600142,63,,Default Online Ordering,A6,Dining Room,Lunch,Dine In,,46.33,6.95,0.00,53.28,53.28,0.00,0.00,NONE,,,,,,,AUTHORIZED,Credit,,Visa,,,,1436,,,bjbdWbsLzPWnh,In Store,,
Cupertino,600000034996647292,600000034994307135,62,1/25/25 2:04 PM,1/25/25 1:31 PM,600000034994307085,62,,Default Online Ordering,A1,Dining Room,Lunch,Dine In,,36.56,5.48,0.00,42.04,42.04,0.00,0.00,NONE,,,,,,,AUTHORIZED,Credit,,Visa,,,,1370,,,KCHTLydmspPjR,In Store,,
Cupertino,600000034996937385,600000034995309736,70,1/25/25 2:09 PM,1/25/25 1:47 PM,600000034995297239,70,,Default Online Ordering,B5,Dining Room,Lunch,Dine In,,19.48,0.00,0.00,19.48,19.48,0.00,0.00,NONE,,,,,,,AUTHORIZED,Credit,,Visa,,,,9547,,,fbc7LWKnMjFgn,In Store,,
Cupertino,600000034997046772,600000034996532742,79,1/25/25 2:10 PM,1/25/25 2:02 PM,600000034996456669,77,,Default Online Ordering,B6,Dining Room,Lunch,Dine In,,38.31,5.75,0.00,44.06,44.06,0.00,0.00,NONE,,,,,,,AUTHORIZED,Credit,,Visa,,,,0249,,,KnJHmHwnXhJy7,In Store,,
Cupertino,600000034997434696,600000034995936983,75,1/25/25 2:16 PM,1/25/25 1:51 PM,600000034995936978,75,,xiaoli zheng,A3,Dining Room,Lunch,Dine In,,53.00,7.95,0.00,60.95,60.95,0.00,0.00,NONE,,,,,,,AUTHORIZED,Credit,,Visa,,,,0288,,,z99wfCYMcpTqy,In Store,,
Cupertino,600000034997480330,600000034995253499,65,1/25/25 2:17 PM,1/25/25 1:39 PM,600000034995253498,65,,zhengyu chen,B7,Dining Room,Lunch,Dine In,,38.53,5.78,0.00,44.31,44.31,0.00,0.00,NONE,,,,,,,AUTHORIZED,Credit,,Visa,,,,7086,,,qJPmFsWRwFtxw,In Store,,
Cupertino,600000034997522799,600000034995367842,74,1/25/25 2:18 PM,1/25/25 1:51 PM,600000034995251249,74,,Default Online Ordering,A5,Dining Room,Lunch,Dine In,,52.01,9.36,0.00,61.37,61.37,0.00,0.00,NONE,,,,,,,AUTHORIZED,Credit,,Visa,,,,9325,,,LdTxMtkTKRkTs,In Store,,
Cupertino,600000034997856153,600000034995378252,67,1/25/25 2:23 PM,1/25/25 1:42 PM,600000034995339455,67,,Default Online Ordering,D4,Dining Room,Lunch,Dine In,,70.94,10.64,0.00,81.58,81.58,0.00,0.00,NONE,,,,,,,AUTHORIZED,Credit,,Visa,,,,0596,,,Jb9kwNTfTYWgd,In Store,,
Cupertino,600000034997901891,600000034996433510,78,1/25/25 2:23 PM,1/25/25 2:02 PM,600000034996427812,78,,Default Online Ordering,B2,Dining Room,Lunch,Dine In,,35.47,6.38,0.00,41.85,41.85,0.00,0.00,NONE,,,,,,,AUTHORIZED,Credit,,Visa,,,,6883,,,7nWbf9sgrq9Nr,In Store,,
Cupertino,600000034998030236,600000034995000846,69,1/25/25 2:25 PM,1/25/25 1:46 PM,600000034994931498,69,,Default Online Ordering,A4,Dining Room,Lunch,Dine In,,45.13,6.77,0.00,51.90,51.90,0.00,0.00,NONE,,,,,,,AUTHORIZED,Credit,,Mastercard,,,,5040,,,sFcqYWgxnLpHR,In Store,,
Cupertino,600000034998427336,600000034996652957,80,1/25/25 2:32 PM,1/25/25 2:04 PM,600000034996652956,80,,zhengyu chen,C1,Dining Room,Lunch,Dine In,,51.46,10.29,0.00,61.75,61.75,0.00,0.00,NONE,,,,,,,AUTHORIZED,Credit,,Visa,,,,6842,,,9YrMJngRPLpdM,In Store,,
Cupertino,600000034998491286,600000034995250106,66,1/25/25 2:32 PM,1/25/25 1:40 PM,600000034995246408,66,,Default Online Ordering,A7,Dining Room,Lunch,Dine In,,120.01,18.00,0.00,138.01,138.01,0.00,0.00,NONE,,,,,,,AUTHORIZED,Credit,,Amex,,,,1019,,,fCNdFRPyXkXgg,In Store,,
Cupertino,600000034998522916,600000034996445725,81,1/25/25 2:33 PM,1/25/25 2:05 PM,600000034996440326,81,,Default Online Ordering,C3,Dining Room,Lunch,Dine In,,28.97,5.54,0.00,34.51,34.51,0.00,0.00,NONE,,,,,,,AUTHORIZED,Credit,,Visa,,,6172332981,9825,,,HRgsymzxpctJd,In Store,,
Cupertino,600000034998946379,600000034997149944,83,1/25/25 2:39 PM,1/25/25 2:12 PM,600000034997149943,83,,zhengyu chen,A6,Dining Room,Lunch,Dine In,,33.18,4.98,0.00,38.16,38.16,0.00,0.00,NONE,,,,,,,AUTHORIZED,Credit,,Amex,,,,9787,,,CkkCmMfTtMbYj,In Store,,
Cupertino,600000034999067033,600000034996980314,84,1/25/25 2:41 PM,1/25/25 2:13 PM,600000034996980265,84,,Default Online Ordering,B5,Dining Room,Lunch,Dine In,,38.31,5.00,0.00,43.31,43.31,0.00,0.00,NONE,,,,,,,AUTHORIZED,Credit,,Visa,,,,8837,,,TRgbfHmhcLWpg,In Store,,
Cupertino,600000034999221122,600000034997359513,88,1/25/25 2:43 PM,1/25/25 2:17 PM,600000034997359413,88,,Default Online Ordering,A2,Dining Room,Lunch,Dine In,,41.53,6.23,0.00,47.76,47.76,0.00,0.00,NONE,,,,,,,AUTHORIZED,Credit,,Visa,,,,7420,,,fcKnXgsXmtbkm,In Store,,
Cupertino,600000034999456893,600000034996992966,85,1/25/25 2:46 PM,1/25/25 2:13 PM,600000034996992916,85,,Default Online Ordering,B8,Dining Room,Lunch,Dine In,,38.36,5.75,0.00,44.11,0.00,0.00,0.00,NONE,,,,,,,AUTHORIZED,Credit,,Visa,,,,0689,,,MYqgffwpyXWjd,In Store,,
Cupertino,600000034999634139,600000034997721709,89,1/25/25 2:49 PM,1/25/25 2:20 PM,600000034997721708,89,,zhengyu chen,A3,Dining Room,Lunch,Dine In,,42.52,7.65,0.00,50.17,50.17,0.00,0.00,NONE,,,,,,,AUTHORIZED,Credit,,Visa,,,,3223,,,tPNTqKhWTWN9x,In Store,,
Cupertino,600000034999728490,600000034996112825,76,1/25/25 2:50 PM,1/25/25 1:59 PM,600000034996073227,76,,Default Online Ordering,B3,Dining Room,Lunch,Dine In,,95.07,0.00,0.00,95.07,0.00,0.00,100.00,NONE,,,,,,,CAPTURED,Cash,,,,,,,,,NXbjJyWnFs7jp,In Store,,
Cupertino,600000034999858978,600000034997659765,90,1/25/25 2:51 PM,1/25/25 2:22 PM,600000034997630517,90,,Default Online Ordering,B4,Dining Room,Lunch,Dine In,,54.36,8.15,0.00,62.51,62.51,0.00,0.00,NONE,,,,,,,AUTHORIZED,Credit,,Visa,,,,2824,,,NTxrKghq77FMF,In Store,,
Cupertino,600000034999921883,600000034996983738,86,1/25/25 2:53 PM,1/25/25 2:16 PM,600000034996983688,86,,Default Online Ordering,B6,Dining Room,Lunch,Dine In,,50.04,7.51,0.00,57.55,57.55,0.00,0.00,NONE,,,,,,,AUTHORIZED,Credit,,Visa,,,,5162,,,LgCJhKhCcXbwP,In Store,,
Cupertino,600000034999992132,600000034996784467,82,1/25/25 2:54 PM,1/25/25 2:09 PM,600000034996784417,82,,Default Online Ordering,B1,Dining Room,Lunch,Dine In,,73.99,16.28,0.00,90.27,0.00,0.00,0.00,NONE,,,,,,,AUTHORIZED,Credit,,Visa,,froggiejen@gmail.com,,3202,,,TmXxnWtbqhNnf,In Store,,
Cupertino,600000035000787771,600000035000689533,95,1/25/25 3:09 PM,1/25/25 3:09 PM,600000035000663287,95,SF 7dee0e99 PickUp-Stephen S,Default Online Ordering,,,Lunch,DoorDash - Takeout,,24.55,0.00,0.00,24.55,0.00,0.00,0.00,NONE,,,,,,,CAPTURED,Other,,,DoorDash,,9152529783,,,,TwrtRPgKMbx9b,API,,
Cupertino,600000035000920877,600000034997359504,87,1/25/25 3:07 PM,1/25/25 2:16 PM,600000034997359404,87,,Default Online Ordering,A1,Dining Room,Lunch,Dine In,,100.63,20.13,0.00,120.76,120.76,0.00,0.00,NONE,,,,,,,AUTHORIZED,Credit,,Visa,,,,1260,,,mJzFsWhPbjymJ,In Store,,
Cupertino,600000035001400284,600000035001657407,98,1/25/25 3:17 PM,1/25/25 3:17 PM,600000035001657357,98,DD c50996a4 Shirley S,Default Online Ordering,,,Lunch,DoorDash - Delivery,,52.14,0.00,0.00,52.14,0.00,0.00,0.00,NONE,,,,,,,CAPTURED,Other,,,DoorDash,,8552228111,,,,kwLhWKXJgP9Jh,API,,
Cupertino,600000035001402054,600000035000867449,97,1/25/25 3:14 PM,1/25/25 3:14 PM,600000035000866849,97,DD 241d28dc So Sun I,Default Online Ordering,,,Lunch,DoorDash - Delivery,,5.24,0.00,0.00,5.24,0.00,0.00,0.00,NONE,,,,,,,CAPTURED,Other,,,DoorDash,,8552228111,,,,dqCmdC9yqzYxf,API,,
Cupertino,600000035001689234,600000034998385166,91,1/25/25 3:17 PM,1/25/25 2:34 PM,600000034998284922,91,,Default Online Ordering,A5,Dining Room,Lunch,Dine In,,78.26,15.65,0.00,93.91,93.91,0.00,0.00,NONE,,,,,,,AUTHORIZED,Credit,,Visa,,,,7151,,,MznqWdJkptmx7,In Store,,
Cupertino,600000035002173572,600000035000812665,94,1/25/25 3:23 PM,1/25/25 3:07 PM,600000035000790418,94,,Default Online Ordering,A3,Dining Room,Lunch,Dine In,,30.34,4.55,0.00,34.89,34.89,0.00,0.00,NONE,,,,,,,AUTHORIZED,Credit,,Discover,,,,4631,,,KL9nfTdgcgwbL,In Store,,
Cupertino,600000035002291580,600000035000808006,93,1/25/25 3:24 PM,1/25/25 3:05 PM,600000035000808005,93,,zhengyu chen,A2,Dining Room,Lunch,Dine In,,27.45,4.12,0.00,31.57,31.57,0.00,0.00,NONE,,,,,,,AUTHORIZED,Credit,,Visa,,,,7221,,,M9dX9XpXXRKJM,In Store,,
Cupertino,600000035002315112,600000035002337708,99,1/25/25 3:26 PM,1/25/25 3:26 PM,600000035002315211,99,SF 0a8f4b6e Johanna L,Default Online Ordering,,,Lunch,DoorDash - Delivery,,27.44,0.00,0.00,27.44,0.00,0.00,0.00,NONE,,,,,,,CAPTURED,Other,,,DoorDash,,6503169941,,,,PCjyNjMyXXTtx,API,,
Cupertino,600000035003924584,600000035001124867,96,1/25/25 3:45 PM,1/25/25 3:12 PM,600000035001117768,96,,Default Online Ordering,A7,Dining Room,Lunch,Dine In,,49.17,7.38,0.00,56.55,56.55,0.00,0.00,NONE,,,,,,,AUTHORIZED,Credit,,Visa,,,+14087070259,7874,,,kLpxgLKtgnhsR,In Store,,
Cupertino,600000035004670475,600000035002958904,100,1/25/25 3:54 PM,1/25/25 3:33 PM,600000035002958903,100,,xiaoli zheng,A6,Dining Room,Lunch,Dine In,,39.95,7.19,0.00,47.14,47.14,0.00,0.00,NONE,,,,,,,AUTHORIZED,Credit,,Visa,,,,9867,,,fnHfPLHFpPFqX,In Store,,
Cupertino,600000035006363891,600000035003842047,101,1/25/25 4:14 PM,1/25/25 3:51 PM,600000035003841997,101,,Default Online Ordering,A5,Dining Room,Lunch,Dine In,,32.14,9.89,0.00,42.03,42.03,0.00,0.00,NONE,,,,,,,AUTHORIZED,Credit,,Visa,,,,5484,,,zWLMXxXKKppWT,In Store,,
Cupertino,600000035007494466,600000035007231736,108,1/25/25 4:31 PM,1/25/25 4:31 PM,600000035007209338,108,DD 2e70fc69 Radai R,Default Online Ordering,,,Dinner,DoorDash - Delivery,,45.40,0.00,0.00,45.40,0.00,0.00,0.00,NONE,,,,,,,CAPTURED,Other,,,DoorDash,,8552228111,,,,JKrXktdcLnKYP,API,,
Cupertino,600000035007719340,600000035008099122,110,1/25/25 4:39 PM,1/25/25 4:39 PM,600000035008099072,110,DD f9b17976 Joshua C,Default Online Ordering,,,Dinner,DoorDash - Delivery,,62.73,0.00,0.00,62.73,0.00,0.00,0.00,NONE,,,,,,,CAPTURED,Other,,,DoorDash,,8552228111,,,,WFdMgRPCbCJWz,API,,
Cupertino,600000035008700252,600000035005599707,104,1/25/25 4:42 PM,1/25/25 4:06 PM,600000035005574708,104,,Default Online Ordering,A6,Dining Room,Dinner,Dine In,,54.25,8.14,0.00,62.39,62.39,0.00,0.00,NONE,,,,,,,AUTHORIZED,Credit,,Visa,,,,8064,,,xqfyCnmhhdnJb,In Store,,
Cupertino,600000035008778753,600000035008535223,112,1/25/25 4:44 PM,1/25/25 4:44 PM,600000035008493226,112,SF 90858310 PickUp-Nicole Asia H,Default Online Ordering,,,Dinner,DoorDash - Takeout,,18.66,2.00,0.00,20.66,0.00,0.00,0.00,NONE,,,,,,,CAPTURED,Other,,,DoorDash,,3473871449,,,,yMXMwp9cfH7Xb,API,,
Cupertino,600000035008801568,600000035008701721,115,1/25/25 4:47 PM,1/25/25 4:47 PM,600000035008649825,115,SF f927b46d Mabel A,Default Online Ordering,,,Dinner,DoorDash - Delivery,,27.44,0.00,0.00,27.44,0.00,0.00,0.00,NONE,,,,,,,CAPTURED,Other,,,DoorDash,,6692726541,,,,NKsbfTqMCxTpT,API,,
Cupertino,600000035009212361,600000035005144963,102,1/25/25 4:48 PM,1/25/25 4:02 PM,600000035005136264,102,,Default Online Ordering,A4,Dining Room,Dinner,Dine In,,67.40,13.48,0.00,80.88,80.88,0.00,0.00,NONE,,,,,,,AUTHORIZED,Credit,,Discover,,,,1364,,,FrFrKfWbd9fxk,In Store,,
Cupertino,600000035009440190,600000035009941504,117,1/25/25 4:59 PM,1/25/25 4:59 PM,600000035009907756,117,DD a3bc8561 Eren M,Default Online Ordering,,,Dinner,DoorDash - Delivery,,79.12,0.00,0.00,79.12,0.00,0.00,0.00,NONE,,,,,,,CAPTURED,Other,,,DoorDash,,8552228111,,,,HjkxyXJctMkPm,API,,
Cupertino,600000035009844313,600000035006533249,106,1/25/25 4:56 PM,1/25/25 4:25 PM,600000035007173707,106,,Default Online Ordering,A3,Dining Room,Dinner,Dine In,,41.15,5.00,0.00,46.15,46.15,0.00,0.00,NONE,,,,,,,AUTHORIZED,Credit,,Visa,,,,5613,,,ctKfR7gMRM7Kh,In Store,,
Cupertino,600000035009889600,600000035009569921,116,1/25/25 4:57 PM,1/25/25 4:57 PM,600000035009569821,116,SF 85113ecc PickUp-Katie S,Default Online Ordering,,,Dinner,DoorDash - Takeout,,44.03,8.07,0.00,52.10,0.00,0.00,0.00,NONE,,,,,,,CAPTURED,Other,,,DoorDash,,9515053624,,,,LpnxdcqnsCFjF,API,,
Cupertino,600000035009917916,600000035006787932,105,1/25/25 4:57 PM,1/25/25 4:25 PM,600000035006782983,105,,Default Online Ordering,A5,Dining Room,Dinner,Dine In,,54.90,0.00,0.00,54.90,0.00,0.00,55.00,NONE,,,,,,,CAPTURED,Cash,,,,,,,,,MrkWP9rRrCb9j,In Store,,
Cupertino,600000035009981023,600000035008002561,109,1/25/25 4:58 PM,1/25/25 4:35 PM,600000035007953263,109,,Default Online Ordering,A7,Dining Room,Dinner,Dine In,,22.26,3.34,0.00,25.60,0.00,0.00,0.00,NONE,,,,,,,AUTHORIZED,Credit,,Amex,,,,6007,,,kyNTHRxxLgKgF,In Store,,
Cupertino,600000035010630381,600000035010605931,118,1/25/25 5:06 PM,1/25/25 5:05 PM,600000035010605928,118,,Yafang Chen,,,Dinner,Take Out,,34.82,0.00,0.00,34.82,34.82,0.00,0.00,NONE,,,,,,,AUTHORIZED,Credit,,Mastercard,,,,2277,,,wRYfnPWwrLXkT,In Store,,
Cupertino,600000035011372049,600000035011956016,124,1/25/25 5:28 PM,1/25/25 5:28 PM,600000035011955966,124,SF 34f3d977 PickUp-Eric Y,Default Online Ordering,,,Dinner,DoorDash - Takeout,,42.29,0.00,0.00,42.29,0.00,0.00,0.00,NONE,,,,,,,CAPTURED,Other,,,DoorDash,,4086050931,,,,rK7xTXnNHjfPC,API,,
Cupertino,600000035011627475,600000035008806994,111,1/25/25 5:19 PM,1/25/25 4:43 PM,600000035008806993,111,,zhengyu chen,B6,Dining Room,Dinner,Dine In,,56.10,8.42,0.00,64.52,0.00,0.00,0.00,NONE,,,,,,,AUTHORIZED,Credit,,Visa,,,,1337,,,7sdb7jfKsKsbn,In Store,,
Cupertino,600000035012100760,600000035011495845,122,1/25/25 5:27 PM,1/25/25 5:27 PM,600000035012169403,122,DD 5bc3779e Akshay A,Default Online Ordering,,,Dinner,DoorDash - Delivery,,49.65,0.00,0.00,49.65,0.00,0.00,0.00,NONE,,,,,,,CAPTURED,Other,,,DoorDash,,8552228111,,,,Mbw9KmqygMtfs,API,,
Cupertino,600000035012343911,600000035011956031,127,1/25/25 5:32 PM,1/25/25 5:32 PM,600000035011955981,127,DD f521981d Jessica Y,Default Online Ordering,,,Dinner,DoorDash - Delivery,,61.96,0.00,0.00,61.96,0.00,0.00,0.00,NONE,,,,,,,CAPTURED,Other,,,DoorDash,,8552228111,,,,XjryPtXLFRMyN,API,,
Cupertino,600000035012617502,600000035008424628,113,1/25/25 5:32 PM,1/25/25 4:45 PM,600000035008406129,113,,Default Online Ordering,A2,Dining Room,Dinner,Dine In,,25.32,3.80,0.00,29.12,29.12,0.00,0.00,NONE,,,,,,,AUTHORIZED,Credit,,Amex,,,,1008,,,dCXLpymNqKRrF,In Store,,
Cupertino,600000035012683635,600000035008762460,114,1/25/25 5:33 PM,1/25/25 4:46 PM,600000035008707613,114,,Default Online Ordering,A2,Dining Room,Dinner,Dine In,,35.79,5.37,0.00,41.16,41.16,0.00,0.00,NONE,,,,,,,AUTHORIZED,Credit,,Visa,,,,9678,,,jd9rjqThdkzym,In Store,,
Cupertino,600000035012738873,600000035009707549,119,1/25/25 5:33 PM,1/25/25 5:07 PM,600000035010549256,119,,Default Online Ordering,B3,Dining Room,Dinner,Dine In,,210.43,31.56,0.00,241.99,0.00,0.00,0.00,NONE,,,,,,,AUTHORIZED,Credit,,Mastercard,,,,8526,,,mXLfHrWXCxRRC,In Store,,
Cupertino,600000035012795460,600000035012784114,131,1/25/25 5:39 PM,1/25/25 5:39 PM,600000035012653770,131,DD 59c8a66c Jihyun K,Default Online Ordering,,,Dinner,DoorDash - Delivery,,61.96,0.00,0.00,61.96,0.00,0.00,0.00,NONE,,,,,,,CAPTURED,Other,,,DoorDash,,8552228111,,,,NKCNpLYXCRyfc,API,,
Cupertino,600000035012974704,600000035012501529,130,1/25/25 5:37 PM,1/25/25 5:37 PM,600000035012483880,130,DD ef79d75d PickUp-Sydney K,Default Online Ordering,,,Dinner,DoorDash - Takeout,,140.50,0.00,0.00,140.50,0.00,0.00,0.00,NONE,,,,,,,CAPTURED,Other,,,DoorDash,,8552228111,,,,gbzdsgp9yrRYh,API,,
Cupertino,600000035013565284,600000035013834470,136,1/25/25 5:55 PM,1/25/25 5:55 PM,600000035013801574,136,DD b072953d Lisa N,Default Online Ordering,,,Dinner,DoorDash - Delivery,,43.32,0.00,0.00,43.32,0.00,0.00,0.00,NONE,,,,,,,CAPTURED,Other,,,DoorDash,,8552228111,,,,zhHWdMR9bhnPc,API,,
Cupertino,600000035013691197,600000035014105925,138,1/25/25 6:00 PM,1/25/25 6:00 PM,600000035014097576,138,SF 077e5e40 PickUp-Kelly C,Default Online Ordering,,,Dinner,DoorDash - Takeout,,96.03,8.80,0.00,104.83,0.00,0.00,0.00,NONE,,,,,,,CAPTURED,Other,,,DoorDash,,5109280364,,,,PyYmdHtkfWgYN,API,,
Cupertino,600000035013908101,600000035011715326,123,1/25/25 5:50 PM,1/25/25 5:27 PM,600000035011667279,123,,Default Online Ordering,B4,Dining Room,Dinner,Dine In,,32.53,5.86,0.00,38.39,38.39,0.00,0.00,NONE,,,,,,,AUTHORIZED,Credit,,Discover,,,,3853,,,KML9gcWLTxL7d,In Store,,
Cupertino,600000035013990167,600000035014185105,137,1/25/25 5:55 PM,1/25/25 5:55 PM,600000035014168507,137,DD 6641389f Cecile S,Default Online Ordering,,,Dinner,DoorDash - Delivery,,17.90,0.00,0.00,17.90,0.00,0.00,0.00,NONE,,,,,,,CAPTURED,Other,,,DoorDash,,8552228111,,,,PHpdMWjtzfssg,API,,
Cupertino,600000035014142045,600000035012786561,129,1/25/25 5:53 PM,1/25/25 5:37 PM,600000035012775112,129,,Default Online Ordering,A5,Dining Room,Dinner,Dine In,,50.81,7.62,0.00,58.43,58.43,0.00,0.00,NONE,,,,,,,AUTHORIZED,Credit,,Mastercard,,,,4458,,,yKmfnPhsThHsd,In Store,,
Cupertino,600000035014532986,600000035012062045,128,1/25/25 5:59 PM,1/25/25 5:34 PM,600000035012047347,128,,Default Online Ordering,B6,Dining Room,Dinner,Dine In,,55.39,11.08,0.00,66.47,66.47,0.00,0.00,NONE,,,,,,,AUTHORIZED,Credit,,Visa,,,,3341,,,WXdw9xCcfwgw9,In Store,,
Cupertino,600000035014615259,600000035012247910,126,1/25/25 6:00 PM,1/25/25 5:31 PM,600000035012171913,126,,Default Online Ordering,A3,Dining Room,Dinner,Dine In,,42.24,8.45,0.00,50.69,50.69,0.00,0.00,NONE,,,,,,,AUTHORIZED,Credit,,Visa,,,,0881,,,TtwzqTdNKF7fd,In Store,,
Cupertino,600000035014883171,600000035011610454,121,1/25/25 6:04 PM,1/25/25 5:19 PM,600000035011568456,121,,Default Online Ordering,B8,Dining Room,Dinner,Dine In,,73.13,10.97,0.00,84.10,84.10,0.00,0.00,NONE,,,,,,,AUTHORIZED,Credit,,Visa,,,,8365,,,ftynRgrHKNNyt,In Store,,
Cupertino,600000035014900936,600000035014929083,147,1/25/25 6:16 PM,1/25/25 6:16 PM,600000035014861436,147,DD 39f9e9fb Jason Y,Default Online Ordering,,,Dinner,DoorDash - Delivery,,50.34,0.00,0.00,50.34,0.00,0.00,0.00,NONE,,,,,,,CAPTURED,Other,,,DoorDash,,8552228111,,,,wsbxsKRc7pjzR,API,,
Cupertino,600000035015232854,600000035012118423,125,1/25/25 6:09 PM,1/25/25 5:29 PM,600000035012085824,125,,Default Online Ordering,A1,Dining Room,Dinner,Dine In,,66.13,13.23,0.00,79.36,79.36,0.00,0.00,NONE,,,,,,,AUTHORIZED,Credit,,Mastercard,,,,3700,,,FFqwRJwxpbJNM,In Store,,
Cupertino,600000035015244629,600000035013116518,133,1/25/25 6:10 PM,1/25/25 5:42 PM,600000035013085871,133,,Default Online Ordering,A4,Dining Room,Dinner,Dine In,,70.78,14.16,0.00,84.94,84.94,0.00,0.00,NONE,,,,,,,AUTHORIZED,Credit,,Visa,,,,2776,,,kstsNtbCkzCbg,In Store,,
Cupertino,600000035015340245,600000035013567581,135,1/25/25 6:11 PM,1/25/25 5:53 PM,600000035013557782,135,,Default Online Ordering,B1,Dining Room,Dinner,Dine In,,28.93,6.84,0.00,35.77,35.77,0.00,0.00,NONE,,,,,,,AUTHORIZED,Credit,,Visa,,,2174199320,9741,,,PmrxFRd7CNwgz,In Store,,
Cupertino,600000035015648440,600000035013894850,120,1/25/25 6:16 PM,1/25/25 5:09 PM,600000035013892249,120,,Yafang Chen,,,Dinner,Take Out,,25.32,3.80,0.00,29.12,29.12,0.00,0.00,NONE,,,,,,,AUTHORIZED,Credit,,Visa,,,408-647-0193,5177,,,JPNTrzxHtXXdc,In Store,,
Cupertino,600000035015724602,600000035013092512,132,1/25/25 6:17 PM,1/25/25 5:40 PM,600000035013033215,132,,Default Online Ordering,A6,Dining Room,Dinner,Dine In,,76.34,15.27,0.00,91.61,91.61,0.00,0.00,NONE,,,,,,,AUTHORIZED,Credit,,Visa,,,,5008,,,jNTMJwJcxNpsf,In Store,,
Cupertino,600000035016413446,600000035016564336,169,1/25/25 6:45 PM,1/25/25 6:45 PM,600000035016365494,169,DD dbea7ea9 Jonathan S,Default Online Ordering,,,Dinner,DoorDash - Delivery,,55.82,0.00,0.00,55.82,0.00,0.00,0.00,NONE,,,,,,,CAPTURED,Other,,,DoorDash,,8552228111,,,,qjJsynHhHMzwf,API,,
Cupertino,600000035016513724,600000035016650116,164,1/25/25 6:36 PM,1/25/25 6:36 PM,600000035016573072,164,DD 91157f96 Sarah Z,Default Online Ordering,,,Dinner,DoorDash - Delivery,,18.33,0.00,0.00,18.33,0.00,0.00,0.00,NONE,,,,,,,CAPTURED,Other,,,DoorDash,,8552228111,,,,9LtyTgTzfW9fb,API,,
Cupertino,600000035016523134,600000035014802357,139,1/25/25 6:30 PM,1/25/25 6:03 PM,600000035014802356,139,,Yafang Chen,,,Dinner,Take Out,,7.58,0.00,0.00,7.58,7.58,0.00,0.00,NONE,,,,,,,AUTHORIZED,Credit,,Visa,,,,8058,,,LznzxrTddmfFj,In Store,,
Cupertino,600000035016647031,600000035016704973,167,1/25/25 6:42 PM,1/25/25 6:42 PM,600000035016597477,167,DD e4af033c Mohit T,Default Online Ordering,,,Dinner,DoorDash - Delivery,,19.86,0.00,0.00,19.86,0.00,0.00,0.00,NONE,,,,,,,CAPTURED,Other,,,DoorDash,,8552228111,,,,tnpF7wWtzmdbL,API,,
Cupertino,600000035016701142,600000035015741462,149,1/25/25 6:33 PM,1/25/25 6:16 PM,600000035015741461,149,,Yafang Chen,,,Dinner,Take Out,,38.31,5.75,0.00,44.06,44.06,0.00,0.00,NONE,,,,,,,AUTHORIZED,Credit,,Mastercard,,,4243338136,5264,,,hbmpdqPgWsxbF,In Store,,
Cupertino,600000035016966177,600000035014708679,144,1/25/25 6:38 PM,1/25/25 6:09 PM,600000035014578435,144,,Default Online Ordering,B3,Dining Room,Dinner,Dine In,,52.66,7.90,0.00,60.56,0.00,60.56,0.00,NONE,,,,,,,DENIED,Credit,,Mastercard,,,,2543,,,WbjcPn9s7wdcq,In Store,,
Cupertino,600000035017027670,600000035014708679,144,1/25/25 6:39 PM,1/25/25 6:09 PM,600000035014578435,144,,Default Online Ordering,B3,Dining Room,Dinner,Dine In,,52.66,7.90,0.00,60.56,60.56,0.00,0.00,NONE,,,,,,,AUTHORIZED,Credit,,Mastercard,,,,2543,,,Jc9XChspr9JCK,In Store,,
Cupertino,600000035017237553,600000035014850580,145,1/25/25 6:43 PM,1/25/25 6:11 PM,600000035014820133,145,,Default Online Ordering,A5,Dining Room,Dinner,Dine In,,44.04,6.61,0.00,50.65,50.65,0.00,0.00,NONE,,,,,,,AUTHORIZED,Credit,,Visa,,,+16506905320,2828,,,JcJrqstx7kPMm,In Store,,
Cupertino,600000035017387084,600000035017989502,174,1/25/25 6:58 PM,1/25/25 6:58 PM,600000035017891959,174,SF 503d083f PickUp-Tim P,Default Online Ordering,,,Dinner,DoorDash - Takeout,,31.05,0.00,0.00,31.05,0.00,0.00,0.00,NONE,,,,,,,CAPTURED,Other,,,DoorDash,,3023307462,,,,wntTtThwnChjk,API,,
Cupertino,600000035017395727,600000035015611711,151,1/25/25 6:46 PM,1/25/25 6:19 PM,600000035015484069,151,,Default Online Ordering,A3,Dining Room,Dinner,Dine In,,69.09,12.44,0.00,81.53,81.53,0.00,0.00,NONE,,,,,,,AUTHORIZED,Credit,,Visa,,,,0153,,,zRJMCTxFrfJXr,In Store,,
Cupertino,600000035017442662,600000035015445741,156,1/25/25 6:46 PM,1/25/25 6:26 PM,600000035015414345,156,,Default Online Ordering,A6,Dining Room,Dinner,Dine In,,27.72,0.00,0.00,27.72,27.72,0.00,0.00,NONE,,,,,,,AUTHORIZED,Credit,,Visa,,,,8176,,,HRrcrLnKCsNkp,In Store,,
Cupertino,600000035017456746,600000035015691621,154,1/25/25 6:47 PM,1/25/25 6:24 PM,600000035015588175,154,,Default Online Ordering,B4,Dining Room,Dinner,Dine In,,44.69,6.70,0.00,51.39,0.00,0.00,0.00,NONE,,,,,,,AUTHORIZED,Credit,,Visa,,,,7805,,,CNxqfpPfzRLYp,In Store,,
Cupertino,600000035017552319,600000035017238982,173,1/25/25 6:57 PM,1/25/25 6:57 PM,600000035017197536,173,DD aecccaa9 Alric S,Default Online Ordering,,,Dinner,DoorDash - Delivery,,63.87,0.00,0.00,63.87,0.00,0.00,0.00,NONE,,,,,,,CAPTURED,Other,,,DoorDash,,8552228111,,,,jztWTWbXpPqTh,API,,
Cupertino,600000035017568977,600000035016041970,150,1/25/25 6:49 PM,1/25/25 6:18 PM,600000035016041964,150,,Yafang Chen,,,Dinner,Take Out,,87.48,0.00,0.00,87.48,87.48,0.00,0.00,NONE,,,,,,,AUTHORIZED,Credit,,Visa,,,+12069393323,3707,,,YXzsRxnkkrgwr,In Store,,
Cupertino,600000035017720705,600000035014619974,141,1/25/25 6:52 PM,1/25/25 6:06 PM,600000035014619924,141,,Default Online Ordering,B2,Dining Room,Dinner,Dine In,,37.66,6.78,0.00,44.44,44.44,0.00,0.00,NONE,,,,,,,AUTHORIZED,Credit,,Visa,,,,0690,,,NLdJFJdXtHmjP,In Store,,
Cupertino,600000035017730800,600000035017332570,172,1/25/25 6:52 PM,1/25/25 6:52 PM,600000035017332520,172,DD aeea8b6c Stanley Z,Default Online Ordering,,,Dinner,DoorDash - Delivery,,43.63,0.00,0.00,43.63,0.00,0.00,0.00,NONE,,,,,,,CAPTURED,Other,,,DoorDash,,8552228111,,,,yMxPMRsdFWnFg,API,,
Cupertino,600000035017736141,600000035014392292,142,1/25/25 6:52 PM,1/25/25 6:07 PM,600000035014358145,142,,Default Online Ordering,B2,Dining Room,Dinner,Dine In,,30.34,5.46,0.00,35.80,0.00,0.00,0.00,NONE,,,,,,,AUTHORIZED,Credit,,Visa,,,,9065,,,HpnWczmWbWPyY,In Store,,
Cupertino,600000035017754407,600000035014921710,143,1/25/25 6:52 PM,1/25/25 6:08 PM,600000035014899562,143,,Default Online Ordering,B2,Dining Room,Dinner,Dine In,,58.94,8.84,0.00,67.78,67.78,0.00,0.00,NONE,,,,,,,AUTHORIZED,Credit,,Visa,,,,0545,,,jkKmJXCjHxgYx,In Store,,
Cupertino,600000035017786024,600000035014968291,148,1/25/25 6:53 PM,1/25/25 6:16 PM,600000035014964343,148,,Default Online Ordering,C2,Dining Room,Dinner,Dine In,,173.08,25.96,0.00,199.04,199.04,0.00,0.00,NONE,,,,,,,AUTHORIZED,Credit,,Visa,,,,4802,,,HhrctkTpFHcss,In Store,,
Cupertino,600000035017923926,600000035015280532,152,1/25/25 6:56 PM,1/25/25 6:20 PM,600000035015271485,152,,Default Online Ordering,A2,Dining Room,Dinner,Dine In,,44.64,8.93,0.00,53.57,53.57,0.00,0.00,NONE,,,,,,,AUTHORIZED,Credit,,Mastercard,,,,7129,,,PHfRR9JKKwsqJ,In Store,,
Cupertino,600000035017950924,600000035015901797,158,1/25/25 6:56 PM,1/25/25 6:30 PM,600000035016506250,158,,Default Online Ordering,A4,Dining Room,Dinner,Dine In,,32.42,6.48,0.00,38.90,38.90,0.00,0.00,NONE,,,,,,,AUTHORIZED,Credit,,Mastercard,,,,4754,,,mwKxwh9MPCxY7,In Store,,
Cupertino,600000035017984296,600000035014698845,146,1/25/25 6:57 PM,1/25/25 6:15 PM,600000035014592799,146,,Default Online Ordering,A7,Dining Room,Dinner,Dine In,,46.93,7.04,0.00,53.97,53.97,0.00,0.00,NONE,,,,,,,AUTHORIZED,Credit,,Mastercard,,,+14084550888,6742,,,TgdkqdTkmzjWM,In Store,,
Cupertino,600000035017996385,600000035018211819,183,1/25/25 7:09 PM,1/25/25 7:09 PM,600000035018211769,183,SF 9e7649bc PickUp-Ted K,Default Online Ordering,,,Dinner,DoorDash - Takeout,,40.59,5.58,0.00,46.17,0.00,0.00,0.00,NONE,,,,,,,CAPTURED,Other,,,DoorDash,,4085694875,,,,X7YCwwjryszwr,API,,
Cupertino,600000035018318388,600000035018308889,178,1/25/25 7:03 PM,1/25/25 7:03 PM,600000035018308888,178,,Yafang Chen,,,Dinner,Take Out,,32.40,2.00,0.00,34.40,34.40,0.00,0.00,NONE,,,,,,,AUTHORIZED,Credit,,Visa,,,,2930,,,7KgMcChxFWTtj,In Store,,
Cupertino,600000035018340865,600000035018134477,184,1/25/25 7:09 PM,1/25/25 7:09 PM,600000035018073030,184,SF 7af10890 PickUp-Zinneerah A,Default Online Ordering,,,Dinner,DoorDash - Takeout,,37.70,3.45,0.00,41.15,0.00,0.00,0.00,NONE,,,,,,,CAPTURED,Other,,,DoorDash,,4086217664,,,,gKjHnHhy7CKqL,API,,
Cupertino,600000035018434143,600000035016846982,163,1/25/25 7:06 PM,1/25/25 6:36 PM,600000035016846981,163,,zhengyu chen,A1,Dining Room,Dinner,Dine In,,43.39,6.51,0.00,49.90,49.90,0.00,0.00,NONE,,,,,,,AUTHORIZED,Credit,,Visa,,,,7800,,,9nrgfkCgyz9Rz,In Store,,
Cupertino,600000035018477838,600000035016457640,168,1/25/25 7:07 PM,1/25/25 6:43 PM,600000035016416693,168,,Default Online Ordering,D3,Dining Room,Dinner,Dine In,,30.34,4.55,0.00,34.89,34.89,0.00,0.00,NONE,,,,,,,AUTHORIZED,Credit,,Visa,,,,6122,,,sF7gnqhLwFChW,In Store,,
Cupertino,600000035018655876,600000035016075825,159,1/25/25 7:10 PM,1/25/25 6:31 PM,600000035016062076,159,,Default Online Ordering,B1,Dining Room,Dinner,Dine In,,45.63,6.84,0.00,52.47,0.00,0.00,0.00,NONE,,,,,,,AUTHORIZED,Credit,,Visa,,,+14089814085,4536,,,WN9LYbPhbCpTh,In Store,,
Cupertino,600000035018813852,600000035016098194,166,1/25/25 7:14 PM,1/25/25 6:39 PM,600000035016017348,166,,Default Online Ordering,D5,Dining Room,Dinner,Dine In,,75.03,13.51,0.00,88.54,88.54,0.00,0.00,NONE,,,,,,,AUTHORIZED,Credit,,Visa,,,,0052,,,LkXcPHRyY9zRy,In Store,,
Cupertino,600000035019050715,600000035018779826,193,1/25/25 7:25 PM,1/25/25 7:25 PM,600000035018743428,193,DD b14c7595 Amy Y,Default Online Ordering,,,Dinner,DoorDash - Delivery,,15.17,0.00,0.00,15.17,0.00,0.00,0.00,NONE,,,,,,,CAPTURED,Other,,,DoorDash,,8552228111,,,,WYPqcsncYXRPs,API,,
Cupertino,600000035019064645,600000035016084105,155,1/25/25 7:19 PM,1/25/25 6:25 PM,600000035016033010,155,,Default Online Ordering,B6,Dining Room,Dinner,Dine In,,141.39,28.28,0.00,169.67,169.67,0.00,0.00,NONE,,,,,,,AUTHORIZED,Credit,,Visa,,,+14088282064,9406,,,pFwwqnPdXHJzr,In Store,,
Cupertino,600000035019139080,600000035016033692,161,1/25/25 7:21 PM,1/25/25 6:32 PM,600000035015968895,161,,Default Online Ordering,D1,Dining Room,Dinner,Dine In,,138.93,0.00,0.00,138.93,0.00,0.00,140.00,NONE,,,,,,,CAPTURED,Cash,,,,,,,,,cT9Hyf7nL7qyj,In Store,,
Cupertino,600000035019160331,600000035017446659,170,1/25/25 7:21 PM,1/25/25 6:49 PM,600000035017446609,170,,Default Online Ordering,B3,Dining Room,Dinner,Dine In,,52.28,7.84,0.00,60.12,60.12,0.00,0.00,NONE,,,,,,,AUTHORIZED,Credit,,Visa,,,,5703,,,CrwMpMjbRNjWT,In Store,,
Cupertino,600000035019478177,600000035018983953,190,1/25/25 7:28 PM,1/25/25 7:17 PM,600000035018983148,190,B7,Yafang Chen,,,Dinner,Take Out,,21.12,1.00,0.00,22.12,22.12,0.00,0.00,NONE,,,,,,,AUTHORIZED,Credit,,Visa,,,+13124931989,0395,,,hP9TptzxWwhNH,In Store,,
Cupertino,600000035019501874,600000035019475571,197,1/25/25 7:37 PM,1/25/25 7:37 PM,600000035019447824,197,DD 5dda1e00 Rayah G,Default Online Ordering,,,Dinner,DoorDash - Delivery,,28.26,0.00,0.00,28.26,0.00,0.00,0.00,NONE,,,,,,,CAPTURED,Other,,,DoorDash,,8552228111,,,,zyzxJqdKJdfhR,API,,
Cupertino,600000035019505713,600000035015901786,157,1/25/25 7:29 PM,1/25/25 6:28 PM,600000035015763989,157,,Default Online Ordering,B8,Dining Room,Dinner,Dine In,,34.77,5.22,0.00,39.99,39.99,0.00,0.00,NONE,,,,,,,AUTHORIZED,Credit,,Visa,,,+13124931989,0395,,,sfqPfyn9CJrpk,In Store,,
Cupertino,600000035019532173,600000035016650100,162,1/25/25 7:29 PM,1/25/25 6:33 PM,600000035016573056,162,,Default Online Ordering,B8,Dining Room,Dinner,Dine In,,106.43,15.96,0.00,122.39,122.39,0.00,0.00,NONE,,,,,,,AUTHORIZED,Credit,,Amex,,,,2525,,,kjhnhHfk7W7bx,In Store,,
Cupertino,600000035019562100,600000035016587203,160,1/25/25 7:30 PM,1/25/25 6:32 PM,600000035016575804,160,,Default Online Ordering,B8,Dining Room,Dinner,Dine In,,27.29,4.09,0.00,31.38,31.38,0.00,0.00,NONE,,,,,,,AUTHORIZED,Credit,,Visa,,,,3728,,,tcqNcnHXbNMjc,In Store,,
Cupertino,600000035019595000,600000035017756635,181,1/25/25 7:31 PM,1/25/25 7:05 PM,600000035017650793,181,,Default Online Ordering,B4,Dining Room,Dinner,Dine In,,31.98,4.80,0.00,36.78,36.78,0.00,0.00,NONE,,,,,,,AUTHORIZED,Credit,,Visa,,,,0409,,,7Pqj9cNPgrtRh,In Store,,
Cupertino,600000035019615743,600000035018103801,176,1/25/25 7:31 PM,1/25/25 6:59 PM,600000035018103152,176,,Default Online Ordering,A6,Dining Room,Dinner,Dine In,,68.97,13.79,0.00,82.76,82.76,0.00,0.00,NONE,,,,,,,AUTHORIZED,Credit,,Mastercard,,,,1365,,,ntNMdMm9M9wy9,In Store,,
Cupertino,600000035019640354,600000035016084137,165,1/25/25 7:31 PM,1/25/25 6:38 PM,600000035016033042,165,,Default Online Ordering,D2,Dining Room,Dinner,Dine In,,49.39,7.41,0.00,56.80,56.80,0.00,0.00,NONE,,,,,,,AUTHORIZED,Credit,,Visa,,,,6867,,,LpxFrkxT7bXdz,In Store,,
Cupertino,600000035019761607,600000035017929524,5001,1/25/25 7:34 PM,1/25/25 6:55 PM,600000035017929522,5001,,Yafang Chen,B2,Dining Room,Dinner,Dine In,,115.14,20.73,0.00,135.87,135.87,0.00,0.00,NONE,,,,,,,AUTHORIZED,Credit,,Visa,,,,0769,,,sfznRHjdtqrTR,In Store,,
Cupertino,600000035019797426,600000035018174876,188,1/25/25 7:35 PM,1/25/25 7:12 PM,600000035018059527,188,,Default Online Ordering,A3,Dining Room,Dinner,Dine In,,36.23,5.43,0.00,41.66,41.66,0.00,0.00,NONE,,,,,,,AUTHORIZED,Credit,,Visa,,,,4782,,,rKdWkYmtjyhKt,In Store,,
Cupertino,600000035019821703,600000035018684295,199,1/25/25 7:39 PM,1/25/25 7:39 PM,600000035018586148,199,SF 92a0cac1 PickUp-Laura W,Default Online Ordering,,,Dinner,DoorDash - Takeout,,31.86,0.00,0.00,31.86,0.00,0.00,0.00,NONE,,,,,,,CAPTURED,Other,,,DoorDash,,4089815450,,,,dYMjqqrqbJybN,API,,
Cupertino,600000035019869181,600000035018243817,177,1/25/25 7:37 PM,1/25/25 7:01 PM,600000035018243816,177,,Yafang Chen,A5,Dining Room,Dinner,Dine In,,64.02,6.50,0.00,70.52,70.52,0.00,0.00,NONE,,,,,,,AUTHORIZED,Credit,,Amex,,,,3002,,,W9JTbMnkCKXtm,In Store,,
Cupertino,600000035019887458,600000035017635831,180,1/25/25 7:37 PM,1/25/25 7:04 PM,600000035017620833,180,,Default Online Ordering,A4,Dining Room,Dinner,Dine In,,84.80,15.26,0.00,100.06,0.00,0.00,0.00,NONE,,,,,,,AUTHORIZED,Credit,,Visa,,,,2403,,,TpLyjcpwhhnjR,In Store,,
Cupertino,600000035019889425,600000035019889527,206,1/25/25 7:54 PM,1/25/25 7:54 PM,600000035019883478,206,DD e2b81226 Kevin S,Default Online Ordering,,,Dinner,DoorDash - Delivery,,15.66,0.00,0.00,15.66,0.00,0.00,0.00,NONE,,,,,,,CAPTURED,Other,,,DoorDash,,8552228111,,,,7TdhmgbtykHFC,API,,
Cupertino,600000035020278760,600000035018722266,186,1/25/25 7:47 PM,1/25/25 7:11 PM,600000035018722264,186,,Yafang Chen,A1,Dining Room,Dinner,Dine In,,56.15,7.00,0.00,63.15,0.00,0.00,0.00,NONE,,,,,,,AUTHORIZED,Credit,,Visa,,,,8264,,,9XRnFKsJqFdgN,In Store,,
Cupertino,600000035020383907,600000035017955798,187,1/25/25 7:50 PM,1/25/25 7:12 PM,600000035018730001,187,,Default Online Ordering,C2,Dining Room,Dinner,Dine In,,99.71,17.95,0.00,117.66,0.00,0.00,0.00,NONE,,,,,,,AUTHORIZED,Credit,,Visa,,,,8044,,,CFnwyqyrYrLmM,In Store,,
Cupertino,600000035020396075,600000035018306677,189,1/25/25 7:50 PM,1/25/25 7:16 PM,600000035018261181,189,,Default Online Ordering,C4,Dining Room,Dinner,Dine In,,70.84,14.17,0.00,85.01,85.01,0.00,0.00,NONE,,,,,,,AUTHORIZED,Credit,,Visa,,,,6395,,,rJKgpRxXmtMdk,In Store,,
Cupertino,600000035020620477,600000035018028173,182,1/25/25 7:56 PM,1/25/25 7:08 PM,600000035017926826,182,,Default Online Ordering,A2,Dining Room,Dinner,Dine In,,63.69,12.74,0.00,76.43,0.00,0.00,0.00,NONE,,,,,,,AUTHORIZED,Credit,,Visa,,,,7561,,,LYLwqjrRYJCtd,In Store,,
Cupertino,600000035020816586,600000035019210134,196,1/25/25 8:01 PM,1/25/25 7:33 PM,600000035019172036,196,,Default Online Ordering,D1,Dining Room,Dinner,Dine In,,46.28,5.00,0.00,51.28,51.28,0.00,0.00,NONE,,,,,,,AUTHORIZED,Credit,,Mastercard,,,,8904,,,wsKfmTxysnsH9,In Store,,
Cupertino,600000035020845253,600000035019596121,195,1/25/25 8:02 PM,1/25/25 7:30 PM,600000035019596120,195,,zhengyu chen,B5,Dining Room,Dinner,Dine In,,77.38,11.61,0.00,88.99,88.99,0.00,0.00,NONE,,,,,,,AUTHORIZED,Credit,,Visa,,,+16502485623,1598,,,JLxKHJMpNXxPs,In Store,,
Cupertino,600000035020856919,600000035021307802,212,1/25/25 8:18 PM,1/25/25 8:18 PM,600000035021179756,212,SF 9f8babd8 PickUp-Lian W,Default Online Ordering,,,Dinner,DoorDash - Takeout,,8.62,0.00,0.00,8.62,0.00,0.00,0.00,NONE,,,,,,,CAPTURED,Other,,,DoorDash,,3157962121,,,,HjcwtpytwcYRw,API,,
Cupertino,600000035020945582,600000035019574228,194,1/25/25 8:05 PM,1/25/25 7:30 PM,600000035019574222,194,,zhengyu chen,B6,Dining Room,Dinner,Dine In,,70.45,12.06,0.00,82.51,82.51,0.00,0.00,NONE,,,,,,,AUTHORIZED,Credit,,Visa,,,,5730,,,9xYt7TfcbYKKW,In Store,,
Cupertino,600000035021250756,600000035019557374,200,1/25/25 8:14 PM,1/25/25 7:42 PM,600000035019532425,200,,Default Online Ordering,B3,Dining Room,Dinner,Dine In,,40.99,6.15,0.00,47.14,47.14,0.00,0.00,NONE,,,,,,,AUTHORIZED,Credit,,Visa,,,,0386,,,PWFYFMkcTYkx7,In Store,,
Cupertino,600000035021260047,600000035019316476,198,1/25/25 8:14 PM,1/25/25 7:38 PM,600000035019252979,198,,Default Online Ordering,B3,Dining Room,Dinner,Dine In,,40.27,7.25,0.00,47.52,47.52,0.00,0.00,NONE,,,,,,,AUTHORIZED,Credit,,Visa,,,,8354,,,w9XNMNp77pyjH,In Store,,
Cupertino,600000035021283588,600000035019020126,191,1/25/25 8:15 PM,1/25/25 7:17 PM,600000035019020107,191,,Yafang Chen,B1,Dining Room,Dinner,Dine In,,69.63,11.49,0.00,81.12,81.12,0.00,0.00,NONE,,,,,,,AUTHORIZED,Credit,,Visa,,,,3634,,,Nb7pqXMJJFsx7,In Store,,
Cupertino,600000035021379753,600000035018955497,201,1/25/25 8:18 PM,1/25/25 7:47 PM,600000035018955447,201,,Default Online Ordering,B4,Dining Room,Dinner,Dine In,,45.68,6.85,0.00,52.53,52.53,0.00,0.00,NONE,,,,,,,AUTHORIZED,Credit,,Mastercard,,,,7428,,,9N7ML7HKNHxfW,In Store,,
Cupertino,600000035021675727,600000035021037443,222,1/25/25 8:46 PM,1/25/25 8:46 PM,600000035022208001,222,DD 8d86dcf6 Kelly T,Default Online Ordering,,,Dinner,DoorDash - Delivery,,41.52,0.00,0.00,41.52,0.00,0.00,0.00,NONE,,,,,,,CAPTURED,Other,,,DoorDash,,8552228111,,,,byffKjymccJn7,API,,
Cupertino,600000035021828003,600000035019698033,203,1/25/25 8:32 PM,1/25/25 7:52 PM,600000035019697983,203,,Default Online Ordering,B2,Dining Room,Dinner,Dine In,,80.27,12.04,0.00,92.31,92.31,0.00,0.00,NONE,,,,,,,AUTHORIZED,Credit,,Visa,,,,7430,,,qnFgbHxT9tq9q,In Store,,
Cupertino,600000035021844451,600000035020402366,202,1/25/25 8:32 PM,1/25/25 7:50 PM,600000035020402365,202,,xin Meng,A5,Dining Room,Dinner,Dine In,,72.08,14.42,0.00,86.50,86.50,0.00,0.00,NONE,,,,,,,AUTHORIZED,Credit,,Amex,,,,8254,,,hwTHw9FnqCwKq,In Store,,
Cupertino,600000035021872107,600000035020719506,209,1/25/25 8:33 PM,1/25/25 7:57 PM,600000035020719505,209,,xin Meng,B8,Dining Room,Dinner,Dine In,,67.28,10.09,0.00,77.37,77.37,0.00,0.00,NONE,,,,,,,AUTHORIZED,Credit,,Visa,,,,7996,,,zqyjqfXqPRsww,In Store,,
Cupertino,600000035021889786,600000035020664577,208,1/25/25 8:34 PM,1/25/25 7:57 PM,600000035020664576,208,,xin Meng,B7,Dining Room,Dinner,Dine In,,66.90,10.04,0.00,76.94,76.94,0.00,0.00,NONE,,,,,,,AUTHORIZED,Credit,,Mastercard,,,,9634,,,rtFJRpFqWhxPs,In Store,,
Cupertino,600000035021933501,600000035018092143,192,1/25/25 8:35 PM,1/25/25 7:18 PM,600000035017982549,192,,Default Online Ordering,D4,Dining Room,Dinner,Dine In,,95.99,14.40,0.00,110.39,0.00,0.00,0.00,NONE,,,,,,,AUTHORIZED,Credit,,Amex,,,,3006,,,qpH9spXNdMjFx,In Store,,
Cupertino,600000035022044389,600000035019483088,204,1/25/25 8:39 PM,1/25/25 7:53 PM,600000035019404642,204,,Default Online Ordering,A6,Dining Room,Dinner,Dine In,,111.37,16.71,0.00,128.08,0.00,0.00,0.00,NONE,,,,,,,AUTHORIZED,Credit,,Mastercard,,,,7502,,,nHMftkz97Mwqc,In Store,,
Cupertino,600000035022072707,600000035020518316,205,1/25/25 8:40 PM,1/25/25 7:53 PM,600000035020518314,205,,xin Meng,A3,Dining Room,Dinner,Dine In,,31.05,0.00,0.00,31.05,0.00,0.00,0.00,NONE,,,,,,,AUTHORIZED,Credit,,Visa,,,,5008,,,ryJmPjhsfqbWn,In Store,,
Cupertino,600000035022270647,600000035020871446,216,1/25/25 8:47 PM,1/25/25 8:27 PM,600000035020871396,216,,Default Online Ordering,B4,Dining Room,Dinner,Dine In,,26.41,4.75,0.00,31.16,31.16,0.00,0.00,NONE,,,,,,,AUTHORIZED,Credit,,Amex,,,,2007,,,JYmKdFKLNPxkg,In Store,,
Cupertino,600000035022274001,600000035021320739,223,1/25/25 8:47 PM,1/25/25 8:47 PM,600000035021255890,223,SF 7b0875a7 PickUp-Julie C,Default Online Ordering,,,Dinner,DoorDash - Takeout,,37.70,0.00,0.00,37.70,0.00,0.00,0.00,NONE,,,,,,,CAPTURED,Other,,,DoorDash,,3109952802,,,,JPwfTKgMRyLyz,API,,
Cupertino,600000035022286400,600000035019761093,207,1/25/25 8:48 PM,1/25/25 7:55 PM,600000035019691596,207,,Default Online Ordering,A1,Dining Room,Dinner,Dine In,,37.98,5.70,0.00,43.68,43.68,0.00,0.00,NONE,,,,,,,AUTHORIZED,Credit,,Visa,,,,9098,,,YXXtnyCPsdtyq,In Store,,
Cupertino,600000035022600339,600000035022534245,224,1/25/25 8:57 PM,1/25/25 8:55 PM,600000035022534243,224,,Yafang Chen,,,Dinner,Take Out,,27.45,0.00,0.00,27.45,27.45,0.00,0.00,NONE,,,,,,,AUTHORIZED,Credit,,Visa,,,,3341,,,HNpNcwngfgKCK,In Store,,
Cupertino,600000035022610699,600000035021042427,217,1/25/25 9:00 PM,1/25/25 8:34 PM,600000035021008530,217,,Default Online Ordering,B3,Dining Room,Dinner,Dine In,,40.98,5.00,0.00,45.98,45.98,0.00,0.00,NONE,,,,,,,AUTHORIZED,Credit,,Visa,,,,5043,,,yHqhWRRwn9LwX,In Store,,
Cupertino,600000035022662131,600000035018459014,185,1/25/25 9:02 PM,1/25/25 7:11 PM,600000035018346767,185,,Default Online Ordering,A7,Dining Room,Dinner,Dine In,,153.50,40.00,0.00,193.50,193.50,0.00,0.00,NONE,,,,,,,AUTHORIZED,Credit,,Visa,,,,6242,,,CWLxNgPctgpRM,In Store,,
Cupertino,600000035022674468,600000035021243047,220,1/25/25 9:02 PM,1/25/25 8:40 PM,600000035021958553,220,,Default Online Ordering,B2,Dining Room,Dinner,Dine In,,41.15,6.17,0.00,47.32,47.32,0.00,0.00,NONE,,,,,,,AUTHORIZED,Credit,,Visa,,,+15105579919,9028,,,twMsmbMFjXyFp,In Store,,
Cupertino,600000035022955361,600000035021243009,211,1/25/25 9:14 PM,1/25/25 8:18 PM,600000035021138965,211,,Default Online Ordering,A2,Dining Room,Dinner,Dine In,,63.89,0.00,0.00,63.89,63.89,0.00,0.00,NONE,,,,,,,AUTHORIZED,Credit,,Amex,,,,1001,,,bmwwWFHtgPrhk,In Store,,
Cupertino,600000035023016671,600000035022090750,221,1/25/25 9:16 PM,1/25/25 8:41 PM,600000035022008804,221,,Default Online Ordering,A5,Dining Room,Dinner,Dine In,,97.02,10.00,0.00,107.02,107.02,0.00,0.00,NONE,,,,,,,AUTHORIZED,Credit,,Visa,,,,0803,,,kqL7YFJpcgPsW,In Store,,
Cupertino,600000035023034679,600000035021398283,210,1/25/25 9:17 PM,1/25/25 8:18 PM,600000035021398281,210,,xin Meng,B5,Dining Room,Dinner,Dine In,,21.10,4.22,0.00,25.32,0.00,0.00,0.00,NONE,,,,,,,AUTHORIZED,Credit,,Mastercard,,,,1584,,,ywyFymqkNpMjW,In Store,,
Cupertino,600000035023042252,600000035021398283,210,1/25/25 9:18 PM,1/25/25 8:18 PM,600000035021398281,210,,xin Meng,B5,Dining Room,Dinner,Dine In,,21.09,3.80,0.00,24.89,0.00,0.00,0.00,NONE,,,,,,,AUTHORIZED,Credit,,Visa,,trpyrce@gmail.com,,1599,,,CbkzRX9sLCxLC,In Store,,
Cupertino,600000035023098754,600000035022351386,230,1/25/25 9:24 PM,1/25/25 9:24 PM,600000035022203043,230,SF b03d7da5 PickUp-Pooja P,Default Online Ordering,,,Dinner,DoorDash - Takeout,,26.79,0.00,0.00,26.79,0.00,0.00,0.00,NONE,,,,,,,CAPTURED,Other,,,DoorDash,,4088298608,,,,WwmWgzzRwqfJb,API,,
Cupertino,600000035023143648,600000035020785597,219,1/25/25 9:22 PM,1/25/25 8:37 PM,600000035020750898,219,,Default Online Ordering,B1,Dining Room,Dinner,Dine In,,30.23,3.77,0.00,34.00,34.00,0.00,0.00,NONE,,,,,,,AUTHORIZED,Credit,,Visa,,,,9147,,,yK7z9xcLmmHpx,In Store,,
Cupertino,600000035023198097,600000035020745422,213,1/25/25 9:25 PM,1/25/25 8:20 PM,600000035020633577,213,,Default Online Ordering,B6,Dining Room,Dinner,Dine In,,44.69,6.70,0.00,51.39,0.00,0.00,0.00,NONE,,,,,,,AUTHORIZED,Credit,,Visa,,,,4440,,,yjJkWNtyT9zNJ,In Store,,
Cupertino,600000035023207635,600000035021755809,218,1/25/25 9:26 PM,1/25/25 8:34 PM,600000035021755759,218,,Default Online Ordering,B6,Dining Room,Dinner,Dine In,,33.18,4.98,0.00,38.16,38.16,0.00,0.00,NONE,,,,,,,AUTHORIZED,Credit,,Visa,,,,7565,,,RXknbWjRXTjXg,In Store,,
Cupertino,600000035023468385,600000035022181166,227,1/25/25 9:38 PM,1/25/25 9:01 PM,600000035022070721,227,,Default Online Ordering,A3,Dining Room,Dinner,Dine In,,32.95,2.00,0.00,34.95,0.00,0.00,0.00,NONE,,,,,,,AUTHORIZED,Credit,,Mastercard,,,,5203,,,qh7FXHmmKs7pg,In Store,,
Cupertino,600000035023541834,600000035021307809,215,1/25/25 9:42 PM,1/25/25 8:26 PM,600000035021179763,215,,Default Online Ordering,A4,Dining Room,Dinner,Dine In,,58.01,10.44,0.00,68.45,68.45,0.00,0.00,NONE,,,,,,,AUTHORIZED,Credit,,Mastercard,,,+14086743997,3876,,,bNHJFbyWj7TdC,In Store,,
Cupertino,600000035023783787,600000035022482335,229,1/25/25 9:55 PM,1/25/25 9:21 PM,600000035022303893,229,,Default Online Ordering,A7,Dining Room,Dinner,Dine In,,37.06,0.00,0.00,37.06,37.06,0.00,0.00,NONE,,,,,,,AUTHORIZED,Credit,,Visa,,,,0669,,,cYtLgty9XtMrW,In Store,,
Cupertino,600000035023898854,600000035022630613,226,1/25/25 10:02 PM,1/25/25 9:00 PM,600000035022630612,226,,zhengyu chen,B8,Dining Room,Dinner,Dine In,,41.42,7.46,0.00,48.88,48.88,0.00,0.00,NONE,,,,,,,AUTHORIZED,Credit,,Visa,,,,4207,,,pFyRWnyJdFfyg,In Store,,
