Location,Location Code,Id,GUID,Employee Id,Employee GUID,Employee External Id,Employee,Job Id,Job GUID,Job Code,Job Title,In Date,Out Date,Auto Clock-out,Total Hours,Unpaid Break Time,Paid Break Time,Payable Hours,Cash Tips Declared,Non Cash Tips,Total Gratuity,Total Tips,Tips Withheld,Wage,Regular Hours,Overtime Hours,Regular Pay,Overtime Pay,Total Pay
Cupertino,CA02,600000034985093458,462295d8-cceb-482b-b01f-1852799034e3,600000002970777958,b4a3d95d-59c6-4901-82b7-c1a777aab865,187,"Chen, Yafang",600000009837655739,df2bae65-6ee0-429d-bf33-119c20d1f5b4,,Server 6,1/25/25 10:28 AM,1/25/25 3:03 PM,No,4.59,0.00,0.00,4.59,,0.00,0.00,0.00,0.00,,4.59,0.00,,,
Cupertino,CA02,600000034986837262,26ef5768-a036-48a6-9392-49e7f3990bdc,600000002446536534,ae65bdd5-03cd-4dc3-9daa-0e8d8f02fe03,181,"Xu, Yan",600000009837655734,77d988fd-e5b8-4c14-a0bd-a5e1487f4e3d,,Server 4,1/25/25 11:01 AM,1/25/25 3:01 PM,No,3.99,0.00,0.00,3.99,,0.00,0.00,0.00,0.00,,3.99,0.00,,,
Cupertino,CA02,600000034988407281,dcbb7ff2-1b98-41f2-9ebd-b9586b40c514,600000000344509975,c50645a8-3e20-418c-928f-7ac3dda7b7e9,105,"Lu, Bao Shen",600000009837655732,8da883cf-e8ea-42ff-bf5b-442b9645ff7c,,Server 3,1/25/25 11:30 AM,1/25/25 4:01 PM,No,4.51,0.00,0.00,4.51,,0.00,0.00,0.00,0.00,,4.51,0.00,,,
Cupertino,CA02,600000034990845961,c1966bff-d7c8-487e-afa5-c6a69eede5a6,600000013299861140,7e784155-4add-4038-bc80-2d8405905c9c,,"zheng, xiaoli",600000000187953261,1f27dffe-ff3d-4db7-810c-764b9b917d57,,Server,1/25/25 12:16 PM,1/26/25 4:00 AM,Yes,15.73,0.00,0.00,15.73,0.00,33.14,0.00,33.14,0.00,,8.00,7.73,,,
Cupertino,CA02,600000034990909155,a6ceb3ae-dfe5-4c91-a50d-ec2c20d6ff67,600000001251302471,926dca98-bd07-4351-b441-2634bdc824ca,131,"chen, zhengyu",600000009837655739,df2bae65-6ee0-429d-bf33-119c20d1f5b4,,Server 6,1/25/25 12:17 PM,1/26/25 4:00 AM,Yes,15.70,0.00,0.00,15.70,0.00,126.27,0.00,126.27,0.00,,8.00,7.70,,,
Cupertino,CA02,600000035009848091,39165607-f5e8-44be-bfa6-5794da5cb4bb,600000002970777958,b4a3d95d-59c6-4901-82b7-c1a777aab865,187,"Chen, Yafang",600000009837655739,df2bae65-6ee0-429d-bf33-119c20d1f5b4,,Server 6,1/25/25 4:56 PM,1/25/25 10:22 PM,No,5.43,0.00,0.00,5.43,,0.00,0.00,0.00,0.00,,3.41,2.02,,,
Cupertino,CA02,600000035010064506,dfb2eade-3557-40af-8275-d390318b06f6,600000002446536534,ae65bdd5-03cd-4dc3-9daa-0e8d8f02fe03,181,"Xu, Yan",600000009837655734,77d988fd-e5b8-4c14-a0bd-a5e1487f4e3d,,Server 4,1/25/25 4:59 PM,1/25/25 10:20 PM,No,5.35,0.00,0.00,5.35,,0.00,0.00,0.00,0.00,,4.01,1.34,,,
Cupertino,CA02,600000035012309434,a69d79bf-f7d6-49fa-8a00-3b9c5244d700,600000000344509975,c50645a8-3e20-418c-928f-7ac3dda7b7e9,105,"Lu, Bao Shen",600000009837655732,8da883cf-e8ea-42ff-bf5b-442b9645ff7c,,Server 3,1/25/25 5:28 PM,1/25/25 10:19 PM,No,4.86,0.00,0.00,4.86,,0.00,0.00,0.00,0.00,,3.49,1.37,,,
