Location,Payment Id,Order Id,Order #,Paid Date,Order Date,Check Id,Check #,Tab Name,Server,Table,Dining Area,Service,Dining Option,House Acct #,Amount,Tip,Gratuity,Total,Swiped Card Amount,Keyed Card Amount,Amount Tendered,Refunded,Refund Date,Refund Amount,Refund Tip Amount,Void User,Void Approver,Void Date,Status,Type,Cash Drawer,Card Type,Other Type,Email,Phone,Last 4 Card Digits,V/MC/D Fees,Room Info,Receipt,Source,Last 4 Gift Card Digits,First 5 Gift Card Digits
Cupertino,600000034619024659,600000034618922579,5,1/13/25 11:13 AM,1/13/25 11:13 AM,600000034618922529,5,DD e5ead7e8 Kristin S,Default Online Ordering,,,Lunch,DoorDash - Delivery,,84.88,0.00,0.00,84.88,0.00,0.00,0.00,NONE,,,,,,,CAPTURED,Other,,,DoorDash,,8552228111,,,,mTqJkMqKpHkfj,API,,
Cupertino,600000034619427398,600000034619565024,12,1/13/25 11:38 AM,1/13/25 11:38 AM,600000034619564974,12,SF 6e3a2928 PickUp-s c,Default Online Ordering,,,Lunch,DoorDash - Takeout,,29.68,2.72,0.00,32.40,0.00,0.00,0.00,NONE,,,,,,,CAPTURED,Other,,,DoorDash,,4088346099,,,,PrKyKszNYWdq9,API,,
Cupertino,600000034619427528,600000034619562559,11,1/13/25 11:36 AM,1/13/25 11:36 AM,600000034619552162,11,DD 6476d01f Jie Z,Default Online Ordering,,,Lunch,DoorDash - Delivery,,50.34,0.00,0.00,50.34,0.00,0.00,0.00,NONE,,,,,,,CAPTURED,Other,,,DoorDash,,8552228111,,,,cXhLTTnpk7YbN,API,,
Cupertino,600000034620432124,600000034619744220,13,1/13/25 12:10 PM,1/13/25 11:46 AM,600000034619731721,13,,Default Online Ordering,A6,Dining Room,Lunch,Dine In,,55.94,8.39,0.00,64.33,64.33,0.00,0.00,NONE,,,,,,,CAPTURED,Credit,,Visa,,,,2737,0.00,,hLLW9stjHxFkc,In Store,,
Cupertino,600000034620723793,600000034619351171,6,1/13/25 12:22 PM,1/13/25 11:28 AM,600000034619343622,6,,Default Online Ordering,A4,Dining Room,Lunch,Dine In,,95.34,19.07,0.00,114.41,114.41,0.00,0.00,NONE,,,,,,,CAPTURED,Credit,,Mastercard,,,,1990,0.00,,Lsb9PTKfbccRJ,In Store,,
Cupertino,600000034620819609,600000034620324714,17,1/13/25 12:27 PM,1/13/25 12:05 PM,600000034620324713,17,,xiaoli zheng,B4,Dining Room,Lunch,Dine In,,41.91,6.29,0.00,48.20,48.20,0.00,0.00,NONE,,,,,,,CAPTURED,Credit,,Visa,,,,1438,0.00,,bgPYWfRbCmFHh,In Store,,
Cupertino,600000034620876230,600000034620828239,35,1/13/25 12:36 PM,1/13/25 12:36 PM,600000034620826490,35,SF e4314364 PickUp-Suvi J,Default Online Ordering,,,Lunch,DoorDash - Takeout,,55.93,0.00,0.00,55.93,0.00,0.00,0.00,NONE,,,,,,,CAPTURED,Other,,,DoorDash,,6029098591,,,,hhnsFJYwKg7qd,API,,
Cupertino,600000034620884508,600000034620021459,14,1/13/25 12:29 PM,1/13/25 11:55 AM,600000034620021359,14,,Default Online Ordering,B1,Dining Room,Lunch,Dine In,,45.18,6.78,0.00,51.96,0.00,0.00,0.00,NONE,,,,,,,CAPTURED,Credit,,Visa,,,,5022,0.00,,wmkrkdfb79wmx,In Store,,
Cupertino,600000034620921937,600000034619416480,8,1/13/25 12:31 PM,1/13/25 11:33 AM,600000034619410282,8,,Default Online Ordering,A7,Dining Room,Lunch,Dine In,,16.59,0.00,0.00,16.59,16.59,0.00,0.00,NONE,,,,,,,CAPTURED,Credit,,Amex,,,,6392,0.00,,Tst7kmLnKbdPK,In Store,,
Cupertino,600000034620930188,600000034619325390,7,1/13/25 12:32 PM,1/13/25 11:32 AM,600000034619319591,7,,Default Online Ordering,A7,Dining Room,Lunch,Dine In,,18.54,0.00,0.00,18.54,0.00,0.00,0.00,NONE,,,,,,,CAPTURED,Credit,,Visa,,,,7791,0.00,,hbzfYYbhPsJRs,In Store,,
Cupertino,600000034620947240,600000034619345783,9,1/13/25 12:32 PM,1/13/25 11:34 AM,600000034619345733,9,,Default Online Ordering,A7,Dining Room,Lunch,Dine In,,18.54,2.78,0.00,21.32,21.32,0.00,0.00,NONE,,,,,,,CAPTURED,Credit,,Visa,,,,3649,0.00,,bxyfJPkLsjHLT,In Store,,
Cupertino,600000034620959171,600000034619525406,10,1/13/25 12:33 PM,1/13/25 11:34 AM,600000034619523207,10,,Default Online Ordering,A7,Dining Room,Lunch,Dine In,,18.54,2.78,0.00,21.32,21.32,0.00,0.00,NONE,,,,,,,CAPTURED,Credit,,Visa,,,,9667,0.00,,XWkhHjzJFjtJb,In Store,,
Cupertino,600000034620984524,600000034620978531,31,1/13/25 12:34 PM,1/13/25 12:34 PM,600000034620978530,31,,xiaoli zheng,,,Lunch,Dine In,,7.97,0.00,0.00,7.97,7.97,0.00,0.00,NONE,,,,,,,CAPTURED,Credit,,Visa,,,,7961,0.00,,sjNHYxkX7P9WX,In Store,,
Cupertino,600000034621156460,600000034620669948,27,1/13/25 12:42 PM,1/13/25 12:20 PM,600000034620669947,27,,Yafang Chen,B7,Dining Room,Lunch,Dine In,,41.20,6.18,0.00,47.38,47.38,0.00,0.00,NONE,,,,,,,CAPTURED,Credit,,Visa,,,,4475,0.00,,JpRf7WkpmmYjK,In Store,,
Cupertino,600000034621209035,600000034620366573,20,1/13/25 12:44 PM,1/13/25 12:12 PM,600000034620366523,20,,Default Online Ordering,B8,Dining Room,Lunch,Dine In,,18.54,2.78,0.00,21.32,21.32,0.00,0.00,NONE,,,,,,,CAPTURED,Credit,,Mastercard,,,,0268,0.00,,g7WNwpnJPRYLf,In Store,,
Cupertino,600000034621218052,600000034620383369,21,1/13/25 12:44 PM,1/13/25 12:12 PM,600000034620381470,21,,Default Online Ordering,B8,Dining Room,Lunch,Dine In,,18.54,2.78,0.00,21.32,21.32,0.00,0.00,NONE,,,,,,,CAPTURED,Credit,,Mastercard,,,,7039,0.00,,mHPXqTXkRmCmM,In Store,,
Cupertino,600000034621252554,600000034620138864,15,1/13/25 12:46 PM,1/13/25 12:00 PM,600000034620138814,15,,Default Online Ordering,A3,Dining Room,Lunch,Dine In,,31.87,4.78,0.00,36.65,36.65,0.00,0.00,NONE,,,,,,,CAPTURED,Credit,,Mastercard,,,,7142,0.00,,yMwjrXzXFstNj,In Store,,
Cupertino,600000034621335791,600000034620439046,26,1/13/25 12:50 PM,1/13/25 12:18 PM,600000034620423947,26,,Default Online Ordering,A5,Dining Room,Lunch,Dine In,,16.59,2.99,0.00,19.58,19.58,0.00,0.00,NONE,,,,,,,CAPTURED,Credit,,Visa,,,,1550,0.00,,mRtNJxjtnPsbz,In Store,,
Cupertino,600000034621341349,600000034620383393,24,1/13/25 12:50 PM,1/13/25 12:17 PM,600000034620381494,24,,Default Online Ordering,A5,Dining Room,Lunch,Dine In,,24.56,3.68,0.00,28.24,28.24,0.00,0.00,NONE,,,,,,,CAPTURED,Credit,,Visa,,,,5323,0.00,,wykNLqjwH7tyh,In Store,,
Cupertino,600000034621374923,600000034620339380,22,1/13/25 12:52 PM,1/13/25 12:14 PM,600000034620329231,22,,Default Online Ordering,A1,Dining Room,Lunch,Dine In,,27.45,3.00,0.00,30.45,30.45,0.00,0.00,NONE,,,,,,,CAPTURED,Credit,,Visa,,,,9180,0.00,,CMJzgFmPJhKyC,In Store,,
Cupertino,600000034621383782,600000034620494755,23,1/13/25 12:52 PM,1/13/25 12:14 PM,600000034620494706,23,,Default Online Ordering,A1,Dining Room,Lunch,Dine In,,23.90,3.58,0.00,27.48,27.48,0.00,0.00,NONE,,,,,,,CAPTURED,Credit,,Mastercard,,,,3292,0.00,,MmKszRtCkN9Fm,In Store,,
Cupertino,600000034621401091,600000034620446481,19,1/13/25 12:53 PM,1/13/25 12:10 PM,600000034620446479,19,,Yafang Chen,B2,Dining Room,Lunch,Dine In,,30.56,6.11,0.00,36.67,36.67,0.00,0.00,NONE,,,,,,,CAPTURED,Credit,,Visa,,,,4181,0.00,,kgMnsMJrdFqjK,In Store,,
Cupertino,600000034621450399,600000034620539629,28,1/13/25 12:56 PM,1/13/25 12:22 PM,600000034620539579,28,,Default Online Ordering,B6,Dining Room,Lunch,Dine In,,26.51,3.98,0.00,30.49,30.49,0.00,0.00,NONE,,,,,,,CAPTURED,Credit,,Visa,,,,1506,0.00,,MXWhxndjNMHpN,In Store,,
Cupertino,600000034621462241,600000034620439044,25,1/13/25 12:56 PM,1/13/25 12:18 PM,600000034620423945,25,,Default Online Ordering,B6,Dining Room,Lunch,Dine In,,37.08,5.56,0.00,42.64,42.64,0.00,0.00,NONE,,,,,,,CAPTURED,Credit,,Visa,,,,3462,0.00,,FqYptjzFghLk7,In Store,,
Cupertino,600000034621475812,600000034620698604,29,1/13/25 12:57 PM,1/13/25 12:22 PM,600000034620698554,29,,Default Online Ordering,B6,Dining Room,Lunch,Dine In,,53.02,7.95,0.00,60.97,60.97,0.00,0.00,NONE,,,,,,,CAPTURED,Credit,,Visa,,,,7593,0.00,,TtbRgxYtTTt7j,In Store,,
Cupertino,600000034621521181,600000034620603834,30,1/13/25 12:59 PM,1/13/25 12:25 PM,600000034620603784,30,,Default Online Ordering,A6,Dining Room,Lunch,Dine In,,63.90,9.58,0.00,73.48,73.48,0.00,0.00,NONE,,,,,,,CAPTURED,Credit,,Visa,,,,2089,0.00,,wnqRJPTnrjLTr,In Store,,
Cupertino,600000034621555184,600000034620138869,16,1/13/25 1:00 PM,1/13/25 12:01 PM,600000034620138819,16,,Default Online Ordering,B3,Dining Room,Lunch,Dine In,,24.55,3.68,0.00,28.23,28.23,0.00,0.00,NONE,,,,,,,CAPTURED,Credit,,Mastercard,,,,0816,0.00,,zJzKFkyJR7HXj,In Store,,
Cupertino,600000034621627887,600000034620136436,18,1/13/25 1:04 PM,1/13/25 12:06 PM,600000034620136386,18,,Default Online Ordering,A2,Dining Room,Lunch,Dine In,,35.69,5.35,0.00,41.04,41.04,0.00,0.00,NONE,,,,,,,CAPTURED,Credit,,Visa,,,,4327,0.00,,RnRsLTxyRRswj,In Store,,
Cupertino,600000034621702726,600000034620909968,33,1/13/25 1:07 PM,1/13/25 12:35 PM,600000034620900769,33,,Default Online Ordering,B4,Dining Room,Lunch,Dine In,,37.66,5.65,0.00,43.31,43.31,0.00,0.00,NONE,,,,,,,CAPTURED,Credit,,Visa,,,,1628,0.00,,PqhF7RsgJwTjb,In Store,,
Cupertino,600000034621820700,600000034621040244,40,1/13/25 1:12 PM,1/13/25 12:49 PM,600000034621032395,40,,Default Online Ordering,C3,Dining Room,Lunch,Dine In,,8.62,1.55,0.00,10.17,0.00,0.00,0.00,NONE,,,,,,,CAPTURED,Credit,,Visa,,,,4430,0.00,,jnXyPwLCdcWpd,In Store,,
Cupertino,600000034621831744,600000034621147268,38,1/13/25 1:13 PM,1/13/25 12:45 PM,600000034621139969,38,,Default Online Ordering,C1,Dining Room,Lunch,Dine In,,43.75,6.56,0.00,50.31,0.00,0.00,0.00,NONE,,,,,,,CAPTURED,Credit,,Visa,,,,4870,0.00,,7CKygYzMhnwFt,In Store,,
Cupertino,600000034621845749,600000034621100465,37,1/13/25 1:13 PM,1/13/25 12:43 PM,600000034621086666,37,,Default Online Ordering,A4,Dining Room,Lunch,Dine In,,43.44,6.52,0.00,49.96,49.96,0.00,0.00,NONE,,,,,,,CAPTURED,Credit,,Mastercard,,,,4647,0.00,,sR9HNWJyFtRsR,In Store,,
Cupertino,600000034621855858,600000034621066073,36,1/13/25 1:14 PM,1/13/25 12:43 PM,600000034621064874,36,,Default Online Ordering,C2,Dining Room,Lunch,Dine In,,35.42,7.08,0.00,42.50,42.50,0.00,0.00,NONE,,,,,,,CAPTURED,Credit,,Visa,,,,4636,0.00,,mYNjX7jcLsgdc,In Store,,
Cupertino,600000034621905641,600000034621020324,34,1/13/25 1:16 PM,1/13/25 12:35 PM,600000034621020323,34,,xiaoli zheng,B1,Dining Room,Lunch,Dine In,,40.50,6.08,0.00,46.58,46.58,0.00,0.00,NONE,,,,,,,CAPTURED,Credit,,Mastercard,,anshul1@hotmail.com,,5799,0.00,,syXfjwTLyKdPb,In Store,,
Cupertino,600000034621930074,600000034621438164,43,1/13/25 1:17 PM,1/13/25 12:55 PM,600000034621438163,43,,xiaoli zheng,B7,Dining Room,Lunch,Dine In,,37.43,6.52,0.00,43.95,43.95,0.00,0.00,NONE,,,,,,,CAPTURED,Credit,,Visa,,,+18148528091,2027,0.00,,rYqTjdJ7pNzWt,In Store,,
Cupertino,600000034622008713,600000034622006655,45,1/13/25 1:21 PM,1/13/25 1:19 PM,600000034622006654,45,,Dough Zone 02,,,Lunch,Take Out,,36.30,0.00,0.00,36.30,36.30,0.00,0.00,NONE,,,,,,,CAPTURED,Credit,,Visa,,,4084018550,1063,0.00,,CdhJJJNFKqYnp,In Store,,
Cupertino,600000034622109303,600000034621393257,42,1/13/25 1:25 PM,1/13/25 12:54 PM,600000034621393207,42,,Default Online Ordering,A3,Dining Room,Lunch,Dine In,,37.08,4.00,0.00,41.08,41.08,0.00,0.00,NONE,,,,,,,CAPTURED,Credit,,Mastercard,,,,8390,0.00,,CYKNtWCRqXYXR,In Store,,
Cupertino,600000034622138279,600000034621325665,41,1/13/25 1:27 PM,1/13/25 12:53 PM,600000034621325116,41,,Default Online Ordering,C4,Dining Room,Lunch,Dine In,,16.59,3.00,0.00,19.59,0.00,19.59,0.00,NONE,,,,,,,CAPTURED,Credit,,Visa,,,,6928,0.00,,NrzpCfdqtPLN7,In Store,,
Cupertino,600000034622175870,600000034622235405,46,1/13/25 1:32 PM,1/13/25 1:32 PM,600000034622235355,46,DD 83a8ae3a Ray X,Default Online Ordering,,,Lunch,DoorDash - Delivery,,18.33,0.00,0.00,18.33,0.00,0.00,0.00,NONE,,,,,,,CAPTURED,Other,,,DoorDash,,8552228111,,,,FTgyXWt7m7jmq,API,,
Cupertino,600000034622202156,600000034621025091,39,1/13/25 1:30 PM,1/13/25 12:46 PM,600000034621025041,39,,Default Online Ordering,A7,Dining Room,Lunch,Dine In,,61.83,0.00,0.00,61.83,0.00,0.00,61.83,NONE,,,,,,,CAPTURED,Cash,,,,,,,,,HNzswXbChyXW7,In Store,,
Cupertino,600000034622256265,600000034622038292,47,1/13/25 1:37 PM,1/13/25 1:37 PM,600000034622038242,47,DD 89fe6431 daniel p,Default Online Ordering,,,Lunch,DoorDash - Delivery,,50.51,0.00,0.00,50.51,0.00,0.00,0.00,NONE,,,,,,,CAPTURED,Other,,,DoorDash,,8552228111,,,,bWFkwjJbmszyH,API,,
Cupertino,600000034622605158,600000034621825560,44,1/13/25 1:48 PM,1/13/25 1:16 PM,600000034621818511,44,,Default Online Ordering,B4,Dining Room,Lunch,Dine In,,41.80,6.27,0.00,48.07,0.00,0.00,0.00,NONE,,,,,,,CAPTURED,Credit,,Visa,,,,6032,0.00,,kLCyrmhgxWfYp,In Store,,
Cupertino,600000034622644862,600000034622573975,50,1/13/25 1:52 PM,1/13/25 1:52 PM,600000034622570176,50,SF c9ec7758 PickUp-Angela A,Default Online Ordering,,,Lunch,DoorDash - Takeout,,18.82,0.00,0.00,18.82,0.00,0.00,0.00,NONE,,,,,,,CAPTURED,Other,,,DoorDash,,6692267054,,,,TsfTLfkwJbXC9,API,,
Cupertino,600000034622956881,600000034622312860,48,1/13/25 2:03 PM,1/13/25 1:38 PM,600000034622312810,48,,Default Online Ordering,A4,Dining Room,Lunch,Dine In,,43.11,10.00,0.00,53.11,53.11,0.00,0.00,NONE,,,,,,,CAPTURED,Credit,,Visa,,,,0195,0.00,,r7qwnFXrtx9Cr,In Store,,
Cupertino,600000034623078128,600000034623078577,52,1/13/25 2:15 PM,1/13/25 2:15 PM,600000034623078527,52,SF ef764398 PickUp-Ryan P,Default Online Ordering,,,Lunch,DoorDash - Takeout,,18.82,0.00,0.00,18.82,0.00,0.00,0.00,NONE,,,,,,,CAPTURED,Other,,,DoorDash,,9257890330,,,,CCFCzPrdmXTrP,API,,
Cupertino,600000034623373228,600000034622210676,49,1/13/25 2:20 PM,1/13/25 1:41 PM,600000034622210626,49,,Default Online Ordering,A1,Dining Room,Lunch,Dine In,,18.86,2.83,0.00,21.69,21.69,0.00,0.00,NONE,,,,,,,CAPTURED,Credit,,Visa,,,,1305,0.00,,swbgFyXwpsMsh,In Store,,
Cupertino,600000034623386686,600000034622210676,49,1/13/25 2:21 PM,1/13/25 1:41 PM,600000034622210626,49,,Default Online Ordering,A1,Dining Room,Lunch,Dine In,,18.85,0.00,0.00,18.85,18.85,0.00,0.00,NONE,,,,,,,CAPTURED,Credit,,Visa,,,,3024,0.00,,NkHkcgsgzYWMP,In Store,,
Cupertino,600000034623398701,600000034622612736,51,1/13/25 2:21 PM,1/13/25 1:58 PM,600000034622610187,51,,Default Online Ordering,A3,Dining Room,Lunch,Dine In,,35.42,0.00,0.00,35.42,35.42,0.00,0.00,NONE,,,,,,,CAPTURED,Credit,,Mastercard,,,,6404,0.00,,Kp7MpRgxrxwgn,In Store,,
Cupertino,600000034623434912,600000034623374121,56,1/13/25 2:25 PM,1/13/25 2:25 PM,600000034623374071,56,DD efacc997 PickUp-Devidas J,Default Online Ordering,,,Lunch,DoorDash - Takeout,,15.93,0.00,0.00,15.93,0.00,0.00,0.00,NONE,,,,,,,CAPTURED,Other,,,DoorDash,,8552228111,,,,PqPCrztKwnttg,API,,
Cupertino,600000034623886159,600000034623878144,57,1/13/25 2:39 PM,1/13/25 2:39 PM,600000034623878143,57,,Dough Zone 02,,,Lunch,Take Out,,15.94,1.50,0.00,17.44,17.44,0.00,0.00,NONE,,,,,,,CAPTURED,Credit,,Mastercard,,,,9153,0.00,,FxzYcbzrdrjKf,In Store,,
Cupertino,600000034624157176,600000034623262663,53,1/13/25 2:49 PM,1/13/25 2:17 PM,600000034623262613,53,,Default Online Ordering,A5,Dining Room,Lunch,Dine In,,40.43,7.56,0.00,47.99,0.00,0.00,0.00,NONE,,,,,,,CAPTURED,Credit,,Visa,,,,8391,0.00,,bLNXkqwFNCJkq,In Store,,
Cupertino,600000034624573604,600000034623153674,54,1/13/25 3:03 PM,1/13/25 2:20 PM,600000034623153624,54,,Default Online Ordering,A6,Dining Room,Lunch,Dine In,,10.86,1.00,0.00,11.86,0.00,0.00,0.00,NONE,,,,,,,CAPTURED,Credit,,Visa,,,,1748,0.00,,yXWkfMCft9qTY,In Store,,
Cupertino,600000034624581741,600000034623406351,55,1/13/25 3:03 PM,1/13/25 2:22 PM,600000034623406301,55,,Default Online Ordering,A6,Dining Room,Lunch,Dine In,,18.83,0.00,0.00,18.83,18.83,0.00,0.00,NONE,,,,,,,CAPTURED,Credit,,Visa,,,,2114,0.00,,s7mPgy7bpY7bN,In Store,,
Cupertino,600000034625323141,600000034624595824,62,1/13/25 3:26 PM,1/13/25 3:04 PM,600000034624595823,62,,xiaoli zheng,A5,Dining Room,Lunch,Dine In,,27.45,3.00,0.00,30.45,30.45,0.00,0.00,NONE,,,,,,,CAPTURED,Credit,,Visa,,,,4394,0.00,,CxkCHPwFrjcXN,In Store,,
Cupertino,600000034625368939,600000034624001078,60,1/13/25 3:27 PM,1/13/25 2:49 PM,600000034623997579,60,,Default Online Ordering,A4,Dining Room,Lunch,Dine In,,60.52,0.00,0.00,60.52,0.00,0.00,60.52,NONE,,,,"RestaurantUser [id=600000013299861140, user email = 2055b997-6de8-4e7b-9652-6d1336dac337@example.com]","RestaurantUser [id=600000000351537454, user email = 263096454@qq.com]",1/13/2025 3:27 PM,VOIDED,Cash,,,,,,,,,WrtMKgMhXXL9n,In Store,,
Cupertino,600000034625555469,600000034623858934,59,1/13/25 3:33 PM,1/13/25 2:47 PM,600000034623858884,59,,Default Online Ordering,A2,Dining Room,Lunch,Dine In,,42.84,6.43,0.00,49.27,49.27,0.00,0.00,NONE,,,,,,,CAPTURED,Credit,,Visa,,,,0261,0.00,,NsHqsjCWXLybr,In Store,,
Cupertino,600000034625822952,600000034624208147,61,1/13/25 3:40 PM,1/13/25 2:59 PM,600000034624208097,61,,Default Online Ordering,A7,Dining Room,Lunch,Dine In,,30.34,4.00,0.00,34.34,34.34,0.00,0.00,NONE,,,,,,,CAPTURED,Credit,,Visa,,,+14088298452,4534,0.00,,F9N7kHwWJhk79,In Store,,
Cupertino,600000034625844552,600000034624793242,63,1/13/25 3:41 PM,1/13/25 3:17 PM,600000034624793192,63,,Default Online Ordering,A3,Dining Room,Lunch,Dine In,,44.80,0.00,0.00,44.80,0.00,0.00,44.80,NONE,,,,,,,CAPTURED,Cash,,,,,,,,,nxK7NrHHfyMTN,In Store,,
Cupertino,600000034625850400,600000034624001078,60,1/13/25 3:41 PM,1/13/25 2:49 PM,600000034623997579,60,,Default Online Ordering,A4,Dining Room,Lunch,Dine In,,52.55,0.00,0.00,52.55,0.00,0.00,52.55,NONE,,,,,,,CAPTURED,Cash,,,,,,,,,tjW7K9bbmNK9q,In Store,,
Cupertino,600000034627046088,600000034627183968,67,1/13/25 4:21 PM,1/13/25 4:21 PM,600000034627171619,67,DD 5aba75dd Daniel T,Default Online Ordering,,,Dinner,DoorDash - Delivery,,501.41,0.00,0.00,501.41,0.00,0.00,0.00,NONE,,,,,,,CAPTURED,Other,,,DoorDash,,8552228111,,,,bgrkkPnnPFtPs,API,,
Cupertino,600000034627234805,600000034627000436,66,1/13/25 4:20 PM,1/13/25 4:20 PM,600000034627000386,66,SF fcd6d50c PickUp-stephanie d,Default Online Ordering,,,Dinner,DoorDash - Takeout,,12.49,0.00,0.00,12.49,0.00,0.00,0.00,NONE,,,,,,,CAPTURED,Other,,,DoorDash,,6506795380,,,,qPjLqbbLWnczc,API,,
Cupertino,600000034627371278,600000034626026697,64,1/13/25 4:23 PM,1/13/25 3:55 PM,600000034626024548,64,,Default Online Ordering,A6,Dining Room,Lunch,Dine In,,46.33,0.00,0.00,46.33,46.33,0.00,0.00,NONE,,,,,,,CAPTURED,Credit,,Visa,,,,5658,0.00,,sHzTCXYNbrYP7,In Store,,
Cupertino,600000034627676104,600000034627524886,69,1/13/25 4:33 PM,1/13/25 4:33 PM,600000034627524836,69,DD 3902d707 Manisha P,Default Online Ordering,,,Dinner,DoorDash - Delivery,,77.73,0.00,0.00,77.73,0.00,0.00,0.00,NONE,,,,,,,CAPTURED,Other,,,DoorDash,,8552228111,,,,KqWsdYRXgffLx,API,,
Cupertino,600000034627677978,600000034627738215,71,1/13/25 4:36 PM,1/13/25 4:36 PM,600000034627738165,71,DD e61db083 Kate G,Default Online Ordering,,,Dinner,DoorDash - Delivery,,43.63,0.00,0.00,43.63,0.00,0.00,0.00,NONE,,,,,,,CAPTURED,Other,,,DoorDash,,8552228111,,,,qRmHJXpbpJKts,API,,
Cupertino,600000034627695629,600000034627824803,72,1/13/25 4:36 PM,1/13/25 4:36 PM,600000034627824753,72,DD a0ed496c PickUp-Lisa G,Default Online Ordering,,,Dinner,DoorDash - Takeout,,35.41,0.00,0.00,35.41,0.00,0.00,0.00,NONE,,,,,,,CAPTURED,Other,,,DoorDash,,8552228111,,,,JcPhhPdymYqbF,API,,
Cupertino,600000034628633267,600000034628551738,74,1/13/25 5:05 PM,1/13/25 5:05 PM,600000034628551688,74,DD e7a6bdf7 Ravi S,Default Online Ordering,,,Dinner,DoorDash - Delivery,,12.49,0.00,0.00,12.49,0.00,0.00,0.00,NONE,,,,,,,CAPTURED,Other,,,DoorDash,,8552228111,,,,hjpYNhLgYXjgq,API,,
Cupertino,600000034628687115,600000034628625025,73,1/13/25 5:05 PM,1/13/25 5:05 PM,600000034628617226,73,DD 2eab0430 Ravi S,Default Online Ordering,,,Dinner,DoorDash - Delivery,,54.82,0.00,0.00,54.82,0.00,0.00,0.00,NONE,,,,,,,CAPTURED,Other,,,DoorDash,,8552228111,,,,m9dKmwzfdkXzj,API,,
Cupertino,600000034628736869,600000034627573642,70,1/13/25 5:03 PM,1/13/25 4:35 PM,600000034627569343,70,,Default Online Ordering,A4,Dining Room,Dinner,Dine In,,24.01,3.60,0.00,27.61,0.00,0.00,0.00,NONE,,,,,,,CAPTURED,Credit,,Visa,,,,7751,0.00,,YzLCKWcybpRbx,In Store,,
Cupertino,600000034629215245,600000034629386971,76,1/13/25 5:28 PM,1/13/25 5:28 PM,600000034629386921,76,DD d508ebd8 PickUp-Judy O,Default Online Ordering,,,Dinner,DoorDash - Takeout,,18.82,0.00,0.00,18.82,0.00,0.00,0.00,NONE,,,,,,,CAPTURED,Other,,,DoorDash,,8552228111,,,,hfMgsWyJdNP7k,API,,
Cupertino,600000034629259205,600000034629082635,75,1/13/25 5:20 PM,1/13/25 5:20 PM,600000034629070686,75,SF 99698efe PickUp-jane l,Default Online Ordering,,,Dinner,DoorDash - Takeout,,18.82,1.00,0.00,19.82,0.00,0.00,0.00,NONE,,,,,,,CAPTURED,Other,,,DoorDash,,6692359787,,,,jCWjWhYmn9RfT,API,,
Cupertino,600000034630058219,600000034629729599,77,1/13/25 5:49 PM,1/13/25 5:49 PM,600000034630145750,77,DD b5ae0b61 Cecilie Z,Default Online Ordering,,,Dinner,DoorDash - Delivery,,46.96,0.00,0.00,46.96,0.00,0.00,0.00,NONE,,,,,,,CAPTURED,Other,,,DoorDash,,8552228111,,,,KnmczMKXtybks,API,,
Cupertino,600000034630378764,600000034630376052,79,1/13/25 5:58 PM,1/13/25 5:57 PM,600000034630376051,79,,andres valencia,,,Dinner,Take Out,,21.12,0.00,0.00,21.12,0.00,0.00,0.00,NONE,,,,,,,CAPTURED,Credit,,Discover,,,,8415,0.00,,xrcsN9Rgn9snH,In Store,,
Cupertino,600000034630453063,600000034630389123,82,1/13/25 6:05 PM,1/13/25 6:05 PM,600000034630389073,82,DD 3ecd06bd JJ F,Default Online Ordering,,,Dinner,DoorDash - Delivery,,61.96,0.00,0.00,61.96,0.00,0.00,0.00,NONE,,,,,,,CAPTURED,Other,,,DoorDash,,8552228111,,,,PWFPhFbKmpFTt,API,,
Cupertino,600000034630650928,600000034630649501,80,1/13/25 6:09 PM,1/13/25 5:58 PM,600000034630649500,80,,andres valencia,,,Dinner,Take Out,,18.83,2.82,0.00,21.65,0.00,0.00,0.00,NONE,,,,,,,CAPTURED,Credit,,Visa,,,,9581,0.00,,mx7Cxt9MHy7sg,In Store,,
Cupertino,600000034630912939,600000034630188562,78,1/13/25 6:19 PM,1/13/25 5:55 PM,600000034630188512,78,,Default Online Ordering,A7,Dining Room,Dinner,Dine In,,61.02,10.98,0.00,72.00,72.00,0.00,0.00,NONE,,,,,,,CAPTURED,Credit,,Visa,,,,2056,0.00,,bFkKskFHRdtXC,In Store,,
Cupertino,600000034630923609,600000034630802224,89,1/13/25 6:23 PM,1/13/25 6:23 PM,600000034630802174,89,DD 5b9f71bb Alex C,Default Online Ordering,,,Dinner,DoorDash - Delivery,,24.99,0.00,0.00,24.99,0.00,0.00,0.00,NONE,,,,,,,CAPTURED,Other,,,DoorDash,,8552228111,,,,pLNFpnPfPxxzH,API,,
Cupertino,600000034630925051,600000034630653963,84,1/13/25 6:20 PM,1/13/25 6:09 PM,600000034630653962,84,,Dough Zone 02,A3,Dining Room,Dinner,Dine In,,10.86,1.63,0.00,12.49,12.49,0.00,0.00,NONE,,,,,,,CAPTURED,Credit,,Amex,,,,4005,0.00,,qj9TmH77ssrtp,In Store,,
Cupertino,600000034630945188,600000034631168854,92,1/13/25 6:34 PM,1/13/25 6:34 PM,600000034631159255,92,SF 996c79b4 PickUp-Makenzie B,Default Online Ordering,,,Dinner,DoorDash - Takeout,,29.68,2.72,0.00,32.40,0.00,0.00,0.00,NONE,,,,,,,CAPTURED,Other,,,DoorDash,,7077587678,,,,WKkcTHwp7Y9Ff,API,,
Cupertino,600000034631007883,600000034631174262,93,1/13/25 6:34 PM,1/13/25 6:34 PM,600000034631174212,93,DD dc34274f David C,Default Online Ordering,,,Dinner,DoorDash - Delivery,,43.63,0.00,0.00,43.63,0.00,0.00,0.00,NONE,,,,,,,CAPTURED,Other,,,DoorDash,,8552228111,,,,fJJg9nNLhmMLX,API,,
Cupertino,600000034631149151,600000034630587959,83,1/13/25 6:30 PM,1/13/25 6:08 PM,600000034630587909,83,,Default Online Ordering,A2,Dining Room,Dinner,Dine In,,43.16,6.47,0.00,49.63,49.63,0.00,0.00,NONE,,,,,,,CAPTURED,Credit,,Visa,,,,7976,0.00,,MpTmLFsy7NTkx,In Store,,
Cupertino,600000034631192747,600000034630193894,81,1/13/25 6:32 PM,1/13/25 6:01 PM,600000034630193844,81,,Default Online Ordering,A4,Dining Room,Dinner,Dine In,,51.41,5.00,0.00,56.41,56.41,0.00,0.00,NONE,,,,,,,CAPTURED,Credit,,Visa,,,,8256,0.00,,wtfPTWncgpghJ,In Store,,
Cupertino,600000034631527920,600000034630940908,87,1/13/25 6:48 PM,1/13/25 6:20 PM,600000034630940841,87,,xiaoli zheng,A6,Dining Room,Dinner,Dine In,,88.84,17.77,0.00,106.61,106.61,0.00,0.00,NONE,,,,,,,CAPTURED,Credit,,Visa,,,,1209,0.00,,n7CT9xTY7ymr9,In Store,,
Cupertino,600000034631584839,600000034630870174,90,1/13/25 6:51 PM,1/13/25 6:24 PM,600000034630866725,90,,Default Online Ordering,B1,Dining Room,Dinner,Dine In,,57.79,11.56,0.00,69.35,69.35,0.00,0.00,NONE,,,,,,,CAPTURED,Credit,,Amex,,,,6806,0.00,,jXKzr9NY7Fwdp,In Store,,
Cupertino,600000034631600989,600000034630663647,88,1/13/25 6:52 PM,1/13/25 6:22 PM,600000034630663597,88,,Default Online Ordering,B3,Dining Room,Dinner,Dine In,,56.98,8.55,0.00,65.53,65.53,0.00,0.00,NONE,,,,,,,CAPTURED,Credit,,Visa,,,,3446,0.00,,NtyF9nHj9WHfp,In Store,,
Cupertino,600000034631811343,600000034631996119,106,1/13/25 7:25 PM,1/13/25 7:25 PM,600000034631996069,106,DD 96d6ea68 Rotem A,Default Online Ordering,,,Dinner,DoorDash - Delivery,,74.40,0.00,0.00,74.40,0.00,0.00,0.00,NONE,,,,,,,CAPTURED,Other,,,DoorDash,,8552228111,,,,cmrrTpmgdqPxk,API,,
Cupertino,600000034631838012,600000034631673382,97,1/13/25 7:10 PM,1/13/25 7:10 PM,600000034631673332,97,DD 3f63a85a Emma L,Default Online Ordering,,,Dinner,DoorDash - Delivery,,123.42,0.00,0.00,123.42,0.00,0.00,0.00,NONE,,,,,,,CAPTURED,Other,,,DoorDash,,8552228111,,,,RHtfPFsMsKYFM,API,,
Cupertino,600000034631838035,600000034631995805,101,1/13/25 7:18 PM,1/13/25 7:18 PM,600000034631995755,101,SF 2ee5f25f PickUp-Joy C,Default Online Ordering,,,Dinner,DoorDash - Takeout,,33.17,0.00,0.00,33.17,0.00,0.00,0.00,NONE,,,,,,,CAPTURED,Other,,,DoorDash,,4083864581,,,,ffpnL7MYjFyLx,API,,
Cupertino,600000034631854788,600000034631818291,105,1/13/25 7:23 PM,1/13/25 7:23 PM,600000034631818241,105,DD 74348ec2 Radai R,Default Online Ordering,,,Dinner,DoorDash - Delivery,,58.60,0.00,0.00,58.60,0.00,0.00,0.00,NONE,,,,,,,CAPTURED,Other,,,DoorDash,,8552228111,,,,pTxTjWPhkFPnT,API,,
Cupertino,600000034631931805,600000034631857022,100,1/13/25 7:14 PM,1/13/25 7:14 PM,600000034631852423,100,SF 33588453 PickUp-Sridharan S,Default Online Ordering,,,Dinner,DoorDash - Takeout,,49.11,0.00,0.00,49.11,0.00,0.00,0.00,NONE,,,,,,,CAPTURED,Other,,,DoorDash,,5124158058,,,,cjcPH7KH77mRP,API,,
Cupertino,600000034632008858,600000034631930671,102,1/13/25 7:19 PM,1/13/25 7:19 PM,600000034631912424,102,SF a7e60dcb PickUp-shayan z,Default Online Ordering,,,Dinner,DoorDash - Takeout,,15.93,1.46,0.00,17.39,0.00,0.00,0.00,NONE,,,,,,,CAPTURED,Other,,,DoorDash,,6505186218,,,,qKbwfyPkKhKpj,API,,
Cupertino,600000034632113446,600000034631156935,94,1/13/25 7:24 PM,1/13/25 6:42 PM,600000034631149988,94,,Default Online Ordering,A3,Dining Room,Dinner,Dine In,,45.56,9.11,0.00,54.67,54.67,0.00,0.00,NONE,,,,,,,CAPTURED,Credit,,Visa,,,+16198699229,9756,0.00,,TyqpR9JfHzRkt,In Store,,
Cupertino,600000034632183897,600000034632229385,111,1/13/25 7:48 PM,1/13/25 7:48 PM,600000034632211838,111,SF 1a7c0052 PickUp-Jacqueline C,Default Online Ordering,,,Dinner,DoorDash - Takeout,,44.69,4.09,0.00,48.78,0.00,0.00,0.00,NONE,,,,,,,CAPTURED,Other,,,DoorDash,,4843432733,,,,hNXwXgcfWcqLC,API,,
Cupertino,600000034632220330,600000034631801614,96,1/13/25 7:31 PM,1/13/25 7:08 PM,600000034631787015,96,,Default Online Ordering,B2,Dining Room,Dinner,Dine In,,26.80,4.82,0.00,31.62,31.62,0.00,0.00,NONE,,,,,,,CAPTURED,Credit,,Visa,,,,8131,0.00,,hHJCsczthwxcc,In Store,,
Cupertino,600000034632262896,600000034630484093,86,1/13/25 7:35 PM,1/13/25 6:12 PM,600000034630484043,86,,Default Online Ordering,A5,Dining Room,Dinner,Dine In,,98.23,14.73,0.00,112.96,112.96,0.00,0.00,NONE,,,,,,,CAPTURED,Credit,,Discover,,,,6707,0.00,,cTmhztxhjgstg,In Store,,
Cupertino,600000034632318225,600000034631098524,91,1/13/25 7:39 PM,1/13/25 6:27 PM,600000034631098523,91,,xiaoli zheng,B4,Dining Room,Dinner,Dine In,,60.58,9.09,0.00,69.67,0.00,0.00,0.00,NONE,,,,"RestaurantUser [id=600000002970777958, user email = 54ec62b9-67ed-451f-bb19-abb6b7ecdba7@example.com]","RestaurantUser [id=600000002970777958, user email = 54ec62b9-67ed-451f-bb19-abb6b7ecdba7@example.com]",1/13/2025 7:40 PM,VOIDED,Credit,,Amex,,,,6351,,,gMpFWWfcdNsyn,In Store,,
Cupertino,600000034632325804,600000034631098524,91,1/13/25 7:40 PM,1/13/25 6:27 PM,600000034631098523,91,,xiaoli zheng,B4,Dining Room,Dinner,Dine In,,60.58,12.12,0.00,72.70,0.00,0.00,0.00,NONE,,,,,,,CAPTURED,Credit,,Amex,,,,6351,0.00,,99cPWbx7Hymff,In Store,,
Cupertino,600000034632336865,600000034632332472,108,1/13/25 7:41 PM,1/13/25 7:40 PM,600000034632332471,108,,Yafang Chen,,,Dinner,Take Out,,24.56,4.42,0.00,28.98,0.00,0.00,0.00,NONE,,,,,,,CAPTURED,Credit,,Amex,,,,6351,0.00,,HyRrfNMfHhrxq,In Store,,
Cupertino,600000034632358451,600000034631640478,95,1/13/25 7:42 PM,1/13/25 7:07 PM,600000034631640428,95,,Default Online Ordering,A1,Dining Room,Dinner,Dine In,,41.91,6.29,0.00,48.20,0.00,0.00,0.00,NONE,,,,,,,CAPTURED,Credit,,Visa,,,,8995,0.00,,hqJMbWdcHncL7,In Store,,
Cupertino,600000034632365799,600000034632566066,113,1/13/25 8:07 PM,1/13/25 8:07 PM,600000034632559617,113,DD f6271624 PickUp-Chris H,Default Online Ordering,,,Dinner,DoorDash - Takeout,,16.59,0.00,0.00,16.59,0.00,0.00,0.00,NONE,,,,,,,CAPTURED,Other,,,DoorDash,,8552228111,,,,WWhXLYPjtjmbh,API,,
Cupertino,600000034632378085,600000034631668585,98,1/13/25 7:44 PM,1/13/25 7:12 PM,600000034631663686,98,,Default Online Ordering,A6,Dining Room,Dinner,Dine In,,44.04,9.72,0.00,53.76,0.00,0.00,0.00,NONE,,,,,,,CAPTURED,Credit,,Mastercard,,,,9947,0.00,,YXJjbLWcjCbMn,In Store,,
Cupertino,600000034632415494,600000034632426840,112,1/13/25 8:04 PM,1/13/25 8:04 PM,600000034632426790,112,DD 2846abad Nandita C,Default Online Ordering,,,Dinner,DoorDash - Delivery,,19.10,0.00,0.00,19.10,0.00,0.00,0.00,NONE,,,,,,,CAPTURED,Other,,,DoorDash,,8552228111,,,,tCKw7t7RNymNc,API,,
Cupertino,600000034632424793,600000034631950257,99,1/13/25 7:48 PM,1/13/25 7:14 PM,600000034631950207,99,,Default Online Ordering,A7,Dining Room,Dinner,Dine In,,43.39,9.55,0.00,52.94,52.94,0.00,0.00,NONE,,,,,,,CAPTURED,Credit,,Visa,,,,2789,0.00,,FCdn7cTwghxLP,In Store,,
Cupertino,600000034632681617,600000034632314752,107,1/13/25 8:14 PM,1/13/25 7:39 PM,600000034632314702,107,,Default Online Ordering,A2,Dining Room,Dinner,Dine In,,33.67,0.00,0.00,33.67,0.00,0.00,40.00,NONE,,,,,,,CAPTURED,Cash,,,,,,,,,ztckTfNskgPWd,In Store,,
Cupertino,600000034632687432,600000034632672181,116,1/13/25 8:34 PM,1/13/25 8:34 PM,600000034632672131,116,DD adabf1f7 Julien M,Default Online Ordering,,,Dinner,DoorDash - Delivery,,43.32,0.00,0.00,43.32,0.00,0.00,0.00,NONE,,,,,,,CAPTURED,Other,,,DoorDash,,8552228111,,,,KfXtXrjtMWFKk,API,,
Cupertino,600000034632737639,600000034632383573,109,1/13/25 8:21 PM,1/13/25 7:43 PM,600000034632383572,109,,andres valencia,,,Dinner,Take Out,,26.85,0.00,0.00,26.85,0.00,0.00,0.00,NONE,,,,,,,CAPTURED,Credit,,Visa,,,619-471-5690,3381,0.00,,qsNFsdWCLgTyg,In Store,,
Cupertino,600000034632780153,600000034631800941,103,1/13/25 8:26 PM,1/13/25 7:19 PM,600000034631800891,103,,Default Online Ordering,A4,Dining Room,Dinner,Dine In,,104.29,18.77,0.00,123.06,123.06,0.00,0.00,NONE,,,,,,,CAPTURED,Credit,,Visa,,,,8972,0.00,,kRLpnpwpnC7HK,In Store,,
Cupertino,600000034632810945,600000034632809263,114,1/13/25 8:30 PM,1/13/25 8:29 PM,600000034632809262,114,,xiaoli zheng,E1,Dining Room,Dinner,Dine In,,5.58,0.00,0.00,5.58,0.00,0.00,0.00,NONE,,,,,,,CAPTURED,Credit,,Visa,,,,5667,0.00,,KJJnLjPddtTs9,In Store,,
Cupertino,600000034632848881,600000034632848851,115,1/13/25 8:35 PM,1/13/25 8:33 PM,600000034632848850,115,,Dough Zone 02,,,Dinner,Take Out,,15.94,0.00,0.00,15.94,0.00,0.00,0.00,NONE,,,,,,,CAPTURED,Credit,,Visa,,,,0691,0.00,,rb7hLTJKTwKxC,In Store,,
