Location,Location Code,Id,GUID,Employee Id,Employee GUID,Employee External Id,Employee,Job Id,Job GUID,Job Code,Job Title,In Date,Out Date,Auto Clock-out,Total Hours,Unpaid Break Time,Paid Break Time,Payable Hours,Cash Tips Declared,Non Cash Tips,Total Gratuity,Total Tips,Tips Withheld,Wage,Regular Hours,Overtime Hours,Regular Pay,Overtime Pay,Total Pay
Cupertino,CA02,600000034617858123,cfaaa896-fc67-4fdf-9d81-8cd9f2a964d8,600000002970777958,b4a3d95d-59c6-4901-82b7-c1a777aab865,187,"Chen, Yafang",600000009837655739,df2bae65-6ee0-429d-bf33-119c20d1f5b4,,Server 6,1/13/25 10:25 AM,1/13/25 2:31 PM,No,4.10,0.00,0.00,4.10,,0.00,0.00,0.00,0.00,,4.10,0.00,,,
Cupertino,CA02,600000034619873260,0476b19a-ee07-48f2-bccc-8804c5785b03,600000013299861140,7e784155-4add-4038-bc80-2d8405905c9c,,"zheng, xiaoli",600000000187953261,1f27dffe-ff3d-4db7-810c-764b9b917d57,,Server,1/13/25 11:46 AM,1/14/25 4:00 AM,Yes,16.22,0.00,0.00,16.22,0.00,51.78,0.00,51.78,0.00,,8.00,8.22,,,
Cupertino,CA02,600000034626403163,21215e40-30ea-4dfe-84fc-838984a2c3dd,600000002970777958,b4a3d95d-59c6-4901-82b7-c1a777aab865,187,"Chen, Yafang",600000009837655739,df2bae65-6ee0-429d-bf33-119c20d1f5b4,,Server 6,1/13/25 3:56 PM,1/13/25 8:58 PM,No,5.03,0.00,0.00,5.03,,0.00,0.00,0.00,0.00,,3.90,1.13,,,
Cupertino,CA02,600000034627361195,2e051a9b-7d3d-418d-b416-1f1594d77bb4,600000016712824343,8bf71451-c969-4797-91d3-3b69f9fa6e56,,"valencia, andres",600000009837616047,12e7cd3e-23e3-487f-b74e-a9e2a6192aa1,,Server 1,1/13/25 4:23 PM,1/14/25 4:00 AM,Yes,11.61,0.00,0.00,11.61,0.00,2.82,0.00,2.82,0.00,,8.00,3.61,,,
