Location,Location Code,Id,GUID,Employee Id,Employee GUID,Employee External Id,Employee,Job Id,Job GUID,Job Code,Job Title,In Date,Out Date,Auto Clock-out,Total Hours,Unpaid Break Time,Paid Break Time,Payable Hours,Cash Tips Declared,Non Cash Tips,Total Gratuity,Total Tips,Tips Withheld,Wage,Regular Hours,Overtime Hours,Regular Pay,Overtime Pay,Total Pay
Cupertino,CA02,600000034664918071,38f42913-1713-4717-80fc-3758a04c6bd2,600000016712824343,8bf71451-c969-4797-91d3-3b69f9fa6e56,,"valencia, andres",600000009837616047,12e7cd3e-23e3-487f-b74e-a9e2a6192aa1,,Server 1,1/15/25 10:59 AM,1/16/25 4:00 AM,Yes,17.01,0.00,0.00,17.01,0.00,6.18,0.00,6.18,0.00,,8.00,9.01,,,
Cupertino,CA02,600000034666179984,776c28b3-ea19-484a-b757-4309b71c61e2,600000013299861140,7e784155-4add-4038-bc80-2d8405905c9c,,"zheng, xiaoli",600000000187953261,1f27dffe-ff3d-4db7-810c-764b9b917d57,,Server,1/15/25 11:43 AM,1/15/25 11:43 AM,No,0.00,0.00,0.00,0.00,,0.00,0.00,0.00,0.00,,0.00,0.00,,,
Cupertino,CA02,600000034666182207,5c1390a4-77f3-48c4-af1d-8d619129cc77,600000013299861140,7e784155-4add-4038-bc80-2d8405905c9c,,"zheng, xiaoli",600000000187953261,1f27dffe-ff3d-4db7-810c-764b9b917d57,,Server,1/15/25 11:43 AM,1/16/25 4:00 AM,Yes,16.28,0.00,0.00,16.28,0.00,24.12,0.00,24.12,0.00,,8.00,8.28,,,
Cupertino,CA02,600000034677732547,f932079a-7141-4b3d-a407-e770f96a9c02,600000002970777958,b4a3d95d-59c6-4901-82b7-c1a777aab865,187,"Chen, Yafang",600000009837655739,df2bae65-6ee0-429d-bf33-119c20d1f5b4,,Server 6,1/15/25 5:02 PM,1/15/25 9:23 PM,No,4.35,0.00,0.00,4.35,,0.00,0.00,0.00,0.00,,4.35,0.00,,,
