Location,Order Id,Order #,Sent Date,Order Date,Check Id,Server,Table,Dining Area,Service,Dining Option,Item Selection Id,Modifier Id,Master Id,Modifier SKU,Modifier PLU,Modifier,Option Group ID,Option Group Name,Parent Menu Selection Item ID,Parent Menu Selection,Sales Category,Gross Price,Discount,Net Price,Qty,Void?,Void Reason ID,Void Reason
Cupertino,600000034869270904,3,1/21/25 11:17 AM,1/21/25 11:17 AM,600000034869270854,Default Online Ordering,A3,Dining Room,Lunch,Dine In,600000034869263831,600000027297453998,600000027297453999,,,Pork Xiao Long Bao (8) 鲜肉小笼包,600000027297453996,COMB B Options,600000027297453990,COMB B,SOUP DUMPLINGS,0.00,0.00,0.00,1.0,false,,
Cupertino,600000034869270904,3,1/21/25 11:17 AM,1/21/25 11:17 AM,600000034869270854,Default Online Ordering,A3,Dining Room,Lunch,Dine In,600000034869263832,600000033258323865,600000033258323866,,,Pork & Shrimp Pot Stickers 猪锅贴,600000033258320642,COMB B Option,600000027297453990,COMB B,,0.00,0.00,0.00,1.0,false,,
Cupertino,600000034869270904,3,1/21/25 11:17 AM,1/21/25 11:17 AM,600000034869270854,Default Online Ordering,A3,Dining Room,Lunch,Dine In,600000034869263833,600000027297453950,600000027297453951,,,Coke,600000027297454411,Cold Drinks,600000027297453990,COMB B,BEVERAGES,0.00,0.00,0.00,1.0,false,,
Cupertino,600000034869490344,7,1/21/25 11:33 AM,1/21/25 11:33 AM,600000034869490294,Default Online Ordering,,,Lunch,DoorDash - Delivery,600000034869631696,600000027696170226,600000027696170227,,,No Sesame 不要芝麻,600000027696127047,Ingredients 原料,600000010081880028,Dan Dan Noodles Ⓥ🌶️🌶️ 担担面,,0.00,0.00,0.00,1.0,false,,
Cupertino,600000034869612489,9,1/21/25 11:38 AM,1/21/25 11:38 AM,600000034869610040,Default Online Ordering,A6,Dining Room,Lunch,Dine In,600000034869741288,600000030014089445,600000030014089446,,,Pork & Crab Meat Xiao Long Bao (8) 🦐 蟹肉小笼包,600000027297452338,COMB A Options,600000027297452336,COMB A,SOUP DUMPLINGS,0.00,0.00,0.00,1.0,false,,
Cupertino,600000034869612489,9,1/21/25 11:38 AM,1/21/25 11:38 AM,600000034869610040,Default Online Ordering,A6,Dining Room,Lunch,Dine In,600000034869741289,600000033258299949,600000033258302350,,,Dan Dan Noodle 担担面,600000033258296896,COMB A Option,600000027297452336,COMB A,,0.00,0.00,0.00,1.0,false,,
Cupertino,600000034869612489,9,1/21/25 11:38 AM,1/21/25 11:38 AM,600000034869610040,Default Online Ordering,A6,Dining Room,Lunch,Dine In,600000034869741290,600000027297453978,600000027297453979,,,Thai Milk Tea 泰式奶茶,600000027297452348,Cold Drinks,600000027297452336,COMB A,BEVERAGES,0.00,0.00,0.00,1.0,false,,
Cupertino,600000034869612489,9,1/21/25 11:38 AM,1/21/25 11:38 AM,600000034869610040,Default Online Ordering,A6,Dining Room,Lunch,Dine In,600000034869741292,600000027297454432,600000027297454433,,,Pork Xiao Long Bao (8) 鲜肉小笼包,600000027297454430,COMB C Options,600000027297454428,COMB C,SOUP DUMPLINGS,0.00,0.00,0.00,1.0,false,,
Cupertino,600000034869612489,9,1/21/25 11:38 AM,1/21/25 11:38 AM,600000034869610040,Default Online Ordering,A6,Dining Room,Lunch,Dine In,600000034869741293,600000033258343127,600000033258343128,,,Chicken Veggie Wonton w/Chicken Broth  鸡汤大馄饨,600000033258340028,COMB C Option,600000027297454428,COMB C,,0.00,0.00,0.00,1.0,false,,
Cupertino,600000034869612489,9,1/21/25 11:38 AM,1/21/25 11:38 AM,600000034869610040,Default Online Ordering,A6,Dining Room,Lunch,Dine In,600000034869741294,600000027297454443,600000027297454444,,,Thai Milk Tea 泰式奶茶,600000027297454441,Cold Drinks,600000027297454428,COMB C,BEVERAGES,0.00,0.00,0.00,1.0,false,,
Cupertino,600000034870085211,12,1/21/25 11:59 AM,1/21/25 11:55 AM,600000034870085161,Default Online Ordering,A7,Dining Room,Lunch,Dine In,600000034870253422,600000027696413442,600000027696413443,,,Pickled String Bean On Side 酸豇豆分开,600000010081892478,Ingredients 原料,600000010081890982,Minced Chicken Noodles 🌶️ 鸡肉肉燥小面,,0.00,0.00,0.00,1.0,false,,
Cupertino,600000034870968255,19,1/21/25 12:30 PM,1/21/25 12:30 PM,600000034870962856,Default Online Ordering,A1,Dining Room,Lunch,Dine In,600000034870972521,600000030014089445,600000030014089446,,,Pork & Crab Meat Xiao Long Bao (8) 🦐 蟹肉小笼包,600000027297452338,COMB A Options,600000027297452336,COMB A,SOUP DUMPLINGS,0.00,0.00,0.00,1.0,false,,
Cupertino,600000034870968255,19,1/21/25 12:30 PM,1/21/25 12:30 PM,600000034870962856,Default Online Ordering,A1,Dining Room,Lunch,Dine In,600000034870972522,600000033258299949,600000033258302350,,,Dan Dan Noodle 担担面,600000033258296896,COMB A Option,600000027297452336,COMB A,,0.00,0.00,0.00,1.0,false,,
Cupertino,600000034870968255,19,1/21/25 12:30 PM,1/21/25 12:30 PM,600000034870962856,Default Online Ordering,A1,Dining Room,Lunch,Dine In,600000034870972523,600000027297453970,600000027297453971,,,Milk Tea 冰奶茶,600000027297452348,Cold Drinks,600000027297452336,COMB A,BEVERAGES,0.00,0.00,0.00,1.0,false,,
Cupertino,600000034871779835,26,1/21/25 1:18 PM,1/21/25 1:18 PM,600000034871779785,Default Online Ordering,A5,Dining Room,Lunch,Dine In,600000034871978622,600000030014214817,600000030014214818,,,Pork & Crab Meat Xiao Long Bao (8) 🦐 蟹肉小笼包,600000027297454430,COMB C Options,600000027297454428,COMB C,SOUP DUMPLINGS,0.00,0.00,0.00,1.0,false,,
Cupertino,600000034871779835,26,1/21/25 1:18 PM,1/21/25 1:18 PM,600000034871779785,Default Online Ordering,A5,Dining Room,Lunch,Dine In,600000034871978623,600000033258343127,600000033258343128,,,Chicken Veggie Wonton w/Chicken Broth  鸡汤大馄饨,600000033258340028,COMB C Option,600000027297454428,COMB C,,0.00,0.00,0.00,1.0,false,,
Cupertino,600000034871779835,26,1/21/25 1:18 PM,1/21/25 1:18 PM,600000034871779785,Default Online Ordering,A5,Dining Room,Lunch,Dine In,600000034871978624,600000027297453974,600000027297453975,,,Sour Plum Juice 酸梅汁,600000027297454441,Cold Drinks,600000027297454428,COMB C,BEVERAGES,0.00,0.00,0.00,1.0,false,,
Cupertino,600000034871779835,26,1/21/25 1:18 PM,1/21/25 1:18 PM,600000034871779785,Default Online Ordering,A5,Dining Room,Lunch,Dine In,600000034871978626,600000027297454432,600000027297454433,,,Pork Xiao Long Bao (8) 鲜肉小笼包,600000027297454430,COMB C Options,600000027297454428,COMB C,SOUP DUMPLINGS,0.00,0.00,0.00,1.0,false,,
Cupertino,600000034871779835,26,1/21/25 1:18 PM,1/21/25 1:18 PM,600000034871779785,Default Online Ordering,A5,Dining Room,Lunch,Dine In,600000034871978627,600000033258343127,600000033258343128,,,Chicken Veggie Wonton w/Chicken Broth  鸡汤大馄饨,600000033258340028,COMB C Option,600000027297454428,COMB C,,0.00,0.00,0.00,1.0,false,,
Cupertino,600000034871779835,26,1/21/25 1:18 PM,1/21/25 1:18 PM,600000034871779785,Default Online Ordering,A5,Dining Room,Lunch,Dine In,600000034871978628,600000027297453974,600000027297453975,,,Sour Plum Juice 酸梅汁,600000027297454441,Cold Drinks,600000027297454428,COMB C,BEVERAGES,0.00,0.00,0.00,1.0,false,,
Cupertino,600000034871937215,27,1/21/25 1:19 PM,1/21/25 1:19 PM,600000034871937165,Default Online Ordering,A1,Dining Room,Lunch,Dine In,600000034872001591,600000027693016529,600000027693016530,,,No Green Onion 不要葱花,600000010081850664,Ingredients 原料,600000010081850666,Pan Fried Wontons with Sweet & Spicy Garlic Sauce (6) 甜辣香煎大馄饨,,0.00,0.00,0.00,1.0,false,,
Cupertino,600000034871937215,27,1/21/25 1:19 PM,1/21/25 1:19 PM,600000034871937165,Default Online Ordering,A1,Dining Room,Lunch,Dine In,600000034872001592,600000027693016533,600000027693016534,,,No Sesame 不要芝麻,600000010081850664,Ingredients 原料,600000010081850666,Pan Fried Wontons with Sweet & Spicy Garlic Sauce (6) 甜辣香煎大馄饨,,0.00,0.00,0.00,1.0,false,,
Cupertino,600000034872604839,31,1/21/25 1:55 PM,1/21/25 1:55 PM,600000034872603940,Default Online Ordering,A3,Dining Room,Lunch,Dine In,600000034872804903,600000027693016533,600000027693016534,,,No Sesame 不要芝麻,600000010081850664,Ingredients 原料,600000010081849365,Pan Fried Wontons with Chili Sauce (6) 红油香煎大馄饨,,0.00,0.00,0.00,1.0,false,,
Cupertino,600000034873857037,34,1/21/25 2:42 PM,1/21/25 2:42 PM,600000034873856987,Default Online Ordering,A3,Dining Room,Lunch,Dine In,600000034874006360,,,,,For Ellie.,,,600000010081883486,Green Onion Soy Sauce Noodles Ⓥ 葱油拌面,,0.00,0.00,0.00,1.0,false,,
Cupertino,600000034873857037,34,1/21/25 2:42 PM,1/21/25 2:42 PM,600000034873856987,Default Online Ordering,A3,Dining Room,Lunch,Dine In,600000034874006362,,,,,For Ellie.,,,600000010081880028,Dan Dan Noodles Ⓥ🌶️🌶️ 担担面,,0.00,0.00,0.00,1.0,false,,
Cupertino,600000034873857037,34,1/21/25 2:49 PM,1/21/25 2:42 PM,600000034873856987,Default Online Ordering,A3,Dining Room,Lunch,Dine In,600000034874191142,600000027297454432,600000027297454433,,,Pork Xiao Long Bao (8) 鲜肉小笼包,600000027297454430,COMB C Options,600000027297454428,COMB C,SOUP DUMPLINGS,0.00,0.00,0.00,1.0,false,,
Cupertino,600000034873857037,34,1/21/25 2:49 PM,1/21/25 2:42 PM,600000034873856987,Default Online Ordering,A3,Dining Room,Lunch,Dine In,600000034874191143,600000033258343127,600000033258343128,,,Chicken Veggie Wonton w/Chicken Broth  鸡汤大馄饨,600000033258340028,COMB C Option,600000027297454428,COMB C,,0.00,0.00,0.00,1.0,false,,
Cupertino,600000034873857037,34,1/21/25 2:49 PM,1/21/25 2:42 PM,600000034873856987,Default Online Ordering,A3,Dining Room,Lunch,Dine In,600000034874191144,600000027297453950,600000027297453951,,,Coke,600000027297454441,Cold Drinks,600000027297454428,COMB C,BEVERAGES,0.00,0.00,0.00,1.0,false,,
Cupertino,600000034873857037,34,1/21/25 3:11 PM,1/21/25 2:42 PM,600000034873856987,Default Online Ordering,A3,Dining Room,Lunch,Dine In,600000034874836590,,,,,For Ellie.,,,600000010081835786,Pork & Crab Meat Xiao Long Bao (8) 🦐 蟹肉小笼包,,0.00,0.00,0.00,1.0,false,,
Cupertino,600000034875307231,40,1/21/25 3:28 PM,1/21/25 3:28 PM,600000034875300082,Default Online Ordering,,,Lunch,DoorDash - Takeout,600000034875423215,,,,,Include plasticware,,,600000010081864086,Chicken Steamed Dumplings (6) 鸡肉蒸饺,,0.00,0.00,0.00,1.0,false,,
Cupertino,600000034875307231,40,1/21/25 3:28 PM,1/21/25 3:28 PM,600000034875300082,Default Online Ordering,,,Lunch,DoorDash - Takeout,600000034875423217,,,,,Include plasticware,,,600000010081905403,Sweet & Sour Cucumber Ⓥ 🌶️ 甜辣小黄瓜,,0.00,0.00,0.00,1.0,false,,
Cupertino,600000034875307231,40,1/21/25 3:28 PM,1/21/25 3:28 PM,600000034875300082,Default Online Ordering,,,Lunch,DoorDash - Takeout,600000034875423219,,,,,Include plasticware,,,600000010081905518,Chicken & Vegetable Wontons in Chicken Soup 鸡汤菜肉大馄饨,,0.00,0.00,0.00,2.0,false,,
Cupertino,600000034875307231,40,1/21/25 3:28 PM,1/21/25 3:28 PM,600000034875300082,Default Online Ordering,,,Lunch,DoorDash - Takeout,600000034875423221,,,,,Include plasticware,,,600000010081895356,Beef-Stew Noodle Soup 🌶️ 秘制牛肉汤面,,0.00,0.00,0.00,1.0,false,,
Cupertino,600000034876713645,43,1/21/25 4:14 PM,1/21/25 4:14 PM,600000034876713595,Default Online Ordering,A4,Dining Room,Dinner,Dine In,600000034877013607,,,,,For Keefe De La Fuente.,,,600000010081870624,Braised Pig Ears 🌶️ 凉拌猪耳,,0.00,0.00,0.00,1.0,false,,
Cupertino,600000034876713645,43,1/21/25 4:14 PM,1/21/25 4:14 PM,600000034876713595,Default Online Ordering,A4,Dining Room,Dinner,Dine In,600000034877013609,600000027695817041,600000027695817042,,,No Chili Oil 不要红油,600000027695801376,Sauce 酱汁,600000010081905403,Sweet & Sour Cucumber Ⓥ 🌶️ 甜辣小黄瓜,,0.00,0.00,0.00,1.0,false,,
Cupertino,600000034876713645,43,1/21/25 4:14 PM,1/21/25 4:14 PM,600000034876713595,Default Online Ordering,A4,Dining Room,Dinner,Dine In,600000034877013610,,,,,For Keefe De La Fuente.,,,600000010081905403,Sweet & Sour Cucumber Ⓥ 🌶️ 甜辣小黄瓜,,0.00,0.00,0.00,1.0,false,,
Cupertino,600000034876713645,43,1/21/25 4:14 PM,1/21/25 4:14 PM,600000034876713595,Default Online Ordering,A4,Dining Room,Dinner,Dine In,600000034877013612,600000027696251284,600000027696251285,,,No Green Onion 不要葱花,600000010081883484,Ingredients 原料,600000010081883486,Green Onion Soy Sauce Noodles Ⓥ 葱油拌面,,0.00,0.00,0.00,1.0,false,,
Cupertino,600000034876713645,43,1/21/25 4:14 PM,1/21/25 4:14 PM,600000034876713595,Default Online Ordering,A4,Dining Room,Dinner,Dine In,600000034877013613,,,,,For Keefe De La Fuente.,,,600000010081883486,Green Onion Soy Sauce Noodles Ⓥ 葱油拌面,,0.00,0.00,0.00,1.0,false,,
Cupertino,600000034876713645,43,1/21/25 4:14 PM,1/21/25 4:14 PM,600000034876713595,Default Online Ordering,A4,Dining Room,Dinner,Dine In,600000034877013615,,,,,For Keefe De La Fuente.,,,600000010081852319,Pork & Shrimp Boiled Dumplings (6) 🦐 猪肉三鲜水饺,,0.00,0.00,0.00,1.0,false,,
Cupertino,600000034876713645,43,1/21/25 4:14 PM,1/21/25 4:14 PM,600000034876713595,Default Online Ordering,A4,Dining Room,Dinner,Dine In,600000034877013617,,,,,For Keefe De La Fuente.,,,600000010081845158,Chicken Potstickers (6) 鸡肉锅贴,,0.00,0.00,0.00,1.0,false,,
Cupertino,600000034876713645,43,1/21/25 4:14 PM,1/21/25 4:14 PM,600000034876713595,Default Online Ordering,A4,Dining Room,Dinner,Dine In,600000034877013619,,,,,For Keefe De La Fuente.,,,600000010081837613,Chicken Xiao Long Bao (8) 鸡肉小笼包,,0.00,0.00,0.00,1.0,false,,
Cupertino,600000034876713645,43,1/21/25 4:14 PM,1/21/25 4:14 PM,600000034876713595,Default Online Ordering,A4,Dining Room,Dinner,Dine In,600000034877013621,,,,,For Keefe De La Fuente.,,,600000010081835786,Pork & Crab Meat Xiao Long Bao (8) 🦐 蟹肉小笼包,,0.00,0.00,0.00,1.0,false,,
Cupertino,600000034876713645,43,1/21/25 4:23 PM,1/21/25 4:14 PM,600000034876713595,Default Online Ordering,A4,Dining Room,Dinner,Dine In,600000034877318821,,,,,For Rebecca de La Fuente.,,,600000010081883486,Green Onion Soy Sauce Noodles Ⓥ 葱油拌面,,0.00,0.00,0.00,1.0,false,,
Cupertino,600000034876713645,43,1/21/25 4:32 PM,1/21/25 4:14 PM,600000034876713595,Default Online Ordering,A4,Dining Room,Dinner,Dine In,600000034877514746,600000027696251284,600000027696251285,,,No Green Onion 不要葱花,600000010081883484,Ingredients 原料,600000010081883486,Green Onion Soy Sauce Noodles Ⓥ 葱油拌面,,0.00,0.00,0.00,2.0,false,,
Cupertino,600000034876713645,43,1/21/25 4:32 PM,1/21/25 4:14 PM,600000034876713595,Default Online Ordering,A4,Dining Room,Dinner,Dine In,600000034877514747,,,,,For Keefe De La Fuente.,,,600000010081883486,Green Onion Soy Sauce Noodles Ⓥ 葱油拌面,,0.00,0.00,0.00,2.0,false,,
Cupertino,600000034876713645,43,1/21/25 4:36 PM,1/21/25 4:14 PM,600000034876713595,Default Online Ordering,A4,Dining Room,Dinner,Dine In,600000034877746726,,,,,For Keefe De La Fuente.,,,600000010081873109,Five Spice Beef Shank 五香牛腱,,0.00,0.00,0.00,1.0,false,,
Cupertino,600000034876713645,43,1/21/25 4:36 PM,1/21/25 4:14 PM,600000034876713595,Default Online Ordering,A4,Dining Room,Dinner,Dine In,600000034877746728,,,,,For Keefe De La Fuente.,,,600000010081835786,Pork & Crab Meat Xiao Long Bao (8) 🦐 蟹肉小笼包,,0.00,0.00,0.00,1.0,false,,
Cupertino,600000034876713645,43,1/21/25 4:36 PM,1/21/25 4:14 PM,600000034876713595,Default Online Ordering,A4,Dining Room,Dinner,Dine In,600000034877746730,,,,,For Keefe De La Fuente.,,,600000010081846333,Pork & Shrimp Potstickers (6) 🦐 猪肉三鲜锅贴,,0.00,0.00,0.00,1.0,false,,
Cupertino,600000034876713645,43,1/21/25 4:54 PM,1/21/25 4:14 PM,600000034876713595,Default Online Ordering,A4,Dining Room,Dinner,Dine In,600000034878322605,,,,,For Rebecca de La Fuente.,,,600000010081907948,Banana Naan Bread (1) Ⓥ 香蕉飞饼,,0.00,0.00,0.00,1.0,false,,
Cupertino,600000034879070554,47,1/21/25 5:18 PM,1/21/25 5:18 PM,600000034879070504,Default Online Ordering,A3,Dining Room,Dinner,Dine In,600000034879065786,,,,,For Will McGonagill.,,,600000010081899532,Kale Salad with Sesame Dressing Ⓥ 麻酱羽衣甘蓝沙拉,,0.00,0.00,0.00,1.0,false,,
Cupertino,600000034879070554,47,1/21/25 5:18 PM,1/21/25 5:18 PM,600000034879070504,Default Online Ordering,A3,Dining Room,Dinner,Dine In,600000034879065788,,,,,For Will McGonagill.,,,600000010081883486,Green Onion Soy Sauce Noodles Ⓥ 葱油拌面,,0.00,0.00,0.00,1.0,false,,
Cupertino,600000034879070554,47,1/21/25 5:18 PM,1/21/25 5:18 PM,600000034879070504,Default Online Ordering,A3,Dining Room,Dinner,Dine In,600000034879065790,,,,,For Will McGonagill.,,,600000010081834427,Pork Xiao Long Bao (8) 鲜肉小笼包,,0.00,0.00,0.00,1.0,false,,
Cupertino,600000034879070554,47,1/21/25 5:18 PM,1/21/25 5:18 PM,600000034879070504,Default Online Ordering,A3,Dining Room,Dinner,Dine In,600000034879065792,,,,,For Lila Elmished.,,,600000010081859192,Shrimp & Zucchini Steamed Dumplings (6) 🦐 青瓜鲜虾蒸饺,,0.00,0.00,0.00,1.0,false,,
Cupertino,600000034879489612,52,1/21/25 5:35 PM,1/21/25 5:35 PM,600000034879489562,Default Online Ordering,,,Dinner,DoorDash - Takeout,600000034879517759,,,,,Include plasticware,,,600000010081823847,Green Onion Pancake (1) Ⓥ 葱油饼,,0.00,0.00,0.00,1.0,false,,
Cupertino,600000034879489612,52,1/21/25 5:35 PM,1/21/25 5:35 PM,600000034879489562,Default Online Ordering,,,Dinner,DoorDash - Takeout,600000034879517761,,,,,Include plasticware,,,600000010081852319,Pork & Shrimp Boiled Dumplings (6) 🦐 猪肉三鲜水饺,,0.00,0.00,0.00,1.0,false,,
Cupertino,600000034879489612,52,1/21/25 5:35 PM,1/21/25 5:35 PM,600000034879489562,Default Online Ordering,,,Dinner,DoorDash - Takeout,600000034879517763,600000027695871780,600000027695871781,,,Sauce On Side 酱汁分开,600000027695860434,Sauce 酱汁,600000010081899532,Kale Salad with Sesame Dressing Ⓥ 麻酱羽衣甘蓝沙拉,,0.00,0.00,0.00,1.0,false,,
Cupertino,600000034879489612,52,1/21/25 5:35 PM,1/21/25 5:35 PM,600000034879489562,Default Online Ordering,,,Dinner,DoorDash - Takeout,600000034879517764,,,,,Include plasticware,,,600000010081899532,Kale Salad with Sesame Dressing Ⓥ 麻酱羽衣甘蓝沙拉,,0.00,0.00,0.00,1.0,false,,
Cupertino,600000034879489612,52,1/21/25 5:35 PM,1/21/25 5:35 PM,600000034879489562,Default Online Ordering,,,Dinner,DoorDash - Takeout,600000034879517766,,,,,Include plasticware,,,600000010081834427,Pork Xiao Long Bao (8) 鲜肉小笼包,,0.00,0.00,0.00,1.0,false,,
Cupertino,600000034879070554,47,1/21/25 5:35 PM,1/21/25 5:18 PM,600000034879070504,Default Online Ordering,A3,Dining Room,Dinner,Dine In,600000034879547900,,,,,For Lila Elmished.,,,600000010081823847,Green Onion Pancake (1) Ⓥ 葱油饼,,0.00,0.00,0.00,1.0,false,,
Cupertino,600000034880053752,57,1/21/25 5:54 PM,1/21/25 5:54 PM,600000034880053652,Default Online Ordering,,,Dinner,DoorDash - Delivery,600000034880004194,600000027693016533,600000027693016534,,,No Sesame 不要芝麻,600000010081850664,Ingredients 原料,600000010081905518,Chicken & Vegetable Wontons in Chicken Soup 鸡汤菜肉大馄饨,,0.00,0.00,0.00,1.0,false,,
Cupertino,600000034880053752,57,1/21/25 5:54 PM,1/21/25 5:54 PM,600000034880053652,Default Online Ordering,,,Dinner,DoorDash - Delivery,600000034880004198,600000027692730521,600000027692730522,,,No Sesame 不要芝麻,600000027692581800,Ingredients 原料,600000010081839187,Pan Fried Pork Buns (4) 特色鲜肉煎包,,0.00,0.00,0.00,1.0,false,,
Cupertino,600000034879868729,59,1/21/25 5:54 PM,1/21/25 5:54 PM,600000034879846281,Default Online Ordering,,,Dinner,DoorDash - Takeout,600000034880032086,,,,,Include plasticware,,,600000010081924411,Sprite 雪碧,,0.00,0.00,0.00,1.0,false,,
Cupertino,600000034879868729,59,1/21/25 5:54 PM,1/21/25 5:54 PM,600000034879846281,Default Online Ordering,,,Dinner,DoorDash - Takeout,600000034880032088,,,,,Include plasticware,,,600000010081846333,Pork & Shrimp Potstickers (6) 🦐 猪肉三鲜锅贴,,0.00,0.00,0.00,1.0,false,,
Cupertino,600000034879868729,59,1/21/25 5:54 PM,1/21/25 5:54 PM,600000034879846281,Default Online Ordering,,,Dinner,DoorDash - Takeout,600000034880032090,,,,,Include plasticware,,,600000010081905518,Chicken & Vegetable Wontons in Chicken Soup 鸡汤菜肉大馄饨,,0.00,0.00,0.00,1.0,false,,
Cupertino,600000034879868729,59,1/21/25 5:54 PM,1/21/25 5:54 PM,600000034879846281,Default Online Ordering,,,Dinner,DoorDash - Takeout,600000034880032092,,,,,Include plasticware,,,600000010081834427,Pork Xiao Long Bao (8) 鲜肉小笼包,,0.00,0.00,0.00,1.0,false,,
Cupertino,600000034879753093,58,1/21/25 5:54 PM,1/21/25 5:54 PM,600000034879743946,Default Online Ordering,,,Dinner,DoorDash - Delivery,600000034880058007,600000027696413438,600000027696413439,,,No Pickled String Bean 不要酸豇豆,600000010081892478,Ingredients 原料,600000010081890982,Minced Chicken Noodles 🌶️ 鸡肉肉燥小面,,0.00,0.00,0.00,1.0,false,,
Cupertino,600000034880425456,61,1/21/25 6:09 PM,1/21/25 6:08 PM,600000034880425455,zhengyu chen,,,Dinner,Take Out,600000034880425452,600000027697792518,600000027697792519,,,No Peanut 不要花生,600000010081888850,Ingredients 原料,600000010081886453,Yibin Noodles Ⓥ 🌶️ 宜宾燃面,,0.00,0.00,0.00,1.0,false,,
Cupertino,600000034880358913,65,1/21/25 6:11 PM,1/21/25 6:11 PM,600000034880338215,Default Online Ordering,A6,Dining Room,Dinner,Dine In,600000034880443168,600000027697792518,600000027697792519,,,No Peanut 不要花生,600000010081888850,Ingredients 原料,600000010081886453,Yibin Noodles Ⓥ 🌶️ 宜宾燃面,,0.00,0.00,0.00,1.0,false,,
Cupertino,600000034880778554,74,1/21/25 6:25 PM,1/21/25 6:25 PM,600000034880770205,Default Online Ordering,,,Dinner,DoorDash - Delivery,600000034880748549,,,,,Include plasticware,,,600000010081852343,Chicken & Vegetable Wontons in Chili Sauce (6) 🌶️ 红油菜肉大馄饨,,0.00,0.00,0.00,1.0,false,,
Cupertino,600000034880634873,73,1/21/25 6:24 PM,1/21/25 6:24 PM,600000034880629024,Default Online Ordering,,,Dinner,DoorDash - Delivery,600000034880777761,,,,,Include plasticware,,,600000010081847463,Beef Potstickers (6) 牛肉锅贴,,0.00,0.00,0.00,1.0,false,,
Cupertino,600000034880634873,73,1/21/25 6:24 PM,1/21/25 6:24 PM,600000034880629024,Default Online Ordering,,,Dinner,DoorDash - Delivery,600000034880777763,600000027695817041,600000027695817042,,,No Chili Oil 不要红油,600000027695801376,Sauce 酱汁,600000010081905403,Sweet & Sour Cucumber Ⓥ 🌶️ 甜辣小黄瓜,,0.00,0.00,0.00,1.0,false,,
Cupertino,600000034880634873,73,1/21/25 6:24 PM,1/21/25 6:24 PM,600000034880629024,Default Online Ordering,,,Dinner,DoorDash - Delivery,600000034880777764,,,,,Include plasticware,,,600000010081905403,Sweet & Sour Cucumber Ⓥ 🌶️ 甜辣小黄瓜,,0.00,0.00,0.00,1.0,false,,
Cupertino,600000034880634873,73,1/21/25 6:24 PM,1/21/25 6:24 PM,600000034880629024,Default Online Ordering,,,Dinner,DoorDash - Delivery,600000034880777766,600000027696251284,600000027696251285,,,No Green Onion 不要葱花,600000010081883484,Ingredients 原料,600000010081883486,Green Onion Soy Sauce Noodles Ⓥ 葱油拌面,,0.00,0.00,0.00,1.0,false,,
Cupertino,600000034880634873,73,1/21/25 6:24 PM,1/21/25 6:24 PM,600000034880629024,Default Online Ordering,,,Dinner,DoorDash - Delivery,600000034880777767,,,,,Include plasticware,,,600000010081883486,Green Onion Soy Sauce Noodles Ⓥ 葱油拌面,,0.00,0.00,0.00,1.0,false,,
Cupertino,600000034880634873,73,1/21/25 6:24 PM,1/21/25 6:24 PM,600000034880629024,Default Online Ordering,,,Dinner,DoorDash - Delivery,600000034880777769,,,,,Include plasticware,,,600000010081895356,Beef-Stew Noodle Soup 🌶️ 秘制牛肉汤面,,0.00,0.00,0.00,2.0,false,,
Cupertino,600000034880634873,73,1/21/25 6:24 PM,1/21/25 6:24 PM,600000034880629024,Default Online Ordering,,,Dinner,DoorDash - Delivery,600000034880777771,,,,,Include plasticware,,,600000010081837613,Chicken Xiao Long Bao (8) 鸡肉小笼包,,0.00,0.00,0.00,2.0,false,,
Cupertino,600000034880778554,74,1/21/25 6:25 PM,1/21/25 6:25 PM,600000034880770205,Default Online Ordering,,,Dinner,DoorDash - Delivery,600000034880809201,,,,,Include plasticware,,,600000010081839187,Pan Fried Pork Buns (4) 特色鲜肉煎包,,0.00,0.00,0.00,1.0,false,,
Cupertino,600000034880803575,77,1/21/25 6:34 PM,1/21/25 6:34 PM,600000034880803525,Default Online Ordering,A1,Dining Room,Dinner,Dine In,600000034880976324,600000027696099107,600000027696099108,,,No Chili Oil 不要红油,600000010081878294,Ingredients 原料,600000010081875664,Hot & Sour Glass Noodles 🌶️🌶️ 酸辣粉,,0.00,0.00,0.00,1.0,false,,
Cupertino,600000034881278322,84,1/21/25 6:57 PM,1/21/25 6:54 PM,600000034881278272,Default Online Ordering,B3,Dining Room,Dinner,Dine In,600000034881373995,,,,,For Hannah Smith.,,,600000024922278409,Thai Milk Tea (Cold) 泰式奶茶 (冷),,0.00,0.00,0.00,1.0,false,,
Cupertino,600000034881278322,84,1/21/25 6:57 PM,1/21/25 6:54 PM,600000034881278272,Default Online Ordering,B3,Dining Room,Dinner,Dine In,600000034881373997,,,,,For Angel lopez.,,,600000010081918799,Milk Tea (Cold) 奶茶 (冷),,0.00,0.00,0.00,1.0,false,,
Cupertino,600000034881278322,84,1/21/25 6:54 PM,1/21/25 6:54 PM,600000034881278272,Default Online Ordering,B3,Dining Room,Dinner,Dine In,600000034881396836,,,,,For Hannah Smith.,,,600000010081834427,Pork Xiao Long Bao (8) 鲜肉小笼包,,0.00,0.00,0.00,1.0,false,,
Cupertino,600000034881278322,84,1/21/25 6:54 PM,1/21/25 6:54 PM,600000034881278272,Default Online Ordering,B3,Dining Room,Dinner,Dine In,600000034881396838,,,,,For Hannah Smith.,,,600000010081839187,Pan Fried Pork Buns (4) 特色鲜肉煎包,,0.00,0.00,0.00,1.0,false,,
Cupertino,600000034881278322,84,1/21/25 6:54 PM,1/21/25 6:54 PM,600000034881278272,Default Online Ordering,B3,Dining Room,Dinner,Dine In,600000034881396840,,,,,For Hannah Smith.,,,600000010081823847,Green Onion Pancake (1) Ⓥ 葱油饼,,0.00,0.00,0.00,1.0,false,,
Cupertino,600000034881278322,84,1/21/25 6:54 PM,1/21/25 6:54 PM,600000034881278272,Default Online Ordering,B3,Dining Room,Dinner,Dine In,600000034881396842,,,,,For Angel lopez.,,,600000010081846333,Pork & Shrimp Potstickers (6) 🦐 猪肉三鲜锅贴,,0.00,0.00,0.00,1.0,false,,
Cupertino,600000034881278322,84,1/21/25 6:54 PM,1/21/25 6:54 PM,600000034881278272,Default Online Ordering,B3,Dining Room,Dinner,Dine In,600000034881396844,,,,,For Gladys.,,,600000010081857563,Pork Wontons in Chili Sauce (6) 🌶️ 红油猪肉抄手,,0.00,0.00,0.00,1.0,false,,
Cupertino,600000034881278322,84,1/21/25 6:54 PM,1/21/25 6:54 PM,600000034881278272,Default Online Ordering,B3,Dining Room,Dinner,Dine In,600000034881396846,,,,,For Gladys.,,,600000010081924409,Diet Coke 健怡可乐,,0.00,0.00,0.00,1.0,false,,
Cupertino,600000034881286190,85,1/21/25 6:59 PM,1/21/25 6:59 PM,600000034881281592,Default Online Ordering,B7,Dining Room,Dinner,Dine In,600000034881482955,600000027696485473,600000027696485474,,,No Romaine Lettuce 不要罗马生菜,600000010081895394,Ingredients 原料,600000010081895356,Beef-Stew Noodle Soup 🌶️ 秘制牛肉汤面,,0.00,0.00,0.00,3.0,false,,
Cupertino,600000034881501423,91,1/21/25 7:08 PM,1/21/25 7:08 PM,600000034881499125,Default Online Ordering,,,Dinner,DoorDash - Takeout,600000034881614711,600000027692292271,600000027692292272,,,No Cucumber Pickle 不要酸黄瓜,600000010081827850,Ingredients 原料,600000010081827857,Beef Sandwich (1) 大嘴牛肉包 (不辣),,0.00,0.00,0.00,1.0,false,,
Cupertino,600000034881501423,91,1/21/25 7:08 PM,1/21/25 7:08 PM,600000034881499125,Default Online Ordering,,,Dinner,DoorDash - Takeout,600000034881614712,,,,,Include plasticware,,,600000010081827857,Beef Sandwich (1) 大嘴牛肉包 (不辣),,0.00,0.00,0.00,1.0,false,,
Cupertino,600000034881501423,91,1/21/25 7:08 PM,1/21/25 7:08 PM,600000034881499125,Default Online Ordering,,,Dinner,DoorDash - Takeout,600000034881614714,600000027693016529,600000027693016530,,,No Green Onion 不要葱花,600000010081850664,Ingredients 原料,600000010081905518,Chicken & Vegetable Wontons in Chicken Soup 鸡汤菜肉大馄饨,,0.00,0.00,0.00,1.0,false,,
Cupertino,600000034881501423,91,1/21/25 7:08 PM,1/21/25 7:08 PM,600000034881499125,Default Online Ordering,,,Dinner,DoorDash - Takeout,600000034881614715,,,,,Include plasticware,,,600000010081905518,Chicken & Vegetable Wontons in Chicken Soup 鸡汤菜肉大馄饨,,0.00,0.00,0.00,1.0,false,,
Cupertino,600000034881278322,84,1/21/25 7:08 PM,1/21/25 6:54 PM,600000034881278272,Default Online Ordering,B3,Dining Room,Dinner,Dine In,600000034881614734,,,,,For Gladys.,,,600000010081857563,Pork Wontons in Chili Sauce (6) 🌶️ 红油猪肉抄手,,0.00,0.00,0.00,1.0,false,,
Cupertino,600000034881278322,84,1/21/25 7:08 PM,1/21/25 6:54 PM,600000034881278272,Default Online Ordering,B3,Dining Room,Dinner,Dine In,600000034881630306,,,,,For Hannah Smith.,,,600000010081834427,Pork Xiao Long Bao (8) 鲜肉小笼包,,0.00,0.00,0.00,1.0,false,,
Cupertino,600000034881278322,84,1/21/25 7:08 PM,1/21/25 6:54 PM,600000034881278272,Default Online Ordering,B3,Dining Room,Dinner,Dine In,600000034881630308,,,,,For Hannah Smith.,,,600000010081835786,Pork & Crab Meat Xiao Long Bao (8) 🦐 蟹肉小笼包,,0.00,0.00,0.00,1.0,false,,
Cupertino,600000034881278322,84,1/21/25 7:26 PM,1/21/25 6:54 PM,600000034881278272,Default Online Ordering,B3,Dining Room,Dinner,Dine In,600000034881864848,,,,,For Hannah Smith.,,,600000010081834427,Pork Xiao Long Bao (8) 鲜肉小笼包,,0.00,0.00,0.00,1.0,false,,
Cupertino,600000034881278322,84,1/21/25 7:26 PM,1/21/25 6:54 PM,600000034881278272,Default Online Ordering,B3,Dining Room,Dinner,Dine In,600000034881916050,,,,,For Hannah Smith.,,,600000010081905403,Sweet & Sour Cucumber Ⓥ 🌶️ 甜辣小黄瓜,,0.00,0.00,0.00,1.0,false,,
Cupertino,600000034881278322,84,1/21/25 7:26 PM,1/21/25 6:54 PM,600000034881278272,Default Online Ordering,B3,Dining Room,Dinner,Dine In,600000034881916052,,,,,For Hannah Smith.,,,600000010081907948,Banana Naan Bread (1) Ⓥ 香蕉飞饼,,0.00,0.00,0.00,2.0,false,,
Cupertino,600000034881989524,98,1/21/25 7:42 PM,1/21/25 7:42 PM,600000034881977927,Default Online Ordering,A5,Dining Room,Dinner,Dine In,600000034882094231,600000027692730521,600000027692730522,,,No Sesame 不要芝麻,600000027692581800,Ingredients 原料,600000010081839187,Pan Fried Pork Buns (4) 特色鲜肉煎包,,0.00,0.00,0.00,1.0,false,,
Cupertino,600000034881998343,102,1/21/25 7:51 PM,1/21/25 7:51 PM,600000034881998293,Default Online Ordering,B4,Dining Room,Dinner,Dine In,600000034882210230,,,,,For Pj.,,,600000010081859161,Pork Wontons in Hot & Sour Sauce (6) 🌶️ 酸辣猪肉抄手,,0.00,0.00,0.00,1.0,false,,
Cupertino,600000034881998343,102,1/21/25 7:51 PM,1/21/25 7:51 PM,600000034881998293,Default Online Ordering,B4,Dining Room,Dinner,Dine In,600000034882210232,,,,,For Jay pellicci.,,,600000010081832227,Pan Fried Chive Dumplings (3) 韭菜盒子,,0.00,0.00,0.00,1.0,false,,
Cupertino,600000034881998343,102,1/21/25 7:51 PM,1/21/25 7:51 PM,600000034881998293,Default Online Ordering,B4,Dining Room,Dinner,Dine In,600000034882210234,,,,,For Jay pellicci.,,,600000010081886453,Yibin Noodles Ⓥ 🌶️ 宜宾燃面,,0.00,0.00,0.00,1.0,false,,
