Location,Location Code,Id,GUID,Employee Id,Employee GUID,Employee External Id,Employee,Job Id,Job GUID,Job Code,Job Title,In Date,Out Date,Auto Clock-out,Total Hours,Unpaid Break Time,Paid Break Time,Payable Hours,Cash Tips Declared,Non Cash Tips,Total Gratuity,Total Tips,Tips Withheld,Wage,Regular Hours,Overtime Hours,Regular Pay,Overtime Pay,Total Pay
Cupertino,CA02,600000034868194364,fb7740eb-f540-4c4a-8c16-fffb25d0521f,600000000344470673,61aaf22e-c91d-45f1-a8c0-6dd3bb5bc2ae,101,"Xia, Chunguang",600000009837655739,df2bae65-6ee0-429d-bf33-119c20d1f5b4,,Server 6,1/21/25 10:30 AM,1/22/25 4:00 AM,Yes,17.49,0.00,0.00,17.49,0.00,30.58,0.00,30.58,0.00,,8.00,9.49,,,
Cupertino,CA02,600000034869509546,02035257-ba93-47ea-b5d6-cfa17c01245e,600000002446536534,ae65bdd5-03cd-4dc3-9daa-0e8d8f02fe03,181,"Xu, Yan",600000009837655734,77d988fd-e5b8-4c14-a0bd-a5e1487f4e3d,,Server 4,1/21/25 11:26 AM,1/21/25 3:31 PM,No,4.08,0.00,0.00,4.08,,0.00,0.00,0.00,0.00,,4.08,0.00,,,
Cupertino,CA02,600000034874454097,47ce85f4-4eec-4484-a900-b15c5da474d5,600000001251302471,926dca98-bd07-4351-b441-2634bdc824ca,131,"chen, zhengyu",600000009837655739,df2bae65-6ee0-429d-bf33-119c20d1f5b4,,Server 6,1/21/25 2:57 PM,1/22/25 4:00 AM,Yes,13.04,0.00,0.00,13.04,0.00,22.28,0.00,22.28,0.00,,8.00,5.04,,,
Cupertino,CA02,600000034880192210,d7914730-8b71-4bb6-b662-7632fb4c0fd2,600000002446536534,ae65bdd5-03cd-4dc3-9daa-0e8d8f02fe03,181,"Xu, Yan",600000009837655734,77d988fd-e5b8-4c14-a0bd-a5e1487f4e3d,,Server 4,1/21/25 5:59 PM,1/21/25 9:23 PM,No,3.41,0.00,0.00,3.41,,0.00,0.00,0.00,0.00,,3.41,0.00,,,
