Location,Payment Id,Order Id,Order #,Paid Date,Order Date,Check Id,Check #,Tab Name,Server,Table,Dining Area,Service,Dining Option,House Acct #,Amount,Tip,Gratuity,Total,Swiped Card Amount,Keyed Card Amount,Amount Tendered,Refunded,Refund Date,Refund Amount,Refund Tip Amount,Void User,Void Approver,Void Date,Status,Type,Cash Drawer,Card Type,Other Type,Email,Phone,Last 4 Card Digits,V/MC/D Fees,Room Info,Receipt,Source,Last 4 Gift Card Digits,First 5 Gift Card Digits
Cupertino,600000035085295600,600000035085187207,1,1/28/25 11:00 AM,1/28/25 11:00 AM,600000035085187157,1,DD 16c5a69d Sud R,Default Online Ordering,,,Lunch,DoorDash - Delivery,,19.86,0.00,0.00,19.86,0.00,0.00,0.00,NONE,,,,,,,CAPTURED,Other,,,DoorDash,,8552228111,,,,kg7yYFnkfMM9q,API,,
Cupertino,600000035085318529,600000035085439604,2,1/28/25 11:05 AM,1/28/25 11:05 AM,600000035085439554,2,DD 8a7ca146 Tiffany B,Default Online Ordering,,,Lunch,DoorDash - Delivery,,159.30,0.00,0.00,159.30,0.00,0.00,0.00,NONE,,,,,,,CAPTURED,Other,,,DoorDash,,8552228111,,,,d9TdPxqFchWqJ,API,,
Cupertino,600000035086010064,600000035085980124,3,1/28/25 11:28 AM,1/28/25 11:28 AM,600000035085980074,3,DD 04ae75ba Jessica W,Default Online Ordering,,,Lunch,DoorDash - Delivery,,21.66,0.00,0.00,21.66,0.00,0.00,0.00,NONE,,,,,,,CAPTURED,Other,,,DoorDash,,8552228111,,,,zdwff97TnRtKH,API,,
Cupertino,600000035086339510,600000035086399651,4,1/28/25 11:39 AM,1/28/25 11:39 AM,600000035086399601,4,DD fe0a289f Joyce L,Default Online Ordering,,,Lunch,DoorDash - Delivery,,19.10,0.00,0.00,19.10,0.00,0.00,0.00,NONE,,,,,,,CAPTURED,Other,,,DoorDash,,8552228111,,,,JPNyxCbykJRHz,API,,
Cupertino,600000035086483247,600000035086685303,7,1/28/25 11:50 AM,1/28/25 11:50 AM,600000035086685253,7,DD 7d8a3f38 Darren H,Default Online Ordering,,,Lunch,DoorDash - Delivery,,18.33,0.00,0.00,18.33,0.00,0.00,0.00,NONE,,,,,,,CAPTURED,Other,,,DoorDash,,8552228111,,,,rMhYyMKKswWFH,API,,
Cupertino,600000035086946526,600000035086976076,16,1/28/25 12:05 PM,1/28/25 12:05 PM,600000035086976026,16,SF a22701f9 PickUp-Sara N,Default Online Ordering,,,Lunch,DoorDash - Takeout,,31.97,2.93,0.00,34.90,0.00,0.00,0.00,NONE,,,,,,,CAPTURED,Other,,,DoorDash,,6692753503,,,,cWWLychYLKCq7,API,,
Cupertino,600000035086986503,600000035086987054,12,1/28/25 12:03 PM,1/28/25 12:03 PM,600000035086987004,12,DD 457cc4c0 Sri V,Default Online Ordering,,,Lunch,DoorDash - Delivery,,49.47,0.00,0.00,49.47,0.00,0.00,0.00,NONE,,,,,,,CAPTURED,Other,,,DoorDash,,8552228111,,,,FNPpxRFzYsryp,API,,
Cupertino,600000035087085491,600000035087082072,15,1/28/25 12:05 PM,1/28/25 12:05 PM,600000035087082071,15,,zhengyu chen,,,Lunch,Take Out,,33.44,0.00,0.00,33.44,33.44,0.00,0.00,NONE,,,,,,,CAPTURED,Credit,,Mastercard,,,,5058,0.00,,YLpYFNCxtWRgp,In Store,,
Cupertino,600000035087485086,600000035086529237,6,1/28/25 12:20 PM,1/28/25 11:50 AM,600000035086529187,6,,Default Online Ordering,A5,Dining Room,Lunch,Dine In,,82.13,16.43,0.00,98.56,98.56,0.00,0.00,NONE,,,,,,,CAPTURED,Credit,,Visa,,,,2499,0.00,,mLNpqLpWbRL7g,In Store,,
Cupertino,600000035087526268,600000035086396382,11,1/28/25 12:21 PM,1/28/25 11:58 AM,600000035086396332,11,,Default Online Ordering,A2,Dining Room,Lunch,Dine In,,32.53,4.88,0.00,37.41,37.41,0.00,0.00,NONE,,,,,,,CAPTURED,Credit,,Visa,,,,3266,0.00,,XNPhmR99kdFNb,In Store,,
Cupertino,600000035087540640,600000035086458592,5,1/28/25 12:22 PM,1/28/25 11:47 AM,600000035086458542,5,,Default Online Ordering,A3,Dining Room,Lunch,Dine In,,26.85,0.00,0.00,26.85,0.00,0.00,50.00,NONE,,,,,,,CAPTURED,Cash,,,,,,,,,CLyfKYLyRPgsP,In Store,,
Cupertino,600000035087590363,600000035086678909,10,1/28/25 12:24 PM,1/28/25 11:52 AM,600000035086678859,10,,Default Online Ordering,A7,Dining Room,Lunch,Dine In,,54.30,11.86,0.00,66.16,66.16,0.00,0.00,NONE,,,,,,,CAPTURED,Credit,,Visa,,,,2574,0.00,,TPjRLhtgkkFyH,In Store,,
Cupertino,600000035087599845,600000035087630940,28,1/28/25 12:37 PM,1/28/25 12:37 PM,600000035087630890,28,DD e19fd83e Alex G,Default Online Ordering,,,Lunch,DoorDash - Delivery,,21.01,0.00,0.00,21.01,0.00,0.00,0.00,NONE,,,,,,,CAPTURED,Other,,,DoorDash,,8552228111,,,,Fn9wLwb97JkNk,API,,
Cupertino,600000035087693041,600000035087717189,29,1/28/25 12:37 PM,1/28/25 12:37 PM,600000035087717139,29,SF f2f54388 PickUp-Jeyson M,Default Online Ordering,,,Lunch,DoorDash - Takeout,,24.55,0.00,0.00,24.55,0.00,0.00,0.00,NONE,,,,,,,CAPTURED,Other,,,DoorDash,,6694009105,,,,nJbxm9nz9dzfg,API,,
Cupertino,600000035087989166,600000035087445951,20,1/28/25 12:39 PM,1/28/25 12:19 PM,600000035087445901,20,,Default Online Ordering,B4,Dining Room,Lunch,Dine In,,25.21,3.78,0.00,28.99,28.99,0.00,0.00,NONE,,,,,,,CAPTURED,Credit,,Mastercard,,,,5260,0.00,,JFzJfHbzhdrjF,In Store,,
Cupertino,600000035088043600,600000035087705078,25,1/28/25 12:42 PM,1/28/25 12:28 PM,600000035087705077,25,,zhengyu chen,B7,Dining Room,Lunch,Dine In,,16.59,0.00,0.00,16.59,16.59,0.00,0.00,NONE,,,,,,,CAPTURED,Credit,,Visa,,,8148528091,2027,0.00,,gxwyxxwwTHgtz,In Store,,
Cupertino,600000035088118391,600000035086877695,14,1/28/25 12:45 PM,1/28/25 12:04 PM,600000035086877645,14,,Default Online Ordering,A6,Dining Room,Lunch,Dine In,,16.59,2.99,0.00,19.58,19.58,0.00,0.00,NONE,,,,,,,CAPTURED,Credit,,Visa,,,,2154,0.00,,gxRHfsXCN9qcp,In Store,,
Cupertino,600000035088131665,600000035086433241,13,1/28/25 12:45 PM,1/28/25 12:03 PM,600000035086433141,13,,Default Online Ordering,A6,Dining Room,Lunch,Dine In,,26.51,4.77,0.00,31.28,31.28,0.00,0.00,NONE,,,,,,,CAPTURED,Credit,,Visa,,,,4438,0.00,,kqWtRCXgChdtd,In Store,,
Cupertino,600000035088147905,600000035087187737,19,1/28/25 12:46 PM,1/28/25 12:15 PM,600000035087187687,19,,Default Online Ordering,B1,Dining Room,Lunch,Dine In,,46.93,7.04,0.00,53.97,53.97,0.00,0.00,NONE,,,,,,,CAPTURED,Credit,,Mastercard,,,,5461,0.00,,HW9JXzTPCj9yc,In Store,,
Cupertino,600000035088252386,600000035087182336,18,1/28/25 12:50 PM,1/28/25 12:09 PM,600000035087182335,18,,zhengyu chen,A1,Dining Room,Lunch,Dine In,,19.48,0.00,0.00,19.48,19.48,0.00,0.00,NONE,,,,,,,CAPTURED,Credit,,Visa,,,,1692,0.00,,y7wycy7msX9Ym,In Store,,
Cupertino,600000035088293951,600000035087456429,24,1/28/25 12:52 PM,1/28/25 12:25 PM,600000035087456379,24,,Default Online Ordering,B5,Dining Room,Lunch,Dine In,,30.34,4.55,0.00,34.89,34.89,0.00,0.00,NONE,,,,,,,CAPTURED,Credit,,Visa,,,,0712,0.00,,yPrztgFbxqdws,In Store,,
Cupertino,600000035088340246,600000035087722633,26,1/28/25 12:54 PM,1/28/25 12:29 PM,600000035087722632,26,,zhengyu chen,A2,Dining Room,Lunch,Dine In,,19.97,3.00,0.00,22.97,22.97,0.00,0.00,NONE,,,,,,,CAPTURED,Credit,,Mastercard,,,,1224,0.00,,LCnNWYjHJWsMp,In Store,,
Cupertino,600000035088402769,600000035087411615,21,1/28/25 12:57 PM,1/28/25 12:19 PM,600000035087411565,21,,Default Online Ordering,B2,Dining Room,Lunch,Dine In,,13.15,1.97,0.00,15.12,15.12,0.00,0.00,NONE,,,,,,,CAPTURED,Credit,,Mastercard,,,,5114,0.00,,xWJRtw7Yd7tHT,In Store,,
Cupertino,600000035088515988,600000035087400473,22,1/28/25 1:01 PM,1/28/25 12:20 PM,600000035087400423,22,,Default Online Ordering,B2,Dining Room,Lunch,Dine In,,31.66,4.75,0.00,36.41,36.41,0.00,0.00,NONE,,,,,,,CAPTURED,Credit,,Visa,,,,6333,0.00,,yTJmtjJjrwyNz,In Store,,
Cupertino,600000035088678735,600000035087456408,23,1/28/25 1:08 PM,1/28/25 12:21 PM,600000035087456358,23,,Default Online Ordering,B6,Dining Room,Lunch,Dine In,,44.04,8.81,0.00,52.85,52.85,0.00,0.00,NONE,,,,,,,CAPTURED,Credit,,Visa,,,,7579,0.00,,FgRtr9jWTPjPL,In Store,,
Cupertino,600000035088710156,600000035088678961,32,1/28/25 1:10 PM,1/28/25 1:10 PM,600000035088674262,32,DD c96c0a64 Krystal M,Default Online Ordering,,,Lunch,DoorDash - Delivery,,55.36,0.00,0.00,55.36,0.00,0.00,0.00,NONE,,,,,,,CAPTURED,Other,,,DoorDash,,8552228111,,,,rWTzzPjPJtgw9,API,,
Cupertino,600000035089440458,600000035088786912,33,1/28/25 1:38 PM,1/28/25 1:15 PM,600000035088786862,33,,Default Online Ordering,A1,Dining Room,Lunch,Dine In,,19.48,2.92,0.00,22.40,22.40,0.00,0.00,NONE,,,,,,,CAPTURED,Credit,,Visa,,,,1060,0.00,,tnKhWr9gpnxzm,In Store,,
Cupertino,600000035089509320,600000035088535976,31,1/28/25 1:41 PM,1/28/25 1:09 PM,600000035088535926,31,,Default Online Ordering,A6,Dining Room,Lunch,Dine In,,37.08,6.67,0.00,43.75,43.75,0.00,0.00,NONE,,,,,,,CAPTURED,Credit,,Visa,,,,8346,0.00,,TwCtdRrnsRMcT,In Store,,
Cupertino,600000035089906539,600000035089011449,36,1/28/25 1:56 PM,1/28/25 1:31 PM,600000035089011399,36,,Default Online Ordering,A2,Dining Room,Lunch,Dine In,,26.51,3.98,0.00,30.49,30.49,0.00,0.00,NONE,,,,,,,CAPTURED,Credit,,Visa,,,,2380,0.00,,ngwkMWCmWjCHF,In Store,,
Cupertino,600000035089927098,600000035089090320,34,1/28/25 1:57 PM,1/28/25 1:29 PM,600000035089090270,34,,Default Online Ordering,A3,Dining Room,Lunch,Dine In,,46.28,5.00,0.00,51.28,51.28,0.00,0.00,NONE,,,,,,,CAPTURED,Credit,,Discover,,,,7737,0.00,,PycWs7TYgKCCq,In Store,,
Cupertino,600000035089970949,600000035089165786,37,1/28/25 1:59 PM,1/28/25 1:37 PM,600000035089165736,37,,Default Online Ordering,B6,Dining Room,Lunch,Dine In,,100.51,0.00,0.00,100.51,100.51,0.00,0.00,NONE,,,,,,,CAPTURED,Credit,,Visa,,,,3932,0.00,,ftMfTmrxWCJsr,In Store,,
Cupertino,600000035090430864,600000035087553429,27,1/28/25 2:15 PM,1/28/25 12:31 PM,600000035087553379,27,,Default Online Ordering,A4,Dining Room,Lunch,Dine In,,87.70,15.79,0.00,103.49,103.49,0.00,0.00,NONE,,,,,,,CAPTURED,Credit,,Visa,,,,2879,0.00,,NXYWcWCNKrtrN,In Store,,
Cupertino,600000035090628097,600000035090020484,39,1/28/25 2:21 PM,1/28/25 2:01 PM,600000035090020483,39,,zhengyu chen,A6,Dining Room,Lunch,Dine In,,37.08,4.00,0.00,41.08,41.08,0.00,0.00,NONE,,,,,,,CAPTURED,Credit,,Mastercard,,,,5200,0.00,,bqqFRrNPHHgWY,In Store,,
Cupertino,600000035090706460,600000035089845900,38,1/28/25 2:24 PM,1/28/25 1:54 PM,600000035089840602,38,,Default Online Ordering,A7,Dining Room,Lunch,Dine In,,86.60,12.99,0.00,99.59,99.59,0.00,0.00,NONE,,,,,,,CAPTURED,Credit,,Visa,,,,6961,0.00,,PYsyCXqjsHPXt,In Store,,
Cupertino,600000035090769118,600000035090765965,41,1/28/25 2:26 PM,1/28/25 2:25 PM,600000035090765964,41,,zhengyu chen,,,Lunch,Take Out,,8.62,0.00,0.00,8.62,8.62,0.00,0.00,NONE,,,,,,,CAPTURED,Credit,,Visa,,,,7869,0.00,,LmkMb9dtYw9pK,In Store,,
Cupertino,600000035090893537,600000035091152256,45,1/28/25 2:39 PM,1/28/25 2:39 PM,600000035091152206,45,DD 8d153a4e PickUp-Melissa M,Default Online Ordering,,,Lunch,DoorDash - Takeout,,27.44,0.00,0.00,27.44,0.00,0.00,0.00,NONE,,,,,,,CAPTURED,Other,,,DoorDash,,8552228111,,,,Fx7FNNmHkqgLd,API,,
Cupertino,600000035091696864,600000035091669923,47,1/28/25 2:55 PM,1/28/25 2:55 PM,600000035091669873,47,DD 0cf4524c PickUp-Rondu G,Default Online Ordering,,,Lunch,DoorDash - Takeout,,18.82,0.00,0.00,18.82,0.00,0.00,0.00,NONE,,,,,,,CAPTURED,Other,,,DoorDash,,8552228111,,,,TLMNbCsMMfcNg,API,,
Cupertino,600000035092114480,600000035091412521,46,1/28/25 3:04 PM,1/28/25 2:44 PM,600000035091412518,46,,zhengyu chen,,,Lunch,Take Out,,32.58,0.00,0.00,32.58,32.58,0.00,0.00,NONE,,,,,,,CAPTURED,Credit,,Visa,,,6303058256,3591,0.00,,Ycnr9LdXsfxNN,In Store,,
Cupertino,600000035092129452,600000035090901276,44,1/28/25 3:04 PM,1/28/25 2:35 PM,600000035090901226,44,,Default Online Ordering,A5,Dining Room,Lunch,Dine In,,41.61,6.24,0.00,47.85,0.00,0.00,0.00,NONE,,,,,,,CAPTURED,Credit,,Visa,,,,8218,0.00,,nkhWNtrt7mtFN,In Store,,
Cupertino,600000035092147402,600000035090612633,43,1/28/25 3:04 PM,1/28/25 2:31 PM,600000035090612583,43,,Default Online Ordering,A5,Dining Room,Lunch,Dine In,,26.51,3.98,0.00,30.49,30.49,0.00,0.00,NONE,,,,,,,CAPTURED,Credit,,Mastercard,,,+14088577936,2338,0.00,,jbpbMdcLy7M7J,In Store,,
Cupertino,600000035092348752,600000035092214483,49,1/28/25 3:10 PM,1/28/25 3:10 PM,600000035092214433,49,DD bd108973 Peter L,Default Online Ordering,,,Lunch,DoorDash - Delivery,,44.94,0.00,0.00,44.94,0.00,0.00,0.00,NONE,,,,,,,CAPTURED,Other,,,DoorDash,,8552228111,,,,fyPPrtfxjJTMC,API,,
Cupertino,600000035092491411,600000035090334330,40,1/28/25 3:13 PM,1/28/25 2:19 PM,600000035090334280,40,,Default Online Ordering,A3,Dining Room,Lunch,Dine In,,37.66,5.65,0.00,43.31,43.31,0.00,0.00,NONE,,,,,,,CAPTURED,Credit,,Mastercard,,,,7436,0.00,,d9XrpyLYLXKtr,In Store,,
Cupertino,600000035093272173,600000035093243632,51,1/28/25 3:35 PM,1/28/25 3:35 PM,600000035093243582,51,DD eb5d7e98 Dewi H,Default Online Ordering,,,Lunch,DoorDash - Delivery,,31.48,0.00,0.00,31.48,0.00,0.00,0.00,NONE,,,,,,,CAPTURED,Other,,,DoorDash,,8552228111,,,,bnCMtRLNymTFP,API,,
Cupertino,600000035093783946,600000035092153107,48,1/28/25 3:42 PM,1/28/25 3:06 PM,600000035092153057,48,,Default Online Ordering,A2,Dining Room,Lunch,Dine In,,44.04,6.61,0.00,50.65,0.00,0.00,0.00,NONE,,,,,,,CAPTURED,Credit,,Visa,,,,8847,0.00,,XHTxLfsR99MYx,In Store,,
Cupertino,600000035094052496,600000035094249874,52,1/28/25 3:56 PM,1/28/25 3:56 PM,600000035094249824,52,DD 3390cf34 Andrea G,Default Online Ordering,,,Lunch,DoorDash - Delivery,,55.36,0.00,0.00,55.36,0.00,0.00,0.00,NONE,,,,,,,CAPTURED,Other,,,DoorDash,,8552228111,,,,XhzLsphdCgftN,API,,
Cupertino,600000035094768142,600000035094891276,55,1/28/25 4:10 PM,1/28/25 4:10 PM,600000035094886777,55,DD 9d5db19b Alice C,Default Online Ordering,,,Dinner,DoorDash - Delivery,,61.36,0.00,0.00,61.36,0.00,0.00,0.00,NONE,,,,,,,CAPTURED,Other,,,DoorDash,,8552228111,,,,f9nsJbsp7Ct9d,API,,
Cupertino,600000035095099892,600000035095268429,58,1/28/25 4:21 PM,1/28/25 4:21 PM,600000035095258380,58,DD 331a0983 Olivia J,Default Online Ordering,,,Dinner,DoorDash - Delivery,,19.10,0.00,0.00,19.10,0.00,0.00,0.00,NONE,,,,,,,CAPTURED,Other,,,DoorDash,,8552228111,,,,jhrgyscLwR7rC,API,,
Cupertino,600000035095260847,600000035095434774,61,1/28/25 4:23 PM,1/28/25 4:23 PM,600000035095434724,61,DD ffce3c62 Vivienne Z,Default Online Ordering,,,Dinner,DoorDash - Delivery,,43.98,0.00,0.00,43.98,0.00,0.00,0.00,NONE,,,,,,,CAPTURED,Other,,,DoorDash,,8552228111,,,,Fh7CWTP7skJt7,API,,
Cupertino,600000035095306142,600000035095603453,60,1/28/25 4:23 PM,1/28/25 4:23 PM,600000035095603403,60,DD b02618b7 Brandy W,Default Online Ordering,,,Dinner,DoorDash - Delivery,,14.40,0.00,0.00,14.40,0.00,0.00,0.00,NONE,,,,,,,CAPTURED,Other,,,DoorDash,,8552228111,,,,nLbyqJRYfzYXC,API,,
Cupertino,600000035095394081,600000035095387985,56,1/28/25 4:17 PM,1/28/25 4:16 PM,600000035095387983,56,,xin Meng,,,Dinner,Take Out,,24.17,0.00,0.00,24.17,24.17,0.00,0.00,NONE,,,,,,,CAPTURED,Credit,,Visa,,,,7244,0.00,,XJgwNtKxKY9Rj,In Store,,
Cupertino,600000035095504917,600000035095544016,59,1/28/25 4:22 PM,1/28/25 4:22 PM,600000035095543966,59,SF e6f95445 PickUp-Sonya F,Default Online Ordering,,,Dinner,DoorDash - Takeout,,42.83,0.00,0.00,42.83,0.00,0.00,0.00,NONE,,,,,,,CAPTURED,Other,,,DoorDash,,4083689614,,,,LLMKgfFfLhYsk,API,,
Cupertino,600000035095521626,600000035095505171,57,1/28/25 4:20 PM,1/28/25 4:18 PM,600000035095505170,57,,xin Meng,,,Dinner,Take Out,,28.44,4.27,0.00,32.71,32.71,0.00,0.00,NONE,,,,,,,CAPTURED,Credit,,Visa,,,+14083489207,6192,0.00,,ffpgtFnygWHtx,In Store,,
Cupertino,600000035095548327,600000035095485882,62,1/28/25 4:25 PM,1/28/25 4:25 PM,600000035095485832,62,DD 9330eb73 PickUp-Viviane N,Default Online Ordering,,,Dinner,DoorDash - Takeout,,10.86,0.00,0.00,10.86,0.00,0.00,0.00,NONE,,,,,,,CAPTURED,Other,,,DoorDash,,8552228111,,,,tbmrMPPWxrFMw,API,,
Cupertino,600000035095638898,600000035095670640,63,1/28/25 4:29 PM,1/28/25 4:29 PM,600000035095670590,63,DD 69cac317 Aiden C,Default Online Ordering,,,Dinner,DoorDash - Delivery,,41.30,0.00,0.00,41.30,0.00,0.00,0.00,NONE,,,,,,,CAPTURED,Other,,,DoorDash,,8552228111,,,,799CwdtdhkqLN,API,,
Cupertino,600000035095935155,600000035093062427,50,1/28/25 4:29 PM,1/28/25 3:30 PM,600000035093062377,50,,Default Online Ordering,A6,Dining Room,Lunch,Dine In,,69.74,11.50,0.00,81.24,0.00,0.00,0.00,NONE,,,,,,,CAPTURED,Credit,,Visa,,,,1374,0.00,,MXmmRRPLhbKrT,In Store,,
Cupertino,600000035096022030,600000035096105820,67,1/28/25 4:37 PM,1/28/25 4:37 PM,600000035096105770,67,DD c21b9c0c PickUp-Stephanie M,Default Online Ordering,,,Dinner,DoorDash - Takeout,,46.92,0.00,0.00,46.92,0.00,0.00,0.00,NONE,,,,,,,CAPTURED,Other,,,DoorDash,,8552228111,,,,pMHWwYW7RmJJR,API,,
Cupertino,600000035096033353,600000035095875981,66,1/28/25 4:32 PM,1/28/25 4:32 PM,600000035095848732,66,DD 8b0eb03e Helen L,Default Online Ordering,,,Dinner,DoorDash - Delivery,,21.66,0.00,0.00,21.66,0.00,0.00,0.00,NONE,,,,,,,CAPTURED,Other,,,DoorDash,,8552228111,,,,9dFjcMngmKzPc,API,,
Cupertino,600000035096119274,600000035094342067,54,1/28/25 4:33 PM,1/28/25 3:58 PM,600000035094342017,54,,Default Online Ordering,A1,Dining Room,Lunch,Dine In,,78.10,0.00,0.00,78.10,0.00,0.00,0.00,NONE,,,,,,,CAPTURED,Credit,,Discover,,,,7446,0.00,,zjmqxLMYxhhLz,In Store,,
Cupertino,600000035096249002,600000035094455858,53,1/28/25 4:36 PM,1/28/25 3:58 PM,600000035094455808,53,,Default Online Ordering,A4,Dining Room,Lunch,Dine In,,58.61,8.79,0.00,67.40,67.40,0.00,0.00,NONE,,,,,,,CAPTURED,Credit,,Visa,,,,7563,0.00,,zLw9kbm9gxjHJ,In Store,,
Cupertino,600000035097012543,600000035097326117,74,1/28/25 5:04 PM,1/28/25 5:04 PM,600000035097326067,74,DD d74327fd Loretta C,Default Online Ordering,,,Dinner,DoorDash - Delivery,,83.68,0.00,0.00,83.68,0.00,0.00,0.00,NONE,,,,,,,CAPTURED,Other,,,DoorDash,,8552228111,,,,Rg7RrMWFcdrRq,API,,
Cupertino,600000035097039890,600000035097133128,73,1/28/25 5:01 PM,1/28/25 5:01 PM,600000035097133078,73,DD 14e18ce6 Masumi H,Default Online Ordering,,,Dinner,DoorDash - Delivery,,55.76,0.00,0.00,55.76,0.00,0.00,0.00,NONE,,,,,,,CAPTURED,Other,,,DoorDash,,8552228111,,,,nJgjPbsT7xfMc,API,,
Cupertino,600000035097727506,600000035097594273,75,1/28/25 5:13 PM,1/28/25 5:13 PM,600000035097594223,75,SF 1f724974 PickUp-Winnie L,Default Online Ordering,,,Dinner,DoorDash - Takeout,,27.44,2.51,0.00,29.95,0.00,0.00,0.00,NONE,,,,,,,CAPTURED,Other,,,DoorDash,,5104492565,,,,njFxNCJcMLxMC,API,,
Cupertino,600000035097767872,600000035096015993,64,1/28/25 5:12 PM,1/28/25 4:30 PM,600000035096015992,64,,xin Meng,,,Dinner,Take Out,,71.93,10.79,0.00,82.72,82.72,0.00,0.00,NONE,,,,,,,CAPTURED,Credit,,Visa,,,,0336,0.00,,9qCkmtmntrpCf,In Store,,
Cupertino,600000035097861026,600000035097824379,76,1/28/25 5:22 PM,1/28/25 5:22 PM,600000035097824180,76,DD 416dd952 Yimeng T,Default Online Ordering,,,Dinner,DoorDash - Delivery,,18.33,0.00,0.00,18.33,0.00,0.00,0.00,NONE,,,,,,,CAPTURED,Other,,,DoorDash,,8552228111,,,,T9cxTftHmLjgm,API,,
Cupertino,600000035098181961,600000035097853842,78,1/28/25 5:27 PM,1/28/25 5:27 PM,600000035097853792,78,DD bfd0b9bf Paul H,Default Online Ordering,,,Dinner,DoorDash - Delivery,,72.35,0.00,0.00,72.35,0.00,0.00,0.00,NONE,,,,,,,CAPTURED,Other,,,DoorDash,,8552228111,,,,PWYRKjLmnfMhj,API,,
Cupertino,600000035098231334,600000035096113748,69,1/28/25 5:24 PM,1/28/25 4:42 PM,600000035096113698,69,,Default Online Ordering,A7,Dining Room,Dinner,Dine In,,115.37,17.31,0.00,132.68,132.68,0.00,0.00,NONE,,,,,,,CAPTURED,Credit,,Visa,,,,5315,0.00,,HW7bKXJ7dkmtX,In Store,,
Cupertino,600000035098233169,600000035098359752,81,1/28/25 5:28 PM,1/28/25 5:28 PM,600000035098359702,81,DD f78f0482 PickUp-Po-Hsiang W,Default Online Ordering,,,Dinner,DoorDash - Takeout,,37.65,0.00,0.00,37.65,0.00,0.00,0.00,NONE,,,,,,,CAPTURED,Other,,,DoorDash,,8552228111,,,,bmPcqhmpFngqP,API,,
Cupertino,600000035098328480,600000035098580850,84,1/28/25 5:33 PM,1/28/25 5:33 PM,600000035098578601,84,SF b4bb6e83 PickUp-Mercedes S,Default Online Ordering,,,Dinner,DoorDash - Takeout,,18.82,1.72,0.00,20.54,0.00,0.00,0.00,NONE,,,,,,,CAPTURED,Other,,,DoorDash,,5304577364,,,,ddbFJJsHh7Wfm,API,,
Cupertino,600000035098369596,600000035098365328,79,1/28/25 5:28 PM,1/28/25 5:28 PM,600000035098365325,79,Ricky,Jaylan Penney,,,Dinner,Take Out,,10.86,0.00,0.00,10.86,10.86,0.00,0.00,NONE,,,,,,,CAPTURED,Credit,,Mastercard,,,,6479,0.00,,wFF9pCqfdtrfP,In Store,,
Cupertino,600000035098538604,600000035098532334,82,1/28/25 5:32 PM,1/28/25 5:32 PM,600000035098532333,82,Amber,Jaylan Penney,,,Dinner,Take Out,,25.21,0.00,0.00,25.21,25.21,0.00,0.00,NONE,,,,,,,CAPTURED,Credit,,Visa,,,,3346,0.00,,rkFxy9FmFbdrW,In Store,,
Cupertino,600000035098634830,600000035098481047,86,1/28/25 5:42 PM,1/28/25 5:42 PM,600000035098471498,86,DD bf8a9cf4 Stephanie M,Default Online Ordering,,,Dinner,DoorDash - Delivery,,67.20,0.00,0.00,67.20,0.00,0.00,0.00,NONE,,,,,,,CAPTURED,Other,,,DoorDash,,8552228111,,,,pjsfPn9crYHzK,API,,
Cupertino,600000035098754359,600000035097288965,72,1/28/25 5:38 PM,1/28/25 5:00 PM,600000035097288964,72,Jennie Lee,xin Meng,A5,Dining Room,Dinner,Dine In,,53.05,7.96,0.00,61.01,61.01,0.00,0.00,NONE,,,,,,,CAPTURED,Credit,,Visa,,jennietsaolee@gmail.com,6508888585,7956,0.00,,txnbdYHxcXfcN,In Store,,
Cupertino,600000035098890481,600000035099211803,89,1/28/25 5:54 PM,1/28/25 5:54 PM,600000035099196406,89,SF 175ccf69 PickUp-Jennifer C,Default Online Ordering,,,Dinner,DoorDash - Takeout,,61.66,0.00,0.00,61.66,0.00,0.00,0.00,NONE,,,,,,,CAPTURED,Other,,,DoorDash,,6508228225,,,,RxrgW9qqpF7kR,API,,
Cupertino,600000035099007281,600000035096908933,70,1/28/25 5:45 PM,1/28/25 4:58 PM,600000035096908833,70,,Default Online Ordering,A3,Dining Room,Dinner,Dine In,,19.98,3.60,0.00,23.58,23.58,0.00,0.00,NONE,,,,,,,CAPTURED,Credit,,Visa,,,,5938,0.00,,MWjqqtRWgTgTk,In Store,,
Cupertino,600000035099014008,600000035096908933,70,1/28/25 5:45 PM,1/28/25 4:58 PM,600000035096908833,70,,Default Online Ordering,A3,Dining Room,Dinner,Dine In,,19.97,3.00,0.00,22.97,22.97,0.00,0.00,NONE,,,,,,,CAPTURED,Credit,,Visa,,,,2873,0.00,,nPbwkhmPzjbkq,In Store,,
Cupertino,600000035099245398,600000035099302082,93,1/28/25 6:03 PM,1/28/25 6:03 PM,600000035099302032,93,DD 5625e964 Priyansha S,Default Online Ordering,,,Dinner,DoorDash - Delivery,,21.66,0.00,0.00,21.66,0.00,0.00,0.00,NONE,,,,,,,CAPTURED,Other,,,DoorDash,,8552228111,,,,crztd7nyjfqHt,API,,
Cupertino,600000035099392855,600000035098329497,77,1/28/25 5:57 PM,1/28/25 5:27 PM,600000035098329496,77,,Jaylan Penney,A4,Dining Room,Dinner,Dine In,,57.19,11.44,0.00,68.63,68.63,0.00,0.00,NONE,,,,,,,CAPTURED,Credit,,Visa,,,,3066,0.00,,77zdkJNtWkssx,In Store,,
Cupertino,600000035099456224,600000035099451094,90,1/28/25 5:58 PM,1/28/25 5:58 PM,600000035099451092,90,,zhengyu chen,,,Dinner,Take Out,,7.97,1.20,0.00,9.17,9.17,0.00,0.00,NONE,,,,,,,CAPTURED,Credit,,Visa,,,,5422,0.00,,MLHRbRhzj9Kzz,In Store,,
Cupertino,600000035099534750,600000035098536034,85,1/28/25 6:01 PM,1/28/25 5:39 PM,600000035098531435,85,,Default Online Ordering,A2,Dining Room,Dinner,Dine In,,38.96,7.01,0.00,45.97,45.97,0.00,0.00,NONE,,,,,,,CAPTURED,Credit,,Visa,,,,2276,0.00,,phktj7tMHmWrP,In Store,,
Cupertino,600000035099648383,600000035099680978,94,1/28/25 6:13 PM,1/28/25 6:13 PM,600000035099639981,94,SF f3d71e19 PickUp-Nguyen T,Default Online Ordering,,,Dinner,DoorDash - Takeout,,60.02,0.00,0.00,60.02,0.00,0.00,0.00,NONE,,,,,,,CAPTURED,Other,,,DoorDash,,4083269585,,,,HcMJMFpbTwMzM,API,,
Cupertino,600000035099648398,600000035099680992,98,1/28/25 6:18 PM,1/28/25 6:18 PM,600000035099639995,98,SF 7c29248c PickUp-Sisi L,Default Online Ordering,,,Dinner,DoorDash - Takeout,,29.68,0.00,0.00,29.68,0.00,0.00,0.00,NONE,,,,,,,CAPTURED,Other,,,DoorDash,,5204402513,,,,bbdNHpr9hjLbR,API,,
Cupertino,600000035099831510,600000035099582889,95,1/28/25 6:13 PM,1/28/25 6:13 PM,600000035099582789,95,DD 46f3b2c0 Georgette G,Default Online Ordering,,,Dinner,DoorDash - Delivery,,132.70,0.00,0.00,132.70,0.00,0.00,0.00,NONE,,,,,,,CAPTURED,Other,,,DoorDash,,8552228111,,,,Wbxc7xzFhxgjs,API,,
Cupertino,600000035099868313,600000035099906259,97,1/28/25 6:15 PM,1/28/25 6:15 PM,600000035099897560,97,DD de17b522 Amy C,Default Online Ordering,,,Dinner,DoorDash - Delivery,,52.14,0.00,0.00,52.14,0.00,0.00,0.00,NONE,,,,,,,CAPTURED,Other,,,DoorDash,,8552228111,,,,jbTKJ999ctPnN,API,,
Cupertino,600000035100013786,600000035100293203,102,1/28/25 6:27 PM,1/28/25 6:27 PM,600000035100275955,102,DD 08fa8d10 Tin L,Default Online Ordering,,,Dinner,DoorDash - Delivery,,22.43,0.00,0.00,22.43,0.00,0.00,0.00,NONE,,,,,,,CAPTURED,Other,,,DoorDash,,8552228111,,,,mjmJfzwrwMmjK,API,,
Cupertino,600000035100140281,600000035100071087,104,1/28/25 6:29 PM,1/28/25 6:29 PM,600000035100064088,104,DD cf5ffb54 Garima B,Default Online Ordering,,,Dinner,DoorDash - Delivery,,18.33,0.00,0.00,18.33,0.00,0.00,0.00,NONE,,,,,,,CAPTURED,Other,,,DoorDash,,8552228111,,,,dyjchKfbtfxmp,API,,
Cupertino,600000035100318907,600000035099090154,88,1/28/25 6:27 PM,1/28/25 5:49 PM,600000035099090104,88,,Default Online Ordering,A6,Dining Room,Dinner,Dine In,,45.68,6.85,0.00,52.53,52.53,0.00,0.00,NONE,,,,,,,CAPTURED,Credit,,Visa,,,,4590,0.00,,XzjYkjMybbtcb,In Store,,
Cupertino,600000035100340113,600000035100400105,105,1/28/25 6:31 PM,1/28/25 6:31 PM,600000035100397156,105,SF 802d8b08 David T,Default Online Ordering,,,Dinner,DoorDash - Delivery,,54.89,0.00,0.00,54.89,0.00,0.00,0.00,NONE,,,,,,,CAPTURED,Other,,,DoorDash,,4088393377,,,,PKhq7ty9jKzPr,API,,
Cupertino,600000035100375210,600000035100418453,106,1/28/25 6:31 PM,1/28/25 6:31 PM,600000035100415804,106,DD 1501113a Madie W,Default Online Ordering,,,Dinner,DoorDash - Delivery,,19.10,0.00,0.00,19.10,0.00,0.00,0.00,NONE,,,,,,,CAPTURED,Other,,,DoorDash,,8552228111,,,,PyfRpdYKhrhHw,API,,
Cupertino,600000035100413973,600000035098820166,87,1/28/25 6:30 PM,1/28/25 5:43 PM,600000035098820116,87,,Default Online Ordering,B4,Dining Room,Dinner,Dine In,,83.17,0.00,0.00,83.17,83.17,0.00,0.00,NONE,,,,,,,CAPTURED,Credit,,Visa,,,,3290,0.00,,pzjKJfHTCzCML,In Store,,
Cupertino,600000035100480437,600000035100722051,112,1/28/25 6:42 PM,1/28/25 6:42 PM,600000035100718253,112,DD d893f53a Manini G,Default Online Ordering,,,Dinner,DoorDash - Delivery,,18.33,0.00,0.00,18.33,0.00,0.00,0.00,NONE,,,,,,,CAPTURED,Other,,,DoorDash,,8552228111,,,,dwrMjxRFJXckr,API,,
Cupertino,600000035100704414,600000035099549669,92,1/28/25 6:41 PM,1/28/25 6:01 PM,600000035099549667,92,,zhengyu chen,B1,Dining Room,Dinner,Dine In,,64.40,9.66,0.00,74.06,74.06,0.00,0.00,NONE,,,,,,,CAPTURED,Credit,,Visa,,,,9039,0.00,,sYztsr7RYYXmz,In Store,,
Cupertino,600000035100717386,600000035100745231,117,1/28/25 6:52 PM,1/28/25 6:52 PM,600000035100740032,117,DD 5fe24ae0 Caroline T,Default Online Ordering,,,Dinner,DoorDash - Delivery,,24.99,0.00,0.00,24.99,0.00,0.00,0.00,NONE,,,,,,,CAPTURED,Other,,,DoorDash,,8552228111,,,,rcsc9cWKK9Psg,API,,
Cupertino,600000035100826794,600000035100974868,119,1/28/25 6:59 PM,1/28/25 6:59 PM,600000035100963719,119,SF 5368fc21 PickUp-Judy S,Default Online Ordering,,,Dinner,DoorDash - Takeout,,46.27,6.36,0.00,52.63,0.00,0.00,0.00,NONE,,,,,,,CAPTURED,Other,,,DoorDash,,4082396240,,,,jpdpdkXbkKyxc,API,,
Cupertino,600000035100863484,600000035100910175,118,1/28/25 6:56 PM,1/28/25 6:56 PM,600000035100903376,118,DD f306a8f0 Tao Wen C,Default Online Ordering,,,Dinner,DoorDash - Delivery,,28.26,0.00,0.00,28.26,0.00,0.00,0.00,NONE,,,,,,,CAPTURED,Other,,,DoorDash,,8552228111,,,,Wkx7RksjXczLp,API,,
Cupertino,600000035100937392,600000035100874893,122,1/28/25 7:02 PM,1/28/25 7:02 PM,600000035100874844,122,SF d1133e32 PickUp-Nicole Asia H,Default Online Ordering,,,Dinner,DoorDash - Takeout,,15.93,1.46,0.00,17.39,0.00,0.00,0.00,NONE,,,,,,,CAPTURED,Other,,,DoorDash,,3473871449,,,,rRxtJKTpCmKhK,API,,
Cupertino,600000035100968275,600000035100343338,109,1/28/25 6:52 PM,1/28/25 6:38 PM,600000035100343289,109,,Default Online Ordering,A7,Dining Room,Dinner,Dine In,,32.74,0.00,0.00,32.74,32.74,0.00,0.00,NONE,,,,,,,CAPTURED,Credit,,Visa,,,,7581,0.00,,cLLXfdgm9j7fk,In Store,,
Cupertino,600000035101073391,600000035099980217,101,1/28/25 6:57 PM,1/28/25 6:20 PM,600000035099980167,101,,Default Online Ordering,A1,Dining Room,Dinner,Dine In,,34.87,5.23,0.00,40.10,40.10,0.00,0.00,NONE,,,,,,,CAPTURED,Credit,,Discover,,,,6135,0.00,,dKpCKRTtYqLXf,In Store,,
Cupertino,600000035101083926,600000035100086321,99,1/28/25 6:57 PM,1/28/25 6:18 PM,600000035100086320,99,,Jaylan Penney,B6,Dining Room,Dinner,Dine In,,44.48,8.01,0.00,52.49,52.49,0.00,0.00,NONE,,,,,,,CAPTURED,Credit,,Visa,,,,3128,0.00,,YChTzyLwRssbM,In Store,,
Cupertino,600000035101124764,600000035099612688,96,1/28/25 6:59 PM,1/28/25 6:15 PM,600000035099610589,96,,Default Online Ordering,A2,Dining Room,Dinner,Dine In,,46.44,6.97,0.00,53.41,53.41,0.00,0.00,NONE,,,,,,,CAPTURED,Credit,,Visa,,,,9288,0.00,,JNbRJXrxbLbty,In Store,,
Cupertino,600000035101161452,600000035100965329,121,1/28/25 7:02 PM,1/28/25 7:02 PM,600000035100959580,121,SF babb66c2 PickUp-Abhishek S,Default Online Ordering,,,Dinner,DoorDash - Takeout,,7.97,0.00,0.00,7.97,0.00,0.00,0.00,NONE,,,,,,,CAPTURED,Other,,,DoorDash,,3103579359,,,,9jdCgWgJfFfqX,API,,
Cupertino,600000035101200851,600000035099644449,100,1/28/25 7:03 PM,1/28/25 6:18 PM,600000035099644299,100,,Default Online Ordering,A4,Dining Room,Dinner,Dine In,,70.71,14.14,0.00,84.85,84.85,0.00,0.00,NONE,,,,,,,CAPTURED,Credit,,Visa,,,,7135,0.00,,HsYzHbLyYPdM9,In Store,,
Cupertino,600000035101262084,600000035101292625,126,1/28/25 7:18 PM,1/28/25 7:18 PM,600000035101270276,126,SF 4e6da048 PickUp-Bryan S,Default Online Ordering,,,Dinner,DoorDash - Takeout,,37.65,5.17,0.00,42.82,0.00,0.00,0.00,NONE,,,,,,,CAPTURED,Other,,,DoorDash,,8165165945,,,,c7Ns7hwYqfxTx,API,,
Cupertino,600000035101349270,600000035100400135,111,1/28/25 7:10 PM,1/28/25 6:42 PM,600000035100397186,111,,Default Online Ordering,C1,Dining Room,Dinner,Dine In,,35.42,7.08,0.00,42.50,42.50,0.00,0.00,NONE,,,,,,,CAPTURED,Credit,,Visa,,,,1587,0.00,,X7zkJHzsrFtzh,In Store,,
Cupertino,600000035101364677,600000035100308068,107,1/28/25 7:11 PM,1/28/25 6:33 PM,600000035100307968,107,,Default Online Ordering,B5,Dining Room,Dinner,Dine In,,70.29,10.54,0.00,80.83,80.83,0.00,0.00,NONE,,,,,,,CAPTURED,Credit,,Mastercard,,,,8175,0.00,,YMrpfbKydPRhL,In Store,,
Cupertino,600000035101371589,600000035100374838,113,1/28/25 7:11 PM,1/28/25 6:45 PM,600000035100374788,113,,Default Online Ordering,B7,Dining Room,Dinner,Dine In,,38.31,6.90,0.00,45.21,45.21,0.00,0.00,NONE,,,,,,,CAPTURED,Credit,,Visa,,goalmx@gmail.com,,3473,0.00,,KhMskMYgkgjJJ,In Store,,
Cupertino,600000035101388664,600000035100152530,103,1/28/25 7:12 PM,1/28/25 6:27 PM,600000035100145981,103,,Default Online Ordering,A3,Dining Room,Dinner,Dine In,,52.50,7.88,0.00,60.38,60.38,0.00,0.00,NONE,,,,,,,CAPTURED,Credit,,Visa,,,,7923,0.00,,hrhJpPnrzmTjx,In Store,,
Cupertino,600000035101413390,600000035101345799,129,1/28/25 7:30 PM,1/28/25 7:30 PM,600000035101712551,129,SF 2c3a0749 PickUp-AyFeng L,Default Online Ordering,,,Dinner,DoorDash - Takeout,,40.54,0.00,0.00,40.54,0.00,0.00,0.00,NONE,,,,,,,CAPTURED,Other,,,DoorDash,,6509964540,,,,tCx7rFcxgcwHN,API,,
Cupertino,600000035101439780,600000035101624554,128,1/28/25 7:26 PM,1/28/25 7:26 PM,600000035101612508,128,DD 08947c39 Shania S,Default Online Ordering,,,Dinner,DoorDash - Delivery,,37.43,0.00,0.00,37.43,0.00,0.00,0.00,NONE,,,,,,,CAPTURED,Other,,,DoorDash,,8552228111,,,,YCY7HfFLwRJPH,API,,
Cupertino,600000035101451125,600000035100685963,116,1/28/25 7:15 PM,1/28/25 6:48 PM,600000035100685314,116,,Default Online Ordering,B3,Dining Room,Dinner,Dine In,,37.92,5.69,0.00,43.61,43.61,0.00,0.00,NONE,,,,,,,CAPTURED,Credit,,Visa,,,,3070,0.00,,dYrftyNwTJgJx,In Store,,
Cupertino,600000035101483094,600000035101647926,130,1/28/25 7:34 PM,1/28/25 7:34 PM,600000035101647876,130,DD 3da8ad4c Jemima Healani D,Default Online Ordering,,,Dinner,DoorDash - Delivery,,18.66,0.00,0.00,18.66,0.00,0.00,0.00,NONE,,,,,,,CAPTURED,Other,,,DoorDash,,8552228111,,,,cxRMXFcsbtJ7K,API,,
Cupertino,600000035101496836,600000035100692232,110,1/28/25 7:18 PM,1/28/25 6:41 PM,600000035100692231,110,,Jaylan Penney,B2,Dining Room,Dinner,Dine In,,58.28,11.66,0.00,69.94,69.94,0.00,0.00,NONE,,,,,,,CAPTURED,Credit,,Amex,,,,6806,0.00,,WkrPPRqkpfKYw,In Store,,
Cupertino,600000035101505893,600000035100305748,114,1/28/25 7:18 PM,1/28/25 6:45 PM,600000035100302699,114,,Default Online Ordering,B4,Dining Room,Dinner,Dine In,,44.04,6.61,0.00,50.65,50.65,0.00,0.00,NONE,,,,,,,CAPTURED,Credit,,Visa,,,,2032,0.00,,HrcWP7LKH9kXP,In Store,,
Cupertino,600000035101517889,600000035100400140,115,1/28/25 7:19 PM,1/28/25 6:47 PM,600000035100397191,115,,Default Online Ordering,A5,Dining Room,Dinner,Dine In,,43.44,4.00,0.00,47.44,47.44,0.00,0.00,NONE,,,,,,,CAPTURED,Credit,,Visa,,,,2933,0.00,,yrdFHYNL7wXft,In Store,,
Cupertino,600000035101730942,600000035100461358,108,1/28/25 7:31 PM,1/28/25 6:34 PM,600000035100420461,108,,Default Online Ordering,A6,Dining Room,Dinner,Dine In,,33.68,5.05,0.00,38.73,38.73,0.00,0.00,NONE,,,,,,,CAPTURED,Credit,,Visa,,,,5435,0.00,,tCHhxFntsjYr7,In Store,,
Cupertino,600000035101734787,600000035100461358,108,1/28/25 7:31 PM,1/28/25 6:34 PM,600000035100420461,108,,Default Online Ordering,A6,Dining Room,Dinner,Dine In,,33.67,5.05,0.00,38.72,38.72,0.00,0.00,NONE,,,,,,,CAPTURED,Credit,,Amex,,,,1006,0.00,,7kr7CrkPdRHdt,In Store,,
Cupertino,600000035101850427,600000035101274206,124,1/28/25 7:38 PM,1/28/25 7:09 PM,600000035101262009,124,,Default Online Ordering,B1,Dining Room,Dinner,Dine In,,68.00,14.96,0.00,82.96,82.96,0.00,0.00,NONE,,,,,,,CAPTURED,Credit,,Visa,,,,4858,0.00,,Hw9HwhwLptqTL,In Store,,
Cupertino,600000035101904837,600000035101186502,120,1/28/25 7:42 PM,1/28/25 7:02 PM,600000035101186501,120,,Jaylan Penney,B8,Dining Room,Dinner,Dine In,,71.98,10.80,0.00,82.78,82.78,0.00,0.00,NONE,,,,,,,CAPTURED,Credit,,Visa,,,,2848,0.00,,C7rd7JpYXPrsz,In Store,,
Cupertino,600000035102018592,600000035101568502,127,1/28/25 7:50 PM,1/28/25 7:22 PM,600000035101565955,127,,Default Online Ordering,A3,Dining Room,Dinner,Dine In,,26.85,4.03,0.00,30.88,30.88,0.00,0.00,NONE,,,,,,,CAPTURED,Credit,,Visa,,,,4445,0.00,,xmfcqYxJLtzfY,In Store,,
Cupertino,600000035102034105,600000035101830599,135,1/28/25 7:53 PM,1/28/25 7:53 PM,600000035102053701,135,SF 2820def0 PickUp-Vinit S,Default Online Ordering,,,Dinner,DoorDash - Takeout,,44.03,0.00,0.00,44.03,0.00,0.00,0.00,NONE,,,,,,,CAPTURED,Other,,,DoorDash,,4084318336,,,,sbmcsJymzWxhP,API,,
Cupertino,600000035102154187,600000035101403382,125,1/28/25 8:00 PM,1/28/25 7:13 PM,600000035101403381,125,,Jaylan Penney,B6,Dining Room,Dinner,Dine In,,18.85,3.39,0.00,22.24,22.24,0.00,0.00,NONE,,,,,,,CAPTURED,Credit,,Mastercard,,,,5856,0.00,,9jtsJwyHmrPcR,In Store,,
Cupertino,600000035102161407,600000035101403382,125,1/28/25 8:00 PM,1/28/25 7:13 PM,600000035101403381,125,,Jaylan Penney,B6,Dining Room,Dinner,Dine In,,18.85,2.83,0.00,21.68,21.68,0.00,0.00,NONE,,,,,,,CAPTURED,Credit,,Visa,,,,4055,0.00,,FcPmCJWcJJRwc,In Store,,
Cupertino,600000035102168800,600000035101403382,125,1/28/25 8:01 PM,1/28/25 7:13 PM,600000035101403381,125,,Jaylan Penney,B6,Dining Room,Dinner,Dine In,,18.84,2.83,0.00,21.67,21.67,0.00,0.00,NONE,,,,,,,CAPTURED,Credit,,Visa,,,,0755,0.00,,CkhcpqFPzTRkN,In Store,,
Cupertino,600000035102205929,600000035102204152,138,1/28/25 8:04 PM,1/28/25 8:04 PM,600000035102204151,138,,Jaylan Penney,,,Dinner,Take Out,,21.72,3.26,0.00,24.98,24.98,0.00,0.00,NONE,,,,,,,CAPTURED,Credit,,Visa,,,,1836,0.00,,ctx9NfqFmcdXC,In Store,,
Cupertino,600000035102277382,600000035101813773,131,1/28/25 8:11 PM,1/28/25 7:35 PM,600000035101813769,131,,zhengyu chen,A4,Dining Room,Dinner,Dine In,,90.26,13.54,0.00,103.80,103.80,0.00,0.00,NONE,,,,,,,CAPTURED,Credit,,Visa,,,,0896,0.00,,XjjyfWC7tMfYy,In Store,,
Cupertino,600000035102298885,600000035101831366,132,1/28/25 8:13 PM,1/28/25 7:36 PM,600000035101831365,132,,zhengyu chen,A5,Dining Room,Dinner,Dine In,,119.62,21.53,0.00,141.15,141.15,0.00,0.00,NONE,,,,,,,CAPTURED,Credit,,Visa,,,,4983,0.00,,79WbHFqMKmtxg,In Store,,
Cupertino,600000035102326352,600000035101588596,134,1/28/25 8:15 PM,1/28/25 7:42 PM,600000035101587997,134,,Default Online Ordering,A2,Dining Room,Dinner,Dine In,,41.09,6.16,0.00,47.25,47.25,0.00,0.00,NONE,,,,,,,CAPTURED,Credit,,Visa,,,,2986,0.00,,KfYTw9gnTnLF9,In Store,,
Cupertino,600000035102409201,600000035101317921,123,1/28/25 8:23 PM,1/28/25 7:08 PM,600000035101317920,123,,Jaylan Penney,A7,Dining Room,Dinner,Dine In,,94.20,18.84,0.00,113.04,113.04,0.00,0.00,NONE,,,,,,,CAPTURED,Credit,,Visa,,,,0130,0.00,,9qmy9PyKNMK7t,In Store,,
Cupertino,600000035102518506,600000035101689476,133,1/28/25 8:35 PM,1/28/25 7:39 PM,600000035101674677,133,,Default Online Ordering,A6,Dining Room,Dinner,Dine In,,48.08,7.21,0.00,55.29,55.29,0.00,0.00,NONE,,,,,,,CAPTURED,Credit,,Visa,,oenbrycen@yahoo.com,4087812908,0292,0.00,,LYXkKxxfhqpbc,In Store,,
Cupertino,600000035102530430,600000035101972145,137,1/28/25 8:36 PM,1/28/25 8:03 PM,600000035101968496,137,,Default Online Ordering,B1,Dining Room,Dinner,Dine In,,19.48,2.92,0.00,22.40,22.40,0.00,0.00,NONE,,,,,,,CAPTURED,Credit,,Discover,,,,9755,0.00,,LNrpXy7zJnTRX,In Store,,
Cupertino,600000035102616898,600000035102442171,140,1/28/25 8:46 PM,1/28/25 8:26 PM,600000035102442170,140,,Jaylan Penney,A4,Dining Room,Dinner,Dine In,,44.31,6.65,0.00,50.96,50.96,0.00,0.00,NONE,,,,,,,CAPTURED,Credit,,Visa,,,,6057,0.00,,CJNdYFMjHFCXn,In Store,,
Cupertino,600000035102694279,600000035102201944,141,1/28/25 8:57 PM,1/28/25 8:31 PM,600000035102199845,141,,Default Online Ordering,A2,Dining Room,Dinner,Dine In,,36.07,5.41,0.00,41.48,41.48,0.00,0.00,NONE,,,,,,,CAPTURED,Credit,,Visa,,,,4460,0.00,,qJPcRsFHxxpFC,In Store,,
