Location,Location Code,Id,GUID,Employee Id,Employee GUID,Employee External Id,Employee,Job Id,Job GUID,Job Code,Job Title,In Date,Out Date,Auto Clock-out,Total Hours,Unpaid Break Time,Paid Break Time,Payable Hours,Cash Tips Declared,Non Cash Tips,Total Gratuity,Total Tips,Tips Withheld,Wage,Regular Hours,Overtime Hours,Regular Pay,Overtime Pay,Total Pay
Cupertino,CA02,600000035084733482,23063632-0859-4a33-a026-93c11676f2c3,600000001251302471,926dca98-bd07-4351-b441-2634bdc824ca,131,"chen, zhengyu",600000009837655739,df2bae65-6ee0-429d-bf33-119c20d1f5b4,,Server 6,1/28/25 10:40 AM,1/29/25 4:00 AM,Yes,17.33,0.00,0.00,17.33,0.00,52.93,0.00,52.93,0.00,,8.00,9.33,,,
Cupertino,CA02,600000035086132263,482848ae-441b-43fa-96ee-b5af379a3083,600000002446536534,ae65bdd5-03cd-4dc3-9daa-0e8d8f02fe03,181,"Xu, Yan",600000009837655734,77d988fd-e5b8-4c14-a0bd-a5e1487f4e3d,,Server 4,1/28/25 11:29 AM,1/28/25 3:30 PM,No,4.01,0.00,0.00,4.01,,0.00,0.00,0.00,0.00,,4.01,0.00,,,
Cupertino,CA02,600000035097717399,44d33cd6-d541-46c2-ac94-9c9e2bf1d272,600000012430196065,4a50cb9e-0329-4d5b-b44f-f5013df5ea6a,,"Penney, Jaylan",600000000187953261,1f27dffe-ff3d-4db7-810c-764b9b917d57,,Server,1/28/25 5:11 PM,1/29/25 4:00 AM,Yes,10.81,0.00,0.00,10.81,0.00,79.71,0.00,79.71,0.00,,8.00,2.81,,,
Cupertino,CA02,600000035099508726,69cee094-0f22-4d59-9a91-64b49e9caa36,600000002446536534,ae65bdd5-03cd-4dc3-9daa-0e8d8f02fe03,181,"Xu, Yan",600000009837655734,77d988fd-e5b8-4c14-a0bd-a5e1487f4e3d,,Server 4,1/28/25 6:00 PM,1/28/25 9:08 PM,No,3.13,0.00,0.00,3.13,,0.00,0.00,0.00,0.00,,3.13,0.00,,,
