Customer Id,Customer,Customer Phone,Customer Email,Location Code,Opened Date,Opened Time,Item Description,Server,Tax,Tender,Check Id,Check #,Total,Customer Family,Table Size,Discount,Reason of Discount,Link
,,,,CA02,1/12/25,10:37 AM,"Pan Fried Pork Buns (4) 特色鲜肉煎包, Pan Fried Pork Buns (4) 特色鲜肉煎包, Pan Fried Wontons with Chili Sauce (6) 红油香煎大馄饨, Pork & Crab Meat Xiao Long Bao (8) 🦐 蟹肉小笼包, Pork Wontons in Chili Sauce (6) 🌶️ 红油猪肉抄手, Kale Salad with Sweet & Spicy Garlic Dressing Ⓥ 🌶️ 甜辣羽衣甘蓝沙拉, Pork & Crab Meat Xiao Long Bao (8) 🦐 蟹肉小笼包, Pork Xiao Long Bao (8) 鲜肉小笼包, Pan Fried Wontons with Chili Sauce (6) 红油香煎大馄饨, Five Spice Beef Shank 五香牛腱, Kale Salad with Sesame Dressing Ⓥ 麻酱羽衣甘蓝沙拉, Pan Fried Beef Pies (2) 牛肉馅饼, Beef Potstickers (6) 牛肉锅贴, Sweet & Sour Cucumber Ⓥ 🌶️ 甜辣小黄瓜, Pan Fried Pork Buns (4) 特色鲜肉煎包, Pork Wontons in Chili Sauce (6) 🌶️ 红油猪肉抄手, Pan Fried Beef Pies (2) 牛肉馅饼, Pan Fried Chive Dumplings (3) 韭菜盒子, Pork & Crab Meat Xiao Long Bao (8) 🦐 蟹肉小笼包, Pork & Shrimp Potstickers (6) 🦐 猪肉三鲜锅贴, Braised Pig Ears 🌶️ 凉拌猪耳, Dan Dan Noodles Ⓥ🌶️🌶️ 担担面, Green Onion Soy Sauce Noodles Ⓥ 葱油拌面, Minced Chicken Noodles 🌶️ 鸡肉肉燥小面, Pan Fried Chive Dumplings (3) 韭菜盒子, Chicken & Vegetable Wontons in Chili Sauce (6) 🌶️ 红油菜肉大馄饨, Chicken & Vegetable Wontons in Chili Sauce (6) 🌶️ 红油菜肉大馄饨, Green Onion Soy Sauce Noodles Ⓥ 葱油拌面, Green Onion Soy Sauce Noodles Ⓥ 葱油拌面, Pan Fried Pork Buns (4) 特色鲜肉煎包, Chicken Steamed Dumplings (6) 鸡肉蒸饺",xin Meng,19.59,Visa,600000034589991437,5,235.23,,5,29.41,Open % Check (12.00%),http://www.toasttab.com/receipts/33eiUG9RSnqR9vgz4YmOIA/xbzMYNR9jJtnX
600000034590610393,Qiner W,8552228111,dd.toast.orders+orders_ca724abe-e496-4492-9d42-9e01ed952e71@gmail.com,CA02,1/12/25,11:02 AM,"Passion Fruit Green Tea (Cold) 百香果绿茶 (冷), Pork Wontons in Chili Sauce (6) 🌶️ 红油猪肉抄手, Pan Fried Beef Pies (2) 牛肉馅饼, Minced Chicken Noodles 🌶️ 鸡肉肉燥小面, Five Spice Beef Shank 五香牛腱",Default Online Ordering,3.33,Other,600000034590876724,7,44.78,,1,0.00,,http://www.toasttab.com/receipts/33eiUG9RSnqR9vgz4YmOIA/Tx7cbqpfKMcXw
,,,,CA02,1/12/25,11:05 AM,"Pork Xiao Long Bao (8) 鲜肉小笼包, Dan Dan Noodles Ⓥ🌶️🌶️ 担担面, Kale Salad with Sesame Dressing Ⓥ 麻酱羽衣甘蓝沙拉",Default Online Ordering,2.20,Visa,600000034591220361,8,31.62,,1,0.00,,http://www.toasttab.com/receipts/33eiUG9RSnqR9vgz4YmOIA/xrxdgmHdkxMjF
,,,,CA02,1/12/25,11:15 AM,"Jasmine Tea (Hot) 茉莉花茶 (热), Green Onion Pancake (1) Ⓥ 葱油饼, Beef Pancake Roll (1) 酱香牛肉卷饼 (不辣), Pork Xiao Long Bao (8) 鲜肉小笼包, Pan Fried Pork Buns (4) 特色鲜肉煎包, Kale Salad with Sesame Dressing Ⓥ 麻酱羽衣甘蓝沙拉, Beef-Stew Noodle Soup 🌶️ 秘制牛肉汤面, Banana Naan Bread (1) Ⓥ 香蕉飞饼",Yafang Chen,5.62,Visa,600000034591814215,9,77.36,,3,0.00,,http://www.toasttab.com/receipts/33eiUG9RSnqR9vgz4YmOIA/cmfxPXCTdCMKf
,,,,CA02,1/12/25,11:20 AM,"Oolong Tea (Hot) 乌龙茶 (热), Passion Fruit Green Tea (Cold) 百香果绿茶 (冷), Spicy Beef Sandwich (1) 🌶️🌶️大嘴牛肉包 (辣), Pork & Crab Meat Xiao Long Bao (8) 🦐 蟹肉小笼包, Pork & Shrimp Boiled Dumplings (6) 🦐 猪肉三鲜水饺, Chicken & Vegetable Wontons in Chili Sauce (6) 🌶️ 红油菜肉大馄饨, Broccoli with Seafood Sauce 蚝油西兰花, Chicken & Vegetable Wontons in Chicken Soup 鸡汤菜肉大馄饨",Yafang Chen,4.63,Visa,600000034592064524,10,64.75,,2,5.95,Operation Management (100.00%),http://www.toasttab.com/receipts/33eiUG9RSnqR9vgz4YmOIA/cTHNTgY7pYMmY
600000016821576698,Gilbert Vargas,4087610711,gvargas526@yahoo.com,CA02,1/12/25,11:39 AM,"Pork Xiao Long Bao (8) 鲜肉小笼包, Pork Wontons in Chicken Soup 鸡汤小馄饨, Steamed Pork Buns (4) 特色鲜肉蒸包, Beef-Stew Noodle Soup 🌶️ 秘制牛肉汤面, Beef-Stew Noodle Soup 🌶️ 秘制牛肉汤面",Default Online Ordering,5.96,Visa,600000034592393499,13,85.89,,1,10.00,Reward Dollars,http://www.toasttab.com/receipts/33eiUG9RSnqR9vgz4YmOIA/cpF7fydnMHcwm
600000034592635011,PickUp-Keeranat K,4156551989,dd.toast.orders+orders_9411b60e-5cb3-4ac1-8a12-e53ef4333c1d@gmail.com,CA02,1/12/25,11:38 AM,"Pork Wontons in Chili Sauce (6) 🌶️ 红油猪肉抄手, Kale Salad with Sesame Dressing Ⓥ 麻酱羽衣甘蓝沙拉, Pork Xiao Long Bao (8) 鲜肉小笼包, Pan Fried Pork Buns (4) 特色鲜肉煎包",Default Online Ordering,3.06,Other,600000034592603170,12,36.56,,1,0.00,,http://www.toasttab.com/receipts/33eiUG9RSnqR9vgz4YmOIA/kdjtKnRmhzRxy
,,,,CA02,1/12/25,11:33 AM,"Green Onion Pancake (1) Ⓥ 葱油饼, Pork Xiao Long Bao (8) 鲜肉小笼包, Dan Dan Noodles Ⓥ🌶️🌶️ 担担面",andres valencia,1.91,Visa,600000034592645658,11,26.86,,2,0.00,,http://www.toasttab.com/receipts/33eiUG9RSnqR9vgz4YmOIA/pgyTxJdJtnKds
600000034592952901,PickUp-Viri V,4087979392,dd.toast.orders+orders_7a508f97-42b4-4435-88be-18e7108f6775@gmail.com,CA02,1/12/25,11:40 AM,"Chicken Steamed Dumplings (6) 鸡肉蒸饺, Dan Dan Noodles Ⓥ🌶️🌶️ 担担面, Chicken Xiao Long Bao (8) 鸡肉小笼包",Default Online Ordering,2.20,Other,600000034592860160,14,26.35,,1,0.00,,http://www.toasttab.com/receipts/33eiUG9RSnqR9vgz4YmOIA/wCjqnPLTHMqHC
600000034592952927,Liz Z,8552228111,dd.toast.orders+orders_e0bfec9f-6145-43c9-be5a-cd2323cc53b0@gmail.com,CA02,1/12/25,11:46 AM,"Pork Wontons in Chili Sauce (6) 🌶️ 红油猪肉抄手, Dan Dan Noodles Ⓥ🌶️🌶️ 担担面, Pork & Crab Meat Xiao Long Bao (8) 🦐 蟹肉小笼包",Default Online Ordering,2.54,Other,600000034592860188,16,30.39,,1,0.00,,http://www.toasttab.com/receipts/33eiUG9RSnqR9vgz4YmOIA/7pJgzPMkfYHKt
600000026370084944,Aishwarya Iyer,6692529695,sweetash20@gmail.com,CA02,1/12/25,11:44 AM,"Dan Dan Noodles Ⓥ🌶️🌶️ 担担面, Green Onion Pancake (1) Ⓥ 葱油饼, Chicken Steamed Dumplings (6) 鸡肉蒸饺, Diet Coke 健怡可乐, Chicken Potstickers (6) 鸡肉锅贴, Chicken & Vegetable Wontons in Chili Sauce (6) 🌶️ 红油菜肉大馄饨, Chicken Steamed Dumplings (6) 鸡肉蒸饺",Default Online Ordering,4.78,Visa,600000034592973413,15,65.81,,1,0.00,,http://www.toasttab.com/receipts/33eiUG9RSnqR9vgz4YmOIA/KdtHzpn9hcrMX
600000025893948382,Valued Customer,4159872616,,CA02,1/12/25,11:51 AM,"Sweet & Sour Cucumber Ⓥ 🌶️ 甜辣小黄瓜, Yibin Noodles Ⓥ 🌶️ 宜宾燃面, Dan Dan Noodles Ⓥ🌶️🌶️ 担担面, Pork Xiao Long Bao (8) 鲜肉小笼包",Default Online Ordering,6.66,Visa,600000034593000738,17,91.67,,1,0.00,,http://www.toasttab.com/receipts/33eiUG9RSnqR9vgz4YmOIA/CFN9qyKkN7CzH
,,,,CA02,1/12/25,11:54 AM,"Dan Dan Noodles Ⓥ🌶️🌶️ 担担面, Pork & Crab Meat Xiao Long Bao (8) 🦐 蟹肉小笼包, Pork Xiao Long Bao (8) 鲜肉小笼包, Pork & Shrimp Potstickers (6) 🦐 猪肉三鲜锅贴, Beef Potstickers (6) 牛肉锅贴, Green Onion Pancake (1) Ⓥ 葱油饼, Passion Fruit Green Tea (Cold) 百香果绿茶 (冷)",Default Online Ordering,4.59,Mastercard,600000034593267786,18,63.30,,2,0.00,,http://www.toasttab.com/receipts/33eiUG9RSnqR9vgz4YmOIA/z7KNrjdYnjWCC
,,,,CA02,1/12/25,12:01 PM,"Pan Fried Pork Buns (4) 特色鲜肉煎包, Green Onion Pancake (1) Ⓥ 葱油饼, Chicken Xiao Long Bao (8) 鸡肉小笼包, Dan Dan Noodles Ⓥ🌶️🌶️ 担担面, Green Onion Soy Sauce Noodles Ⓥ 葱油拌面, Vegetable Potstickers (6) Ⓥ 素三鲜锅贴, Kale Salad with Sesame Dressing Ⓥ 麻酱羽衣甘蓝沙拉, Steamed Pork Buns (4) 特色鲜肉蒸包, Green Onion Soy Sauce Noodles Ⓥ 葱油拌面, Pan Fried Chive Dumplings (3) 韭菜盒子",Default Online Ordering,8.65,Visa,600000034593400740,22,122.07,,1,0.00,,http://www.toasttab.com/receipts/33eiUG9RSnqR9vgz4YmOIA/p9pKjLxtrkRbq
,,,,CA02,1/12/25,11:58 AM,"Pork Xiao Long Bao (8) 鲜肉小笼包, Pork Wontons in Chili Sauce (6) 🌶️ 红油猪肉抄手, Beef-Stew Noodles 🌶️ 秘制牛肉小面",Default Online Ordering,2.90,Mastercard,600000034593461182,20,40.02,,1,0.00,,http://www.toasttab.com/receipts/33eiUG9RSnqR9vgz4YmOIA/PFbMwnpTtFmny
600000034593249548,Ki R,8552228111,dd.toast.orders+orders_8fd0ca95-d2a3-4da9-bf3e-182bf3ee981b@gmail.com,CA02,1/12/25,12:00 PM,"Coke 可乐, Pork Wontons in Chili Sauce (6) 🌶️ 红油猪肉抄手",Default Online Ordering,1.77,Other,600000034593480732,21,21.17,,1,0.00,,http://www.toasttab.com/receipts/33eiUG9RSnqR9vgz4YmOIA/m9q9CmJsmKjLN
,,,,CA02,1/12/25,12:12 PM,"Dan Dan Noodles Ⓥ🌶️🌶️ 担担面, Pork Xiao Long Bao (8) 鲜肉小笼包, Chrysanthemum Tea (Hot) 菊花茶 (热), Steamed Pork Buns (4) 特色鲜肉蒸包, Sweet & Sour Cucumber Ⓥ 🌶️ 甜辣小黄瓜",Default Online Ordering,3.61,Visa,600000034593841095,24,49.69,,1,0.00,,http://www.toasttab.com/receipts/33eiUG9RSnqR9vgz4YmOIA/CRwTbjWgqdMrs
,,,,CA02,1/12/25,12:04 PM,"Spicy Beef Sandwich (1) 🌶️🌶️大嘴牛肉包 (辣), Pork Wontons in Chili Sauce (6) 🌶️ 红油猪肉抄手, Kale Salad with Sesame Dressing Ⓥ 麻酱羽衣甘蓝沙拉, Hot & Sour Glass Noodles 🌶️🌶️ 酸辣粉, Pork Wontons in Chili Sauce (6) 🌶️ 红油猪肉抄手",andres valencia,3.94,Visa,600000034594062376,23,54.33,,2,0.00,,http://www.toasttab.com/receipts/33eiUG9RSnqR9vgz4YmOIA/Jfwyn9hckxLsw
,,,,CA02,1/12/25,12:17 PM,"Pan Fried Beef Pies (2) 牛肉馅饼, Pan Fried Pork Buns (4) 特色鲜肉煎包, Romaine Lettuce Salad with Sesame Dressing Ⓥ 麻酱生菜沙拉, Dan Dan Noodles Ⓥ🌶️🌶️ 担担面, Banana Naan Bread (1) Ⓥ 香蕉飞饼, High Tail Shrimp & Pork Steamed Dumplings (6) 🦐 翘尾鲜虾蒸饺",Default Online Ordering,4.37,Discover,600000034594261933,25,60.11,,1,0.00,,http://www.toasttab.com/receipts/33eiUG9RSnqR9vgz4YmOIA/pkjxpLRPkNRxW
600000034594206491,Carla M,8552228111,dd.toast.orders+orders_3d7c4dab-62ce-4062-8d4b-cae026b96007@gmail.com,CA02,1/12/25,12:19 PM,"Diet Coke 健怡可乐, Green Onion Pancake (1) Ⓥ 葱油饼, Dan Dan Noodles Ⓥ🌶️🌶️ 担担面, Pork Xiao Long Bao (8) 鲜肉小笼包",Default Online Ordering,2.47,Other,600000034594284496,26,29.52,,1,0.00,,http://www.toasttab.com/receipts/33eiUG9RSnqR9vgz4YmOIA/HhwhqptzJTHpM
600000034594279690,Patrick H,8552228111,dd.toast.orders+orders_8ebd3c73-0da7-4922-8e45-504d15ed8e53@gmail.com,CA02,1/12/25,12:22 PM,"Pork Wontons in Chicken Soup 鸡汤小馄饨, Shrimp & Zucchini Steamed Dumplings (6) 🦐 青瓜鲜虾蒸饺, Pork Xiao Long Bao (8) 鲜肉小笼包, Pan Fried Pork Buns (4) 特色鲜肉煎包",Default Online Ordering,3.21,Other,600000034594365842,29,43.41,,1,0.00,,http://www.toasttab.com/receipts/33eiUG9RSnqR9vgz4YmOIA/kfkjjNsNtbxch
600000034594595719,PickUp-gene x,4087849806,dd.toast.orders+orders_b4c1860c-a975-4880-8f92-49ff4e07e1f6@gmail.com,CA02,1/12/25,12:19 PM,"Pan Fried Beef Pies (2) 牛肉馅饼, Pan Fried Chive Dumplings (3) 韭菜盒子, Beef-Stew Noodles 🌶️ 秘制牛肉小面, Pork Xiao Long Bao (8) 鲜肉小笼包, Pan Fried Pork Buns (4) 特色鲜肉煎包",Default Online Ordering,4.47,Other,600000034594394143,27,55.47,,1,0.00,,http://www.toasttab.com/receipts/33eiUG9RSnqR9vgz4YmOIA/hMhhRCbFh9mPT
,,,,CA02,1/12/25,12:21 PM,"Chicken Xiao Long Bao (8) 鸡肉小笼包, Vegetable Potstickers (6) Ⓥ 素三鲜锅贴, Chicken Potstickers (6) 鸡肉锅贴, Chicken Steamed Dumplings (6) 鸡肉蒸饺, Sour Plum Juice (Cold) 酸梅汁 (冷), Ube Milk Tea (Cold) 紫薯奶茶 (冷), Add Boba 珍珠, Five Spice Beef Shank 五香牛腱, Coke 可乐, Minced Chicken Noodles 🌶️ 鸡肉肉燥小面",Default Online Ordering,7.96,Visa,600000034594519183,28,109.49,,1,0.00,,http://www.toasttab.com/receipts/33eiUG9RSnqR9vgz4YmOIA/FCnzXhntpnXrH
,,,,CA02,1/12/25,12:24 PM,"Green Onion Pancake (1) Ⓥ 葱油饼, Pork Xiao Long Bao (8) 鲜肉小笼包, Pork Wontons in Chili Sauce (6) 🌶️ 红油猪肉抄手, Dan Dan Noodles Ⓥ🌶️🌶️ 担担面, Oolong Tea (Hot) 乌龙茶 (热), Pork Wontons in Chili Sauce (6) 🌶️ 红油猪肉抄手, Pan Fried Beef Pies (2) 牛肉馅饼, Pan Fried Wontons with Chili Sauce (6) 红油香煎大馄饨, Green Onion Pancake (1) Ⓥ 葱油饼",Default Online Ordering,6.22,Visa,600000034594649184,31,85.64,,1,0.00,,http://www.toasttab.com/receipts/33eiUG9RSnqR9vgz4YmOIA/gkRjKgpYtLNhm
,,,,CA02,1/12/25,12:28 PM,"Green Onion Pancake (1) Ⓥ 葱油饼, Dan Dan Noodles Ⓥ🌶️🌶️ 担担面, Beef Pancake Roll (1) 酱香牛肉卷饼 (不辣), Steamed Pork Buns (4) 特色鲜肉蒸包, Beef Steamed Dumplings (6) 牛肉蒸饺, Zha Jiang Mian 京味炸酱面, Yibin Noodles Ⓥ 🌶️ 宜宾燃面",Default Online Ordering,4.87,Amex,600000034594681248,33,69.74,,1,0.00,,http://www.toasttab.com/receipts/33eiUG9RSnqR9vgz4YmOIA/FFRkqxgTgKypN
600000034594446983,PickUp-Asmita G,8552228111,dd.toast.orders+orders_a98797dd-6ec9-4dad-9288-5e4d66ffb6d8@gmail.com,CA02,1/12/25,12:27 PM,"Pan Fried Chive Dumplings (3) 韭菜盒子, Vegetable Potstickers (6) Ⓥ 素三鲜锅贴, Dan Dan Noodles Ⓥ🌶️🌶️ 担担面",Default Online Ordering,2.01,Other,600000034594737635,32,26.47,,1,0.00,,http://www.toasttab.com/receipts/33eiUG9RSnqR9vgz4YmOIA/hzkWMthf7CFgX
,,,,CA02,1/12/25,12:22 PM,"Green Onion Pancake (1) Ⓥ 葱油饼, Pork Xiao Long Bao (8) 鲜肉小笼包, Pork & Crab Meat Xiao Long Bao (8) 🦐 蟹肉小笼包, Pork & Shrimp Potstickers (6) 🦐 猪肉三鲜锅贴, Pork Wontons in Chili Sauce (6) 🌶️ 红油猪肉抄手, Braised Pig Ears 🌶️ 凉拌猪耳, Kale Salad with Sesame Dressing Ⓥ 麻酱羽衣甘蓝沙拉, Green Onion Soy Sauce Noodles Ⓥ 葱油拌面, Jasmine Tea (Hot) 茉莉花茶 (热), Banana Naan Bread (1) Ⓥ 香蕉飞饼",zhengyu chen,9.02,Visa,600000034594867679,30,127.46,,4,0.00,,http://www.toasttab.com/receipts/33eiUG9RSnqR9vgz4YmOIA/9NJzqhzgNxhnc
,,,,CA02,1/12/25,12:28 PM,Pork Xiao Long Bao (8) 鲜肉小笼包,Yafang Chen,0.84,Cash,600000034595121061,34,10.09,,1,0.00,,http://www.toasttab.com/receipts/33eiUG9RSnqR9vgz4YmOIA/xWmcqwPMncdzJ
,,,,CA02,1/12/25,12:29 PM,"Pork Xiao Long Bao (8) 鲜肉小笼包, Pan Fried Pork Buns (4) 特色鲜肉煎包, Beef-Stew Noodle Soup 🌶️ 秘制牛肉汤面",zhengyu chen,2.66,Amex,600000034595169599,35,37.54,,2,0.00,,http://www.toasttab.com/receipts/33eiUG9RSnqR9vgz4YmOIA/rPmbhCTTjNmqK
,,,,CA02,1/12/25,12:29 PM,Pork Xiao Long Bao (8) 鲜肉小笼包,Yafang Chen,0.84,Cash,600000034595171531,36,10.09,,1,0.00,,http://www.toasttab.com/receipts/33eiUG9RSnqR9vgz4YmOIA/hrXcxJYfFCJPg
,,,,CA02,1/12/25,12:31 PM,"Pork Xiao Long Bao (8) 鲜肉小笼包, Pork Xiao Long Bao (8) 鲜肉小笼包, Pan Fried Pork Buns (4) 特色鲜肉煎包, Pan Fried Pork Buns (4) 特色鲜肉煎包, Pork & Shrimp Potstickers (6) 🦐 猪肉三鲜锅贴, Pork Wontons in Chili Sauce (6) 🌶️ 红油猪肉抄手, Pork Wontons in Chili Sauce (6) 🌶️ 红油猪肉抄手, Romaine Lettuce Salad with Sesame Dressing Ⓥ 麻酱生菜沙拉, Beef-Stew Noodles 🌶️ 秘制牛肉小面, Beef-Stew Noodles 🌶️ 秘制牛肉小面, Chicken & Vegetable Wontons in Chicken Soup 鸡汤菜肉大馄饨, Jasmine Tea (Hot) 茉莉花茶 (热)",zhengyu chen,8.73,Visa,600000034595243912,37,125.38,,4,0.00,,http://www.toasttab.com/receipts/33eiUG9RSnqR9vgz4YmOIA/tdXMYdWJqtqjb
600000034595089797,Joseph K,8552228111,dd.toast.orders+orders_02157b1a-a07d-496f-b7bd-ed3674f84b6a@gmail.com,CA02,1/12/25,12:39 PM,"Dan Dan Noodles Ⓥ🌶️🌶️ 担担面, Pork Xiao Long Bao (8) 鲜肉小笼包, Steamed Pork Buns (4) 特色鲜肉蒸包",Default Online Ordering,2.83,Other,600000034595411518,39,33.88,,1,0.00,,http://www.toasttab.com/receipts/33eiUG9RSnqR9vgz4YmOIA/THdJ9x7WKHbgp
,,,,CA02,1/12/25,12:52 PM,"Pork Xiao Long Bao (8) 鲜肉小笼包, Braised Pig Ears 🌶️ 凉拌猪耳",Default Online Ordering,1.49,Visa,600000034595609347,46,20.57,,1,0.00,,http://www.toasttab.com/receipts/33eiUG9RSnqR9vgz4YmOIA/qJbCRYmRqNFFP
600000034595377663,Heidi R,8552228111,dd.toast.orders+orders_10b0374f-69b9-4c0f-8848-f2f962a1971b@gmail.com,CA02,1/12/25,12:41 PM,"Green Onion Pancake (1) Ⓥ 葱油饼, Kale Salad with Sweet & Spicy Garlic Dressing Ⓥ 🌶️ 甜辣羽衣甘蓝沙拉, Chicken & Vegetable Wontons in Chili Sauce (6) 🌶️ 红油菜肉大馄饨, Pork & Shrimp Potstickers (6) 🦐 猪肉三鲜锅贴, Spicy (Ma La) Noodles 🌶️🌶️ 麻辣小面, Pork Xiao Long Bao (8) 鲜肉小笼包, Pan Fried Pork Buns (4) 特色鲜肉煎包",Default Online Ordering,5.05,Other,600000034595706900,40,65.40,,1,0.00,,http://www.toasttab.com/receipts/33eiUG9RSnqR9vgz4YmOIA/FL7KtsqkPNWJr
,,,,CA02,1/12/25,12:53 PM,"Green Onion Pancake (1) Ⓥ 葱油饼, Chicken Xiao Long Bao (8) 鸡肉小笼包, Dan Dan Noodles Ⓥ🌶️🌶️ 担担面, Green Onion Pancake (1) Ⓥ 葱油饼, Pan Fried Wontons with Sweet & Spicy Garlic Sauce (6) 甜辣香煎大馄饨",Default Online Ordering,2.92,Visa,600000034595775038,48,36.97,,1,0.00,,http://www.toasttab.com/receipts/33eiUG9RSnqR9vgz4YmOIA/qrXxCfpdyzbhc
,,,,CA02,1/12/25,12:53 PM,Pork Xiao Long Bao (8) 鲜肉小笼包,Default Online Ordering,0.84,Visa,600000034595816942,49,11.60,,1,0.00,,http://www.toasttab.com/receipts/33eiUG9RSnqR9vgz4YmOIA/CtMKfNhxJMRFf
,,,,CA02,1/12/25,12:51 PM,"Beef Sandwich (1) 大嘴牛肉包 (不辣), Pork Xiao Long Bao (8) 鲜肉小笼包, Sprite 雪碧",Default Online Ordering,2.34,Visa,600000034595817829,45,32.19,,1,0.00,,http://www.toasttab.com/receipts/33eiUG9RSnqR9vgz4YmOIA/MjFYWRyP9m7Wd
,,,,CA02,1/12/25,12:46 PM,"Pork & Crab Meat Xiao Long Bao (8) 🦐 蟹肉小笼包, Chicken Xiao Long Bao (8) 鸡肉小笼包, Chrysanthemum Tea (Hot) 菊花茶 (热), Passion Fruit Green Tea (Cold) 百香果绿茶 (冷), Beef-Stew Noodles 🌶️ 秘制牛肉小面, Pan Fried Wontons with Chili Sauce (6) 红油香煎大馄饨, Pork Wontons in Chicken Soup 鸡汤小馄饨, Dan Dan Noodles Ⓥ🌶️🌶️ 担担面, Passion Fruit Green Tea (Cold) 百香果绿茶 (冷)",Default Online Ordering,6.04,Visa,600000034595825111,42,86.81,,1,0.00,,http://www.toasttab.com/receipts/33eiUG9RSnqR9vgz4YmOIA/pfHHkcWjXmzY9
,,,,CA02,1/12/25,12:48 PM,"Pork Xiao Long Bao (8) 鲜肉小笼包, Beef Pancake Roll (1) 酱香牛肉卷饼 (不辣), Pan Fried Chive Dumplings (3) 韭菜盒子, Beef Steamed Dumplings (6) 牛肉蒸饺, Broccoli with Seafood Sauce 蚝油西兰花, Hot & Sour Glass Noodles 🌶️🌶️ 酸辣粉",Default Online Ordering,5.17,Visa,600000034595839915,43,71.09,,1,0.00,,http://www.toasttab.com/receipts/33eiUG9RSnqR9vgz4YmOIA/z9cmyNPzPXTYC
,,,,CA02,1/12/25,12:51 PM,"Pan Fried Pork Buns (4) 特色鲜肉煎包, Steamed Pork Buns (4) 特色鲜肉蒸包, Pork & Shrimp Potstickers (6) 🦐 猪肉三鲜锅贴, Pork Wontons in Chili Sauce (6) 🌶️ 红油猪肉抄手, Zha Jiang Mian 京味炸酱面, Pan Fried Pork Buns (4) 特色鲜肉煎包, Beef-Stew Noodles 🌶️ 秘制牛肉小面, Dan Dan Noodles Ⓥ🌶️🌶️ 担担面, Broccoli with Seafood Sauce 蚝油西兰花, Beef-Stew Noodles 🌶️ 秘制牛肉小面",Default Online Ordering,8.22,Visa,600000034596089052,44,117.92,,2,0.00,,http://www.toasttab.com/receipts/33eiUG9RSnqR9vgz4YmOIA/xMKJhmfhTLxXX
,,,,CA02,1/12/25,12:54 PM,"Chicken & Vegetable Wontons in Chicken Soup 鸡汤菜肉大馄饨, Five Spice Beef Shank 五香牛腱",Default Online Ordering,1.44,Visa,600000034596089066,50,19.71,,1,0.00,,http://www.toasttab.com/receipts/33eiUG9RSnqR9vgz4YmOIA/LtwFKNCqyXwqt
,,,,CA02,1/12/25,12:52 PM,"Milk Tea (Cold) 奶茶 (冷), Add Boba 珍珠, Beef-Stew Noodles 🌶️ 秘制牛肉小面, Spicy Beef Shank 🌶️🌶️ 麻辣牛腱, Pork Xiao Long Bao (8) 鲜肉小笼包",Default Online Ordering,2.91,Visa,600000034596099160,47,40.03,,1,0.00,,http://www.toasttab.com/receipts/33eiUG9RSnqR9vgz4YmOIA/JhKFLWwzbhMxJ
,,,,CA02,1/12/25,1:05 PM,"Kale Salad with Sweet & Spicy Garlic Dressing Ⓥ 🌶️ 甜辣羽衣甘蓝沙拉, Dan Dan Noodles Ⓥ🌶️🌶️ 担担面, Chicken & Vegetable Wontons in Hot & Sour Sauce (6) 🌶️ 酸辣菜肉大馄饨",Default Online Ordering,2.66,Mastercard,600000034596637206,51,36.64,,1,0.00,,http://www.toasttab.com/receipts/33eiUG9RSnqR9vgz4YmOIA/NLpRfhwpFdWb7
,,,,CA02,1/12/25,1:05 PM,"Dan Dan Noodles Ⓥ🌶️🌶️ 担担面, Pork & Crab Meat Xiao Long Bao (8) 🦐 蟹肉小笼包, Spicy Beef Sandwich (1) 🌶️🌶️大嘴牛肉包 (辣), Green Onion Pancake (1) Ⓥ 葱油饼, Pan Fried Wontons with Sweet & Spicy Garlic Sauce (6) 甜辣香煎大馄饨, Thai Milk Tea (Cold) 泰式奶茶 (冷), Green Onion Pancake (1) Ⓥ 葱油饼",Default Online Ordering,4.09,Mastercard,600000034596666404,52,56.40,,1,0.00,,http://www.toasttab.com/receipts/33eiUG9RSnqR9vgz4YmOIA/Jqc9myqKbYmhF
,,,,CA02,1/12/25,1:08 PM,"Spicy Beef Sandwich (1) 🌶️🌶️大嘴牛肉包 (辣), Pork Xiao Long Bao (8) 鲜肉小笼包, Dan Dan Noodles Ⓥ🌶️🌶️ 担担面, Minced Chicken Noodles 🌶️ 鸡肉肉燥小面, Banana Naan Bread (1) Ⓥ 香蕉飞饼, Thai Milk Tea (Cold) 泰式奶茶 (冷)",Youming Liang,0.00,,600000034596829271,53,0.00,,2,45.60,Open % Check (100.00%),
,,,,CA02,1/12/25,1:12 PM,"Green Onion Pancake (1) Ⓥ 葱油饼, Pork Xiao Long Bao (8) 鲜肉小笼包, Beef Potstickers (6) 牛肉锅贴, Chicken & Vegetable Wontons in Chili Sauce (6) 🌶️ 红油菜肉大馄饨, Pork Wontons in Chili Sauce (6) 🌶️ 红油猪肉抄手, Pork Wontons in Chili Sauce (6) 🌶️ 红油猪肉抄手, Pork & Shrimp Boiled Dumplings (6) 🦐 猪肉三鲜水饺, Sweet & Sour Cucumber Ⓥ 🌶️ 甜辣小黄瓜, Coke 可乐, Coke 可乐, Sprite 雪碧",Yafang Chen,5.79,Amex,600000034596998969,54,83.27,,6,0.00,,http://www.toasttab.com/receipts/33eiUG9RSnqR9vgz4YmOIA/wgYNknwdPHwcd
,,,,CA02,1/12/25,1:15 PM,"Pan Fried Pork Buns (4) 特色鲜肉煎包, Pork & Crab Meat Xiao Long Bao (8) 🦐 蟹肉小笼包, Beef Pancake Roll (1) 酱香牛肉卷饼 (不辣), Beef Potstickers (6) 牛肉锅贴, Braised Pig Ears 🌶️ 凉拌猪耳, Dan Dan Noodles Ⓥ🌶️🌶️ 担担面, Kale Salad with Sesame Dressing Ⓥ 麻酱羽衣甘蓝沙拉",Default Online Ordering,5.23,Visa,600000034597029361,57,72.90,,1,0.00,,http://www.toasttab.com/receipts/33eiUG9RSnqR9vgz4YmOIA/LzKXncgkzxqq9
,,,,CA02,1/12/25,1:13 PM,"Dan Dan Noodles Ⓥ🌶️🌶️ 担担面, Chicken Xiao Long Bao (8) 鸡肉小笼包",Youming Liang,0.00,,600000034597073318,56,0.00,,2,17.00,Open % Check (100.00%),
,,,,CA02,1/12/25,1:14 PM,"Chicken Xiao Long Bao (8) 鸡肉小笼包, Pan Fried Wontons with Sweet & Spicy Garlic Sauce (6) 甜辣香煎大馄饨, Chicken & Vegetable Wontons in Chili Sauce (6) 🌶️ 红油菜肉大馄饨, Dan Dan Noodles Ⓥ🌶️🌶️ 担担面, Dan Dan Noodles Ⓥ🌶️🌶️ 担担面",Yafang Chen,3.56,Visa,600000034597083345,55,44.61,,2,0.00,,http://www.toasttab.com/receipts/33eiUG9RSnqR9vgz4YmOIA/xWcKcgrzLMdRN
,,,,CA02,1/12/25,1:23 PM,"Spicy Beef Pancake Roll (1) 🌶️🌶️ 麻辣牛肉卷饼, Beef Pancake Roll (1) 酱香牛肉卷饼 (不辣), Pork & Crab Meat Xiao Long Bao (8) 🦐 蟹肉小笼包, Pork & Crab Meat Xiao Long Bao (8) 🦐 蟹肉小笼包, Pork Wontons in Chili Sauce (6) 🌶️ 红油猪肉抄手, Spicy Beef Shank 🌶️🌶️ 麻辣牛腱, Kale Salad with Sesame Dressing Ⓥ 麻酱羽衣甘蓝沙拉, Hot & Sour Glass Noodles 🌶️🌶️ 酸辣粉, Dan Dan Noodles Ⓥ🌶️🌶️ 担担面, Dan Dan Noodles Ⓥ🌶️🌶️ 担担面",Yafang Chen,7.48,Visa,600000034597484573,58,109.04,,4,0.00,,http://www.toasttab.com/receipts/33eiUG9RSnqR9vgz4YmOIA/qjjXmHbyqTX97
600000034597643516,Lizzy Z,8552228111,dd.toast.orders+orders_d2f942ee-9d96-4d8f-abdb-219e727fd6a0@gmail.com,CA02,1/12/25,1:33 PM,"Sweet & Sour Cucumber Ⓥ 🌶️ 甜辣小黄瓜, Pan Fried Chive Dumplings (3) 韭菜盒子, Yibin Noodles Ⓥ 🌶️ 宜宾燃面, Beef-Stew Noodles 🌶️ 秘制牛肉小面, Zha Jiang Mian 京味炸酱面, Chicken & Vegetable Wontons in Chicken Soup 鸡汤菜肉大馄饨",Default Online Ordering,4.77,Other,600000034597518035,60,57.07,,1,0.00,,http://www.toasttab.com/receipts/33eiUG9RSnqR9vgz4YmOIA/sYcHPTJxLT9jz
600000034597389926,Angela B,8552228111,dd.toast.orders+orders_bd853cfa-4a26-49dc-a4d4-89224d610190@gmail.com,CA02,1/12/25,1:28 PM,"Green Onion Pancake (1) Ⓥ 葱油饼, Green Onion Soy Sauce Noodles Ⓥ 葱油拌面, Pork Xiao Long Bao (8) 鲜肉小笼包, Steamed Pork Buns (4) 特色鲜肉蒸包",Default Online Ordering,3.25,Other,600000034597524223,59,38.85,,1,0.00,,http://www.toasttab.com/receipts/33eiUG9RSnqR9vgz4YmOIA/TKMC7jLmr9bbh
,,,,CA02,1/12/25,1:35 PM,"Pork Xiao Long Bao (8) 鲜肉小笼包, Pork Wontons in Chicken Soup 鸡汤小馄饨, Beef-Stew Noodle Soup 🌶️ 秘制牛肉汤面, Green Onion Pancake (1) Ⓥ 葱油饼, High Tail Shrimp & Pork Steamed Dumplings (6) 🦐 翘尾鲜虾蒸饺, Pan Fried Pork Buns (4) 特色鲜肉煎包, Spicy (Ma La) Noodles 🌶️🌶️ 麻辣小面, Kale Salad with Sesame Dressing Ⓥ 麻酱羽衣甘蓝沙拉",Default Online Ordering,5.91,Visa,600000034597673438,63,81.20,,1,0.00,,http://www.toasttab.com/receipts/33eiUG9RSnqR9vgz4YmOIA/wTKFFr7Mdrkpg
,,,,CA02,1/12/25,1:33 PM,"Chicken Steamed Dumplings (6) 鸡肉蒸饺, Pork & Shrimp Boiled Dumplings (6) 🦐 猪肉三鲜水饺, Chicken & Vegetable Wontons in Chicken Soup 鸡汤菜肉大馄饨, Steamed Pork Buns (4) 特色鲜肉蒸包",Default Online Ordering,2.92,Mastercard,600000034597825064,61,40.16,,1,0.00,,http://www.toasttab.com/receipts/33eiUG9RSnqR9vgz4YmOIA/7Np7kycHz9mx9
,,,,CA02,1/12/25,1:40 PM,"Pork Xiao Long Bao (8) 鲜肉小笼包, Green Onion Pancake (1) Ⓥ 葱油饼, Sour Plum Juice (Cold) 酸梅汁 (冷), Zha Jiang Mian 京味炸酱面",Default Online Ordering,2.45,Mastercard,600000034597867739,66,33.75,,1,0.00,,http://www.toasttab.com/receipts/33eiUG9RSnqR9vgz4YmOIA/mmbmzFsbKhzJm
,,,,CA02,1/12/25,1:39 PM,"Sweet & Sour Cucumber Ⓥ 🌶️ 甜辣小黄瓜, Dan Dan Noodles Ⓥ🌶️🌶️ 担担面, Sour Plum Juice (Cold) 酸梅汁 (冷), Vegetable Potstickers (6) Ⓥ 素三鲜锅贴",Default Online Ordering,2.55,Visa,600000034597889131,65,35.13,,1,0.00,,http://www.toasttab.com/receipts/33eiUG9RSnqR9vgz4YmOIA/NXTJqcbXLK9Lb
600000034597924158,Frank L,8552228111,dd.toast.orders+orders_b158bcd1-fbe9-40f3-b452-b19bb19a6995@gmail.com,CA02,1/12/25,1:35 PM,"Green Onion Pancake (1) Ⓥ 葱油饼, Pork Xiao Long Bao (8) 鲜肉小笼包, Steamed Pork Buns (4) 特色鲜肉蒸包, Pan Fried Pork Buns (4) 特色鲜肉煎包",Default Online Ordering,3.48,Other,600000034598004302,62,41.58,,1,0.00,,http://www.toasttab.com/receipts/33eiUG9RSnqR9vgz4YmOIA/WybwjXTtfRyNc
,,,,CA02,1/12/25,1:37 PM,"Pan Fried Pork Buns (4) 特色鲜肉煎包, Pork & Crab Meat Xiao Long Bao (8) 🦐 蟹肉小笼包, Chicken Potstickers (6) 鸡肉锅贴, High Tail Shrimp & Pork Steamed Dumplings (6) 🦐 翘尾鲜虾蒸饺, Pork Wontons in Chili Sauce (6) 🌶️ 红油猪肉抄手, Chrysanthemum Tea (Hot) 菊花茶 (热), Sprite 雪碧",Default Online Ordering,4.60,Mastercard,600000034598075211,64,55.05,,1,0.00,,http://www.toasttab.com/receipts/33eiUG9RSnqR9vgz4YmOIA/yCqxFnwLwzsjb
600000034598311869,PickUp-Dennis P,9492572269,dd.toast.orders+orders_c95f13cd-3d0f-4bca-9048-c1474a09c8e1@gmail.com,CA02,1/12/25,1:49 PM,"Pork Wontons in Hot & Sour Sauce (6) 🌶️ 酸辣猪肉抄手, Pork Wontons in Chicken Soup 鸡汤小馄饨, Pork & Crab Meat Xiao Long Bao (8) 🦐 蟹肉小笼包",Default Online Ordering,3.75,Other,600000034598075248,71,44.90,,1,0.00,,http://www.toasttab.com/receipts/33eiUG9RSnqR9vgz4YmOIA/RhTXXRHPXMKxy
,,,,CA02,1/12/25,1:42 PM,"Dan Dan Noodles Ⓥ🌶️🌶️ 担担面, Pork Xiao Long Bao (8) 鲜肉小笼包, Sweet & Sour Cucumber Ⓥ 🌶️ 甜辣小黄瓜, Jasmine Tea (Hot) 茉莉花茶 (热), Pan Fried Wontons with Chili Sauce (6) 红油香煎大馄饨, Hot & Sour Glass Noodles 🌶️🌶️ 酸辣粉",Default Online Ordering,4.06,Visa,600000034598260956,67,56.00,,1,0.00,,http://www.toasttab.com/receipts/33eiUG9RSnqR9vgz4YmOIA/tfxpMrgfjnqKH
600000034598286619,PickUp-Harleen G,4084206084,dd.toast.orders+orders_e6885628-f93c-4c3b-8ec4-c5d562d7dee8@gmail.com,CA02,1/12/25,1:48 PM,"Chicken & Vegetable Wontons in Chili Sauce (6) 🌶️ 红油菜肉大馄饨, Chicken Steamed Dumplings (6) 鸡肉蒸饺",Default Online Ordering,1.30,Other,600000034598275128,69,15.60,,1,0.00,,http://www.toasttab.com/receipts/33eiUG9RSnqR9vgz4YmOIA/9YM9HXHXP9WFx
600000034598199068,Kenny L,8552228111,dd.toast.orders+orders_c695c981-f6ec-4c15-9b7c-942f9ebd5154@gmail.com,CA02,1/12/25,1:43 PM,"Pork & Shrimp Potstickers (6) 🦐 猪肉三鲜锅贴, Green Onion Soy Sauce Noodles Ⓥ 葱油拌面, Pork Xiao Long Bao (8) 鲜肉小笼包",Default Online Ordering,2.54,Other,600000034598316557,68,30.39,,1,0.00,,http://www.toasttab.com/receipts/33eiUG9RSnqR9vgz4YmOIA/TpxF7qr7nbPcK
,,,,CA02,1/12/25,1:50 PM,"Green Onion Pancake (1) Ⓥ 葱油饼, Pork Xiao Long Bao (8) 鲜肉小笼包, Hot & Sour Glass Noodles 🌶️🌶️ 酸辣粉, Cold Noodles with Sesame Dressing Ⓥ 麻酱凉面, Pork Wontons in Chili Sauce (6) 🌶️ 红油猪肉抄手, Braised Pig Ears 🌶️ 凉拌猪耳, Sweet & Sour Cucumber Ⓥ 🌶️ 甜辣小黄瓜",Default Online Ordering,4.57,Visa,600000034598410071,73,62.93,,2,0.00,,http://www.toasttab.com/receipts/33eiUG9RSnqR9vgz4YmOIA/W7gJfsPychmNs
,,,,CA02,1/12/25,1:49 PM,"High Tail Shrimp & Pork Steamed Dumplings (6) 🦐 翘尾鲜虾蒸饺, Beef-Stew Noodle Soup 🌶️ 秘制牛肉汤面, Pan Fried Pork Buns (4) 特色鲜肉煎包, Dan Dan Noodles Ⓥ🌶️🌶️ 担担面",Default Online Ordering,3.35,Visa,600000034598528865,70,43.95,,1,0.00,,http://www.toasttab.com/receipts/33eiUG9RSnqR9vgz4YmOIA/YPxwKpysfHY9L
,,,,CA02,1/12/25,1:50 PM,"Chicken Xiao Long Bao (8) 鸡肉小笼包, Beef Potstickers (6) 牛肉锅贴, Dan Dan Noodles Ⓥ🌶️🌶️ 担担面, Dan Dan Noodles Ⓥ🌶️🌶️ 担担面",Yafang Chen,2.91,Visa,600000034598667734,72,40.03,,1,0.00,,http://www.toasttab.com/receipts/33eiUG9RSnqR9vgz4YmOIA/MxpWK9X7ppFrH
,,,,CA02,1/12/25,1:57 PM,"Pan Fried Pork Buns (4) 特色鲜肉煎包, Pork Xiao Long Bao (8) 鲜肉小笼包, Green Onion Pancake (1) Ⓥ 葱油饼, Steamed Pork Buns (4) 特色鲜肉蒸包, Five Spice Beef Shank 五香牛腱, Beef-Stew Noodles 🌶️ 秘制牛肉小面, Spicy Beef Sandwich (1) 🌶️🌶️大嘴牛肉包 (辣), Beef-Stew Noodle Soup 🌶️ 秘制牛肉汤面",Yafang Chen,6.00,Visa,600000034598956447,76,84.61,,3,0.00,,http://www.toasttab.com/receipts/33eiUG9RSnqR9vgz4YmOIA/Wby7HnfPM9qfr
600000034598974743,PickUp-Amit A,6692249902,dd.toast.orders+orders_b8bf5570-47e9-45a9-ac67-be9dab950650@gmail.com,CA02,1/12/25,2:07 PM,"Chicken & Vegetable Wontons in Chili Sauce (6) 🌶️ 红油菜肉大馄饨, Vegetable Steamed Dumplings (6) Ⓥ 素三鲜蒸饺",Default Online Ordering,1.96,Other,600000034599128189,79,25.55,,1,0.00,,http://www.toasttab.com/receipts/33eiUG9RSnqR9vgz4YmOIA/xcnTRgnHYJNXH
600000034599284003,PickUp-Kathleen D,8552228111,dd.toast.orders+orders_57d71e30-61c0-4264-bf6e-3b267913e1ad@gmail.com,CA02,1/12/25,2:04 PM,"Diet Coke 健怡可乐, Chicken & Vegetable Wontons in Chili Sauce (6) 🌶️ 红油菜肉大馄饨, Kale Salad with Sesame Dressing Ⓥ 麻酱羽衣甘蓝沙拉, Dan Dan Noodles Ⓥ🌶️🌶️ 担担面, Shrimp & Zucchini Steamed Dumplings (6) 🦐 青瓜鲜虾蒸饺, Pork & Crab Meat Xiao Long Bao (8) 🦐 蟹肉小笼包",Default Online Ordering,5.17,Other,600000034599167719,77,61.82,,1,0.00,,http://www.toasttab.com/receipts/33eiUG9RSnqR9vgz4YmOIA/gLJf7cNqb7YRK
600000034599190512,PickUp-Reece N,4088063389,dd.toast.orders+orders_ed7d7af0-bcda-4033-a3c5-328d1beebd94@gmail.com,CA02,1/12/25,2:05 PM,"Pork Wontons in Chili Sauce (6) 🌶️ 红油猪肉抄手, Chicken & Vegetable Wontons in Chicken Soup 鸡汤菜肉大馄饨, Chicken Steamed Dumplings (6) 鸡肉蒸饺, Zha Jiang Mian 京味炸酱面, Beef-Stew Noodles 🌶️ 秘制牛肉小面, Pork Xiao Long Bao (8) 鲜肉小笼包",Default Online Ordering,5.96,Other,600000034599196966,78,77.79,,1,0.00,,http://www.toasttab.com/receipts/33eiUG9RSnqR9vgz4YmOIA/PPqzFhpkRLk9q
,,,,CA02,1/12/25,2:12 PM,"Pork Xiao Long Bao (8) 鲜肉小笼包, Steamed Pork Buns (4) 特色鲜肉蒸包, Jasmine Tea (Hot) 茉莉花茶 (热)",Default Online Ordering,2.25,Visa,600000034599476723,83,30.99,,1,0.00,,http://www.toasttab.com/receipts/33eiUG9RSnqR9vgz4YmOIA/sYP9cbXqTYRCq
,,,,CA02,1/12/25,2:18 PM,"Pork Xiao Long Bao (8) 鲜肉小笼包, Spicy Beef Shank 🌶️🌶️ 麻辣牛腱, Spicy Beef Sandwich (1) 🌶️🌶️大嘴牛肉包 (辣), High Tail Shrimp & Pork Steamed Dumplings (6) 🦐 翘尾鲜虾蒸饺",Default Online Ordering,3.02,Visa,600000034599526431,84,42.62,,1,0.00,,http://www.toasttab.com/receipts/33eiUG9RSnqR9vgz4YmOIA/fgMRL7jLHR7pq
,,,,CA02,1/12/25,2:10 PM,"Passion Fruit Green Tea (Cold) 百香果绿茶 (冷), Passion Fruit Green Tea (Cold) 百香果绿茶 (冷), Passion Fruit Green Tea (Cold) 百香果绿茶 (冷), Ube Milk Tea (Cold) 紫薯奶茶 (冷), Thai Milk Tea (Cold) 泰式奶茶 (冷), Ube Milk Tea (Cold) 紫薯奶茶 (冷)",Yafang Chen,0.00,,600000034599553948,80,0.00,,1,35.70,Open % Check (100.00%),
,,,,CA02,1/12/25,2:10 PM,"Green Onion Pancake (1) Ⓥ 葱油饼, Chicken Potstickers (6) 鸡肉锅贴, Beef Potstickers (6) 牛肉锅贴",andres valencia,1.66,Visa,600000034599582557,81,23.89,,2,0.00,,http://www.toasttab.com/receipts/33eiUG9RSnqR9vgz4YmOIA/sT9pqfMXrjTbc
,,,,CA02,1/12/25,2:10 PM,"Pan Fried Pork Buns (4) 特色鲜肉煎包, Green Onion Soy Sauce Noodles Ⓥ 葱油拌面, Sprite 雪碧",andres valencia,1.85,Visa,600000034599589153,82,26.46,,2,0.00,,http://www.toasttab.com/receipts/33eiUG9RSnqR9vgz4YmOIA/hsXhfKhgtKFRT
,,,,CA02,1/12/25,2:21 PM,"Pork Xiao Long Bao (8) 鲜肉小笼包, Chicken Xiao Long Bao (8) 鸡肉小笼包, High Tail Shrimp & Pork Steamed Dumplings (6) 🦐 翘尾鲜虾蒸饺",Default Online Ordering,2.50,Amex,600000034599809635,86,34.44,,1,0.00,,http://www.toasttab.com/receipts/33eiUG9RSnqR9vgz4YmOIA/TTckHF9jcXCrp
,,,,CA02,1/12/25,2:19 PM,"Pork Xiao Long Bao (8) 鲜肉小笼包, Pork & Shrimp Potstickers (6) 🦐 猪肉三鲜锅贴, Beef-Stew Noodle Soup 🌶️ 秘制牛肉汤面, Beef Sandwich (1) 大嘴牛肉包 (不辣)",Default Online Ordering,3.03,Visa,600000034599821421,85,39.33,,1,0.00,,http://www.toasttab.com/receipts/33eiUG9RSnqR9vgz4YmOIA/MXry7LPnTLyYc
,,,,CA02,1/12/25,2:22 PM,"Chicken Steamed Dumplings (6) 鸡肉蒸饺, Chicken Xiao Long Bao (8) 鸡肉小笼包, Broccoli with Seafood Sauce 蚝油西兰花, Green Onion Soy Sauce Noodles Ⓥ 葱油拌面, Green Onion Pancake (1) Ⓥ 葱油饼, Chicken & Vegetable Wontons in Chicken Soup 鸡汤菜肉大馄饨, Green Onion Soy Sauce Noodles Ⓥ 葱油拌面, Chicken Xiao Long Bao (8) 鸡肉小笼包",Default Online Ordering,6.32,Visa,600000034599821438,88,92.20,,1,0.00,,http://www.toasttab.com/receipts/33eiUG9RSnqR9vgz4YmOIA/zNxKd7tWRmnNP
,,,,CA02,1/12/25,2:22 PM,"Dan Dan Noodles Ⓥ🌶️🌶️ 担担面, Pork Xiao Long Bao (8) 鲜肉小笼包",Default Online Ordering,1.55,Amex,600000034600052805,87,21.89,,1,0.00,,http://www.toasttab.com/receipts/33eiUG9RSnqR9vgz4YmOIA/FndqjMtmJfqKy
600000034600359670,PickUp-Eina E,8552228111,dd.toast.orders+orders_fdd7fed8-f977-4a96-828a-d631cbb657e2@gmail.com,CA02,1/12/25,2:30 PM,"Pork & Shrimp Potstickers (6) 🦐 猪肉三鲜锅贴, Zha Jiang Mian 京味炸酱面, Dan Dan Noodles Ⓥ🌶️🌶️ 担担面, Pork Xiao Long Bao (8) 鲜肉小笼包",Default Online Ordering,2.91,Other,600000034600176140,89,38.29,,1,0.00,,http://www.toasttab.com/receipts/33eiUG9RSnqR9vgz4YmOIA/KxyxYJzCYyYds
,,,,CA02,1/12/25,2:35 PM,"Sweet & Sour Cucumber Ⓥ 🌶️ 甜辣小黄瓜, Chicken & Vegetable Wontons in Chili Sauce (6) 🌶️ 红油菜肉大馄饨, Chicken Xiao Long Bao (8) 鸡肉小笼包, Vegetable Potstickers (6) Ⓥ 素三鲜锅贴",Default Online Ordering,2.79,Visa,600000034600338697,91,40.19,,1,0.00,,http://www.toasttab.com/receipts/33eiUG9RSnqR9vgz4YmOIA/pNNPcPMWYmgqY
600000034600319420,PickUp-Rachel N,9155033764,dd.toast.orders+orders_36a3bf08-5cfd-4115-bd36-4e16a3e93f4e@gmail.com,CA02,1/12/25,2:33 PM,"Green Onion Pancake (1) Ⓥ 葱油饼, Vegetable Potstickers (6) Ⓥ 素三鲜锅贴",Default Online Ordering,1.01,Other,600000034600572905,90,12.11,,1,0.00,,http://www.toasttab.com/receipts/33eiUG9RSnqR9vgz4YmOIA/sRCckPRtXcjJt
,,,,CA02,1/12/25,2:46 PM,"Dan Dan Noodles Ⓥ🌶️🌶️ 担担面, Pork Xiao Long Bao (8) 鲜肉小笼包, Braised Pig Ears 🌶️ 凉拌猪耳, Romaine Lettuce Salad with Sesame Dressing Ⓥ 麻酱生菜沙拉, Pork Wontons in Chicken Soup 鸡汤小馄饨, Pork & Crab Meat Xiao Long Bao (8) 🦐 蟹肉小笼包",Default Online Ordering,4.40,Visa,600000034600737149,95,60.60,,1,0.00,,http://www.toasttab.com/receipts/33eiUG9RSnqR9vgz4YmOIA/bxNLjkxcrFfWT
,,,,CA02,1/12/25,2:36 PM,"Pork Xiao Long Bao (8) 鲜肉小笼包, Pork Xiao Long Bao (8) 鲜肉小笼包, Coke 可乐",xiaoli zheng,1.91,Amex,600000034600760824,92,26.35,,1,0.00,,http://www.toasttab.com/receipts/33eiUG9RSnqR9vgz4YmOIA/MgjKW9YxTMJjb
,,,,CA02,1/12/25,2:37 PM,"High Tail Shrimp & Pork Steamed Dumplings (6) 🦐 翘尾鲜虾蒸饺, Spicy Beef Pancake Roll (1) 🌶️🌶️ 麻辣牛肉卷饼, Braised Pig Ears 🌶️ 凉拌猪耳, Sweet & Sour Cucumber Ⓥ 🌶️ 甜辣小黄瓜, Beef-Stew Noodle Soup 🌶️ 秘制牛肉汤面, Beef-Stew Noodle Soup 🌶️ 秘制牛肉汤面",xiaoli zheng,4.76,Visa,600000034600836062,93,67.09,,2,0.00,,http://www.toasttab.com/receipts/33eiUG9RSnqR9vgz4YmOIA/d7fHkbrKhyHgd
600000034600791692,PickUp-Josselin L,5104720304,dd.toast.orders+orders_ef326970-ff7b-44ed-8b77-0fa62a68accb@gmail.com,CA02,1/12/25,2:46 PM,"Vegetable Potstickers (6) Ⓥ 素三鲜锅贴, Chicken & Vegetable Wontons in Chili Sauce (6) 🌶️ 红油菜肉大馄饨, Sweet & Sour Cucumber Ⓥ 🌶️ 甜辣小黄瓜",Default Online Ordering,1.96,Other,600000034600959684,94,23.41,,1,0.00,,http://www.toasttab.com/receipts/33eiUG9RSnqR9vgz4YmOIA/w7znsMgwfc7wk
,,,,CA02,1/12/25,2:50 PM,"Pan Fried Pork Buns (4) 特色鲜肉煎包, Beef Pancake Roll (1) 酱香牛肉卷饼 (不辣), Sweet & Sour Cucumber Ⓥ 🌶️ 甜辣小黄瓜, Shrimp & Zucchini Steamed Dumplings (6) 🦐 青瓜鲜虾蒸饺",Default Online Ordering,3.11,Visa,600000034601072488,99,45.27,,1,0.00,,http://www.toasttab.com/receipts/33eiUG9RSnqR9vgz4YmOIA/gqrcjMf7yPctT
,,,,CA02,1/12/25,2:49 PM,"Pork Wontons in Chili Sauce (6) 🌶️ 红油猪肉抄手, Chicken Xiao Long Bao (8) 鸡肉小笼包",Default Online Ordering,3.65,Discover,600000034601072642,97,50.14,,1,0.00,,http://www.toasttab.com/receipts/33eiUG9RSnqR9vgz4YmOIA/xCjLs9HsFFqzw
,,,,CA02,1/12/25,2:54 PM,"Pork Wontons in Hot & Sour Sauce (6) 🌶️ 酸辣猪肉抄手, Hot & Sour Glass Noodles 🌶️🌶️ 酸辣粉, Pork & Shrimp Boiled Dumplings (6) 🦐 猪肉三鲜水饺, Diet Coke 健怡可乐",Default Online Ordering,2.24,Mastercard,600000034601085799,100,30.81,,1,0.00,,http://www.toasttab.com/receipts/33eiUG9RSnqR9vgz4YmOIA/w9rnMgcPKRbNj
,,,,CA02,1/12/25,2:49 PM,"Pork Xiao Long Bao (8) 鲜肉小笼包, Sweet & Sour Cucumber Ⓥ 🌶️ 甜辣小黄瓜, Pork Wontons in Chili Sauce (6) 🌶️ 红油猪肉抄手, Pan Fried Pork Buns (4) 特色鲜肉煎包",Default Online Ordering,3.05,Discover,600000034601130122,98,42.03,,1,0.00,,http://www.toasttab.com/receipts/33eiUG9RSnqR9vgz4YmOIA/XpggKMCNw7JW7
,,,,CA02,1/12/25,2:48 PM,"Pork Xiao Long Bao (8) 鲜肉小笼包, Pan Fried Beef Pies (2) 牛肉馅饼, Sprite 雪碧",Default Online Ordering,1.72,Mastercard,600000034601265362,96,23.71,,1,0.00,,http://www.toasttab.com/receipts/33eiUG9RSnqR9vgz4YmOIA/qPb7scjPJzXpN
600000034601543106,Kiran P,8552228111,dd.toast.orders+orders_52fa007e-c89b-4b7e-9b5e-373a61609ca6@gmail.com,CA02,1/12/25,2:55 PM,"Chicken & Vegetable Wontons in Chili Sauce (6) 🌶️ 红油菜肉大馄饨, Spicy (Ma La) Noodles 🌶️🌶️ 麻辣小面, Chicken Xiao Long Bao (8) 鸡肉小笼包",Default Online Ordering,2.54,Other,600000034601603005,101,30.39,,1,0.00,,http://www.toasttab.com/receipts/33eiUG9RSnqR9vgz4YmOIA/kJWhYCcTTKk9R
,,,,CA02,1/12/25,3:01 PM,"Pork Xiao Long Bao (8) 鲜肉小笼包, Dan Dan Noodles Ⓥ🌶️🌶️ 担担面, Pork & Shrimp Potstickers (6) 🦐 猪肉三鲜锅贴, Beef Steamed Dumplings (6) 牛肉蒸饺, Minced Chicken Noodles 🌶️ 鸡肉肉燥小面",Default Online Ordering,3.56,Mastercard,600000034601641295,103,50.28,,1,0.00,,http://www.toasttab.com/receipts/33eiUG9RSnqR9vgz4YmOIA/twsPs7ndKkkXX
,,,,CA02,1/12/25,3:01 PM,"Pork Xiao Long Bao (8) 鲜肉小笼包, Sweet & Sour Cucumber Ⓥ 🌶️ 甜辣小黄瓜, Pan Fried Wontons with Chili Sauce (6) 红油香煎大馄饨, Dan Dan Noodles Ⓥ🌶️🌶️ 担担面, Coke 可乐, Pork & Shrimp Boiled Dumplings (6) 🦐 猪肉三鲜水饺",Default Online Ordering,3.73,Discover,600000034601693025,102,51.38,,1,0.00,,http://www.toasttab.com/receipts/33eiUG9RSnqR9vgz4YmOIA/xpwTjyCmpkbKx
,,,,CA02,1/12/25,3:12 PM,"Sweet & Sour Cucumber Ⓥ 🌶️ 甜辣小黄瓜, Pork & Crab Meat Xiao Long Bao (8) 🦐 蟹肉小笼包, Chicken Potstickers (6) 鸡肉锅贴, Pork Wontons in Chili Sauce (6) 🌶️ 红油猪肉抄手, Spicy (Ma La) Noodles 🌶️🌶️ 麻辣小面, Banana Naan Bread (1) Ⓥ 香蕉飞饼",Default Online Ordering,4.13,Visa,600000034602048592,104,49.53,,1,0.00,,http://www.toasttab.com/receipts/33eiUG9RSnqR9vgz4YmOIA/NLfcFhMyrsfCY
,,,,CA02,1/12/25,3:14 PM,"Yibin Noodles Ⓥ 🌶️ 宜宾燃面, Pork Xiao Long Bao (8) 鲜肉小笼包",Default Online Ordering,1.55,Visa,600000034602371919,105,21.33,,1,0.00,,http://www.toasttab.com/receipts/33eiUG9RSnqR9vgz4YmOIA/CRXbjPPnxzjpT
600000034602579555,Edward Z,8552228111,dd.toast.orders+orders_869869bc-9a6c-4d6d-81ef-9eae0c62940c@gmail.com,CA02,1/12/25,3:17 PM,"Coke 可乐, Chicken Xiao Long Bao (8) 鸡肉小笼包",Default Online Ordering,1.24,Other,600000034602433426,106,14.79,,1,0.00,,http://www.toasttab.com/receipts/33eiUG9RSnqR9vgz4YmOIA/txPjpPYFt9gcJ
,,,,CA02,1/12/25,3:29 PM,"Chicken Steamed Dumplings (6) 鸡肉蒸饺, Green Onion Soy Sauce Noodles Ⓥ 葱油拌面, Chicken & Vegetable Wontons in Chili Sauce (6) 🌶️ 红油菜肉大馄饨",Default Online Ordering,2.01,Visa,600000034603035525,107,27.67,,1,0.00,,http://www.toasttab.com/receipts/33eiUG9RSnqR9vgz4YmOIA/nsmyhdkbWFLJb
,,,,CA02,1/12/25,3:34 PM,"Green Onion Pancake (1) Ⓥ 葱油饼, Pork & Crab Meat Xiao Long Bao (8) 🦐 蟹肉小笼包, Pan Fried Pork Buns (4) 特色鲜肉煎包, Pork & Shrimp Boiled Dumplings (6) 🦐 猪肉三鲜水饺, Pork Wontons in Chili Sauce (6) 🌶️ 红油猪肉抄手, Sweet & Sour Cucumber Ⓥ 🌶️ 甜辣小黄瓜, Romaine Lettuce Salad with Sesame Dressing Ⓥ 麻酱生菜沙拉, Thai Milk Tea (Cold) 泰式奶茶 (冷), Ube Milk Tea (Cold) 紫薯奶茶 (冷)",andres valencia,5.79,Visa,600000034603508389,108,79.86,,2,0.00,,http://www.toasttab.com/receipts/33eiUG9RSnqR9vgz4YmOIA/mX9sfLLCwyggc
,,,,CA02,1/12/25,3:48 PM,"Pork & Crab Meat Xiao Long Bao (8) 🦐 蟹肉小笼包, Five Spice Beef Shank 五香牛腱",Default Online Ordering,1.57,Visa,600000034603770536,111,22.15,,1,0.00,,http://www.toasttab.com/receipts/33eiUG9RSnqR9vgz4YmOIA/Tj9HYYpx9xybx
,,,,CA02,1/12/25,3:40 PM,"Pork & Crab Meat Xiao Long Bao (8) 🦐 蟹肉小笼包, Beef Potstickers (6) 牛肉锅贴, Braised Pig Ears 🌶️ 凉拌猪耳, Pork Wontons in Chicken Soup 鸡汤小馄饨",ARIANA PEDROZA,2.85,Visa,600000034603823528,109,39.27,,1,0.00,,http://www.toasttab.com/receipts/33eiUG9RSnqR9vgz4YmOIA/LqNLPTR9snRmy
,,,,CA02,1/12/25,3:48 PM,"Dan Dan Noodles Ⓥ🌶️🌶️ 担担面, Spicy Beef Pancake Roll (1) 🌶️🌶️ 麻辣牛肉卷饼, Banana Naan Bread (1) Ⓥ 香蕉飞饼",Default Online Ordering,2.16,Amex,600000034603978728,112,29.68,,1,0.00,,http://www.toasttab.com/receipts/33eiUG9RSnqR9vgz4YmOIA/HfLjNsRN9sK7n
,,,,CA02,1/12/25,3:47 PM,"Dan Dan Noodles Ⓥ🌶️🌶️ 担担面, Pan Fried Wontons with Sweet & Spicy Garlic Sauce (6) 甜辣香煎大馄饨, Green Onion Pancake (1) Ⓥ 葱油饼, Pan Fried Wontons with Chili Sauce (6) 红油香煎大馄饨, Dan Dan Noodles Ⓥ🌶️🌶️ 担担面",Default Online Ordering,3.08,Mastercard,600000034604060557,110,36.83,,1,0.00,,http://www.toasttab.com/receipts/33eiUG9RSnqR9vgz4YmOIA/TdsFkJLjwwTHg
,,,,CA02,1/12/25,3:50 PM,"Yibin Noodles Ⓥ 🌶️ 宜宾燃面, Pork & Shrimp Potstickers (6) 🦐 猪肉三鲜锅贴, Pork Xiao Long Bao (8) 鲜肉小笼包, Pan Fried Pork Buns (4) 特色鲜肉煎包, Shrimp & Zucchini Steamed Dumplings (6) 🦐 青瓜鲜虾蒸饺",Default Online Ordering,3.84,Mastercard,600000034604152216,113,52.77,,1,0.00,,http://www.toasttab.com/receipts/33eiUG9RSnqR9vgz4YmOIA/nYss9csdztnsn
600000034603947331,Allen L,8552228111,dd.toast.orders+orders_7633b972-62c9-46b2-bc2c-c1813aedfa03@gmail.com,CA02,1/12/25,3:52 PM,"Beef Potstickers (6) 牛肉锅贴, Chicken Potstickers (6) 鸡肉锅贴, Chicken Xiao Long Bao (8) 鸡肉小笼包, Pork Xiao Long Bao (8) 鲜肉小笼包, Pan Fried Pork Buns (4) 特色鲜肉煎包",Default Online Ordering,4.04,Other,600000034604202814,114,53.29,,1,0.00,,http://www.toasttab.com/receipts/33eiUG9RSnqR9vgz4YmOIA/WRWcn9fsrqWsY
,,,,CA02,1/12/25,3:57 PM,"Pork Wontons in Hot & Sour Sauce (6) 🌶️ 酸辣猪肉抄手, Green Onion Soy Sauce Noodles Ⓥ 葱油拌面",Default Online Ordering,1.36,Mastercard,600000034604410319,115,18.70,,1,0.00,,http://www.toasttab.com/receipts/33eiUG9RSnqR9vgz4YmOIA/9HgLqHbKYJfhd
600000034605223725,PickUp-Phoenix M,8552228111,dd.toast.orders+orders_323ba4a0-144b-4a22-9d3e-533f3998065b@gmail.com,CA02,1/12/25,4:17 PM,"Sour Plum Juice (Cold) 酸梅汁 (冷), Chicken Potstickers (6) 鸡肉锅贴, Broccoli with Seafood Sauce 蚝油西兰花, Pork Wontons in Chicken Soup 鸡汤小馄饨, Pan Fried Pork Buns (4) 特色鲜肉煎包",Default Online Ordering,3.46,Other,600000034605256774,116,45.45,,1,0.00,,http://www.toasttab.com/receipts/33eiUG9RSnqR9vgz4YmOIA/tCNjyyJbywqtX
,,,,CA02,1/12/25,4:39 PM,"Steamed Pork Buns (4) 特色鲜肉蒸包, High Tail Shrimp & Pork Steamed Dumplings (6) 🦐 翘尾鲜虾蒸饺, Pan Fried Beef Pies (2) 牛肉馅饼, Pork Xiao Long Bao (8) 鲜肉小笼包, Pan Fried Wontons with Chili Sauce (6) 红油香煎大馄饨, Pork Wontons in Chili Sauce (6) 🌶️ 红油猪肉抄手, Chicken Potstickers (6) 鸡肉锅贴, Pork Wontons in Chicken Soup 鸡汤小馄饨, Steamed Pork Buns (4) 特色鲜肉蒸包, Chicken & Vegetable Wontons in Hot & Sour Sauce (6) 🌶️ 酸辣菜肉大馄饨, Pan Fried Pork Buns (4) 特色鲜肉煎包, Chicken & Vegetable Wontons in Chili Sauce (6) 🌶️ 红油菜肉大馄饨, Spicy Beef Sandwich (1) 🌶️🌶️大嘴牛肉包 (辣)",Default Online Ordering,9.63,Visa,600000034606227762,118,115.28,,2,0.00,,http://www.toasttab.com/receipts/33eiUG9RSnqR9vgz4YmOIA/xjYwm7gMJtCFL
600000034606240329,Rayah G,8552228111,dd.toast.orders+orders_63d0084d-5c84-4226-9ead-2812e2e4b07c@gmail.com,CA02,1/12/25,4:40 PM,"Chicken & Vegetable Wontons in Hot & Sour Sauce (6) 🌶️ 酸辣菜肉大馄饨, Beef Potstickers (6) 牛肉锅贴, Dan Dan Noodles Ⓥ🌶️🌶️ 担担面",Default Online Ordering,2.32,Other,600000034606327018,119,27.77,,1,0.00,,http://www.toasttab.com/receipts/33eiUG9RSnqR9vgz4YmOIA/HtjMXXythc9P9
,,,,CA02,1/12/25,4:53 PM,"Sweet & Sour Cucumber Ⓥ 🌶️ 甜辣小黄瓜, Pork Xiao Long Bao (8) 鲜肉小笼包, Steamed Pork Buns (4) 特色鲜肉蒸包, Chicken & Vegetable Wontons in Hot & Sour Sauce (6) 🌶️ 酸辣菜肉大馄饨, Dan Dan Noodles Ⓥ🌶️🌶️ 担担面, Beef Sandwich (1) 大嘴牛肉包 (不辣), Jasmine Tea (Hot) 茉莉花茶 (热), Coke 可乐, Broccoli with Seafood Sauce 蚝油西兰花",Default Online Ordering,5.77,Visa,600000034606605487,120,79.49,,1,0.00,,http://www.toasttab.com/receipts/33eiUG9RSnqR9vgz4YmOIA/nyYzPpd9XscwW
,,,,CA02,1/12/25,5:08 PM,"Green Onion Pancake (1) Ⓥ 葱油饼, Beef Sandwich (1) 大嘴牛肉包 (不辣), Pork Wontons in Chili Sauce (6) 🌶️ 红油猪肉抄手, Pan Fried Pork Buns (4) 特色鲜肉煎包",Default Online Ordering,2.55,Visa,600000034607284875,125,36.05,,1,0.00,,http://www.toasttab.com/receipts/33eiUG9RSnqR9vgz4YmOIA/ptNmzwChFJRKq
,,,,CA02,1/12/25,5:04 PM,"Pork & Crab Meat Xiao Long Bao (8) 🦐 蟹肉小笼包, Pork & Crab Meat Xiao Long Bao (8) 🦐 蟹肉小笼包, Pan Fried Pork Buns (4) 特色鲜肉煎包, Shrimp & Zucchini Steamed Dumplings (6) 🦐 青瓜鲜虾蒸饺",Jaylan Penney,3.32,Visa,600000034607391864,122,46.87,,2,0.00,,http://www.toasttab.com/receipts/33eiUG9RSnqR9vgz4YmOIA/xMXtrJmdfwKyj
,,,,CA02,1/12/25,5:12 PM,"Sweet & Sour Cucumber Ⓥ 🌶️ 甜辣小黄瓜, Green Onion Pancake (1) Ⓥ 葱油饼, Pork Xiao Long Bao (8) 鲜肉小笼包, Steamed Pork Buns (4) 特色鲜肉蒸包, Green Onion Soy Sauce Noodles Ⓥ 葱油拌面, Pan Fried Wontons with Sweet & Spicy Garlic Sauce (6) 甜辣香煎大馄饨, Coke 可乐",Default Online Ordering,8.92,Visa,600000034607474116,126,128.18,,1,0.00,,http://www.toasttab.com/receipts/33eiUG9RSnqR9vgz4YmOIA/sfbjjjqysYnjw
,,,,CA02,1/12/25,5:06 PM,"Chicken Potstickers (6) 鸡肉锅贴, Chicken & Vegetable Wontons in Chili Sauce (6) 🌶️ 红油菜肉大馄饨, Chicken & Vegetable Wontons in Hot & Sour Sauce (6) 🌶️ 酸辣菜肉大馄饨, Chicken Steamed Dumplings (6) 鸡肉蒸饺, Pan Fried Pork Buns (4) 特色鲜肉煎包, Minced Chicken Noodles 🌶️ 鸡肉肉燥小面, Minced Chicken Noodles 🌶️ 鸡肉肉燥小面, Sapporo, Chicken & Vegetable Wontons in Chicken Soup 鸡汤菜肉大馄饨",zhengyu chen,6.14,Visa,600000034607486425,121,84.46,,1,0.00,,http://www.toasttab.com/receipts/33eiUG9RSnqR9vgz4YmOIA/XbqrpRjqbyFPL
,,,,CA02,1/12/25,5:07 PM,Beef-Stew Noodle Soup 🌶️ 秘制牛肉汤面,Jaylan Penney,0.91,Visa,600000034607501773,123,12.49,,1,0.00,,http://www.toasttab.com/receipts/33eiUG9RSnqR9vgz4YmOIA/brfkHgWtYJczk
,,,,CA02,1/12/25,5:13 PM,"Pan Fried Pork Buns (4) 特色鲜肉煎包, Pork Xiao Long Bao (8) 鲜肉小笼包",Default Online Ordering,1.75,Amex,600000034607557728,127,24.09,,1,0.00,,http://www.toasttab.com/receipts/33eiUG9RSnqR9vgz4YmOIA/FfWLtCWfcgbxF
,,,,CA02,1/12/25,5:19 PM,"Pork Xiao Long Bao (8) 鲜肉小笼包, Pan Fried Wontons with Sweet & Spicy Garlic Sauce (6) 甜辣香煎大馄饨, Pan Fried Pork Buns (4) 特色鲜肉煎包, Pan Fried Wontons with Sweet & Spicy Garlic Sauce (6) 甜辣香煎大馄饨, Pan Fried Beef Pies (2) 牛肉馅饼",Default Online Ordering,3.70,Visa,600000034607741672,129,51.01,,1,0.00,,http://www.toasttab.com/receipts/33eiUG9RSnqR9vgz4YmOIA/HgRzJcdgxFKKL
,,,,CA02,1/12/25,5:15 PM,"Pan Fried Chive Dumplings (3) 韭菜盒子, Pork Xiao Long Bao (8) 鲜肉小笼包, Pork Xiao Long Bao (8) 鲜肉小笼包, Pork Xiao Long Bao (8) 鲜肉小笼包, Shrimp & Zucchini Steamed Dumplings (6) 🦐 青瓜鲜虾蒸饺, Spicy Beef Shank 🌶️🌶️ 麻辣牛腱, Sweet & Sour Cucumber Ⓥ 🌶️ 甜辣小黄瓜, Beef-Stew Noodle Soup 🌶️ 秘制牛肉汤面",Jaylan Penney,5.66,Visa,600000034607807082,128,78.69,,4,5.90,Reward Dollars,http://www.toasttab.com/receipts/33eiUG9RSnqR9vgz4YmOIA/qbghjkLKmcFnw
600000034607763893,PickUp-Jason C,5304007889,dd.toast.orders+orders_0883ad3d-b626-41d1-a098-475440bcee0e@gmail.com,CA02,1/12/25,5:31 PM,"Green Onion Pancake (1) Ⓥ 葱油饼, Pork & Shrimp Potstickers (6) 🦐 猪肉三鲜锅贴, Chicken Potstickers (6) 鸡肉锅贴, Pork Wontons in Chili Sauce (6) 🌶️ 红油猪肉抄手, Yibin Noodles Ⓥ 🌶️ 宜宾燃面, Dan Dan Noodles Ⓥ🌶️🌶️ 担担面, Beef-Stew Noodles 🌶️ 秘制牛肉小面, Spicy Beef Shank 🌶️🌶️ 麻辣牛腱, Chicken Xiao Long Bao (8) 鸡肉小笼包, Pork Xiao Long Bao (8) 鲜肉小笼包",Default Online Ordering,6.85,Other,600000034607912840,136,81.95,,1,0.00,,http://www.toasttab.com/receipts/33eiUG9RSnqR9vgz4YmOIA/Fj7HXcLbJwYMs
600000034607794172,PickUp-Shikha M,6507968364,dd.toast.orders+orders_b186778e-3f42-482e-8e7b-459d07105753@gmail.com,CA02,1/12/25,5:23 PM,"Green Onion Pancake (1) Ⓥ 葱油饼, Chicken & Vegetable Wontons in Hot & Sour Sauce (6) 🌶️ 酸辣菜肉大馄饨, Pan Fried Wontons with Chili Sauce (6) 红油香煎大馄饨, Chicken & Vegetable Wontons in Chicken Soup 鸡汤菜肉大馄饨, Chicken Steamed Dumplings (6) 鸡肉蒸饺, Minced Chicken Noodles 🌶️ 鸡肉肉燥小面, Minced Chicken Noodles 🌶️ 鸡肉肉燥小面, Yibin Noodles Ⓥ 🌶️ 宜宾燃面",Default Online Ordering,5.15,Other,600000034607993713,132,61.55,,1,0.00,,http://www.toasttab.com/receipts/33eiUG9RSnqR9vgz4YmOIA/gpRwh9fckwfdn
600000034607794182,Mariko N,8552228111,dd.toast.orders+orders_098e3850-f699-4e2f-9f15-ba09896fa70d@gmail.com,CA02,1/12/25,5:26 PM,"Sweet & Sour Cucumber Ⓥ 🌶️ 甜辣小黄瓜, Pork Wontons in Chili Sauce (6) 🌶️ 红油猪肉抄手, Pan Fried Chive Dumplings (3) 韭菜盒子, Pork Xiao Long Bao (8) 鲜肉小笼包",Default Online Ordering,5.47,Other,600000034607993727,134,70.42,,1,0.00,,http://www.toasttab.com/receipts/33eiUG9RSnqR9vgz4YmOIA/TtdyH7kmLFcw9
,,,,CA02,1/12/25,5:21 PM,Sapporo,Jaylan Penney,0.50,Visa,600000034608022527,130,6.00,,1,0.00,,http://www.toasttab.com/receipts/33eiUG9RSnqR9vgz4YmOIA/xMTWcrwTrMsWL
,,,,CA02,1/12/25,5:30 PM,"Green Onion Soy Sauce Noodles Ⓥ 葱油拌面, Pan Fried Pork Buns (4) 特色鲜肉煎包, Beef Sandwich (1) 大嘴牛肉包 (不辣), Green Onion Pancake (1) Ⓥ 葱油饼",Default Online Ordering,2.61,Visa,600000034608052086,135,34.21,,1,0.00,,http://www.toasttab.com/receipts/33eiUG9RSnqR9vgz4YmOIA/xqHMJdRqzjFg7
,,,,CA02,1/12/25,5:36 PM,"Pork Xiao Long Bao (8) 鲜肉小笼包, Beef Pancake Roll (1) 酱香牛肉卷饼 (不辣), Pork Wontons in Chili Sauce (6) 🌶️ 红油猪肉抄手, Pan Fried Chive Dumplings (3) 韭菜盒子, Chicken Potstickers (6) 鸡肉锅贴, Beef Potstickers (6) 牛肉锅贴, Minced Chicken Noodles 🌶️ 鸡肉肉燥小面, Spicy Beef Shank 🌶️🌶️ 麻辣牛腱, Ube Milk Tea (Cold) 紫薯奶茶 (冷), Pork & Crab Meat Xiao Long Bao (8) 🦐 蟹肉小笼包, Hot & Sour Glass Noodles 🌶️🌶️ 酸辣粉, Green Onion Soy Sauce Noodles Ⓥ 葱油拌面, Minced Chicken Noodles 🌶️ 鸡肉肉燥小面, Pork Xiao Long Bao (8) 鲜肉小笼包, Shrimp & Zucchini Steamed Dumplings (6) 🦐 青瓜鲜虾蒸饺, Beef Steamed Dumplings (6) 牛肉蒸饺, Pork Wontons in Chili Sauce (6) 🌶️ 红油猪肉抄手",Default Online Ordering,12.08,Amex,600000034608210535,138,166.21,,1,0.00,,http://www.toasttab.com/receipts/33eiUG9RSnqR9vgz4YmOIA/NnyrkFHYTmpm7
600000034607962598,PickUp-Kelly C,5109280364,dd.toast.orders+orders_22f4f708-b2f7-4f4a-8a18-8f9266f27ff7@gmail.com,CA02,1/12/25,5:33 PM,"Chicken Potstickers (6) 鸡肉锅贴, Chicken & Vegetable Wontons in Chili Sauce (6) 🌶️ 红油菜肉大馄饨, Chicken & Vegetable Wontons in Chicken Soup 鸡汤菜肉大馄饨, Broccoli with Seafood Sauce 蚝油西兰花, Sweet & Sour Cucumber Ⓥ 🌶️ 甜辣小黄瓜, Zha Jiang Mian 京味炸酱面, Pork Xiao Long Bao (8) 鲜肉小笼包",Default Online Ordering,7.13,Other,600000034608243718,137,93.04,,1,0.00,,http://www.toasttab.com/receipts/33eiUG9RSnqR9vgz4YmOIA/wLJKqJNkjpCCr
,,,,CA02,1/12/25,5:45 PM,"Jasmine Tea (Hot) 茉莉花茶 (热), Diet Coke 健怡可乐, Pork & Crab Meat Xiao Long Bao (8) 🦐 蟹肉小笼包, Yibin Noodles Ⓥ 🌶️ 宜宾燃面, Hot & Sour Glass Noodles 🌶️🌶️ 酸辣粉, Pork & Shrimp Potstickers (6) 🦐 猪肉三鲜锅贴",Default Online Ordering,3.64,Visa,600000034608349897,146,51.38,,1,0.00,,http://www.toasttab.com/receipts/33eiUG9RSnqR9vgz4YmOIA/bXhFwLHKXX7jh
600000034608214947,Sarah S,8552228111,dd.toast.orders+orders_fff5db17-d92d-426e-9754-f18d8ef51727@gmail.com,CA02,1/12/25,5:44 PM,"Green Onion Pancake (1) Ⓥ 葱油饼, Pan Fried Chive Dumplings (3) 韭菜盒子, Pan Fried Wontons with Sweet & Spicy Garlic Sauce (6) 甜辣香煎大馄饨, Kale Salad with Sesame Dressing Ⓥ 麻酱羽衣甘蓝沙拉, Sweet & Sour Cucumber Ⓥ 🌶️ 甜辣小黄瓜, Vegetable Potstickers (6) Ⓥ 素三鲜锅贴, Green Onion Soy Sauce Noodles Ⓥ 葱油拌面, Pork Xiao Long Bao (8) 鲜肉小笼包, Steamed Pork Buns (4) 特色鲜肉蒸包",Default Online Ordering,6.56,Other,600000034608474585,143,83.41,,1,0.00,,http://www.toasttab.com/receipts/33eiUG9RSnqR9vgz4YmOIA/PWsXkKbtbfRmW
,,,,CA02,,,,zhengyu chen,0.00,,600000034608588435,139,0.00,,1,0.00,,
,,,,CA02,1/12/25,5:38 PM,Banana Naan Bread (1) Ⓥ 香蕉飞饼,zhengyu chen,0.63,Visa,600000034608627901,140,8.72,,1,0.00,,http://www.toasttab.com/receipts/33eiUG9RSnqR9vgz4YmOIA/xswYcsLycjnpN
,,,,CA02,1/12/25,5:39 PM,"Chicken Steamed Dumplings (6) 鸡肉蒸饺, Chicken Steamed Dumplings (6) 鸡肉蒸饺, Minced Chicken Noodles 🌶️ 鸡肉肉燥小面, Pork Wontons in Chicken Soup 鸡汤小馄饨, Pork Wontons in Chicken Soup 鸡汤小馄饨, Jasmine Tea (Hot) 茉莉花茶 (热), Pork Xiao Long Bao (8) 鲜肉小笼包",Yafang Chen,4.77,Mastercard,600000034608641125,142,65.63,,4,0.00,,http://www.toasttab.com/receipts/33eiUG9RSnqR9vgz4YmOIA/mxFWpfWttHPWb
,,,,CA02,1/12/25,5:46 PM,"Pork Wontons in Chili Sauce (6) 🌶️ 红油猪肉抄手, Minced Chicken Noodles 🌶️ 鸡肉肉燥小面, Green Onion Pancake (1) Ⓥ 葱油饼, Steamed Pork Buns (4) 特色鲜肉蒸包",Default Online Ordering,2.63,Visa,600000034608645939,148,36.14,,2,0.00,,http://www.toasttab.com/receipts/33eiUG9RSnqR9vgz4YmOIA/ssPXCcNzYspPj
600000015480846718,Amy Hsiao,6507859121,amy_hsiao99@yahoo.com,CA02,1/12/25,5:45 PM,"Pork Xiao Long Bao (8) 鲜肉小笼包, Sweet & Sour Cucumber Ⓥ 🌶️ 甜辣小黄瓜, Chicken & Vegetable Wontons in Chicken Soup 鸡汤菜肉大馄饨, Kale Salad with Sesame Dressing Ⓥ 麻酱羽衣甘蓝沙拉, Vegetarian Hot & Sour Glass Noodles Ⓥ 🌶️🌶️ 素酸辣粉, Beef-Stew Noodles 🌶️ 秘制牛肉小面",Default Online Ordering,4.50,Visa,600000034608678913,145,62.71,,1,5.20,Reward Dollars,http://www.toasttab.com/receipts/33eiUG9RSnqR9vgz4YmOIA/XCYLyYLMCywXr
,,,,CA02,1/12/25,5:50 PM,"Pork Xiao Long Bao (8) 鲜肉小笼包, Five Spice Beef Shank 五香牛腱, Yibin Noodles Ⓥ 🌶️ 宜宾燃面, Pork Wontons in Chili Sauce (6) 🌶️ 红油猪肉抄手, Green Onion Pancake (1) Ⓥ 葱油饼, Pork Xiao Long Bao (8) 鲜肉小笼包, Pork & Shrimp Potstickers (6) 🦐 猪肉三鲜锅贴, Spicy Beef Shank 🌶️🌶️ 麻辣牛腱",Default Online Ordering,5.51,Amex,600000034608697893,149,71.91,,1,0.00,,http://www.toasttab.com/receipts/33eiUG9RSnqR9vgz4YmOIA/dNNfsLXtjfNnf
,,,,CA02,1/12/25,5:45 PM,"Pork & Crab Meat Xiao Long Bao (8) 🦐 蟹肉小笼包, Pan Fried Pork Buns (4) 特色鲜肉煎包, Pork & Shrimp Potstickers (6) 🦐 猪肉三鲜锅贴, Pork Wontons in Chili Sauce (6) 🌶️ 红油猪肉抄手, Shrimp & Zucchini Steamed Dumplings (6) 🦐 青瓜鲜虾蒸饺, Sweet & Sour Cucumber Ⓥ 🌶️ 甜辣小黄瓜, Spicy (Ma La) Noodles 🌶️🌶️ 麻辣小面, Pork Wontons in Chili Sauce (6) 🌶️ 红油猪肉抄手",Jaylan Penney,5.79,Visa,600000034608842475,144,81.76,,4,0.00,,http://www.toasttab.com/receipts/33eiUG9RSnqR9vgz4YmOIA/JhgcJpMqwc9Kg
,,,,CA02,1/12/25,5:55 PM,"Sweet & Sour Cucumber Ⓥ 🌶️ 甜辣小黄瓜, Beef-Stew Noodle Soup 🌶️ 秘制牛肉汤面, Pork & Shrimp Potstickers (6) 🦐 猪肉三鲜锅贴, Broccoli with Seafood Sauce 蚝油西兰花, Chicken Potstickers (6) 鸡肉锅贴, Pork Xiao Long Bao (8) 鲜肉小笼包, Beef Potstickers (6) 牛肉锅贴, Green Onion Pancake (1) Ⓥ 葱油饼",Default Online Ordering,7.48,Visa,600000034608931926,151,102.96,,1,0.00,,http://www.toasttab.com/receipts/33eiUG9RSnqR9vgz4YmOIA/bWNdRgLqThzy9
,,,,CA02,1/12/25,5:58 PM,"Green Onion Pancake (1) Ⓥ 葱油饼, Chicken Potstickers (6) 鸡肉锅贴, Pork Xiao Long Bao (8) 鲜肉小笼包, Chicken & Vegetable Wontons in Chili Sauce (6) 🌶️ 红油菜肉大馄饨, Pan Fried Pork Buns (4) 特色鲜肉煎包",Default Online Ordering,3.41,Visa,600000034608981330,153,48.01,,1,0.00,,http://www.toasttab.com/receipts/33eiUG9RSnqR9vgz4YmOIA/b7bfHRnbbfFfx
,,,,CA02,1/12/25,5:55 PM,Pork & Crab Meat Xiao Long Bao (8) 🦐 蟹肉小笼包,Yafang Chen,0.84,Visa,600000034609167943,150,10.09,,1,0.00,,http://www.toasttab.com/receipts/33eiUG9RSnqR9vgz4YmOIA/p9LnPxgTchkPk
600000034608938791,Samantha C,8552228111,dd.toast.orders+orders_2d6a55fe-cf6b-40f9-af88-3bff3603f650@gmail.com,CA02,1/12/25,6:01 PM,"Vegetable Steamed Dumplings (6) Ⓥ 素三鲜蒸饺, Green Onion Soy Sauce Noodles Ⓥ 葱油拌面",Default Online Ordering,1.57,Other,600000034609242258,154,18.77,,1,0.00,,http://www.toasttab.com/receipts/33eiUG9RSnqR9vgz4YmOIA/MmTWjNxRJTXTt
600000034609468772,PickUp-Abhishek S,3103579359,dd.toast.orders+orders_7b34e3b0-0aa8-48d1-a010-f1b584edcede@gmail.com,CA02,1/12/25,6:13 PM,"Pan Fried Wontons with Chili Sauce (6) 红油香煎大馄饨, Chicken & Vegetable Wontons in Chili Sauce (6) 🌶️ 红油菜肉大馄饨",Default Online Ordering,1.30,Other,600000034609306491,156,15.60,,1,0.00,,http://www.toasttab.com/receipts/33eiUG9RSnqR9vgz4YmOIA/hbtnRCknHswJx
,,,,CA02,1/12/25,6:14 PM,"Sweet & Sour Cucumber Ⓥ 🌶️ 甜辣小黄瓜, Chicken Steamed Dumplings (6) 鸡肉蒸饺, Pork Xiao Long Bao (8) 鲜肉小笼包, Pork Wontons in Chicken Soup 鸡汤小馄饨",Default Online Ordering,2.85,Mastercard,600000034609542013,158,40.30,,1,0.00,,http://www.toasttab.com/receipts/33eiUG9RSnqR9vgz4YmOIA/FsqRHzFrmFTk7
,,,,CA02,1/12/25,6:10 PM,"Pork Xiao Long Bao (8) 鲜肉小笼包, Pork Xiao Long Bao (8) 鲜肉小笼包, Green Onion Pancake (1) Ⓥ 葱油饼, Chicken Potstickers (6) 鸡肉锅贴, Pork & Shrimp Boiled Dumplings (6) 🦐 猪肉三鲜水饺, Pork & Shrimp Boiled Dumplings (6) 🦐 猪肉三鲜水饺, Chicken Steamed Dumplings (6) 鸡肉蒸饺, Beef Steamed Dumplings (6) 牛肉蒸饺, Minced Chicken Noodles 🌶️ 鸡肉肉燥小面",Jaylan Penney,6.00,Visa,600000034609595879,155,82.74,,4,0.00,,http://www.toasttab.com/receipts/33eiUG9RSnqR9vgz4YmOIA/CTfFXh9hzkmwP
600000034609664766,James W,8552228111,dd.toast.orders+orders_b4542dc2-f023-4dc1-a0c6-3bcbeb69b443@gmail.com,CA02,1/12/25,6:19 PM,"Kale Salad with Sesame Dressing Ⓥ 麻酱羽衣甘蓝沙拉, Sweet & Sour Cucumber Ⓥ 🌶️ 甜辣小黄瓜, Pork Wontons in Chili Sauce (6) 🌶️ 红油猪肉抄手, Yibin Noodles Ⓥ 🌶️ 宜宾燃面, Shrimp & Zucchini Steamed Dumplings (6) 🦐 青瓜鲜虾蒸饺, Chicken Xiao Long Bao (8) 鸡肉小笼包, Pork Xiao Long Bao (8) 鲜肉小笼包",Default Online Ordering,7.12,Other,600000034609707466,161,90.17,,1,0.00,,http://www.toasttab.com/receipts/33eiUG9RSnqR9vgz4YmOIA/FyFkqdPsxjhC9
600000034609687890,Bran,4082102652,,CA02,1/12/25,6:15 PM,"Sweet & Sour Cucumber Ⓥ 🌶️ 甜辣小黄瓜, Chicken & Vegetable Wontons in Chicken Soup 鸡汤菜肉大馄饨, Pork Xiao Long Bao (8) 鲜肉小笼包, Pork & Crab Meat Xiao Long Bao (8) 🦐 蟹肉小笼包, Chicken Xiao Long Bao (8) 鸡肉小笼包, Pork & Shrimp Potstickers (6) 🦐 猪肉三鲜锅贴",zhengyu chen,4.53,Mastercard,600000034609725980,157,54.33,,1,0.00,,http://www.toasttab.com/receipts/33eiUG9RSnqR9vgz4YmOIA/xfTY9fc7jNCRL
,,,,CA02,1/12/25,6:17 PM,"Pork Xiao Long Bao (8) 鲜肉小笼包, Pork & Crab Meat Xiao Long Bao (8) 🦐 蟹肉小笼包, Pan Fried Pork Buns (4) 特色鲜肉煎包, Dan Dan Noodles Ⓥ🌶️🌶️ 担担面, Beef-Stew Noodles 🌶️ 秘制牛肉小面, Banana Naan Bread (1) Ⓥ 香蕉飞饼, Pork & Shrimp Potstickers (6) 🦐 猪肉三鲜锅贴, Yibin Noodles Ⓥ 🌶️ 宜宾燃面",Default Online Ordering,6.85,Visa,600000034609759853,160,96.64,,1,0.00,,http://www.toasttab.com/receipts/33eiUG9RSnqR9vgz4YmOIA/xdRHd7XMyFxhs
,,,,CA02,1/12/25,6:30 PM,"Sweet & Sour Cucumber Ⓥ 🌶️ 甜辣小黄瓜, Pork & Shrimp Potstickers (6) 🦐 猪肉三鲜锅贴, Beef Potstickers (6) 牛肉锅贴, Minced Chicken Noodles 🌶️ 鸡肉肉燥小面, Beef-Stew Noodle Soup 🌶️ 秘制牛肉汤面, High Tail Shrimp & Pork Steamed Dumplings (6) 🦐 翘尾鲜虾蒸饺, Pan Fried Beef Pies (2) 牛肉馅饼, Beef Pancake Roll (1) 酱香牛肉卷饼 (不辣), Chicken Xiao Long Bao (8) 鸡肉小笼包, Pork Xiao Long Bao (8) 鲜肉小笼包, Pork Wontons in Chili Sauce (6) 🌶️ 红油猪肉抄手, Pork Wontons in Chicken Soup 鸡汤小馄饨, Pork Xiao Long Bao (8) 鲜肉小笼包, High Tail Shrimp & Pork Steamed Dumplings (6) 🦐 翘尾鲜虾蒸饺, Sweet & Sour Cucumber Ⓥ 🌶️ 甜辣小黄瓜, Pork & Shrimp Potstickers (6) 🦐 猪肉三鲜锅贴, Pork Wontons in Chili Sauce (6) 🌶️ 红油猪肉抄手, Pork Xiao Long Bao (8) 鲜肉小笼包",Default Online Ordering,18.09,Visa,600000034609889425,166,248.96,,1,0.00,,http://www.toasttab.com/receipts/33eiUG9RSnqR9vgz4YmOIA/mCTXzzLL7Mwr7
600000015508110334,Justin Tong,6502911473,tongfamily828@gmail.com,CA02,1/12/25,6:37 PM,"Pork Xiao Long Bao (8) 鲜肉小笼包, Green Onion Pancake (1) Ⓥ 葱油饼, Pan Fried Pork Buns (4) 特色鲜肉煎包, Beef-Stew Noodles 🌶️ 秘制牛肉小面, Pork Xiao Long Bao (8) 鲜肉小笼包",Default Online Ordering,8.27,Visa,600000034609889445,169,115.10,,1,8.15,Reward Dollars,http://www.toasttab.com/receipts/33eiUG9RSnqR9vgz4YmOIA/sgwcz7znyhxJW
,,,,CA02,1/12/25,6:27 PM,"Pork Xiao Long Bao (8) 鲜肉小笼包, Pork Wontons in Chili Sauce (6) 🌶️ 红油猪肉抄手, Ube Milk Tea (Cold) 紫薯奶茶 (冷), Add Boba 珍珠",Default Online Ordering,2.12,Discover,600000034609983757,164,25.47,,1,0.00,,http://www.toasttab.com/receipts/33eiUG9RSnqR9vgz4YmOIA/F9HYjkRRpWW9w
,,,,CA02,1/12/25,6:40 PM,"Pork Xiao Long Bao (8) 鲜肉小笼包, Pan Fried Pork Buns (4) 特色鲜肉煎包, Pork & Crab Meat Xiao Long Bao (8) 🦐 蟹肉小笼包, Chicken & Vegetable Wontons in Chili Sauce (6) 🌶️ 红油菜肉大馄饨, Broccoli with Seafood Sauce 蚝油西兰花, Green Onion Pancake (1) Ⓥ 葱油饼, Pan Fried Pork Buns (4) 特色鲜肉煎包, Tsingtao, Pan Fried Wontons with Chili Sauce (6) 红油香煎大馄饨, Pork Xiao Long Bao (8) 鲜肉小笼包",Default Online Ordering,7.20,Visa,600000034610001196,170,99.19,,1,0.00,,http://www.toasttab.com/receipts/33eiUG9RSnqR9vgz4YmOIA/xJNkTpLXcJWFW
,,,,CA02,1/12/25,6:26 PM,"Green Onion Pancake (1) Ⓥ 葱油饼, Sweet & Sour Cucumber Ⓥ 🌶️ 甜辣小黄瓜, Dan Dan Noodles Ⓥ🌶️🌶️ 担担面, Yibin Noodles Ⓥ 🌶️ 宜宾燃面",Yafang Chen,2.43,Visa,600000034610018080,162,33.38,,1,0.00,,http://www.toasttab.com/receipts/33eiUG9RSnqR9vgz4YmOIA/KcrMMyFcpMrFt
,,,,CA02,1/12/25,6:32 PM,"Pork Xiao Long Bao (8) 鲜肉小笼包, Pork Wontons in Chili Sauce (6) 🌶️ 红油猪肉抄手, Beef-Stew Noodle Soup 🌶️ 秘制牛肉汤面",Default Online Ordering,2.40,Visa,600000034610078612,167,33.06,,1,0.00,,http://www.toasttab.com/receipts/33eiUG9RSnqR9vgz4YmOIA/k9xXLbNcYNnbH
,,,,CA02,1/12/25,6:29 PM,"Pan Fried Pork Buns (4) 特色鲜肉煎包, Shrimp & Zucchini Steamed Dumplings (6) 🦐 青瓜鲜虾蒸饺, Kale Salad with Sesame Dressing Ⓥ 麻酱羽衣甘蓝沙拉, Pork Wontons in Chicken Soup 鸡汤小馄饨",Yafang Chen,3.00,Amex,600000034610080758,163,35.80,,1,0.00,,http://www.toasttab.com/receipts/33eiUG9RSnqR9vgz4YmOIA/s7nmzrRsRFPnW
,,,,CA02,1/12/25,6:30 PM,"Pork Xiao Long Bao (8) 鲜肉小笼包, Chicken Xiao Long Bao (8) 鸡肉小笼包, Pan Fried Pork Buns (4) 特色鲜肉煎包, Steamed Pork Buns (4) 特色鲜肉蒸包, Chicken Potstickers (6) 鸡肉锅贴, Sweet & Sour Cucumber Ⓥ 🌶️ 甜辣小黄瓜, Green Onion Soy Sauce Noodles Ⓥ 葱油拌面",zhengyu chen,5.51,Visa,600000034610108049,165,75.85,,2,0.00,,http://www.toasttab.com/receipts/33eiUG9RSnqR9vgz4YmOIA/XXzhmWbwYqMqk
,,,,CA02,1/12/25,6:35 PM,"Green Onion Pancake (1) Ⓥ 葱油饼, Pork Xiao Long Bao (8) 鲜肉小笼包, Chicken Steamed Dumplings (6) 鸡肉蒸饺",zhengyu chen,1.85,Mastercard,600000034610238601,168,23.84,,2,0.00,,http://www.toasttab.com/receipts/33eiUG9RSnqR9vgz4YmOIA/cFzFJ9bFWMXWw
,,,,CA02,1/12/25,6:41 PM,"Dan Dan Noodles Ⓥ🌶️🌶️ 担担面, Pan Fried Pork Buns (4) 特色鲜肉煎包, Pork Xiao Long Bao (8) 鲜肉小笼包, Pork & Shrimp Potstickers (6) 🦐 猪肉三鲜锅贴, Chicken & Vegetable Wontons in Chili Sauce (6) 🌶️ 红油菜肉大馄饨, Pork Wontons in Chili Sauce (6) 🌶️ 红油猪肉抄手, Pork & Shrimp Potstickers (6) 🦐 猪肉三鲜锅贴, Pan Fried Wontons with Chili Sauce (6) 红油香煎大馄饨",Default Online Ordering,7.91,Visa,600000034610313759,171,113.71,,1,0.00,,http://www.toasttab.com/receipts/33eiUG9RSnqR9vgz4YmOIA/srNhYYmynqswh
,,,,CA02,1/12/25,6:42 PM,"Spicy (Ma La) Noodles 🌶️🌶️ 麻辣小面, Green Onion Pancake (1) Ⓥ 葱油饼, Pan Fried Chive Dumplings (3) 韭菜盒子, Vegetable Potstickers (6) Ⓥ 素三鲜锅贴, Green Onion Soy Sauce Noodles Ⓥ 葱油拌面",Default Online Ordering,3.08,Visa,600000034610378257,172,44.20,,1,0.00,,http://www.toasttab.com/receipts/33eiUG9RSnqR9vgz4YmOIA/gPYW9sz9THgTg
,,,,CA02,1/12/25,6:57 PM,"Dan Dan Noodles Ⓥ🌶️🌶️ 担担面, Zha Jiang Mian 京味炸酱面, Minced Chicken Noodles 🌶️ 鸡肉肉燥小面, Banana Naan Bread (1) Ⓥ 香蕉飞饼, Milk Tea (Cold) 奶茶 (冷), Passion Fruit Green Tea (Cold) 百香果绿茶 (冷), Steamed Pork Buns (4) 特色鲜肉蒸包, Yibin Noodles Ⓥ 🌶️ 宜宾燃面",Default Online Ordering,5.46,Visa,600000034610447483,177,77.01,,1,0.00,,http://www.toasttab.com/receipts/33eiUG9RSnqR9vgz4YmOIA/PTtkhwdWLJXgg
,,,,CA02,1/12/25,6:59 PM,"Pork Xiao Long Bao (8) 鲜肉小笼包, Green Onion Soy Sauce Noodles Ⓥ 葱油拌面, Pork Xiao Long Bao (8) 鲜肉小笼包",Default Online Ordering,4.93,Visa,600000034610447492,179,58.93,,1,0.00,,http://www.toasttab.com/receipts/33eiUG9RSnqR9vgz4YmOIA/PjsM9pxbLKLYK
600000017000701715,Alan Nguyen,4082183805,lilaznkid567@gmail.com,CA02,1/12/25,6:59 PM,"Green Onion Pancake (1) Ⓥ 葱油饼, Pork & Shrimp Potstickers (6) 🦐 猪肉三鲜锅贴, Chicken Steamed Dumplings (6) 鸡肉蒸饺, Pork Wontons in Chili Sauce (6) 🌶️ 红油猪肉抄手, Kale Salad with Sesame Dressing Ⓥ 麻酱羽衣甘蓝沙拉, Beef-Stew Noodles 🌶️ 秘制牛肉小面, Banana Naan Bread (1) Ⓥ 香蕉飞饼",Default Online Ordering,4.30,Discover,600000034610456682,178,56.55,,1,0.00,,http://www.toasttab.com/receipts/33eiUG9RSnqR9vgz4YmOIA/yCgprjYkRng9W
,,,,CA02,1/12/25,6:46 PM,"Oolong Tea (Hot) 乌龙茶 (热), Pork Xiao Long Bao (8) 鲜肉小笼包, Chicken Xiao Long Bao (8) 鸡肉小笼包, Chicken Potstickers (6) 鸡肉锅贴, Sweet & Sour Cucumber Ⓥ 🌶️ 甜辣小黄瓜, Banana Naan Bread (1) Ⓥ 香蕉飞饼, Steamed Pork Buns (4) 特色鲜肉蒸包, Vegetable Steamed Dumplings (6) Ⓥ 素三鲜蒸饺, Sweet & Sour Cucumber Ⓥ 🌶️ 甜辣小黄瓜",Jaylan Penney,6.51,Mastercard,600000034610480241,173,89.91,,3,28.60,"Customer Service Discount (100.00%), Spillage/Food Quality - Item (100.00%)",http://www.toasttab.com/receipts/33eiUG9RSnqR9vgz4YmOIA/dqxJnqYMHpCKN
600000034610458077,Andrew L,8552228111,dd.toast.orders+orders_ed6508c2-220b-4c96-9484-156c3d3bad9e@gmail.com,CA02,1/12/25,7:02 PM,"Beef Potstickers (6) 牛肉锅贴, Pork & Shrimp Potstickers (6) 🦐 猪肉三鲜锅贴, Dan Dan Noodles Ⓥ🌶️🌶️ 担担面",Default Online Ordering,2.32,Other,600000034610488631,180,27.77,,1,0.00,,http://www.toasttab.com/receipts/33eiUG9RSnqR9vgz4YmOIA/zcsNqLwjssXwh
,,,,CA02,1/12/25,6:49 PM,"Pan Fried Pork Buns (4) 特色鲜肉煎包, Pork Xiao Long Bao (8) 鲜肉小笼包, Dan Dan Noodles Ⓥ🌶️🌶️ 担担面, Green Onion Pancake (1) Ⓥ 葱油饼, Chicken & Vegetable Wontons in Hot & Sour Sauce (6) 🌶️ 酸辣菜肉大馄饨",Default Online Ordering,3.47,Amex,600000034610490703,174,47.75,,1,0.00,,http://www.toasttab.com/receipts/33eiUG9RSnqR9vgz4YmOIA/ptW99dyhbwmbN
,,,,CA02,1/12/25,7:03 PM,"Coke 可乐, Dan Dan Noodles Ⓥ🌶️🌶️ 担担面, Sweet & Sour Cucumber Ⓥ 🌶️ 甜辣小黄瓜, Pork Xiao Long Bao (8) 鲜肉小笼包, Pork Xiao Long Bao (8) 鲜肉小笼包, Chicken Potstickers (6) 鸡肉锅贴, Pan Fried Pork Buns (4) 特色鲜肉煎包, Romaine Lettuce Salad with Sesame Dressing Ⓥ 麻酱生菜沙拉, Zha Jiang Mian 京味炸酱面, Pan Fried Pork Buns (4) 特色鲜肉煎包, Dan Dan Noodles Ⓥ🌶️🌶️ 担担面",Default Online Ordering,11.28,Amex,600000034610517232,181,161.86,,1,0.00,,http://www.toasttab.com/receipts/33eiUG9RSnqR9vgz4YmOIA/bdTf7fKFqKrnY
,,,,CA02,1/12/25,6:50 PM,"Pork Xiao Long Bao (8) 鲜肉小笼包, Steamed Pork Buns (4) 特色鲜肉蒸包, Chicken Potstickers (6) 鸡肉锅贴, Chicken & Vegetable Wontons in Chicken Soup 鸡汤菜肉大馄饨, Minced Chicken Noodles 🌶️ 鸡肉肉燥小面",Default Online Ordering,3.82,Visa,600000034610550453,175,52.52,,1,0.00,,http://www.toasttab.com/receipts/33eiUG9RSnqR9vgz4YmOIA/W7kbwMxrnFqqC
,,,,CA02,1/12/25,6:55 PM,"Pork Xiao Long Bao (8) 鲜肉小笼包, Beef Potstickers (6) 牛肉锅贴, Pork & Shrimp Boiled Dumplings (6) 🦐 猪肉三鲜水饺, Five Spice Beef Shank 五香牛腱, Romaine Lettuce Salad with Sesame Dressing Ⓥ 麻酱生菜沙拉, Beef-Stew Noodle Soup 🌶️ 秘制牛肉汤面, Zha Jiang Mian 京味炸酱面, Pork Xiao Long Bao (8) 鲜肉小笼包",Jaylan Penney,5.98,Visa,600000034610690162,176,82.32,,4,0.00,,http://www.toasttab.com/receipts/33eiUG9RSnqR9vgz4YmOIA/kYhLyXJNt7qNN
,,,,CA02,1/12/25,7:11 PM,"Sweet & Sour Cucumber Ⓥ 🌶️ 甜辣小黄瓜, Dan Dan Noodles Ⓥ🌶️🌶️ 担担面, Green Onion Pancake (1) Ⓥ 葱油饼, Chicken Potstickers (6) 鸡肉锅贴, Pork Xiao Long Bao (8) 鲜肉小笼包, Sweet & Sour Cucumber Ⓥ 🌶️ 甜辣小黄瓜",Default Online Ordering,3.86,Visa,600000034610712528,182,52.26,,1,0.00,,http://www.toasttab.com/receipts/33eiUG9RSnqR9vgz4YmOIA/qfbWFdLqwNnkk
,,,,CA02,1/12/25,7:19 PM,"Pork Xiao Long Bao (8) 鲜肉小笼包, Pan Fried Pork Buns (4) 特色鲜肉煎包, Dan Dan Noodles Ⓥ🌶️🌶️ 担担面",Default Online Ordering,2.46,Visa,600000034610750546,186,34.70,,1,0.00,,http://www.toasttab.com/receipts/33eiUG9RSnqR9vgz4YmOIA/trstgjPLmCcXn
,,,,CA02,1/12/25,7:16 PM,"Dan Dan Noodles Ⓥ🌶️🌶️ 担担面, Spicy Beef Sandwich (1) 🌶️🌶️大嘴牛肉包 (辣), Pan Fried Pork Buns (4) 特色鲜肉煎包",Default Online Ordering,2.95,Visa,600000034610922368,184,35.35,,1,0.00,,http://www.toasttab.com/receipts/33eiUG9RSnqR9vgz4YmOIA/cFjyq9kdmtXLN
,,,,CA02,1/12/25,7:11 PM,"Sweet & Sour Cucumber Ⓥ 🌶️ 甜辣小黄瓜, Pork & Shrimp Potstickers (6) 🦐 猪肉三鲜锅贴, Pork Wontons in Chili Sauce (6) 🌶️ 红油猪肉抄手, Pork Xiao Long Bao (8) 鲜肉小笼包, Zha Jiang Mian 京味炸酱面, Cold Noodles with Sesame Dressing Ⓥ 麻酱凉面, Sweet & Sour Cucumber Ⓥ 🌶️ 甜辣小黄瓜, Dan Dan Noodles Ⓥ🌶️🌶️ 担担面, Pan Fried Pork Buns (4) 特色鲜肉煎包",Default Online Ordering,6.48,Visa,600000034610932107,183,89.16,,1,0.00,,http://www.toasttab.com/receipts/33eiUG9RSnqR9vgz4YmOIA/gFkzJrctPrrXM
,,,,CA02,1/12/25,7:23 PM,"Diet Coke 健怡可乐, Pan Fried Beef Pies (2) 牛肉馅饼, Chicken Potstickers (6) 鸡肉锅贴, Chicken Potstickers (6) 鸡肉锅贴",Default Online Ordering,2.18,Mastercard,600000034610939531,191,26.13,,1,0.00,,http://www.toasttab.com/receipts/33eiUG9RSnqR9vgz4YmOIA/YhRLLWnqpdPP9
,,,,CA02,1/12/25,7:19 PM,"Dan Dan Noodles Ⓥ🌶️🌶️ 担担面, Pan Fried Pork Buns (4) 特色鲜肉煎包, Spicy Beef Sandwich (1) 🌶️🌶️大嘴牛肉包 (辣)",Default Online Ordering,2.25,Visa,600000034610991867,185,30.94,,1,0.00,,http://www.toasttab.com/receipts/33eiUG9RSnqR9vgz4YmOIA/cNmn7K9WtsgCf
,,,,CA02,1/12/25,7:25 PM,"Thai Milk Tea (Cold) 泰式奶茶 (冷), Pork Wontons in Hot & Sour Sauce (6) 🌶️ 酸辣猪肉抄手, Pork & Crab Meat Xiao Long Bao (8) 🦐 蟹肉小笼包, Add Boba 珍珠, Pork & Shrimp Potstickers (6) 🦐 猪肉三鲜锅贴",Default Online Ordering,2.77,Visa,600000034610991876,193,35.27,,1,0.00,,http://www.toasttab.com/receipts/33eiUG9RSnqR9vgz4YmOIA/YpCnb9N7q7Xf9
,,,,CA02,1/12/25,7:29 PM,"Chicken Xiao Long Bao (8) 鸡肉小笼包, Beef Potstickers (6) 牛肉锅贴, Beef Sandwich (1) 大嘴牛肉包 (不辣), Green Onion Pancake (1) Ⓥ 葱油饼, Yibin Noodles Ⓥ 🌶️ 宜宾燃面, Chicken Steamed Dumplings (6) 鸡肉蒸饺, Chicken Steamed Dumplings (6) 鸡肉蒸饺",Default Online Ordering,3.65,Mastercard,600000034610991881,194,51.70,,1,9.25,Customer Service Discount (100.00%),http://www.toasttab.com/receipts/33eiUG9RSnqR9vgz4YmOIA/dLWTkWjNwhwWw
600000034611066471,PickUp-Kacey B,4089604662,dd.toast.orders+orders_df86d324-aa09-4e2e-b302-b6b40f7b02ab@gmail.com,CA02,1/12/25,7:33 PM,"Chicken & Vegetable Wontons in Chili Sauce (6) 🌶️ 红油菜肉大馄饨, Chicken & Vegetable Wontons in Chicken Soup 鸡汤菜肉大馄饨, Chicken Potstickers (6) 鸡肉锅贴, Pan Fried Chive Dumplings (3) 韭菜盒子",Default Online Ordering,2.66,Other,600000034611046330,198,34.78,,1,0.00,,http://www.toasttab.com/receipts/33eiUG9RSnqR9vgz4YmOIA/YbNTx9PFtdnsP
,,,,CA02,1/12/25,7:22 PM,"Pork & Shrimp Potstickers (6) 🦐 猪肉三鲜锅贴, Thai Milk Tea (Cold) 泰式奶茶 (冷), Add Boba 珍珠, Dan Dan Noodles Ⓥ🌶️🌶️ 担担面",Default Online Ordering,1.99,Visa,600000034611080810,190,27.42,,1,0.00,,http://www.toasttab.com/receipts/33eiUG9RSnqR9vgz4YmOIA/yddzNKzMNMjRg
,,,,CA02,1/12/25,7:31 PM,Pork Xiao Long Bao (8) 鲜肉小笼包,Default Online Ordering,0.84,Visa,600000034611095575,196,11.60,,1,0.00,,http://www.toasttab.com/receipts/33eiUG9RSnqR9vgz4YmOIA/bjdrXz7yPCmCn
,,,,CA02,1/12/25,7:22 PM,"Green Onion Pancake (1) Ⓥ 葱油饼, Vegetable Steamed Dumplings (6) Ⓥ 素三鲜蒸饺, Chicken Xiao Long Bao (8) 鸡肉小笼包, Chicken & Vegetable Wontons in Chili Sauce (6) 🌶️ 红油菜肉大馄饨, Vegetarian Spicy (Ma La) Noodles Ⓥ 🌶️🌶️ 素麻辣小面, Vegetable Potstickers (6) Ⓥ 素三鲜锅贴, Banana Naan Bread (1) Ⓥ 香蕉飞饼, Milk Tea (Cold) 奶茶 (冷), Add Boba 珍珠",Default Online Ordering,5.12,Visa,600000034611114015,189,72.48,,1,0.00,,http://www.toasttab.com/receipts/33eiUG9RSnqR9vgz4YmOIA/7zfJNRfTyrLFf
,,,,CA02,1/12/25,7:41 PM,"Sweet & Sour Cucumber Ⓥ 🌶️ 甜辣小黄瓜, Pork Xiao Long Bao (8) 鲜肉小笼包, Pan Fried Pork Buns (4) 特色鲜肉煎包",Default Online Ordering,2.40,Visa,600000034611131643,202,33.06,,1,0.00,,http://www.toasttab.com/receipts/33eiUG9RSnqR9vgz4YmOIA/JJRPbYMf9yLnb
600000034610759737,Neel H,8552228111,dd.toast.orders+orders_07425717-55ef-4ec3-8a66-cbcf75b1e92b@gmail.com,CA02,1/12/25,7:20 PM,"Ube Milk Tea (Cold) 紫薯奶茶 (冷), Pan Fried Beef Pies (2) 牛肉馅饼, Steamed Pork Buns (4) 特色鲜肉蒸包",Default Online Ordering,2.53,Other,600000034611136500,187,30.23,,1,0.00,,http://www.toasttab.com/receipts/33eiUG9RSnqR9vgz4YmOIA/JmXNFrrYHYyXs
,,,,CA02,1/12/25,7:41 PM,"Chicken & Vegetable Wontons in Chicken Soup 鸡汤菜肉大馄饨, Beef-Stew Noodle Soup 🌶️ 秘制牛肉汤面",Default Online Ordering,1.62,Visa,600000034611136646,201,19.32,,1,0.00,,http://www.toasttab.com/receipts/33eiUG9RSnqR9vgz4YmOIA/wdJtM9kwbMwnW
,,,,CA02,1/12/25,7:33 PM,"Dan Dan Noodles Ⓥ🌶️🌶️ 担担面, Pan Fried Wontons with Chili Sauce (6) 红油香煎大馄饨, Thai Milk Tea (Cold) 泰式奶茶 (冷), Pan Fried Wontons with Chili Sauce (6) 红油香煎大馄饨",Default Online Ordering,2.55,Visa,600000034611145779,197,35.13,,1,0.00,,http://www.toasttab.com/receipts/33eiUG9RSnqR9vgz4YmOIA/Fjrkf7xJdKHPp
,,,,CA02,1/12/25,7:21 PM,"Pan Fried Chive Dumplings (3) 韭菜盒子, Pan Fried Beef Pies (2) 牛肉馅饼, Vegetable Potstickers (6) Ⓥ 素三鲜锅贴, Beef Potstickers (6) 牛肉锅贴, Beef Steamed Dumplings (6) 牛肉蒸饺, Broccoli with Seafood Sauce 蚝油西兰花, Jasmine Tea (Hot) 茉莉花茶 (热)",zhengyu chen,4.40,Mastercard,600000034611162612,188,62.30,,2,0.00,,http://www.toasttab.com/receipts/33eiUG9RSnqR9vgz4YmOIA/MLzzbMdpxwWjC
,,,,CA02,1/12/25,7:25 PM,"Sweet & Sour Cucumber Ⓥ 🌶️ 甜辣小黄瓜, Dan Dan Noodles Ⓥ🌶️🌶️ 担担面, Thai Milk Tea (Cold) 泰式奶茶 (冷)",Default Online Ordering,1.90,Visa,600000034611163712,192,26.16,,1,0.00,,http://www.toasttab.com/receipts/33eiUG9RSnqR9vgz4YmOIA/nPbJxpfjqxzwt
600000034611228522,Chang X,8552228111,dd.toast.orders+orders_c0400390-67fc-4b95-93bc-f44e4debc00e@gmail.com,CA02,1/12/25,7:37 PM,"Dan Dan Noodles Ⓥ🌶️🌶️ 担担面, Spicy Beef Shank 🌶️🌶️ 麻辣牛腱",Default Online Ordering,1.65,Other,600000034611181740,199,19.75,,1,0.00,,http://www.toasttab.com/receipts/33eiUG9RSnqR9vgz4YmOIA/WjpWtjczxxfwx
,,,,CA02,1/12/25,7:30 PM,"Pork Wontons in Chicken Soup 鸡汤小馄饨, Pork Xiao Long Bao (8) 鲜肉小笼包, Sweet & Sour Cucumber Ⓥ 🌶️ 甜辣小黄瓜, Vegetable Steamed Dumplings (6) Ⓥ 素三鲜蒸饺, Dan Dan Noodles Ⓥ🌶️🌶️ 担担面",Default Online Ordering,3.56,Mastercard,600000034611213114,195,49.00,,1,0.00,,http://www.toasttab.com/receipts/33eiUG9RSnqR9vgz4YmOIA/K9HLbr9FNnrcc
,,,,CA02,1/12/25,7:38 PM,"Green Onion Pancake (1) Ⓥ 葱油饼, Pork Xiao Long Bao (8) 鲜肉小笼包, Pan Fried Pork Buns (4) 特色鲜肉煎包, Dan Dan Noodles Ⓥ🌶️🌶️ 担担面, Banana Naan Bread (1) Ⓥ 香蕉飞饼, Beef Potstickers (6) 牛肉锅贴",Default Online Ordering,4.10,Visa,600000034611361111,200,56.46,,1,0.00,,http://www.toasttab.com/receipts/33eiUG9RSnqR9vgz4YmOIA/hmpFWkn9Cfzzb
,,,,CA02,1/12/25,8:07 PM,"Dan Dan Noodles Ⓥ🌶️🌶️ 担担面, Yibin Noodles Ⓥ 🌶️ 宜宾燃面, Vegetable Potstickers (6) Ⓥ 素三鲜锅贴, Chicken & Vegetable Wontons in Chili Sauce (6) 🌶️ 红油菜肉大馄饨",Default Online Ordering,2.72,Visa,600000034611453647,207,36.52,,1,0.00,,http://www.toasttab.com/receipts/33eiUG9RSnqR9vgz4YmOIA/Tjhryhj9PdzNK
,,,,CA02,1/12/25,7:41 PM,"Green Onion Pancake (1) Ⓥ 葱油饼, Steamed Pork Buns (4) 特色鲜肉蒸包, Pork Xiao Long Bao (8) 鲜肉小笼包, Pan Fried Beef Pies (2) 牛肉馅饼, Pork & Shrimp Potstickers (6) 🦐 猪肉三鲜锅贴, Thai Milk Tea (Cold) 泰式奶茶 (冷), Ube Milk Tea (Cold) 紫薯奶茶 (冷)",Default Online Ordering,5.34,Visa,600000034611463100,203,73.53,,1,0.00,,http://www.toasttab.com/receipts/33eiUG9RSnqR9vgz4YmOIA/zJstrddL9Fjkc
600000034611492816,Raghav K,8552228111,dd.toast.orders+orders_feef01ef-2612-496e-a477-3f221056aad2@gmail.com,CA02,1/12/25,7:51 PM,"Diet Coke 健怡可乐, Chicken Steamed Dumplings (6) 鸡肉蒸饺",Default Online Ordering,1.77,Other,600000034611524111,204,21.17,,1,0.00,,http://www.toasttab.com/receipts/33eiUG9RSnqR9vgz4YmOIA/HRnmPkLnMTMKM
,,,,CA02,1/12/25,7:53 PM,"Chicken & Vegetable Wontons in Chicken Soup 鸡汤菜肉大馄饨, Chrysanthemum Tea (Hot) 菊花茶 (热), Dan Dan Noodles Ⓥ🌶️🌶️ 担担面, Vegetable Potstickers (6) Ⓥ 素三鲜锅贴, Vegetable Potstickers (6) Ⓥ 素三鲜锅贴",Default Online Ordering,2.57,Visa,600000034611541710,205,36.40,,1,7.15,Customer Service Discount (100.00%),http://www.toasttab.com/receipts/33eiUG9RSnqR9vgz4YmOIA/hJhNwdR7nmsHp
,,,,CA02,1/12/25,8:03 PM,"Green Onion Pancake (1) Ⓥ 葱油饼, Diet Coke 健怡可乐, Vegetable Steamed Dumplings (6) Ⓥ 素三鲜蒸饺, Vegetarian Hot & Sour Glass Noodles Ⓥ 🌶️🌶️ 素酸辣粉, Ube Milk Tea (Cold) 紫薯奶茶 (冷), Add Boba 珍珠",Default Online Ordering,2.58,Visa,600000034611572265,206,37.06,,1,0.00,,http://www.toasttab.com/receipts/33eiUG9RSnqR9vgz4YmOIA/nHsMbHbfHRHcf
,,,,CA02,1/12/25,8:22 PM,"Pork Xiao Long Bao (8) 鲜肉小笼包, Sweet & Sour Cucumber Ⓥ 🌶️ 甜辣小黄瓜, Pork & Shrimp Potstickers (6) 🦐 猪肉三鲜锅贴, Pork Wontons in Chili Sauce (6) 🌶️ 红油猪肉抄手, Hot & Sour Glass Noodles 🌶️🌶️ 酸辣粉, Dan Dan Noodles Ⓥ🌶️🌶️ 担担面, Pan Fried Pork Buns (4) 特色鲜肉煎包, Coke 可乐, Chrysanthemum Tea (Hot) 菊花茶 (热)",Default Online Ordering,5.85,Mastercard,600000034611572293,210,84.00,,1,0.00,,http://www.toasttab.com/receipts/33eiUG9RSnqR9vgz4YmOIA/mWrx9PyFdxmcR
600000034611502243,Yuanyang L,8552228111,dd.toast.orders+orders_3eaf4cab-fd07-4d1a-bc5a-0b3667d3ca5e@gmail.com,CA02,1/12/25,8:20 PM,"Pork & Shrimp Potstickers (6) 🦐 猪肉三鲜锅贴, Sweet & Sour Cucumber Ⓥ 🌶️ 甜辣小黄瓜, Pork Wontons in Chili Sauce (6) 🌶️ 红油猪肉抄手, Dan Dan Noodles Ⓥ🌶️🌶️ 担担面",Default Online Ordering,3.37,Other,600000034611657183,209,45.32,,1,0.00,,http://www.toasttab.com/receipts/33eiUG9RSnqR9vgz4YmOIA/TfTwWq7hKYFfY
600000034611787030,Erin K,8552228111,dd.toast.orders+orders_5549f490-f7af-46ce-a355-5eacde0f794a@gmail.com,CA02,1/12/25,8:38 PM,"Sweet & Sour Cucumber Ⓥ 🌶️ 甜辣小黄瓜, Pan Fried Chive Dumplings (3) 韭菜盒子, Spicy Beef Pancake Roll (1) 🌶️🌶️ 麻辣牛肉卷饼, Pork Wontons in Chili Sauce (6) 🌶️ 红油猪肉抄手, Spicy (Ma La) Noodles 🌶️🌶️ 麻辣小面, Pork Xiao Long Bao (8) 鲜肉小笼包",Default Online Ordering,4.53,Other,600000034611787088,214,59.18,,1,0.00,,http://www.toasttab.com/receipts/33eiUG9RSnqR9vgz4YmOIA/PwF7zRkcNbM9K
600000034611605347,swapnil k,8552228111,dd.toast.orders+orders_12417dbc-fa26-427d-b61a-15de8f85c70e@gmail.com,CA02,1/12/25,8:32 PM,"Chicken & Vegetable Wontons in Chili Sauce (6) 🌶️ 红油菜肉大馄饨, Dan Dan Noodles Ⓥ🌶️🌶️ 担担面",Default Online Ordering,1.57,Other,600000034611811385,211,18.77,,1,0.00,,http://www.toasttab.com/receipts/33eiUG9RSnqR9vgz4YmOIA/YYrP7Rjdjjcyg
600000034612014852,Oanh D,8552228111,dd.toast.orders+orders_1fee1b3a-9ae1-4345-861f-4536a5b26b55@gmail.com,CA02,1/12/25,8:34 PM,"Chicken & Vegetable Wontons in Chicken Soup 鸡汤菜肉大馄饨, Pork Wontons in Chicken Soup 鸡汤小馄饨, Pork Xiao Long Bao (8) 鲜肉小笼包",Default Online Ordering,2.61,Other,600000034611864477,212,31.16,,1,0.00,,http://www.toasttab.com/receipts/33eiUG9RSnqR9vgz4YmOIA/ynhgjkCRnybXb
,,,,CA02,1/12/25,8:19 PM,"Jasmine Tea (Hot) 茉莉花茶 (热), Pork Xiao Long Bao (8) 鲜肉小笼包, Green Onion Pancake (1) Ⓥ 葱油饼, Pan Fried Pork Buns (4) 特色鲜肉煎包, Beef-Stew Noodles 🌶️ 秘制牛肉小面, Vegetarian Spicy (Ma La) Noodles Ⓥ 🌶️🌶️ 素麻辣小面, Chicken & Vegetable Wontons in Hot & Sour Sauce (6) 🌶️ 酸辣菜肉大馄饨, Vegetable Steamed Dumplings (6) Ⓥ 素三鲜蒸饺",zhengyu chen,5.33,Visa,600000034611894785,208,73.35,,3,0.00,,http://www.toasttab.com/receipts/33eiUG9RSnqR9vgz4YmOIA/FCsWjPKxXxNrL
600000034611777190,James S,8552228111,dd.toast.orders+orders_5d4909ae-c4d8-4043-a9f5-55e6c390b4da@gmail.com,CA02,1/12/25,8:37 PM,"Chicken Steamed Dumplings (6) 鸡肉蒸饺, Pan Fried Beef Pies (2) 牛肉馅饼, Dan Dan Noodles Ⓥ🌶️🌶️ 担担面",Default Online Ordering,2.32,Other,600000034611900825,213,27.77,,1,0.00,,http://www.toasttab.com/receipts/33eiUG9RSnqR9vgz4YmOIA/KFFfcxd7sdfgh
,,,,CA02,1/12/25,8:52 PM,"Chicken Steamed Dumplings (6) 鸡肉蒸饺, Dan Dan Noodles Ⓥ🌶️🌶️ 担担面",Yafang Chen,1.36,Visa,600000034612158750,215,18.70,,1,0.00,,http://www.toasttab.com/receipts/33eiUG9RSnqR9vgz4YmOIA/cP9dP7YLmTwYc
,,,,CA02,1/12/25,8:52 PM,"Pork Xiao Long Bao (8) 鲜肉小笼包, Sweet & Sour Cucumber Ⓥ 🌶️ 甜辣小黄瓜, Dan Dan Noodles Ⓥ🌶️🌶️ 担担面",Yafang Chen,2.20,Visa,600000034612163508,216,28.35,,1,0.00,,http://www.toasttab.com/receipts/33eiUG9RSnqR9vgz4YmOIA/yXXPJcnWPpwmC
