Location,Order Id,Order #,Checks,Opened,# of Guests,Tab Names,Server,Table,Revenue Center,Dining Area,Service,Dining Options,Discount Amount,Amount,Tax,Tip,Gratuity,Total,Voided,Paid,Closed,Duration (Opened to Paid),Order Source
Cupertino,600000034589991438,5,5,1/12/25 10:35 AM,5,Helen Chou,xin Meng,,None,,Breakfast,Take Out,29.41,215.64,19.59,0.00,0.00,235.23,false,1/12/25 11:36 AM,1/12/25 11:36 AM,01:00:17,In Store
Cupertino,600000034590863846,8,8,1/12/25 11:05 AM,1,,Default Online Ordering,A2,Dining Room,Dining Room,Lunch,Dine In,0.00,24.15,2.20,5.27,0.00,31.62,false,1/12/25 11:26 AM,1/12/25 11:26 AM,00:21:50,Order-and-Pay-at-Table
Cupertino,600000034590876774,7,7,1/12/25 11:02 AM,1,DD a292f579 Qiner W,Default Online Ordering,,Doordash,,Lunch,DoorDash - Delivery,0.00,41.45,3.33,0.00,0.00,44.78,false,1/12/25 11:02 AM,1/12/25 11:02 AM,00:00:00,API
Cupertino,600000034591814216,9,9,1/12/25 11:15 AM,3,,Yafang Chen,A7,Dining Room,Dining Room,Lunch,Dine In,0.00,61.65,5.62,10.09,0.00,77.36,false,1/12/25 12:19 PM,1/12/25 12:19 PM,01:03:33,In Store
Cupertino,600000034592064525,10,10,1/12/25 11:20 AM,2,,Yafang Chen,A5,Dining Room,Dining Room,Lunch,Dine In,5.95,50.90,4.63,9.22,0.00,64.75,false,1/12/25 11:53 AM,1/12/25 11:53 AM,00:33:17,In Store
Cupertino,600000034592410848,13,13,1/12/25 11:39 AM,1,,Default Online Ordering,B1,Dining Room,Dining Room,Lunch,Dine In,10.00,65.30,5.96,14.63,0.00,85.89,false,1/12/25 12:14 PM,1/12/25 12:14 PM,00:34:46,Order-and-Pay-at-Table
Cupertino,600000034592632617,12,12,1/12/25 11:38 AM,1,SF 8aa79cc9 PickUp-Keeranat K,Default Online Ordering,,Doordash,,Lunch,DoorDash - Takeout,0.00,33.50,3.06,0.00,0.00,36.56,false,1/12/25 11:38 AM,1/12/25 11:38 AM,00:00:00,API
Cupertino,600000034592645659,11,11,1/12/25 11:33 AM,2,,andres valencia,A3,Dining Room,Dining Room,Lunch,Dine In,0.00,20.95,1.91,4.00,0.00,26.86,false,1/12/25 11:48 AM,1/12/25 11:48 AM,00:15:34,In Store
Cupertino,600000034592860210,14,14,1/12/25 11:40 AM,1,SF 82b1cf68 PickUp-Viri V,Default Online Ordering,,Doordash,,Lunch,DoorDash - Takeout,0.00,24.15,2.20,0.00,0.00,26.35,false,1/12/25 11:40 AM,1/12/25 11:40 AM,00:00:00,API
Cupertino,600000034592860238,16,16,1/12/25 11:46 AM,1,DD 7c0499f3 Liz Z,Default Online Ordering,,Doordash,,Lunch,DoorDash - Delivery,0.00,27.85,2.54,0.00,0.00,30.39,false,1/12/25 11:46 AM,1/12/25 11:46 AM,00:00:00,API
Cupertino,600000034592981462,15,15,1/12/25 11:44 AM,1,,Default Online Ordering,A2,Dining Room,Dining Room,Lunch,Dine In,0.00,52.45,4.78,8.58,0.00,65.81,false,1/12/25 12:24 PM,1/12/25 12:24 PM,00:40:04,Order-and-Pay-at-Table
Cupertino,600000034593002037,17,17,1/12/25 11:51 AM,1,Valued Customer,Default Online Ordering,A4,Dining Room,Dining Room,Lunch,Dine In,0.00,73.05,6.66,11.96,0.00,91.67,false,1/12/25 12:33 PM,1/12/25 12:33 PM,00:42:11,Order-and-Pay-at-Table
Cupertino,600000034593278630,18,18,1/12/25 11:54 AM,2,,Default Online Ordering,A3,Dining Room,Dining Room,Lunch,Dine In,0.00,50.45,4.59,8.26,0.00,63.30,false,1/12/25 12:49 PM,1/12/25 12:49 PM,00:54:54,Order-and-Pay-at-Table
Cupertino,600000034593517829,20,20,1/12/25 11:58 AM,1,,Default Online Ordering,A1,Dining Room,Dining Room,Lunch,Dine In,0.00,31.90,2.90,5.22,0.00,40.02,false,1/12/25 12:21 PM,1/12/25 12:21 PM,00:22:47,Order-and-Pay-at-Table
Cupertino,600000034593521979,21,21,1/12/25 12:00 PM,1,DD 5be7b0a0 Ki R,Default Online Ordering,,Doordash,,Lunch,DoorDash - Delivery,0.00,19.40,1.77,0.00,0.00,21.17,false,1/12/25 12:00 PM,1/12/25 12:00 PM,00:00:00,API
Cupertino,600000034593575674,22,22,1/12/25 12:01 PM,1,,Default Online Ordering,B5,Dining Room,Dining Room,Lunch,Dine In,0.00,94.80,8.65,18.62,0.00,122.07,false,1/12/25 12:32 PM,1/12/25 12:32 PM,00:31:35,Order-and-Pay-at-Table
Cupertino,600000034593889341,24,24,1/12/25 12:12 PM,1,,Default Online Ordering,A5,Dining Room,Dining Room,Lunch,Dine In,0.00,39.60,3.61,6.48,0.00,49.69,false,1/12/25 12:45 PM,1/12/25 12:45 PM,00:32:15,Order-and-Pay-at-Table
Cupertino,600000034594062383,23,23,1/12/25 12:04 PM,2,,andres valencia,B4,Dining Room,Dining Room,Lunch,Dine In,0.00,43.30,3.94,7.09,0.00,54.33,false,1/12/25 12:49 PM,1/12/25 12:49 PM,00:45:04,In Store
Cupertino,600000034594288932,25,25,1/12/25 12:17 PM,1,,Default Online Ordering,B2,Dining Room,Dining Room,Lunch,Dine In,0.00,47.90,4.37,7.84,0.00,60.11,false,1/12/25 12:51 PM,1/12/25 12:51 PM,00:34:29,Order-and-Pay-at-Table
Cupertino,600000034594299744,26,26,1/12/25 12:19 PM,1,DD 3aaf8cea Carla M,Default Online Ordering,,Doordash,,Lunch,DoorDash - Delivery,0.00,27.05,2.47,0.00,0.00,29.52,false,1/12/25 12:19 PM,1/12/25 12:19 PM,00:00:00,API
Cupertino,600000034594373041,29,29,1/12/25 12:22 PM,1,DD 1fbed0bd Patrick H,Default Online Ordering,,Doordash,,Lunch,DoorDash - Delivery,0.00,40.20,3.21,0.00,0.00,43.41,false,1/12/25 12:22 PM,1/12/25 12:22 PM,00:00:00,API
Cupertino,600000034594394193,27,27,1/12/25 12:19 PM,1,SF 099aa89d PickUp-gene x,Default Online Ordering,,Doordash,,Lunch,DoorDash - Takeout,0.00,49.00,4.47,2.00,0.00,55.47,false,1/12/25 12:19 PM,1/12/25 12:19 PM,00:00:00,API
Cupertino,600000034594529732,28,28,1/12/25 12:21 PM,1,,Default Online Ordering,B8,Dining Room,Dining Room,Lunch,Dine In,0.00,87.25,7.96,14.28,0.00,109.49,false,1/12/25 12:47 PM,1/12/25 12:47 PM,00:25:39,Order-and-Pay-at-Table
Cupertino,600000034594675081,31,31,1/12/25 12:24 PM,1,,Default Online Ordering,B1,Dining Room,Dining Room,Lunch,Dine In,0.00,68.25,6.22,11.17,0.00,85.64,false,1/12/25 1:05 PM,1/12/25 1:05 PM,00:41:02,Order-and-Pay-at-Table
Cupertino,600000034594692245,33,33,1/12/25 12:28 PM,1,,Default Online Ordering,A7,Dining Room,Dining Room,Lunch,Dine In,0.00,53.25,4.87,11.62,0.00,69.74,false,1/12/25 12:55 PM,1/12/25 12:55 PM,00:27:23,Order-and-Pay-at-Table
Cupertino,600000034594763083,32,32,1/12/25 12:27 PM,1,DD 1652216f PickUp-Asmita G,Default Online Ordering,,Doordash,,Lunch,DoorDash - Takeout,0.00,22.05,2.01,2.41,0.00,26.47,false,1/12/25 12:27 PM,1/12/25 12:29 PM,00:00:00,API
Cupertino,600000034594867691,30,30,1/12/25 12:22 PM,4,,zhengyu chen,B3,Dining Room,Dining Room,Lunch,Dine In,0.00,99.00,9.02,19.44,0.00,127.46,false,1/12/25 12:58 PM,1/12/25 12:58 PM,00:36:41,In Store
Cupertino,600000034595121062,34,34,1/12/25 12:28 PM,1,,Yafang Chen,,None,,Lunch,Take Out,0.00,9.25,0.84,0.00,0.00,10.09,false,1/12/25 12:28 PM,1/12/25 12:28 PM,00:00:25,In Store
Cupertino,600000034595153647,40,40,1/12/25 12:41 PM,1,DD da0276e1 Heidi R,Default Online Ordering,,Doordash,,Lunch,DoorDash - Delivery,0.00,60.35,5.05,0.00,0.00,65.40,false,1/12/25 12:41 PM,1/12/25 12:42 PM,00:00:00,API
Cupertino,600000034595171532,36,36,1/12/25 12:29 PM,1,,Yafang Chen,,None,,Lunch,Take Out,0.00,9.25,0.84,0.00,0.00,10.09,false,1/12/25 12:29 PM,1/12/25 12:29 PM,00:00:26,In Store
Cupertino,600000034595171850,35,35,1/12/25 12:29 PM,2,,zhengyu chen,A1,Dining Room,Dining Room,Lunch,Dine In,0.00,29.15,2.66,5.73,0.00,37.54,false,1/12/25 12:52 PM,1/12/25 12:52 PM,00:22:40,In Store
Cupertino,600000034595243913,37,37,1/12/25 12:30 PM,4,,zhengyu chen,A6,Dining Room,Dining Room,Lunch,Dine In,0.00,95.75,8.73,20.90,0.00,125.38,false,1/12/25 1:06 PM,1/12/25 1:06 PM,00:35:59,In Store
Cupertino,600000034595435017,39,39,1/12/25 12:39 PM,1,DD 49c1b324 Joseph K,Default Online Ordering,,Doordash,,Lunch,DoorDash - Delivery,0.00,31.05,2.83,0.00,0.00,33.88,false,1/12/25 12:39 PM,1/12/25 12:39 PM,00:00:00,API
Cupertino,600000034595648092,46,46,1/12/25 12:52 PM,1,,Default Online Ordering,B5,Dining Room,Dining Room,Lunch,Dine In,0.00,16.40,1.49,2.68,0.00,20.57,false,1/12/25 1:36 PM,1/12/25 1:36 PM,00:44:01,Order-and-Pay-at-Table
Cupertino,600000034595817879,45,45,1/12/25 12:51 PM,1,,Default Online Ordering,A4,Dining Room,Dining Room,Lunch,Dine In,0.00,25.65,2.34,4.20,0.00,32.19,false,1/12/25 1:19 PM,1/12/25 1:19 PM,00:27:44,Order-and-Pay-at-Table
Cupertino,600000034595834610,42,42,1/12/25 12:46 PM,1,,Default Online Ordering,A2,Dining Room,Dining Room,Lunch,Dine In,0.00,66.30,6.04,14.47,0.00,86.81,false,1/12/25 1:25 PM,1/12/25 1:25 PM,00:38:35,Order-and-Pay-at-Table
Cupertino,600000034595836334,48,48,1/12/25 12:53 PM,1,,Default Online Ordering,A5,Dining Room,Dining Room,Lunch,Dine In,0.00,32.05,2.92,2.00,0.00,36.97,false,1/12/25 1:29 PM,1/12/25 1:29 PM,00:36:15,Order-and-Pay-at-Table
Cupertino,600000034595843814,43,43,1/12/25 12:48 PM,1,,Default Online Ordering,B6,Dining Room,Dining Room,Lunch,Dine In,0.00,56.65,5.17,9.27,0.00,71.09,false,1/12/25 1:18 PM,1/12/25 1:18 PM,00:30:27,Order-and-Pay-at-Table
Cupertino,600000034595880679,49,49,1/12/25 12:53 PM,1,,Default Online Ordering,B5,Dining Room,Dining Room,Lunch,Dine In,0.00,9.25,0.84,1.51,0.00,11.60,false,1/12/25 1:36 PM,1/12/25 1:36 PM,00:43:35,Order-and-Pay-at-Table
Cupertino,600000034596090751,44,44,1/12/25 12:51 PM,2,,Default Online Ordering,C1,Dining Room,Dining Room,Lunch,Dine In,0.00,90.05,8.22,19.65,0.00,117.92,false,1/12/25 1:29 PM,1/12/25 1:29 PM,00:38:32,Order-and-Pay-at-Table
Cupertino,600000034596090765,50,50,1/12/25 12:54 PM,1,,Default Online Ordering,B4,Dining Room,Dining Room,Lunch,Dine In,0.00,15.70,1.44,2.57,0.00,19.71,false,1/12/25 1:13 PM,1/12/25 1:13 PM,00:18:40,Order-and-Pay-at-Table
Cupertino,600000034596106208,47,47,1/12/25 12:52 PM,1,,Default Online Ordering,A4,Dining Room,Dining Room,Lunch,Dine In,0.00,31.90,2.91,5.22,0.00,40.03,false,1/12/25 1:18 PM,1/12/25 1:18 PM,00:26:10,Order-and-Pay-at-Table
Cupertino,600000034596666454,52,52,1/12/25 1:05 PM,1,,Default Online Ordering,A1,Dining Room,Dining Room,Lunch,Dine In,0.00,44.95,4.09,7.36,0.00,56.40,false,1/12/25 1:49 PM,1/12/25 1:49 PM,00:44:12,Order-and-Pay-at-Table
Cupertino,600000034596684951,51,51,1/12/25 1:05 PM,1,,Default Online Ordering,A3,Dining Room,Dining Room,Lunch,Dine In,0.00,29.20,2.66,4.78,0.00,36.64,false,1/12/25 1:39 PM,1/12/25 1:39 PM,00:34:00,Order-and-Pay-at-Table
Cupertino,600000034596829272,53,53,1/12/25 1:07 PM,2,,Youming Liang,D1,Dining Room,Dining Room,Lunch,Dine In,45.60,0.00,0.00,0.00,0.00,0.00,false,1/12/25 1:34 PM,1/12/25 1:34 PM,00:26:36,In Store
Cupertino,600000034596998970,54,54,1/12/25 1:11 PM,6,,Yafang Chen,B8,Dining Room,Dining Room,Lunch,Dine In,0.00,63.60,5.79,13.88,0.00,83.27,false,1/12/25 1:45 PM,1/12/25 1:45 PM,00:33:43,In Store
Cupertino,600000034597073319,56,56,1/12/25 1:13 PM,2,,Youming Liang,D2,Dining Room,Dining Room,Lunch,Dine In,17.00,0.00,0.00,0.00,0.00,0.00,false,1/12/25 1:34 PM,1/12/25 1:34 PM,00:20:59,In Store
Cupertino,600000034597083346,55,55,1/12/25 1:13 PM,2,,Yafang Chen,A6,Dining Room,Dining Room,Lunch,Dine In,0.00,39.05,3.56,2.00,0.00,44.61,false,1/12/25 1:35 PM,1/12/25 1:35 PM,00:21:36,In Store
Cupertino,600000034597103958,57,57,1/12/25 1:15 PM,1,,Default Online Ordering,B2,Dining Room,Dining Room,Lunch,Dine In,0.00,57.35,5.23,10.32,0.00,72.90,false,1/12/25 2:00 PM,1/12/25 2:00 PM,00:44:26,Order-and-Pay-at-Table
Cupertino,600000034597484575,58,58,1/12/25 1:22 PM,4,,Yafang Chen,B1,Dining Room,Dining Room,Lunch,Dine In,0.00,81.90,7.48,19.66,0.00,109.04,false,1/12/25 2:01 PM,1/12/25 2:01 PM,00:38:51,In Store
Cupertino,600000034597518085,60,60,1/12/25 1:33 PM,1,DD 5a1f9c05 Lizzy Z,Default Online Ordering,,Doordash,,Lunch,DoorDash - Delivery,0.00,52.30,4.77,0.00,0.00,57.07,false,1/12/25 1:33 PM,1/12/25 1:33 PM,00:00:00,API
Cupertino,600000034597541672,59,59,1/12/25 1:28 PM,1,DD 9d666555 Angela B,Default Online Ordering,,Doordash,,Lunch,DoorDash - Delivery,0.00,35.60,3.25,0.00,0.00,38.85,false,1/12/25 1:28 PM,1/12/25 1:28 PM,00:00:00,API
Cupertino,600000034597673488,63,63,1/12/25 1:35 PM,1,,Default Online Ordering,A4,Dining Room,Dining Room,Lunch,Dine In,0.00,64.70,5.91,10.59,0.00,81.20,false,1/12/25 2:17 PM,1/12/25 2:17 PM,00:42:15,Order-and-Pay-at-Table
Cupertino,600000034597834613,61,61,1/12/25 1:33 PM,1,,Default Online Ordering,B6,Dining Room,Dining Room,Lunch,Dine In,0.00,32.00,2.92,5.24,0.00,40.16,false,1/12/25 2:15 PM,1/12/25 2:15 PM,00:42:39,Order-and-Pay-at-Table
Cupertino,600000034597867789,66,66,1/12/25 1:40 PM,1,,Default Online Ordering,A2,Dining Room,Dining Room,Lunch,Dine In,0.00,26.90,2.45,4.40,0.00,33.75,false,1/12/25 2:35 PM,1/12/25 2:35 PM,00:55:11,Order-and-Pay-at-Table
Cupertino,600000034597919979,65,65,1/12/25 1:39 PM,1,,Default Online Ordering,A2,Dining Room,Dining Room,Lunch,Dine In,0.00,28.00,2.55,4.58,0.00,35.13,false,1/12/25 2:34 PM,1/12/25 2:34 PM,00:55:27,Order-and-Pay-at-Table
Cupertino,600000034598009050,62,62,1/12/25 1:35 PM,1,DD 9bb08c27 Frank L,Default Online Ordering,,Doordash,,Lunch,DoorDash - Delivery,0.00,38.10,3.48,0.00,0.00,41.58,false,1/12/25 1:35 PM,1/12/25 1:35 PM,00:00:00,API
Cupertino,600000034598114754,64,64,1/12/25 1:37 PM,1,,Default Online Ordering,B4,Dining Room,Dining Room,Lunch,Dine In,0.00,50.45,4.60,0.00,0.00,55.05,false,1/12/25 2:08 PM,1/12/25 2:08 PM,00:30:52,Order-and-Pay-at-Table
Cupertino,600000034598114791,71,71,1/12/25 1:49 PM,1,SF ac81ffa3 PickUp-Dennis P,Default Online Ordering,,Doordash,,Lunch,DoorDash - Takeout,0.00,41.15,3.75,0.00,0.00,44.90,false,1/12/25 1:49 PM,1/12/25 1:49 PM,00:00:00,API
Cupertino,600000034598275178,69,69,1/12/25 1:48 PM,1,SF e32efd3b PickUp-Harleen G,Default Online Ordering,,Doordash,,Lunch,DoorDash - Takeout,0.00,14.30,1.30,0.00,0.00,15.60,false,1/12/25 1:48 PM,1/12/25 1:48 PM,00:00:00,API
Cupertino,600000034598279502,67,67,1/12/25 1:42 PM,1,,Default Online Ordering,A7,Dining Room,Dining Room,Lunch,Dine In,0.00,44.55,4.06,7.39,0.00,56.00,false,1/12/25 2:43 PM,1/12/25 2:43 PM,01:01:39,Order-and-Pay-at-Table
Cupertino,600000034598317606,68,68,1/12/25 1:43 PM,1,DD 020ead06 Kenny L,Default Online Ordering,,Doordash,,Lunch,DoorDash - Delivery,0.00,27.85,2.54,0.00,0.00,30.39,false,1/12/25 1:43 PM,1/12/25 1:43 PM,00:00:00,API
Cupertino,600000034598423968,73,73,1/12/25 1:50 PM,2,,Default Online Ordering,B5,Dining Room,Dining Room,Lunch,Dine In,0.00,50.15,4.57,8.21,0.00,62.93,false,1/12/25 2:15 PM,1/12/25 2:15 PM,00:25:01,Order-and-Pay-at-Table
Cupertino,600000034598551812,70,70,1/12/25 1:49 PM,1,,Default Online Ordering,A3,Dining Room,Dining Room,Lunch,Dine In,0.00,36.60,3.35,4.00,0.00,43.95,false,1/12/25 2:07 PM,1/12/25 2:07 PM,00:18:36,Order-and-Pay-at-Table
Cupertino,600000034598667735,72,72,1/12/25 1:49 PM,1,,Yafang Chen,,None,,Lunch,Take Out,0.00,31.90,2.91,5.22,0.00,40.03,false,1/12/25 1:50 PM,1/12/25 1:50 PM,00:00:57,In Store
Cupertino,600000034598956448,76,76,1/12/25 1:56 PM,3,,Yafang Chen,A5,Dining Room,Dining Room,Lunch,Dine In,0.00,65.70,6.00,12.91,0.00,84.61,false,1/12/25 2:32 PM,1/12/25 2:32 PM,00:36:28,In Store
Cupertino,600000034599151637,79,79,1/12/25 2:07 PM,1,SF f624b6be PickUp-Amit A,Default Online Ordering,,Doordash,,Lunch,DoorDash - Takeout,0.00,21.45,1.96,2.14,0.00,25.55,false,1/12/25 2:07 PM,1/12/25 2:08 PM,00:00:00,API
Cupertino,600000034599229064,78,78,1/12/25 2:05 PM,1,SF 838f8f8e PickUp-Reece N,Default Online Ordering,,Doordash,,Lunch,DoorDash - Takeout,0.00,65.30,5.96,6.53,0.00,77.79,false,1/12/25 2:05 PM,1/12/25 2:05 PM,00:00:00,API
Cupertino,600000034599239961,77,77,1/12/25 2:04 PM,1,DD f950680d PickUp-Kathleen D,Default Online Ordering,,Doordash,,Lunch,DoorDash - Takeout,0.00,56.65,5.17,0.00,0.00,61.82,false,1/12/25 2:04 PM,1/12/25 2:04 PM,00:00:00,API
Cupertino,600000034599509470,83,83,1/12/25 2:12 PM,1,,Default Online Ordering,B2,Dining Room,Dining Room,Lunch,Dine In,0.00,24.70,2.25,4.04,0.00,30.99,false,1/12/25 2:40 PM,1/12/25 2:40 PM,00:27:32,Order-and-Pay-at-Table
Cupertino,600000034599526481,84,84,1/12/25 2:18 PM,1,,Default Online Ordering,A3,Dining Room,Dining Room,Lunch,Dine In,0.00,33.10,3.02,6.50,0.00,42.62,false,1/12/25 2:48 PM,1/12/25 2:48 PM,00:29:35,Order-and-Pay-at-Table
Cupertino,600000034599553949,80,80,1/12/25 2:10 PM,1,,Yafang Chen,,None,,Lunch,Take Out,35.70,0.00,0.00,0.00,0.00,0.00,false,1/12/25 2:10 PM,1/12/25 2:10 PM,00:00:38,In Store
Cupertino,600000034599582559,81,"81, 82",1/12/25 2:10 PM,2,,andres valencia,A6,Dining Room,Dining Room,Lunch,"Dine In, Dine In",0.00,38.45,3.51,8.39,0.00,50.35,false,1/12/25 2:37 PM,1/12/25 2:37 PM,00:26:57,In Store
Cupertino,600000034599849281,86,86,1/12/25 2:21 PM,1,,Default Online Ordering,B1,Dining Room,Dining Room,Lunch,Dine In,0.00,27.45,2.50,4.49,0.00,34.44,false,1/12/25 2:51 PM,1/12/25 2:51 PM,00:29:50,Order-and-Pay-at-Table
Cupertino,600000034599866364,85,85,1/12/25 2:19 PM,1,,Default Online Ordering,A1,Dining Room,Dining Room,Lunch,Dine In,0.00,33.30,3.03,3.00,0.00,39.33,false,1/12/25 2:49 PM,1/12/25 2:49 PM,00:29:54,Order-and-Pay-at-Table
Cupertino,600000034599866381,88,88,1/12/25 2:22 PM,1,,Default Online Ordering,B7,Dining Room,Dining Room,Lunch,Dine In,0.00,69.25,6.32,16.63,0.00,92.20,false,1/12/25 3:03 PM,1/12/25 3:03 PM,00:40:30,Order-and-Pay-at-Table
Cupertino,600000034600080852,87,87,1/12/25 2:22 PM,1,,Default Online Ordering,B3,Dining Room,Dining Room,Lunch,Dine In,0.00,17.00,1.55,3.34,0.00,21.89,false,1/12/25 2:46 PM,1/12/25 2:46 PM,00:24:55,Order-and-Pay-at-Table
Cupertino,600000034600244535,89,89,1/12/25 2:30 PM,1,DD 50a7644b PickUp-Eina E,Default Online Ordering,,Doordash,,Lunch,DoorDash - Takeout,0.00,31.90,2.91,3.48,0.00,38.29,false,1/12/25 2:30 PM,1/12/25 2:31 PM,00:00:00,API
Cupertino,600000034600351395,91,91,1/12/25 2:35 PM,1,,Default Online Ordering,A4,Dining Room,Dining Room,Lunch,Dine In,0.00,30.70,2.79,6.70,0.00,40.19,false,1/12/25 3:25 PM,1/12/25 3:25 PM,00:49:30,Order-and-Pay-at-Table
Cupertino,600000034600572955,90,90,1/12/25 2:33 PM,1,SF e0c9714c PickUp-Rachel N,Default Online Ordering,,Doordash,,Lunch,DoorDash - Takeout,0.00,11.10,1.01,0.00,0.00,12.11,false,1/12/25 2:33 PM,1/12/25 2:33 PM,00:00:00,API
Cupertino,600000034600737199,95,95,1/12/25 2:46 PM,1,,Default Online Ordering,A6,Dining Room,Dining Room,Lunch,Dine In,0.00,48.30,4.40,7.90,0.00,60.60,false,1/12/25 3:13 PM,1/12/25 3:13 PM,00:26:23,Order-and-Pay-at-Table
Cupertino,600000034600760825,92,92,1/12/25 2:36 PM,1,,xiaoli zheng,B4,Dining Room,Dining Room,Lunch,Dine In,0.00,21.00,1.91,3.44,0.00,26.35,false,1/12/25 2:59 PM,1/12/25 2:59 PM,00:23:07,In Store
Cupertino,600000034600836063,93,93,1/12/25 2:37 PM,2,,xiaoli zheng,A2,Dining Room,Dining Room,Lunch,Dine In,0.00,52.10,4.76,10.23,0.00,67.09,false,1/12/25 3:42 PM,1/12/25 3:42 PM,01:05:04,In Store
Cupertino,600000034600959734,94,94,1/12/25 2:46 PM,1,SF 643b2f3c PickUp-Josselin L,Default Online Ordering,,Doordash,,Lunch,DoorDash - Takeout,0.00,21.45,1.96,0.00,0.00,23.41,false,1/12/25 2:46 PM,1/12/25 2:46 PM,00:00:00,API
Cupertino,600000034601089490,97,97,1/12/25 2:49 PM,1,,Default Online Ordering,A5,Dining Room,Dining Room,Lunch,Dine In,0.00,39.95,3.65,6.54,0.00,50.14,false,1/12/25 3:20 PM,1/12/25 3:20 PM,00:31:21,Order-and-Pay-at-Table
Cupertino,600000034601131742,100,100,1/12/25 2:54 PM,1,,Default Online Ordering,B2,Dining Room,Dining Room,Lunch,Dine In,0.00,24.55,2.24,4.02,0.00,30.81,false,1/12/25 3:12 PM,1/12/25 3:12 PM,00:17:44,Order-and-Pay-at-Table
Cupertino,600000034601131748,101,101,1/12/25 2:55 PM,1,DD f1cac74f Kiran P,Default Online Ordering,,Doordash,,Lunch,DoorDash - Delivery,0.00,27.85,2.54,0.00,0.00,30.39,false,1/12/25 2:55 PM,1/12/25 2:55 PM,00:00:00,API
Cupertino,600000034601142221,98,98,1/12/25 2:49 PM,1,,Default Online Ordering,A5,Dining Room,Dining Room,Lunch,Dine In,0.00,33.50,3.05,5.48,0.00,42.03,false,1/12/25 3:20 PM,1/12/25 3:20 PM,00:31:37,Order-and-Pay-at-Table
Cupertino,600000034601195372,99,99,1/12/25 2:50 PM,1,,Default Online Ordering,B8,Dining Room,Dining Room,Lunch,Dine In,0.00,34.00,3.11,8.16,0.00,45.27,false,1/12/25 3:16 PM,1/12/25 3:16 PM,00:25:51,Order-and-Pay-at-Table
Cupertino,600000034601265412,96,96,1/12/25 2:48 PM,1,,Default Online Ordering,A5,Dining Room,Dining Room,Lunch,Dine In,0.00,18.90,1.72,3.09,0.00,23.71,false,1/12/25 3:20 PM,1/12/25 3:20 PM,00:31:33,Order-and-Pay-at-Table
Cupertino,600000034601641345,103,103,1/12/25 3:01 PM,1,,Default Online Ordering,B3,Dining Room,Dining Room,Lunch,Dine In,0.00,39.05,3.56,7.67,0.00,50.28,false,1/12/25 3:22 PM,1/12/25 3:22 PM,00:20:50,Order-and-Pay-at-Table
Cupertino,600000034601735821,102,102,1/12/25 3:01 PM,1,,Default Online Ordering,A3,Dining Room,Dining Room,Lunch,Dine In,0.00,40.95,3.73,6.70,0.00,51.38,false,1/12/25 3:23 PM,1/12/25 3:23 PM,00:22:13,Order-and-Pay-at-Table
Cupertino,600000034602052191,104,104,1/12/25 3:12 PM,1,,Default Online Ordering,A1,Dining Room,Dining Room,Lunch,Dine In,0.00,45.40,4.13,0.00,0.00,49.53,false,1/12/25 3:51 PM,1/12/25 3:51 PM,00:39:22,Order-and-Pay-at-Table
Cupertino,600000034602440425,106,106,1/12/25 3:17 PM,1,DD 5733d299 Edward Z,Default Online Ordering,,Doordash,,Lunch,DoorDash - Delivery,0.00,13.55,1.24,0.00,0.00,14.79,false,1/12/25 3:17 PM,1/12/25 3:17 PM,00:00:00,API
Cupertino,600000034602496803,105,105,1/12/25 3:14 PM,1,,Default Online Ordering,B4,Dining Room,Dining Room,Lunch,Dine In,0.00,17.00,1.55,2.78,0.00,21.33,false,1/12/25 3:31 PM,1/12/25 3:31 PM,00:17:09,Order-and-Pay-at-Table
Cupertino,600000034603050371,107,107,1/12/25 3:29 PM,1,,Default Online Ordering,A6,Dining Room,Dining Room,Lunch,Dine In,0.00,22.05,2.01,3.61,0.00,27.67,false,1/12/25 3:53 PM,1/12/25 3:53 PM,00:23:45,Order-and-Pay-at-Table
Cupertino,600000034603509904,108,108,1/12/25 3:32 PM,2,,andres valencia,B6,Dining Room,Dining Room,Lunch,Dine In,0.00,63.65,5.79,10.42,0.00,79.86,false,1/12/25 4:17 PM,1/12/25 4:17 PM,00:45:02,In Store
Cupertino,600000034603785135,111,111,1/12/25 3:48 PM,1,,Default Online Ordering,B1,Dining Room,Dining Room,Lunch,Dine In,0.00,17.20,1.57,3.38,0.00,22.15,false,1/12/25 4:09 PM,1/12/25 4:09 PM,00:20:56,Order-and-Pay-at-Table
Cupertino,600000034603823529,109,109,1/12/25 3:40 PM,1,,ARIANA PEDROZA,B5,Dining Room,Dining Room,Lunch,Dine In,0.00,31.30,2.85,5.12,0.00,39.27,false,1/12/25 4:44 PM,1/12/25 4:44 PM,01:04:02,In Store
Cupertino,600000034603992926,112,112,1/12/25 3:48 PM,1,,Default Online Ordering,A4,Dining Room,Dining Room,Lunch,Dine In,0.00,23.65,2.16,3.87,0.00,29.68,false,1/12/25 4:36 PM,1/12/25 4:36 PM,00:47:12,Order-and-Pay-at-Table
Cupertino,600000034604065504,110,110,1/12/25 3:47 PM,1,,Default Online Ordering,A4,Dining Room,Dining Room,Lunch,Dine In,0.00,33.75,3.08,0.00,0.00,36.83,false,1/12/25 4:35 PM,1/12/25 4:35 PM,00:48:35,Order-and-Pay-at-Table
Cupertino,600000034604159565,113,113,1/12/25 3:50 PM,1,,Default Online Ordering,A3,Dining Room,Dining Room,Lunch,Dine In,0.00,42.05,3.84,6.88,0.00,52.77,false,1/12/25 4:24 PM,1/12/25 4:24 PM,00:34:04,Order-and-Pay-at-Table
Cupertino,600000034604250010,114,114,1/12/25 3:52 PM,1,DD 4ef6b721 Allen L,Default Online Ordering,,Doordash,,Lunch,DoorDash - Delivery,0.00,49.25,4.04,0.00,0.00,53.29,false,1/12/25 3:52 PM,1/12/25 3:52 PM,00:00:00,API
Cupertino,600000034604419617,115,115,1/12/25 3:57 PM,1,,Default Online Ordering,A4,Dining Room,Dining Room,Lunch,Dine In,0.00,14.90,1.36,2.44,0.00,18.70,false,1/12/25 4:36 PM,1/12/25 4:36 PM,00:38:43,Order-and-Pay-at-Table
Cupertino,600000034605312616,116,116,1/12/25 4:17 PM,1,DD 76c35562 PickUp-Phoenix M,Default Online Ordering,,Doordash,,Dinner,DoorDash - Takeout,0.00,37.95,3.46,4.04,0.00,45.45,false,1/12/25 4:17 PM,1/12/25 4:19 PM,00:00:00,API
Cupertino,600000034606300659,118,118,1/12/25 4:39 PM,2,,Default Online Ordering,B2,Dining Room,Dining Room,Dinner,Dine In,0.00,105.65,9.63,0.00,0.00,115.28,false,1/12/25 5:10 PM,1/12/25 5:10 PM,00:30:21,Order-and-Pay-at-Table
Cupertino,600000034606327068,119,119,1/12/25 4:40 PM,1,DD 5b522735 Rayah G,Default Online Ordering,,Doordash,,Dinner,DoorDash - Delivery,0.00,25.45,2.32,0.00,0.00,27.77,false,1/12/25 4:40 PM,1/12/25 4:40 PM,00:00:00,API
Cupertino,600000034606625933,120,120,1/12/25 4:53 PM,1,,Default Online Ordering,A4,Dining Room,Dining Room,Dinner,Dine In,0.00,63.35,5.77,10.37,0.00,79.49,false,1/12/25 5:28 PM,1/12/25 5:28 PM,00:35:02,Order-and-Pay-at-Table
Cupertino,600000034607391865,122,122,1/12/25 5:03 PM,2,,Jaylan Penney,A5,Dining Room,Dining Room,Dinner,Dine In,0.00,36.40,3.32,7.15,0.00,46.87,false,1/12/25 5:44 PM,1/12/25 5:44 PM,00:40:21,In Store
Cupertino,600000034607432909,125,125,1/12/25 5:08 PM,1,,Default Online Ordering,A7,Dining Room,Dining Room,Dinner,Dine In,0.00,28.00,2.55,5.50,0.00,36.05,false,1/12/25 5:31 PM,1/12/25 5:31 PM,00:23:03,Order-and-Pay-at-Table
Cupertino,600000034607486426,121,121,1/12/25 5:03 PM,1,,zhengyu chen,,None,,Dinner,Take Out,0.00,67.30,6.14,11.02,0.00,84.46,false,1/12/25 5:07 PM,1/12/25 5:07 PM,00:03:29,In Store
Cupertino,600000034607501774,123,123,1/12/25 5:07 PM,1,,Jaylan Penney,A3,Dining Room,Dining Room,Dinner,Dine In,0.00,9.95,0.91,1.63,0.00,12.49,false,1/12/25 5:50 PM,1/12/25 5:50 PM,00:43:06,In Store
Cupertino,600000034607518813,126,126,1/12/25 5:12 PM,1,,Default Online Ordering,B6,Dining Room,Dining Room,Dinner,Dine In,0.00,97.90,8.92,21.36,0.00,128.18,false,1/12/25 5:53 PM,1/12/25 5:53 PM,00:41:07,Order-and-Pay-at-Table
Cupertino,600000034607619923,127,127,1/12/25 5:13 PM,1,,Default Online Ordering,A2,Dining Room,Dining Room,Dinner,Dine In,0.00,19.20,1.75,3.14,0.00,24.09,false,1/12/25 5:34 PM,1/12/25 5:34 PM,00:21:00,Order-and-Pay-at-Table
Cupertino,600000034607745421,129,129,1/12/25 5:19 PM,1,,Default Online Ordering,A1,Dining Room,Dining Room,Dinner,Dine In,0.00,40.65,3.70,6.66,0.00,51.01,false,1/12/25 6:00 PM,1/12/25 6:00 PM,00:41:28,Order-and-Pay-at-Table
Cupertino,600000034607807083,128,128,1/12/25 5:15 PM,4,Jennie Lee,Jaylan Penney,A6,Dining Room,Dining Room,Dinner,Dine In,5.90,62.00,5.66,11.03,0.00,78.69,false,1/12/25 5:46 PM,1/12/25 5:46 PM,00:31:03,In Store
Cupertino,600000034607943989,136,136,1/12/25 5:31 PM,1,SF 9960220a PickUp-Jason C,Default Online Ordering,,Doordash,,Dinner,DoorDash - Takeout,0.00,75.10,6.85,0.00,0.00,81.95,false,1/12/25 5:31 PM,1/12/25 5:34 PM,00:00:00,API
Cupertino,600000034608009661,132,132,1/12/25 5:23 PM,1,SF 703bf5f5 PickUp-Shikha M,Default Online Ordering,,Doordash,,Dinner,DoorDash - Takeout,0.00,56.40,5.15,0.00,0.00,61.55,false,1/12/25 5:23 PM,1/12/25 5:29 PM,00:00:00,API
Cupertino,600000034608009675,134,134,1/12/25 5:26 PM,1,DD 12357a5f Mariko N,Default Online Ordering,,Doordash,,Dinner,DoorDash - Delivery,0.00,64.95,5.47,0.00,0.00,70.42,false,1/12/25 5:26 PM,1/12/25 5:26 PM,00:00:00,API
Cupertino,600000034608022528,130,130,1/12/25 5:21 PM,1,,Jaylan Penney,,None,,Dinner,Dine In,0.00,5.50,0.50,0.00,0.00,6.00,false,1/12/25 5:22 PM,1/12/25 5:22 PM,00:00:41,In Store
Cupertino,600000034608073232,135,135,1/12/25 5:30 PM,1,,Default Online Ordering,B4,Dining Room,Dining Room,Dinner,Dine In,0.00,28.60,2.61,3.00,0.00,34.21,false,1/12/25 6:02 PM,1/12/25 6:02 PM,00:31:47,Order-and-Pay-at-Table
Cupertino,600000034608239732,138,138,1/12/25 5:36 PM,1,,Default Online Ordering,B1,Dining Room,Dining Room,Dinner,Dine In,0.00,132.45,12.08,21.68,0.00,166.21,false,1/12/25 6:10 PM,1/12/25 6:10 PM,00:33:48,Order-and-Pay-at-Table
Cupertino,600000034608243768,137,137,1/12/25 5:33 PM,1,SF 35c57bd0 PickUp-Kelly C,Default Online Ordering,,Doordash,,Dinner,DoorDash - Takeout,0.00,78.10,7.13,7.81,0.00,93.04,false,1/12/25 5:33 PM,1/12/25 5:35 PM,00:00:00,API
Cupertino,600000034608393495,146,146,1/12/25 5:45 PM,1,,Default Online Ordering,B7,Dining Room,Dining Room,Dinner,Dine In,0.00,39.90,3.64,7.84,0.00,51.38,false,1/12/25 6:43 PM,1/12/25 6:43 PM,00:58:13,Order-and-Pay-at-Table
Cupertino,600000034608541781,143,143,1/12/25 5:44 PM,1,DD 2be1bf57 Sarah S,Default Online Ordering,,Doordash,,Dinner,DoorDash - Delivery,0.00,76.85,6.56,0.00,0.00,83.41,false,1/12/25 5:44 PM,1/12/25 5:44 PM,00:00:00,API
Cupertino,600000034608588436,139,139,1/12/25 5:37 PM,1,,zhengyu chen,,None,,Dinner,Dine In,0.00,0.00,0.00,0.00,0.00,0.00,true,1/12/25 5:37 PM,1/12/25 5:37 PM,00:00:07,In Store
Cupertino,600000034608627902,140,140,1/12/25 5:38 PM,1,Kally,zhengyu chen,,None,,Dinner,Take Out,0.00,6.95,0.63,1.14,0.00,8.72,false,1/12/25 5:59 PM,1/12/25 5:59 PM,00:20:34,In Store
Cupertino,600000034608641126,142,142,1/12/25 5:39 PM,4,,Yafang Chen,B8,Dining Room,Dining Room,Dinner,Dine In,0.00,52.30,4.77,8.56,0.00,65.63,false,1/12/25 6:18 PM,1/12/25 6:18 PM,00:39:51,In Store
Cupertino,600000034608652988,148,148,1/12/25 5:46 PM,2,,Default Online Ordering,B3,Dining Room,Dining Room,Dinner,Dine In,0.00,28.80,2.63,4.71,0.00,36.14,false,1/12/25 6:09 PM,1/12/25 6:09 PM,00:22:50,Order-and-Pay-at-Table
Cupertino,600000034608688712,145,145,1/12/25 5:45 PM,1,Amy Hsiao,Default Online Ordering,A4,Dining Room,Dining Room,Dinner,Dine In,5.20,49.35,4.50,8.86,0.00,62.71,false,1/12/25 6:16 PM,1/12/25 6:16 PM,00:31:15,Order-and-Pay-at-Table
Cupertino,600000034608708491,149,149,1/12/25 5:50 PM,1,,Default Online Ordering,A2,Dining Room,Dining Room,Dinner,Dine In,0.00,60.40,5.51,6.00,0.00,71.91,false,1/12/25 6:23 PM,1/12/25 6:23 PM,00:33:00,Order-and-Pay-at-Table
Cupertino,600000034608842476,144,144,1/12/25 5:44 PM,4,,Jaylan Penney,B2,Dining Room,Dining Room,Dinner,Dine In,0.00,63.50,5.79,12.47,0.00,81.76,false,1/12/25 6:10 PM,1/12/25 6:10 PM,00:25:51,In Store
Cupertino,600000034608935825,151,151,1/12/25 5:55 PM,1,,Default Online Ordering,A5,Dining Room,Dining Room,Dinner,Dine In,0.00,82.05,7.48,13.43,0.00,102.96,false,1/12/25 6:28 PM,1/12/25 6:28 PM,00:32:18,Order-and-Pay-at-Table
Cupertino,600000034608988029,153,153,1/12/25 5:58 PM,1,,Default Online Ordering,A3,Dining Room,Dining Room,Dinner,Dine In,0.00,37.45,3.41,7.15,0.00,48.01,false,1/12/25 6:28 PM,1/12/25 6:28 PM,00:30:31,Order-and-Pay-at-Table
Cupertino,600000034609167944,150,150,1/12/25 5:55 PM,1,,Yafang Chen,,None,,Dinner,Take Out,0.00,9.25,0.84,0.00,0.00,10.09,false,1/12/25 5:56 PM,1/12/25 5:56 PM,00:00:37,In Store
Cupertino,600000034609242308,154,154,1/12/25 6:01 PM,1,DD de7879f5 Samantha C,Default Online Ordering,,Doordash,,Dinner,DoorDash - Delivery,0.00,17.20,1.57,0.00,0.00,18.77,false,1/12/25 6:01 PM,1/12/25 6:01 PM,00:00:00,API
Cupertino,600000034609366737,156,156,1/12/25 6:13 PM,1,SF 2290a657 PickUp-Abhishek S,Default Online Ordering,,Doordash,,Dinner,DoorDash - Takeout,0.00,14.30,1.30,0.00,0.00,15.60,false,1/12/25 6:13 PM,1/12/25 6:13 PM,00:00:00,API
Cupertino,600000034609554512,158,158,1/12/25 6:14 PM,1,,Default Online Ordering,A1,Dining Room,Dining Room,Dinner,Dine In,0.00,31.30,2.85,6.15,0.00,40.30,false,1/12/25 6:39 PM,1/12/25 6:39 PM,00:24:45,Order-and-Pay-at-Table
Cupertino,600000034609595880,155,155,1/12/25 6:09 PM,4,,Jaylan Penney,B6,Dining Room,Dining Room,Dinner,Dine In,0.00,65.95,6.00,10.79,0.00,82.74,false,1/12/25 6:49 PM,1/12/25 6:49 PM,00:39:39,In Store
Cupertino,600000034609725981,157,157,1/12/25 6:13 PM,1,,zhengyu chen,,None,,Dinner,Take Out,0.00,49.80,4.53,0.00,0.00,54.33,false,1/12/25 6:30 PM,1/12/25 6:30 PM,00:16:42,In Store
Cupertino,600000034609730713,161,161,1/12/25 6:19 PM,1,DD a1453af7 James W,Default Online Ordering,,Doordash,,Dinner,DoorDash - Delivery,0.00,83.05,7.12,0.00,0.00,90.17,false,1/12/25 6:19 PM,1/12/25 6:19 PM,00:00:00,API
Cupertino,600000034609780850,160,160,1/12/25 6:17 PM,1,,Default Online Ordering,A7,Dining Room,Dining Room,Dinner,Dine In,0.00,75.05,6.85,14.74,0.00,96.64,false,1/12/25 6:48 PM,1/12/25 6:48 PM,00:30:55,Order-and-Pay-at-Table
Cupertino,600000034609945221,166,166,1/12/25 6:30 PM,1,,Default Online Ordering,C4,Dining Room,Dining Room,Dinner,Dine In,0.00,198.40,18.09,32.47,0.00,248.96,false,1/12/25 8:03 PM,1/12/25 8:03 PM,01:33:15,Order-and-Pay-at-Table
Cupertino,600000034609945241,169,169,1/12/25 6:37 PM,1,Justin Tong,Default Online Ordering,A4,Dining Room,Dining Room,Dinner,Dine In,8.15,90.75,8.27,16.08,0.00,115.10,false,1/12/25 7:20 PM,1/12/25 7:20 PM,00:43:36,Order-and-Pay-at-Table
Cupertino,600000034609998606,164,164,1/12/25 6:27 PM,1,,Default Online Ordering,B1,Dining Room,Dining Room,Dinner,Dine In,0.00,23.35,2.12,0.00,0.00,25.47,false,1/12/25 6:43 PM,1/12/25 6:43 PM,00:16:37,Order-and-Pay-at-Table
Cupertino,600000034610011794,170,170,1/12/25 6:40 PM,1,,Default Online Ordering,A5,Dining Room,Dining Room,Dinner,Dine In,0.00,79.05,7.20,12.94,0.00,99.19,false,1/12/25 7:25 PM,1/12/25 7:25 PM,00:45:33,Order-and-Pay-at-Table
Cupertino,600000034610018082,162,162,1/12/25 6:22 PM,1,,Yafang Chen,,None,,Dinner,Take Out,0.00,26.60,2.43,4.35,0.00,33.38,false,1/12/25 6:26 PM,1/12/25 6:26 PM,00:03:57,In Store
Cupertino,600000034610080761,163,163,1/12/25 6:26 PM,1,,Yafang Chen,,None,,Dinner,Take Out,0.00,32.80,3.00,0.00,0.00,35.80,false,1/12/25 6:29 PM,1/12/25 6:29 PM,00:02:25,In Store
Cupertino,600000034610110500,165,165,1/12/25 6:29 PM,2,,zhengyu chen,B5,Dining Room,Dining Room,Dinner,Dine In,0.00,60.45,5.51,9.89,0.00,75.85,false,1/12/25 7:07 PM,1/12/25 7:07 PM,00:37:21,In Store
Cupertino,600000034610151452,167,167,1/12/25 6:32 PM,1,,Default Online Ordering,A2,Dining Room,Dining Room,Dinner,Dine In,0.00,26.35,2.40,4.31,0.00,33.06,false,1/12/25 6:54 PM,1/12/25 6:54 PM,00:22:18,Order-and-Pay-at-Table
Cupertino,600000034610238602,168,168,1/12/25 6:35 PM,2,,zhengyu chen,B4,Dining Room,Dining Room,Dinner,Dine In,0.00,20.35,1.85,1.64,0.00,23.84,false,1/12/25 7:04 PM,1/12/25 7:04 PM,00:29:03,In Store
Cupertino,600000034610313809,171,171,1/12/25 6:41 PM,1,,Default Online Ordering,B3,Dining Room,Dining Room,Dinner,Dine In,0.00,86.85,7.91,18.95,0.00,113.71,false,1/12/25 7:22 PM,1/12/25 7:22 PM,00:40:52,Order-and-Pay-at-Table
Cupertino,600000034610388054,172,172,1/12/25 6:42 PM,1,,Default Online Ordering,A3,Dining Room,Dining Room,Dinner,Dine In,0.00,33.75,3.08,7.37,0.00,44.20,false,1/12/25 7:09 PM,1/12/25 7:09 PM,00:26:06,Order-and-Pay-at-Table
Cupertino,600000034610447533,177,177,1/12/25 6:57 PM,1,,Default Online Ordering,B7,Dining Room,Dining Room,Dinner,Dine In,0.00,59.80,5.46,11.75,0.00,77.01,false,1/12/25 7:35 PM,1/12/25 7:35 PM,00:37:57,Order-and-Pay-at-Table
Cupertino,600000034610447542,179,179,1/12/25 6:59 PM,1,,Default Online Ordering,B6,Dining Room,Dining Room,Dinner,Dine In,0.00,54.00,4.93,0.00,0.00,58.93,false,1/12/25 7:39 PM,1/12/25 7:39 PM,00:39:59,Order-and-Pay-at-Table
Cupertino,600000034610480243,173,173,1/12/25 6:45 PM,3,,Jaylan Penney,B2,Dining Room,Dining Room,Dinner,Dine In,28.60,71.40,6.51,12.00,0.00,89.91,false,1/12/25 7:28 PM,1/12/25 7:28 PM,00:43:26,In Store
Cupertino,600000034610485428,178,178,1/12/25 6:59 PM,1,Alan Nguyen,Default Online Ordering,A6,Dining Room,Dining Room,Dinner,Dine In,0.00,47.25,4.30,5.00,0.00,56.55,false,1/12/25 7:34 PM,1/12/25 7:34 PM,00:35:01,Order-and-Pay-at-Table
Cupertino,600000034610488681,180,180,1/12/25 7:02 PM,1,DD c1af3f51 Andrew L,Default Online Ordering,,Doordash,,Dinner,DoorDash - Delivery,0.00,25.45,2.32,0.00,0.00,27.77,false,1/12/25 7:02 PM,1/12/25 7:03 PM,00:00:00,API
Cupertino,600000034610501551,174,174,1/12/25 6:49 PM,1,,Default Online Ordering,B1,Dining Room,Dining Room,Dinner,Dine In,0.00,38.05,3.47,6.23,0.00,47.75,false,1/12/25 7:11 PM,1/12/25 7:11 PM,00:21:49,Order-and-Pay-at-Table
Cupertino,600000034610529878,181,181,1/12/25 7:03 PM,1,,Default Online Ordering,A7,Dining Room,Dining Room,Dinner,Dine In,0.00,123.60,11.28,26.98,0.00,161.86,false,1/12/25 7:33 PM,1/12/25 7:33 PM,00:29:46,Order-and-Pay-at-Table
Cupertino,600000034610555601,175,175,1/12/25 6:50 PM,1,,Default Online Ordering,A1,Dining Room,Dining Room,Dinner,Dine In,0.00,41.85,3.82,6.85,0.00,52.52,false,1/12/25 7:27 PM,1/12/25 7:27 PM,00:37:12,Order-and-Pay-at-Table
Cupertino,600000034610690164,176,176,1/12/25 6:55 PM,4,,Jaylan Penney,B8,Dining Room,Dining Room,Dinner,Dine In,0.00,65.60,5.98,10.74,0.00,82.32,false,1/12/25 7:32 PM,1/12/25 7:32 PM,00:37:11,In Store
Cupertino,600000034610747597,187,187,1/12/25 7:20 PM,1,DD 5e6f299a Neel H,Default Online Ordering,,Doordash,,Dinner,DoorDash - Delivery,0.00,27.70,2.53,0.00,0.00,30.23,false,1/12/25 7:20 PM,1/12/25 7:20 PM,00:00:00,API
Cupertino,600000034610770325,182,182,1/12/25 7:11 PM,1,,Default Online Ordering,D1,Dining Room,Dining Room,Dinner,Dine In,0.00,42.40,3.86,6.00,0.00,52.26,false,1/12/25 7:43 PM,1/12/25 7:43 PM,00:32:06,Order-and-Pay-at-Table
Cupertino,600000034610779792,186,186,1/12/25 7:19 PM,1,,Default Online Ordering,B4,Dining Room,Dining Room,Dinner,Dine In,0.00,26.95,2.46,5.29,0.00,34.70,false,1/12/25 8:07 PM,1/12/25 8:07 PM,00:47:58,Order-and-Pay-at-Table
Cupertino,600000034610932157,183,183,1/12/25 7:11 PM,1,,Default Online Ordering,D2,Dining Room,Dining Room,Dinner,Dine In,0.00,71.05,6.48,11.63,0.00,89.16,false,1/12/25 8:25 PM,1/12/25 8:25 PM,01:14:05,Order-and-Pay-at-Table
Cupertino,600000034610943916,184,184,1/12/25 7:16 PM,1,,Default Online Ordering,B4,Dining Room,Dining Room,Dinner,Dine In,0.00,32.40,2.95,0.00,0.00,35.35,false,1/12/25 8:07 PM,1/12/25 8:07 PM,00:50:43,Order-and-Pay-at-Table
Cupertino,600000034610994678,191,191,1/12/25 7:23 PM,1,,Default Online Ordering,D4,Dining Room,Dining Room,Dinner,Dine In,0.00,23.95,2.18,0.00,0.00,26.13,false,1/12/25 8:41 PM,1/12/25 8:41 PM,01:18:47,Order-and-Pay-at-Table
Cupertino,600000034611031413,185,185,1/12/25 7:19 PM,1,,Default Online Ordering,B4,Dining Room,Dining Room,Dinner,Dine In,0.00,24.65,2.25,4.04,0.00,30.94,false,1/12/25 8:07 PM,1/12/25 8:07 PM,00:48:16,Order-and-Pay-at-Table
Cupertino,600000034611031422,193,193,1/12/25 7:25 PM,1,,Default Online Ordering,D4,Dining Room,Dining Room,Dinner,Dine In,0.00,30.50,2.77,2.00,0.00,35.27,false,1/12/25 8:41 PM,1/12/25 8:41 PM,01:15:31,Order-and-Pay-at-Table
Cupertino,600000034611031427,194,194,1/12/25 7:29 PM,1,,Default Online Ordering,D4,Dining Room,Dining Room,Dinner,Dine In,9.25,40.10,3.65,7.95,0.00,51.70,false,1/12/25 8:42 PM,1/12/25 8:42 PM,01:13:10,Order-and-Pay-at-Table
Cupertino,600000034611097574,196,196,1/12/25 7:31 PM,1,,Default Online Ordering,D4,Dining Room,Dining Room,Dinner,Dine In,0.00,9.25,0.84,1.51,0.00,11.60,false,1/12/25 8:41 PM,1/12/25 8:41 PM,01:10:12,Order-and-Pay-at-Table
Cupertino,600000034611117771,198,198,1/12/25 7:33 PM,1,SF 77630fed PickUp-Kacey B,Default Online Ordering,,Doordash,,Dinner,DoorDash - Takeout,0.00,29.20,2.66,2.92,0.00,34.78,false,1/12/25 7:33 PM,1/12/25 7:34 PM,00:00:00,API
Cupertino,600000034611117791,203,203,1/12/25 7:41 PM,1,,Default Online Ordering,B3,Dining Room,Dining Room,Dinner,Dine In,0.00,58.60,5.34,9.59,0.00,73.53,false,1/12/25 8:12 PM,1/12/25 8:12 PM,00:31:00,Order-and-Pay-at-Table
Cupertino,600000034611128959,189,189,1/12/25 7:22 PM,1,,Default Online Ordering,B1,Dining Room,Dining Room,Dinner,Dine In,0.00,56.30,5.12,11.06,0.00,72.48,false,1/12/25 7:58 PM,1/12/25 7:58 PM,00:36:22,Order-and-Pay-at-Table
Cupertino,600000034611129255,190,190,1/12/25 7:22 PM,1,,Default Online Ordering,D4,Dining Room,Dining Room,Dinner,Dine In,0.00,21.85,1.99,3.58,0.00,27.42,false,1/12/25 8:41 PM,1/12/25 8:41 PM,01:19:04,Order-and-Pay-at-Table
Cupertino,600000034611145879,197,197,1/12/25 7:33 PM,1,,Default Online Ordering,D4,Dining Room,Dining Room,Dinner,Dine In,0.00,28.00,2.55,4.58,0.00,35.13,false,1/12/25 8:42 PM,1/12/25 8:42 PM,01:09:18,Order-and-Pay-at-Table
Cupertino,600000034611154742,201,201,1/12/25 7:41 PM,1,,Default Online Ordering,A1,Dining Room,Dining Room,Dinner,Dine In,0.00,17.70,1.62,0.00,0.00,19.32,false,1/12/25 8:08 PM,1/12/25 8:08 PM,00:27:45,Order-and-Pay-at-Table
Cupertino,600000034611162613,188,188,1/12/25 7:21 PM,2,,zhengyu chen,A4,Dining Room,Dining Room,Dinner,Dine In,0.00,48.40,4.40,9.50,0.00,62.30,false,1/12/25 8:58 PM,1/12/25 8:58 PM,01:36:30,In Store
Cupertino,600000034611165539,202,202,1/12/25 7:41 PM,1,,Default Online Ordering,A1,Dining Room,Dining Room,Dinner,Dine In,0.00,26.35,2.40,4.31,0.00,33.06,false,1/12/25 8:09 PM,1/12/25 8:09 PM,00:27:40,Order-and-Pay-at-Table
Cupertino,600000034611171461,192,192,1/12/25 7:25 PM,1,,Default Online Ordering,D4,Dining Room,Dining Room,Dinner,Dine In,0.00,20.85,1.90,3.41,0.00,26.16,false,1/12/25 8:39 PM,1/12/25 8:39 PM,01:13:33,Order-and-Pay-at-Table
Cupertino,600000034611227083,199,199,1/12/25 7:37 PM,1,DD af384e5e Chang X,Default Online Ordering,,Doordash,,Dinner,DoorDash - Delivery,0.00,18.10,1.65,0.00,0.00,19.75,false,1/12/25 7:37 PM,1/12/25 7:37 PM,00:00:00,API
Cupertino,600000034611241556,195,195,1/12/25 7:30 PM,1,,Default Online Ordering,A2,Dining Room,Dining Room,Dinner,Dine In,0.00,39.05,3.56,6.39,0.00,49.00,false,1/12/25 8:03 PM,1/12/25 8:03 PM,00:32:59,Order-and-Pay-at-Table
Cupertino,600000034611418251,200,200,1/12/25 7:38 PM,1,,Default Online Ordering,A3,Dining Room,Dining Room,Dinner,Dine In,0.00,45.00,4.10,7.36,0.00,56.46,false,1/12/25 8:14 PM,1/12/25 8:14 PM,00:36:03,Order-and-Pay-at-Table
Cupertino,600000034611455045,207,207,1/12/25 8:07 PM,1,,Default Online Ordering,B6,Dining Room,Dining Room,Dinner,Dine In,0.00,29.80,2.72,4.00,0.00,36.52,false,1/12/25 8:31 PM,1/12/25 8:31 PM,00:23:53,Order-and-Pay-at-Table
Cupertino,600000034611540808,204,204,1/12/25 7:51 PM,1,DD ba40710d Raghav K,Default Online Ordering,,Doordash,,Dinner,DoorDash - Delivery,0.00,19.40,1.77,0.00,0.00,21.17,false,1/12/25 7:51 PM,1/12/25 7:51 PM,00:00:00,API
Cupertino,600000034611559256,205,205,1/12/25 7:53 PM,1,,Default Online Ordering,A6,Dining Room,Dining Room,Dinner,Dine In,7.15,28.15,2.57,5.68,0.00,36.40,false,1/12/25 8:31 PM,1/12/25 8:31 PM,00:38:35,Order-and-Pay-at-Table
Cupertino,600000034611671581,209,209,1/12/25 8:20 PM,1,DD 40154f48 Yuanyang L,Default Online Ordering,,Doordash,,Dinner,DoorDash - Delivery,0.00,41.95,3.37,0.00,0.00,45.32,false,1/12/25 8:20 PM,1/12/25 8:21 PM,00:00:00,API
Cupertino,600000034611695556,206,206,1/12/25 8:03 PM,1,,Default Online Ordering,A7,Dining Room,Dining Room,Dinner,Dine In,0.00,28.30,2.58,6.18,0.00,37.06,false,1/12/25 8:59 PM,1/12/25 8:59 PM,00:55:32,Order-and-Pay-at-Table
Cupertino,600000034611695584,210,210,1/12/25 8:22 PM,1,,Default Online Ordering,A2,Dining Room,Dining Room,Dinner,Dine In,0.00,64.15,5.85,14.00,0.00,84.00,false,1/12/25 8:58 PM,1/12/25 8:58 PM,00:36:10,Order-and-Pay-at-Table
Cupertino,600000034611811435,211,211,1/12/25 8:32 PM,1,DD 8562de59 swapnil k,Default Online Ordering,,Doordash,,Dinner,DoorDash - Delivery,0.00,17.20,1.57,0.00,0.00,18.77,false,1/12/25 8:32 PM,1/12/25 8:32 PM,00:00:00,API
Cupertino,600000034611855235,214,214,1/12/25 8:38 PM,1,DD ae5e0c35 Erin K,Default Online Ordering,,Doordash,,Dinner,DoorDash - Delivery,0.00,54.65,4.53,0.00,0.00,59.18,false,1/12/25 8:38 PM,1/12/25 8:39 PM,00:00:00,API
Cupertino,600000034611894786,208,208,1/12/25 8:19 PM,3,,zhengyu chen,A5,Dining Room,Dining Room,Dinner,Dine In,0.00,58.45,5.33,9.57,0.00,73.35,false,1/12/25 8:59 PM,1/12/25 8:59 PM,00:40:07,In Store
Cupertino,600000034611900875,213,213,1/12/25 8:37 PM,1,DD ae525a8e James S,Default Online Ordering,,Doordash,,Dinner,DoorDash - Delivery,0.00,25.45,2.32,0.00,0.00,27.77,false,1/12/25 8:37 PM,1/12/25 8:37 PM,00:00:00,API
Cupertino,600000034611909923,212,212,1/12/25 8:34 PM,1,DD b0fa0936 Oanh D,Default Online Ordering,,Doordash,,Dinner,DoorDash - Delivery,0.00,28.55,2.61,0.00,0.00,31.16,false,1/12/25 8:34 PM,1/12/25 8:35 PM,00:00:00,API
Cupertino,600000034612158751,215,215,1/12/25 8:49 PM,1,,Yafang Chen,,None,,Dinner,Take Out,0.00,14.90,1.36,2.44,0.00,18.70,false,1/12/25 8:52 PM,1/12/25 8:52 PM,00:03:08,In Store
Cupertino,600000034612163509,216,216,1/12/25 8:52 PM,1,,Yafang Chen,,None,,Dinner,Take Out,0.00,24.15,2.20,2.00,0.00,28.35,false,1/12/25 8:53 PM,1/12/25 8:53 PM,00:00:30,In Store
