Location,Payment Id,Order Id,Order #,Paid Date,Order Date,Check Id,Check #,Tab Name,Server,Table,Dining Area,Service,Dining Option,House Acct #,Amount,Tip,Gratuity,Total,Swiped Card Amount,Keyed Card Amount,Amount Tendered,Refunded,Refund Date,Refund Amount,Refund Tip Amount,Void User,Void Approver,Void Date,Status,Type,Cash Drawer,Card Type,Other Type,Email,Phone,Last 4 Card Digits,V/MC/D Fees,Room Info,Receipt,Source,Last 4 Gift Card Digits,First 5 Gift Card Digits
Cupertino,600000034591101209,600000034590876774,7,1/12/25 11:02 AM,1/12/25 11:02 AM,600000034590876724,7,DD a292f579 Qiner W,Default Online Ordering,,,Lunch,DoorDash - Delivery,,44.78,0.00,0.00,44.78,0.00,0.00,0.00,NONE,,,,,,,CAPTURED,Other,,,DoorDash,,8552228111,,,,Tx7cbqpfKMcXw,API,,
Cupertino,600000034592333587,600000034590863846,8,1/12/25 11:26 AM,1/12/25 11:05 AM,600000034591220361,8,,Default Online Ordering,A2,Dining Room,Lunch,Dine In,,26.35,5.27,0.00,31.62,0.00,0.00,0.00,NONE,,,,,,,AUTHORIZED,Credit,,Visa,,,,8679,,,xrxdgmHdkxMjF,In Store,,
Cupertino,600000034592768369,600000034589991438,5,1/12/25 11:35 AM,1/12/25 10:35 AM,600000034589991437,5,Helen Chou,xin Meng,,,Breakfast,Take Out,,235.23,0.00,0.00,235.23,0.00,235.23,0.00,NONE,,,,,,,AUTHORIZED,Credit,,Visa,,,,4164,,,xbzMYNR9jJtnX,In Store,,
Cupertino,600000034592803561,600000034592860210,14,1/12/25 11:40 AM,1/12/25 11:40 AM,600000034592860160,14,SF 82b1cf68 PickUp-Viri V,Default Online Ordering,,,Lunch,DoorDash - Takeout,,26.35,0.00,0.00,26.35,0.00,0.00,0.00,NONE,,,,,,,CAPTURED,Other,,,DoorDash,,4087979392,,,,wCjqnPLTHMqHC,API,,
Cupertino,600000034592803591,600000034592860238,16,1/12/25 11:46 AM,1/12/25 11:46 AM,600000034592860188,16,DD 7c0499f3 Liz Z,Default Online Ordering,,,Lunch,DoorDash - Delivery,,30.39,0.00,0.00,30.39,0.00,0.00,0.00,NONE,,,,,,,CAPTURED,Other,,,DoorDash,,8552228111,,,,7pJgzPMkfYHKt,API,,
Cupertino,600000034592838403,600000034592632617,12,1/12/25 11:38 AM,1/12/25 11:38 AM,600000034592603170,12,SF 8aa79cc9 PickUp-Keeranat K,Default Online Ordering,,,Lunch,DoorDash - Takeout,,36.56,0.00,0.00,36.56,0.00,0.00,0.00,NONE,,,,,,,CAPTURED,Other,,,DoorDash,,4156551989,,,,kdjtKnRmhzRxy,API,,
Cupertino,600000034593340509,600000034592645659,11,1/12/25 11:48 AM,1/12/25 11:33 AM,600000034592645658,11,,andres valencia,A3,Dining Room,Lunch,Dine In,,22.86,4.00,0.00,26.86,26.86,0.00,0.00,NONE,,,,,,,AUTHORIZED,Credit,,Visa,,,,1408,,,pgyTxJdJtnKds,In Store,,
Cupertino,600000034593575415,600000034592064525,10,1/12/25 11:53 AM,1/12/25 11:20 AM,600000034592064524,10,,Yafang Chen,A5,Dining Room,Lunch,Dine In,,55.53,9.22,0.00,64.75,64.75,0.00,0.00,NONE,,,,,,,AUTHORIZED,Credit,,Visa,,,,9511,,,cTHNTgY7pYMmY,In Store,,
Cupertino,600000034593692213,600000034593521979,21,1/12/25 12:00 PM,1/12/25 12:00 PM,600000034593480732,21,DD 5be7b0a0 Ki R,Default Online Ordering,,,Lunch,DoorDash - Delivery,,21.17,0.00,0.00,21.17,0.00,0.00,0.00,NONE,,,,,,,CAPTURED,Other,,,DoorDash,,8552228111,,,,m9q9CmJsmKjLN,API,,
Cupertino,600000034594387395,600000034594394193,27,1/12/25 12:19 PM,1/12/25 12:19 PM,600000034594394143,27,SF 099aa89d PickUp-gene x,Default Online Ordering,,,Lunch,DoorDash - Takeout,,53.47,2.00,0.00,55.47,0.00,0.00,0.00,NONE,,,,,,,CAPTURED,Other,,,DoorDash,,4087849806,,,,hMhhRCbFh9mPT,API,,
Cupertino,600000034594390536,600000034594299744,26,1/12/25 12:19 PM,1/12/25 12:19 PM,600000034594284496,26,DD 3aaf8cea Carla M,Default Online Ordering,,,Lunch,DoorDash - Delivery,,29.52,0.00,0.00,29.52,0.00,0.00,0.00,NONE,,,,,,,CAPTURED,Other,,,DoorDash,,8552228111,,,,HhwhqptzJTHpM,API,,
Cupertino,600000034594481832,600000034592410848,13,1/12/25 12:14 PM,1/12/25 11:39 AM,600000034592393499,13,,Default Online Ordering,B1,Dining Room,Lunch,Dine In,,71.26,14.63,0.00,85.89,85.89,0.00,0.00,NONE,,,,,,,AUTHORIZED,Credit,,Visa,,gvargas526@yahoo.com,+14087610711,7490,,,cpF7fydnMHcwm,In Store,,
Cupertino,600000034594704253,600000034591814216,9,1/12/25 12:18 PM,1/12/25 11:15 AM,600000034591814215,9,,Yafang Chen,A7,Dining Room,Lunch,Dine In,,67.27,10.09,0.00,77.36,77.36,0.00,0.00,NONE,,,,,,,AUTHORIZED,Credit,,Visa,,,,3343,,,cmfxPXCTdCMKf,In Store,,
Cupertino,600000034594731263,600000034594373041,29,1/12/25 12:22 PM,1/12/25 12:22 PM,600000034594365842,29,DD 1fbed0bd Patrick H,Default Online Ordering,,,Lunch,DoorDash - Delivery,,43.41,0.00,0.00,43.41,0.00,0.00,0.00,NONE,,,,,,,CAPTURED,Other,,,DoorDash,,8552228111,,,,kfkjjNsNtbxch,API,,
Cupertino,600000034594811155,600000034593517829,20,1/12/25 12:21 PM,1/12/25 11:58 AM,600000034593461182,20,,Default Online Ordering,A1,Dining Room,Lunch,Dine In,,34.80,5.22,0.00,40.02,40.02,0.00,0.00,NONE,,,,,,,AUTHORIZED,Credit,,Mastercard,,,,9847,,,PFbMwnpTtFmny,In Store,,
Cupertino,600000034594914968,600000034594763083,32,1/12/25 12:27 PM,1/12/25 12:27 PM,600000034594737635,32,DD 1652216f PickUp-Asmita G,Default Online Ordering,,,Lunch,DoorDash - Takeout,,24.06,2.41,0.00,26.47,0.00,0.00,0.00,NONE,,,,,,,CAPTURED,Other,,,DoorDash,,8552228111,,,,hzkWMthf7CFgX,API,,
Cupertino,600000034594921823,600000034592981462,15,1/12/25 12:23 PM,1/12/25 11:44 AM,600000034592973413,15,,Default Online Ordering,A2,Dining Room,Lunch,Dine In,,57.23,8.58,0.00,65.81,65.81,0.00,0.00,NONE,,,,,,,AUTHORIZED,Credit,,Visa,,sweetash20@gmail.com,6692529695,9383,,,KdtHzpn9hcrMX,In Store,,
Cupertino,600000034595131841,600000034595121062,34,1/12/25 12:28 PM,1/12/25 12:28 PM,600000034595121061,34,,Yafang Chen,,,Lunch,Take Out,,10.09,0.00,0.00,10.09,0.00,0.00,11.00,NONE,,,,,,,CAPTURED,Cash,,,,,,,,,xWmcqwPMncdzJ,In Store,,
Cupertino,600000034595183511,600000034595171532,36,1/12/25 12:29 PM,1/12/25 12:29 PM,600000034595171531,36,,Yafang Chen,,,Lunch,Take Out,,10.09,0.00,0.00,10.09,0.00,0.00,20.00,NONE,,,,,,,CAPTURED,Cash,,,,,,,,,hrXcxJYfFCJPg,In Store,,
Cupertino,600000034595205689,600000034595153647,40,1/12/25 12:41 PM,1/12/25 12:41 PM,600000034595706900,40,DD da0276e1 Heidi R,Default Online Ordering,,,Lunch,DoorDash - Delivery,,65.40,0.00,0.00,65.40,0.00,0.00,0.00,NONE,,,,,,,CAPTURED,Other,,,DoorDash,,8552228111,,,,FL7KtsqkPNWJr,API,,
Cupertino,600000034595295667,600000034593575674,22,1/12/25 12:32 PM,1/12/25 12:01 PM,600000034593400740,22,,Default Online Ordering,B5,Dining Room,Lunch,Dine In,,103.45,18.62,0.00,122.07,122.07,0.00,0.00,NONE,,,,,,,AUTHORIZED,Credit,,Visa,,,,8004,,,p9pKjLxtrkRbq,In Store,,
Cupertino,600000034595337891,600000034593002037,17,1/12/25 12:33 PM,1/12/25 11:51 AM,600000034593000738,17,Valued Customer,Default Online Ordering,A4,Dining Room,Lunch,Dine In,,79.71,11.96,0.00,91.67,91.67,0.00,0.00,NONE,,,,"RestaurantUser [id=600000001251302471, user email = zhengyuchen0227@gmail.com]","RestaurantUser [id=600000001251302471, user email = zhengyuchen0227@gmail.com]",1/12/2025 12:41 PM,VOIDED,Credit,,Visa,,,,5992,,,CFN9qyKkN7CzH,In Store,,
Cupertino,600000034595344073,600000034595435017,39,1/12/25 12:39 PM,1/12/25 12:39 PM,600000034595411518,39,DD 49c1b324 Joseph K,Default Online Ordering,,,Lunch,DoorDash - Delivery,,33.88,0.00,0.00,33.88,0.00,0.00,0.00,NONE,,,,,,,CAPTURED,Other,,,DoorDash,,8552228111,,,,THdJ9x7WKHbgp,API,,
Cupertino,600000034595730007,600000034593002037,17,1/12/25 12:42 PM,1/12/25 11:51 AM,600000034593000738,17,Valued Customer,Default Online Ordering,A4,Dining Room,Lunch,Dine In,,79.71,11.96,0.00,91.67,0.00,0.00,0.00,NONE,,,,,,,AUTHORIZED,Credit,,Visa,,,,5992,,,txWrLcbCddTFP,In Store,,
Cupertino,600000034595841179,600000034593889341,24,1/12/25 12:44 PM,1/12/25 12:12 PM,600000034593841095,24,,Default Online Ordering,A5,Dining Room,Lunch,Dine In,,43.21,6.48,0.00,49.69,49.69,0.00,0.00,NONE,,,,,,,AUTHORIZED,Credit,,Visa,,,,9968,,,CRwTbjWgqdMrs,In Store,,
Cupertino,600000034595920010,600000034594529732,28,1/12/25 12:46 PM,1/12/25 12:21 PM,600000034594519183,28,,Default Online Ordering,B8,Dining Room,Lunch,Dine In,,95.21,14.28,0.00,109.49,109.49,0.00,0.00,NONE,,,,,,,AUTHORIZED,Credit,,Visa,,,,9894,,,FCnzXhntpnXrH,In Store,,
Cupertino,600000034596011288,600000034593278630,18,1/12/25 12:48 PM,1/12/25 11:54 AM,600000034593267786,18,,Default Online Ordering,A3,Dining Room,Lunch,Dine In,,55.04,8.26,0.00,63.30,63.30,0.00,0.00,NONE,,,,,,,AUTHORIZED,Credit,,Mastercard,,,,9140,,,z7KNrjdYnjWCC,In Store,,
Cupertino,600000034596014267,600000034594062383,23,1/12/25 12:48 PM,1/12/25 12:04 PM,600000034594062376,23,,andres valencia,B4,Dining Room,Lunch,Dine In,,47.24,7.09,0.00,54.33,54.33,0.00,0.00,NONE,,,,,,,AUTHORIZED,Credit,,Visa,,,,9195,,,Jfwyn9hckxLsw,In Store,,
Cupertino,600000034596113222,600000034594288932,25,1/12/25 12:51 PM,1/12/25 12:17 PM,600000034594261933,25,,Default Online Ordering,B2,Dining Room,Lunch,Dine In,,52.27,7.84,0.00,60.11,60.11,0.00,0.00,NONE,,,,,,,AUTHORIZED,Credit,,Discover,,,,4861,,,pkjxpLRPkNRxW,In Store,,
Cupertino,600000034596129275,600000034595171850,35,1/12/25 12:51 PM,1/12/25 12:29 PM,600000034595169599,35,,zhengyu chen,A1,Dining Room,Lunch,Dine In,,31.81,5.73,0.00,37.54,37.54,0.00,0.00,NONE,,,,,,,AUTHORIZED,Credit,,Amex,,,,3002,,,rPmbhCTTjNmqK,In Store,,
Cupertino,600000034596283764,600000034594692245,33,1/12/25 12:55 PM,1/12/25 12:28 PM,600000034594681248,33,,Default Online Ordering,A7,Dining Room,Lunch,Dine In,,58.12,11.62,0.00,69.74,69.74,0.00,0.00,NONE,,,,,,,AUTHORIZED,Credit,,Amex,,,,6999,,,FFRkqxgTgKypN,In Store,,
Cupertino,600000034596416603,600000034594867691,30,1/12/25 12:58 PM,1/12/25 12:22 PM,600000034594867679,30,,zhengyu chen,B3,Dining Room,Lunch,Dine In,,108.02,19.44,0.00,127.46,127.46,0.00,0.00,NONE,,,,,,,AUTHORIZED,Credit,,Visa,,,,3714,,,9NJzqhzgNxhnc,In Store,,
Cupertino,600000034596716790,600000034594675081,31,1/12/25 1:05 PM,1/12/25 12:24 PM,600000034594649184,31,,Default Online Ordering,B1,Dining Room,Lunch,Dine In,,74.47,11.17,0.00,85.64,85.64,0.00,0.00,NONE,,,,,,,AUTHORIZED,Credit,,Visa,,,,3657,,,gkRjKgpYtLNhm,In Store,,
Cupertino,600000034596733099,600000034595243913,37,1/12/25 1:06 PM,1/12/25 12:30 PM,600000034595243912,37,,zhengyu chen,A6,Dining Room,Lunch,Dine In,,104.48,20.90,0.00,125.38,125.38,0.00,0.00,NONE,,,,,,,AUTHORIZED,Credit,,Visa,,,,8813,,,tdXMYdWJqtqjb,In Store,,
Cupertino,600000034597040489,600000034596090765,50,1/12/25 1:12 PM,1/12/25 12:54 PM,600000034596089066,50,,Default Online Ordering,B4,Dining Room,Lunch,Dine In,,17.14,2.57,0.00,19.71,19.71,0.00,0.00,NONE,,,,,,,AUTHORIZED,Credit,,Visa,,,,6912,,,LtwFKNCqyXwqt,In Store,,
Cupertino,600000034597286078,600000034596106208,47,1/12/25 1:18 PM,1/12/25 12:52 PM,600000034596099160,47,,Default Online Ordering,A4,Dining Room,Lunch,Dine In,,34.81,5.22,0.00,40.03,40.03,0.00,0.00,NONE,,,,,,,AUTHORIZED,Credit,,Visa,,,,4788,,,JhKFLWwzbhMxJ,In Store,,
Cupertino,600000034597290970,600000034595843814,43,1/12/25 1:18 PM,1/12/25 12:48 PM,600000034595839915,43,,Default Online Ordering,B6,Dining Room,Lunch,Dine In,,61.82,9.27,0.00,71.09,71.09,0.00,0.00,NONE,,,,,,,AUTHORIZED,Credit,,Visa,,,,8451,,,z9cmyNPzPXTYC,In Store,,
Cupertino,600000034597309187,600000034595817879,45,1/12/25 1:19 PM,1/12/25 12:51 PM,600000034595817829,45,,Default Online Ordering,A4,Dining Room,Lunch,Dine In,,27.99,4.20,0.00,32.19,32.19,0.00,0.00,NONE,,,,,,,AUTHORIZED,Credit,,Visa,,,,9709,,,MjFYWRyP9m7Wd,In Store,,
Cupertino,600000034597499435,600000034598009050,62,1/12/25 1:35 PM,1/12/25 1:35 PM,600000034598004302,62,DD 9bb08c27 Frank L,Default Online Ordering,,,Lunch,DoorDash - Delivery,,41.58,0.00,0.00,41.58,0.00,0.00,0.00,NONE,,,,,,,CAPTURED,Other,,,DoorDash,,8552228111,,,,WybwjXTtfRyNc,API,,
Cupertino,600000034597517932,600000034597518085,60,1/12/25 1:33 PM,1/12/25 1:33 PM,600000034597518035,60,DD 5a1f9c05 Lizzy Z,Default Online Ordering,,,Lunch,DoorDash - Delivery,,57.07,0.00,0.00,57.07,0.00,0.00,0.00,NONE,,,,,,,CAPTURED,Other,,,DoorDash,,8552228111,,,,sYcHPTJxLT9jz,API,,
Cupertino,600000034597559001,600000034595834610,42,1/12/25 1:24 PM,1/12/25 12:46 PM,600000034595825111,42,,Default Online Ordering,A2,Dining Room,Lunch,Dine In,,72.34,14.47,0.00,86.81,86.81,0.00,0.00,NONE,,,,,,,AUTHORIZED,Credit,,Visa,,,,5325,,,pfHHkcWjXmzY9,In Store,,
Cupertino,600000034597593814,600000034597541672,59,1/12/25 1:28 PM,1/12/25 1:28 PM,600000034597524223,59,DD 9d666555 Angela B,Default Online Ordering,,,Lunch,DoorDash - Delivery,,38.85,0.00,0.00,38.85,0.00,0.00,0.00,NONE,,,,,,,CAPTURED,Other,,,DoorDash,,8552228111,,,,TKMC7jLmr9bbh,API,,
Cupertino,600000034597746912,600000034595836334,48,1/12/25 1:28 PM,1/12/25 12:53 PM,600000034595775038,48,,Default Online Ordering,A5,Dining Room,Lunch,Dine In,,34.97,2.00,0.00,36.97,36.97,0.00,0.00,NONE,,,,,,,AUTHORIZED,Credit,,Visa,,,,8276,,,qrXxCfpdyzbhc,In Store,,
Cupertino,600000034597765215,600000034596090751,44,1/12/25 1:29 PM,1/12/25 12:51 PM,600000034596089052,44,,Default Online Ordering,C1,Dining Room,Lunch,Dine In,,98.27,19.65,0.00,117.92,0.00,0.00,0.00,NONE,,,,,,,AUTHORIZED,Credit,,Visa,,,,6354,,,xMKJhmfhTLxXX,In Store,,
Cupertino,600000034598000830,600000034597083346,55,1/12/25 1:34 PM,1/12/25 1:13 PM,600000034597083345,55,,Yafang Chen,A6,Dining Room,Lunch,Dine In,,42.61,2.00,0.00,44.61,0.00,0.00,0.00,NONE,,,,,,,AUTHORIZED,Credit,,Visa,,,,2308,,,xWcKcgrzLMdRN,In Store,,
Cupertino,600000034598061735,600000034595648092,46,1/12/25 1:36 PM,1/12/25 12:52 PM,600000034595609347,46,,Default Online Ordering,B5,Dining Room,Lunch,Dine In,,17.89,2.68,0.00,20.57,0.00,0.00,0.00,NONE,,,,,,,AUTHORIZED,Credit,,Visa,,,,9269,,,qJbCRYmRqNFFP,In Store,,
Cupertino,600000034598075337,600000034595880679,49,1/12/25 1:36 PM,1/12/25 12:53 PM,600000034595816942,49,,Default Online Ordering,B5,Dining Room,Lunch,Dine In,,10.09,1.51,0.00,11.60,0.00,0.00,0.00,NONE,,,,,,,AUTHORIZED,Credit,,Visa,,,,3208,,,CtMKfNhxJMRFf,In Store,,
Cupertino,600000034598126382,600000034598114791,71,1/12/25 1:49 PM,1/12/25 1:49 PM,600000034598075248,71,SF ac81ffa3 PickUp-Dennis P,Default Online Ordering,,,Lunch,DoorDash - Takeout,,44.90,0.00,0.00,44.90,0.00,0.00,0.00,NONE,,,,,,,CAPTURED,Other,,,DoorDash,,9492572269,,,,RhTXXRHPXMKxy,API,,
Cupertino,600000034598174897,600000034596684951,51,1/12/25 1:38 PM,1/12/25 1:05 PM,600000034596637206,51,,Default Online Ordering,A3,Dining Room,Lunch,Dine In,,31.86,4.78,0.00,36.64,36.64,0.00,0.00,NONE,,,,,,,AUTHORIZED,Credit,,Mastercard,,,,8832,,,NLpRfhwpFdWb7,In Store,,
Cupertino,600000034598326204,600000034598317606,68,1/12/25 1:43 PM,1/12/25 1:43 PM,600000034598316557,68,DD 020ead06 Kenny L,Default Online Ordering,,,Lunch,DoorDash - Delivery,,30.39,0.00,0.00,30.39,0.00,0.00,0.00,NONE,,,,,,,CAPTURED,Other,,,DoorDash,,8552228111,,,,TpxF7qr7nbPcK,API,,
Cupertino,600000034598381469,600000034598275178,69,1/12/25 1:48 PM,1/12/25 1:48 PM,600000034598275128,69,SF e32efd3b PickUp-Harleen G,Default Online Ordering,,,Lunch,DoorDash - Takeout,,15.60,0.00,0.00,15.60,0.00,0.00,0.00,NONE,,,,,,,CAPTURED,Other,,,DoorDash,,4084206084,,,,9YM9HXHXP9WFx,API,,
Cupertino,600000034598426654,600000034596998970,54,1/12/25 1:44 PM,1/12/25 1:11 PM,600000034596998969,54,,Yafang Chen,B8,Dining Room,Lunch,Dine In,,69.39,13.88,0.00,83.27,83.27,0.00,0.00,NONE,,,,,,,AUTHORIZED,Credit,,Amex,,,,1001,,,wgYNknwdPHwcd,In Store,,
Cupertino,600000034598621883,600000034596666454,52,1/12/25 1:49 PM,1/12/25 1:05 PM,600000034596666404,52,,Default Online Ordering,A1,Dining Room,Lunch,Dine In,,49.04,7.36,0.00,56.40,56.40,0.00,0.00,NONE,,,,,,,AUTHORIZED,Credit,,Mastercard,,,,9120,,,Jqc9myqKbYmhF,In Store,,
Cupertino,600000034598673649,600000034598667735,72,1/12/25 1:50 PM,1/12/25 1:49 PM,600000034598667734,72,,Yafang Chen,,,Lunch,Take Out,,34.81,5.22,0.00,40.03,40.03,0.00,0.00,NONE,,,,,,,AUTHORIZED,Credit,,Visa,,,,9186,,,MxpWK9X7ppFrH,In Store,,
Cupertino,600000034599076291,600000034599229064,78,1/12/25 2:05 PM,1/12/25 2:05 PM,600000034599196966,78,SF 838f8f8e PickUp-Reece N,Default Online Ordering,,,Lunch,DoorDash - Takeout,,71.26,6.53,0.00,77.79,0.00,0.00,0.00,NONE,,,,,,,CAPTURED,Other,,,DoorDash,,4088063389,,,,PPqzFhpkRLk9q,API,,
Cupertino,600000034599084581,600000034597103958,57,1/12/25 1:59 PM,1/12/25 1:15 PM,600000034597029361,57,,Default Online Ordering,B2,Dining Room,Lunch,Dine In,,31.29,5.63,0.00,36.92,36.92,0.00,0.00,NONE,,,,,,,AUTHORIZED,Credit,,Visa,,,,3569,,,LzKXncgkzxqq9,In Store,,
Cupertino,600000034599096673,600000034597103958,57,1/12/25 2:00 PM,1/12/25 1:15 PM,600000034597029361,57,,Default Online Ordering,B2,Dining Room,Lunch,Dine In,,31.29,4.69,0.00,35.98,35.98,0.00,0.00,NONE,,,,,,,AUTHORIZED,Credit,,Discover,,,,1414,,,YWFgRK9mHnRwr,In Store,,
Cupertino,600000034599109173,600000034599239961,77,1/12/25 2:04 PM,1/12/25 2:04 PM,600000034599167719,77,DD f950680d PickUp-Kathleen D,Default Online Ordering,,,Lunch,DoorDash - Takeout,,61.82,0.00,0.00,61.82,0.00,0.00,0.00,NONE,,,,,,,CAPTURED,Other,,,DoorDash,,8552228111,,,,gLJf7cNqb7YRK,API,,
Cupertino,600000034599149546,600000034597484575,58,1/12/25 2:01 PM,1/12/25 1:22 PM,600000034597484573,58,,Yafang Chen,B1,Dining Room,Lunch,Dine In,,89.38,19.66,0.00,109.04,109.04,0.00,0.00,NONE,,,,,,,AUTHORIZED,Credit,,Visa,,,,3242,,,qjjXmHbyqTX97,In Store,,
Cupertino,600000034599151532,600000034599151637,79,1/12/25 2:07 PM,1/12/25 2:07 PM,600000034599128189,79,SF f624b6be PickUp-Amit A,Default Online Ordering,,,Lunch,DoorDash - Takeout,,23.41,2.14,0.00,25.55,0.00,0.00,0.00,NONE,,,,,,,CAPTURED,Other,,,DoorDash,,6692249902,,,,xcnTRgnHYJNXH,API,,
Cupertino,600000034599434435,600000034598551812,70,1/12/25 2:07 PM,1/12/25 1:49 PM,600000034598528865,70,,Default Online Ordering,A3,Dining Room,Lunch,Dine In,,39.95,4.00,0.00,43.95,43.95,0.00,0.00,NONE,,,,,,,AUTHORIZED,Credit,,Visa,,,,0238,,,YPxwKpysfHY9L,In Store,,
Cupertino,600000034599467668,600000034598114754,64,1/12/25 2:08 PM,1/12/25 1:37 PM,600000034598075211,64,,Default Online Ordering,B4,Dining Room,Lunch,Dine In,,55.05,0.00,0.00,55.05,55.05,0.00,0.00,NONE,,,,,,,AUTHORIZED,Credit,,Mastercard,,,,9661,,,yCqxFnwLwzsjb,In Store,,
Cupertino,600000034599792944,600000034598423968,73,1/12/25 2:15 PM,1/12/25 1:50 PM,600000034598410071,73,,Default Online Ordering,B5,Dining Room,Lunch,Dine In,,54.72,8.21,0.00,62.93,0.00,0.00,0.00,NONE,,,,,,,AUTHORIZED,Credit,,Visa,,,,9984,,,W7gJfsPychmNs,In Store,,
Cupertino,600000034599817287,600000034597834613,61,1/12/25 2:15 PM,1/12/25 1:33 PM,600000034597825064,61,,Default Online Ordering,B6,Dining Room,Lunch,Dine In,,34.92,5.24,0.00,40.16,40.16,0.00,0.00,NONE,,,,,,,AUTHORIZED,Credit,,Mastercard,,,,9741,,,7Np7kycHz9mx9,In Store,,
Cupertino,600000034599892200,600000034597673488,63,1/12/25 2:17 PM,1/12/25 1:35 PM,600000034597673438,63,,Default Online Ordering,A4,Dining Room,Lunch,Dine In,,70.61,10.59,0.00,81.20,81.20,0.00,0.00,NONE,,,,,,,AUTHORIZED,Credit,,Visa,,,,3576,,,wTKFFr7Mdrkpg,In Store,,
Cupertino,600000034600133347,600000034600572955,90,1/12/25 2:33 PM,1/12/25 2:33 PM,600000034600572905,90,SF e0c9714c PickUp-Rachel N,Default Online Ordering,,,Lunch,DoorDash - Takeout,,12.11,0.00,0.00,12.11,0.00,0.00,0.00,NONE,,,,,,,CAPTURED,Other,,,DoorDash,,9155033764,,,,sRCckPRtXcjJt,API,,
Cupertino,600000034600413610,600000034600244535,89,1/12/25 2:30 PM,1/12/25 2:30 PM,600000034600176140,89,DD 50a7644b PickUp-Eina E,Default Online Ordering,,,Lunch,DoorDash - Takeout,,34.81,3.48,0.00,38.29,0.00,0.00,0.00,NONE,,,,,,,CAPTURED,Other,,,DoorDash,,8552228111,,,,KxyxYJzCYyYds,API,,
Cupertino,600000034600595079,600000034598956448,76,1/12/25 2:32 PM,1/12/25 1:56 PM,600000034598956447,76,,Yafang Chen,A5,Dining Room,Lunch,Dine In,,71.70,12.91,0.00,84.61,84.61,0.00,0.00,NONE,,,,,,,AUTHORIZED,Credit,,Visa,,,,7369,,,Wby7HnfPM9qfr,In Store,,
Cupertino,600000034600691938,600000034597919979,65,1/12/25 2:34 PM,1/12/25 1:39 PM,600000034597889131,65,,Default Online Ordering,A2,Dining Room,Lunch,Dine In,,30.55,4.58,0.00,35.13,35.13,0.00,0.00,NONE,,,,,,,AUTHORIZED,Credit,,Visa,,,,9210,,,NXTJqcbXLK9Lb,In Store,,
Cupertino,600000034600709131,600000034597867789,66,1/12/25 2:35 PM,1/12/25 1:40 PM,600000034597867739,66,,Default Online Ordering,A2,Dining Room,Lunch,Dine In,,29.35,4.40,0.00,33.75,33.75,0.00,0.00,NONE,,,,,,,AUTHORIZED,Credit,,Mastercard,,,,2886,,,mmbmzFsbKhzJm,In Store,,
Cupertino,600000034600743366,600000034599582559,81,1/12/25 2:35 PM,1/12/25 2:10 PM,600000034599589153,82,,andres valencia,A6,Dining Room,Lunch,Dine In,,22.05,4.41,0.00,26.46,26.46,0.00,0.00,NONE,,,,,,,AUTHORIZED,Credit,,Visa,,robertha_abreu@hotmail.com,,1167,,,hsXhfKhgtKFRT,In Store,,
Cupertino,600000034600786571,600000034599582559,81,1/12/25 2:36 PM,1/12/25 2:10 PM,600000034599582557,81,,andres valencia,A6,Dining Room,Lunch,Dine In,,19.91,3.98,0.00,23.89,23.89,0.00,0.00,NONE,,,,,,,AUTHORIZED,Credit,,Visa,,clairedc1@gmail.com,,4920,,,sT9pqfMXrjTbc,In Store,,
Cupertino,600000034600946868,600000034599509470,83,1/12/25 2:40 PM,1/12/25 2:12 PM,600000034599476723,83,,Default Online Ordering,B2,Dining Room,Lunch,Dine In,,26.95,4.04,0.00,30.99,30.99,0.00,0.00,NONE,,,,,,,AUTHORIZED,Credit,,Visa,,,,4118,,,sYP9cbXqTYRCq,In Store,,
Cupertino,600000034600961234,600000034600959734,94,1/12/25 2:46 PM,1/12/25 2:46 PM,600000034600959684,94,SF 643b2f3c PickUp-Josselin L,Default Online Ordering,,,Lunch,DoorDash - Takeout,,23.41,0.00,0.00,23.41,0.00,0.00,0.00,NONE,,,,,,,CAPTURED,Other,,,DoorDash,,5104720304,,,,w7znsMgwfc7wk,API,,
Cupertino,600000034601102991,600000034598279502,67,1/12/25 2:43 PM,1/12/25 1:42 PM,600000034598260956,67,,Default Online Ordering,A7,Dining Room,Lunch,Dine In,,48.61,7.39,0.00,56.00,56.00,0.00,0.00,NONE,,,,,,,AUTHORIZED,Credit,,Visa,,,,8735,,,tfxpMrgfjnqKH,In Store,,
Cupertino,600000034601180541,600000034601131748,101,1/12/25 2:55 PM,1/12/25 2:55 PM,600000034601603005,101,DD f1cac74f Kiran P,Default Online Ordering,,,Lunch,DoorDash - Delivery,,30.39,0.00,0.00,30.39,0.00,0.00,0.00,NONE,,,,,,,CAPTURED,Other,,,DoorDash,,8552228111,,,,kJWhYCcTTKk9R,API,,
Cupertino,600000034601247008,600000034600080852,87,1/12/25 2:46 PM,1/12/25 2:22 PM,600000034600052805,87,,Default Online Ordering,B3,Dining Room,Lunch,Dine In,,18.55,3.34,0.00,21.89,21.89,0.00,0.00,NONE,,,,,,,AUTHORIZED,Credit,,Amex,,,,6863,,,FndqjMtmJfqKy,In Store,,
Cupertino,600000034601312384,600000034599526481,84,1/12/25 2:48 PM,1/12/25 2:18 PM,600000034599526431,84,,Default Online Ordering,A3,Dining Room,Lunch,Dine In,,36.12,6.50,0.00,42.62,42.62,0.00,0.00,NONE,,,,,,,AUTHORIZED,Credit,,Visa,,,,2416,,,fgMRL7jLHR7pq,In Store,,
Cupertino,600000034601375741,600000034599866364,85,1/12/25 2:49 PM,1/12/25 2:19 PM,600000034599821421,85,,Default Online Ordering,A1,Dining Room,Lunch,Dine In,,36.33,3.00,0.00,39.33,39.33,0.00,0.00,NONE,,,,,,,AUTHORIZED,Credit,,Visa,,,,2458,,,MXry7LPnTLyYc,In Store,,
Cupertino,600000034601460953,600000034599849281,86,1/12/25 2:51 PM,1/12/25 2:21 PM,600000034599809635,86,,Default Online Ordering,B1,Dining Room,Lunch,Dine In,,29.95,4.49,0.00,34.44,34.44,0.00,0.00,NONE,,,,,,,AUTHORIZED,Credit,,Amex,,,,8718,,,TTckHF9jcXCrp,In Store,,
Cupertino,600000034601816648,600000034600760825,92,1/12/25 2:59 PM,1/12/25 2:36 PM,600000034600760824,92,,xiaoli zheng,B4,Dining Room,Lunch,Dine In,,22.91,3.44,0.00,26.35,26.35,0.00,0.00,NONE,,,,,,,AUTHORIZED,Credit,,Amex,,,,1006,,,MgjKW9YxTMJjb,In Store,,
Cupertino,600000034602020358,600000034599866381,88,1/12/25 3:03 PM,1/12/25 2:22 PM,600000034599821438,88,,Default Online Ordering,B7,Dining Room,Lunch,Dine In,,75.57,16.63,0.00,92.20,92.20,0.00,0.00,NONE,,,,,,,AUTHORIZED,Credit,,Visa,,,,9288,,,zNxKd7tWRmnNP,In Store,,
Cupertino,600000034602437817,600000034601131742,100,1/12/25 3:12 PM,1/12/25 2:54 PM,600000034601085799,100,,Default Online Ordering,B2,Dining Room,Lunch,Dine In,,26.79,4.02,0.00,30.81,30.81,0.00,0.00,NONE,,,,,,,AUTHORIZED,Credit,,Mastercard,,,,0355,,,w9rnMgcPKRbNj,In Store,,
Cupertino,600000034602493100,600000034600737199,95,1/12/25 3:13 PM,1/12/25 2:46 PM,600000034600737149,95,,Default Online Ordering,A6,Dining Room,Lunch,Dine In,,52.70,7.90,0.00,60.60,60.60,0.00,0.00,NONE,,,,,,,AUTHORIZED,Credit,,Visa,,,,1666,,,bxNLjkxcrFfWT,In Store,,
Cupertino,600000034602533562,600000034602440425,106,1/12/25 3:17 PM,1/12/25 3:17 PM,600000034602433426,106,DD 5733d299 Edward Z,Default Online Ordering,,,Lunch,DoorDash - Delivery,,14.79,0.00,0.00,14.79,0.00,0.00,0.00,NONE,,,,,,,CAPTURED,Other,,,DoorDash,,8552228111,,,,txPjpPYFt9gcJ,API,,
Cupertino,600000034602664352,600000034601195372,99,1/12/25 3:16 PM,1/12/25 2:50 PM,600000034601072488,99,,Default Online Ordering,B8,Dining Room,Lunch,Dine In,,37.11,8.16,0.00,45.27,45.27,0.00,0.00,NONE,,,,,,,AUTHORIZED,Credit,,Visa,,,,4081,,,gqrcjMf7yPctT,In Store,,
Cupertino,600000034602827091,600000034601265412,96,1/12/25 3:20 PM,1/12/25 2:48 PM,600000034601265362,96,,Default Online Ordering,A5,Dining Room,Lunch,Dine In,,20.62,3.09,0.00,23.71,23.71,0.00,0.00,NONE,,,,,,,AUTHORIZED,Credit,,Mastercard,,,,9006,,,qPb7scjPJzXpN,In Store,,
Cupertino,600000034602846749,600000034601089490,97,1/12/25 3:20 PM,1/12/25 2:49 PM,600000034601072642,97,,Default Online Ordering,A5,Dining Room,Lunch,Dine In,,43.60,6.54,0.00,50.14,50.14,0.00,0.00,NONE,,,,,,,AUTHORIZED,Credit,,Discover,,,,4136,,,xCjLs9HsFFqzw,In Store,,
Cupertino,600000034602866387,600000034601142221,98,1/12/25 3:20 PM,1/12/25 2:49 PM,600000034601130122,98,,Default Online Ordering,A5,Dining Room,Lunch,Dine In,,36.55,5.48,0.00,42.03,42.03,0.00,0.00,NONE,,,,,,,AUTHORIZED,Credit,,Discover,,,,7517,,,XpggKMCNw7JW7,In Store,,
Cupertino,600000034602927644,600000034601641345,103,1/12/25 3:22 PM,1/12/25 3:01 PM,600000034601641295,103,,Default Online Ordering,B3,Dining Room,Lunch,Dine In,,42.61,7.67,0.00,50.28,50.28,0.00,0.00,NONE,,,,,,,AUTHORIZED,Credit,,Mastercard,,,,3219,,,twsPs7ndKkkXX,In Store,,
Cupertino,600000034602986179,600000034601735821,102,1/12/25 3:23 PM,1/12/25 3:01 PM,600000034601693025,102,,Default Online Ordering,A3,Dining Room,Lunch,Dine In,,44.68,6.70,0.00,51.38,51.38,0.00,0.00,NONE,,,,,,,AUTHORIZED,Credit,,Discover,,,,5576,,,xpwTjyCmpkbKx,In Store,,
Cupertino,600000034603048693,600000034600351395,91,1/12/25 3:24 PM,1/12/25 2:35 PM,600000034600338697,91,,Default Online Ordering,A4,Dining Room,Lunch,Dine In,,33.49,6.70,0.00,40.19,40.19,0.00,0.00,NONE,,,,,,,AUTHORIZED,Credit,,Visa,,stephanielee@gmail.com,,4062,,,pNNPcPMWYmgqY,In Store,,
Cupertino,600000034603362713,600000034602496803,105,1/12/25 3:31 PM,1/12/25 3:14 PM,600000034602371919,105,,Default Online Ordering,B4,Dining Room,Lunch,Dine In,,18.55,2.78,0.00,21.33,21.33,0.00,0.00,NONE,,,,,,,AUTHORIZED,Credit,,Visa,,,,7803,,,CRXbjPPnxzjpT,In Store,,
Cupertino,600000034603900208,600000034600836063,93,1/12/25 3:42 PM,1/12/25 2:37 PM,600000034600836062,93,,xiaoli zheng,A2,Dining Room,Lunch,Dine In,,56.86,10.23,0.00,67.09,0.00,0.00,0.00,NONE,,,,,,,AUTHORIZED,Credit,,Visa,,,,2680,,,d7fHkbrKhyHgd,In Store,,
Cupertino,600000034604039731,600000034604250010,114,1/12/25 3:52 PM,1/12/25 3:52 PM,600000034604202814,114,DD 4ef6b721 Allen L,Default Online Ordering,,,Lunch,DoorDash - Delivery,,53.29,0.00,0.00,53.29,0.00,0.00,0.00,NONE,,,,,,,CAPTURED,Other,,,DoorDash,,8552228111,,,,WRWcn9fsrqWsY,API,,
Cupertino,600000034604333441,600000034602052191,104,1/12/25 3:51 PM,1/12/25 3:12 PM,600000034602048592,104,,Default Online Ordering,A1,Dining Room,Lunch,Dine In,,49.53,0.00,0.00,49.53,0.00,0.00,0.00,NONE,,,,,,,AUTHORIZED,Credit,,Visa,,,,8970,,,NLfcFhMyrsfCY,In Store,,
Cupertino,600000034604405751,600000034603050371,107,1/12/25 3:53 PM,1/12/25 3:29 PM,600000034603035525,107,,Default Online Ordering,A6,Dining Room,Lunch,Dine In,,24.06,3.61,0.00,27.67,27.67,0.00,0.00,NONE,,,,,,,AUTHORIZED,Credit,,Visa,,,,6868,,,nsmyhdkbWFLJb,In Store,,
Cupertino,600000034605110222,600000034603785135,111,1/12/25 4:08 PM,1/12/25 3:48 PM,600000034603770536,111,,Default Online Ordering,B1,Dining Room,Lunch,Dine In,,18.77,3.38,0.00,22.15,22.15,0.00,0.00,NONE,,,,,,,AUTHORIZED,Credit,,Visa,,,,7306,,,Tj9HYYpx9xybx,In Store,,
Cupertino,600000034605412605,600000034605312616,116,1/12/25 4:17 PM,1/12/25 4:17 PM,600000034605256774,116,DD 76c35562 PickUp-Phoenix M,Default Online Ordering,,,Dinner,DoorDash - Takeout,,41.41,4.04,0.00,45.45,0.00,0.00,0.00,NONE,,,,,,,CAPTURED,Other,,,DoorDash,,8552228111,,,,tCNjyyJbywqtX,API,,
Cupertino,600000034605505144,600000034603509904,108,1/12/25 4:17 PM,1/12/25 3:32 PM,600000034603508389,108,,andres valencia,B6,Dining Room,Lunch,Dine In,,69.44,10.42,0.00,79.86,79.86,0.00,0.00,NONE,,,,,,,AUTHORIZED,Credit,,Visa,,,,9504,,,mX9sfLLCwyggc,In Store,,
Cupertino,600000034605809955,600000034604159565,113,1/12/25 4:24 PM,1/12/25 3:50 PM,600000034604152216,113,,Default Online Ordering,A3,Dining Room,Lunch,Dine In,,45.89,6.88,0.00,52.77,52.77,0.00,0.00,NONE,,,,,,,AUTHORIZED,Credit,,Mastercard,,,,2076,,,nYss9csdztnsn,In Store,,
Cupertino,600000034606260282,600000034604065504,110,1/12/25 4:35 PM,1/12/25 3:47 PM,600000034604060557,110,,Default Online Ordering,A4,Dining Room,Lunch,Dine In,,36.83,0.00,0.00,36.83,36.83,0.00,0.00,NONE,,,,,,,AUTHORIZED,Credit,,Mastercard,,,,1764,,,TdsFkJLjwwTHg,In Store,,
Cupertino,600000034606277654,600000034603992926,112,1/12/25 4:36 PM,1/12/25 3:48 PM,600000034603978728,112,,Default Online Ordering,A4,Dining Room,Lunch,Dine In,,25.81,3.87,0.00,29.68,29.68,0.00,0.00,NONE,,,,,,,AUTHORIZED,Credit,,Amex,,,,7719,,,HfLjNsRN9sK7n,In Store,,
Cupertino,600000034606294133,600000034604419617,115,1/12/25 4:36 PM,1/12/25 3:57 PM,600000034604410319,115,,Default Online Ordering,A4,Dining Room,Lunch,Dine In,,16.26,2.44,0.00,18.70,18.70,0.00,0.00,NONE,,,,,,,AUTHORIZED,Credit,,Mastercard,,,,5358,,,9HgLqHbKYJfhd,In Store,,
Cupertino,600000034606361414,600000034606327068,119,1/12/25 4:40 PM,1/12/25 4:40 PM,600000034606327018,119,DD 5b522735 Rayah G,Default Online Ordering,,,Dinner,DoorDash - Delivery,,27.77,0.00,0.00,27.77,0.00,0.00,0.00,NONE,,,,,,,CAPTURED,Other,,,DoorDash,,8552228111,,,,HtjMXXythc9P9,API,,
Cupertino,600000034606618629,600000034603823529,109,1/12/25 4:44 PM,1/12/25 3:40 PM,600000034603823528,109,,ARIANA PEDROZA,B5,Dining Room,Lunch,Dine In,,34.15,5.12,0.00,39.27,39.27,0.00,0.00,NONE,,,,,,,AUTHORIZED,Credit,,Visa,,,,9299,,,LqNLPTR9snRmy,In Store,,
Cupertino,600000034607491269,600000034607486426,121,1/12/25 5:06 PM,1/12/25 5:03 PM,600000034607486425,121,,zhengyu chen,,,Dinner,Take Out,,73.44,11.02,0.00,84.46,84.46,0.00,0.00,NONE,,,,,,,AUTHORIZED,Credit,,Visa,,,,7350,,,XbqrpRjqbyFPL,In Store,,
Cupertino,600000034607595985,600000034606300659,118,1/12/25 5:09 PM,1/12/25 4:39 PM,600000034606227762,118,,Default Online Ordering,B2,Dining Room,Dinner,Dine In,,115.28,0.00,0.00,115.28,115.28,0.00,0.00,NONE,,,,,,,AUTHORIZED,Credit,,Visa,,,,9161,,,xjYwm7gMJtCFL,In Store,,
Cupertino,600000034608021859,600000034608009661,132,1/12/25 5:23 PM,1/12/25 5:23 PM,600000034607993713,132,SF 703bf5f5 PickUp-Shikha M,Default Online Ordering,,,Dinner,DoorDash - Takeout,,61.55,0.00,0.00,61.55,0.00,0.00,0.00,NONE,,,,,,,CAPTURED,Other,,,DoorDash,,6507968364,,,,gpRwh9fckwfdn,API,,
Cupertino,600000034608021873,600000034608009675,134,1/12/25 5:26 PM,1/12/25 5:26 PM,600000034607993727,134,DD 12357a5f Mariko N,Default Online Ordering,,,Dinner,DoorDash - Delivery,,70.42,0.00,0.00,70.42,0.00,0.00,0.00,NONE,,,,,,,CAPTURED,Other,,,DoorDash,,8552228111,,,,TtdyH7kmLFcw9,API,,
Cupertino,600000034608038818,600000034608022528,130,1/12/25 5:21 PM,1/12/25 5:21 PM,600000034608022527,130,,Jaylan Penney,,,Dinner,Dine In,,6.00,0.00,0.00,6.00,6.00,0.00,0.00,NONE,,,,,,,AUTHORIZED,Credit,,Visa,,,,7350,,,xMTWcrwTrMsWL,In Store,,
Cupertino,600000034608053733,600000034607943989,136,1/12/25 5:31 PM,1/12/25 5:31 PM,600000034607912840,136,SF 9960220a PickUp-Jason C,Default Online Ordering,,,Dinner,DoorDash - Takeout,,81.95,0.00,0.00,81.95,0.00,0.00,0.00,NONE,,,,,,,CAPTURED,Other,,,DoorDash,,5304007889,,,,Fj7HXcLbJwYMs,API,,
Cupertino,600000034608235940,600000034606625933,120,1/12/25 5:27 PM,1/12/25 4:53 PM,600000034606605487,120,,Default Online Ordering,A4,Dining Room,Dinner,Dine In,,69.12,10.37,0.00,79.49,79.49,0.00,0.00,NONE,,,,,,,DENIED,Credit,,Visa,,,,3712,,,nyYzPpd9XscwW,In Store,,
Cupertino,600000034608250889,600000034606625933,120,1/12/25 5:27 PM,1/12/25 4:53 PM,600000034606605487,120,,Default Online Ordering,A4,Dining Room,Dinner,Dine In,,69.12,10.37,0.00,79.49,79.49,0.00,0.00,NONE,,,,,,,AUTHORIZED,Credit,,Mastercard,,,,5296,,,KPzT7hkcTPdXf,In Store,,
Cupertino,600000034608368525,600000034607432909,125,1/12/25 5:31 PM,1/12/25 5:08 PM,600000034607284875,125,,Default Online Ordering,A7,Dining Room,Dinner,Dine In,,30.55,5.50,0.00,36.05,36.05,0.00,0.00,NONE,,,,,,,AUTHORIZED,Credit,,Visa,,,,2982,,,ptNmzwChFJRKq,In Store,,
Cupertino,600000034608419801,600000034608243768,137,1/12/25 5:33 PM,1/12/25 5:33 PM,600000034608243718,137,SF 35c57bd0 PickUp-Kelly C,Default Online Ordering,,,Dinner,DoorDash - Takeout,,85.23,7.81,0.00,93.04,0.00,0.00,0.00,NONE,,,,,,,CAPTURED,Other,,,DoorDash,,5109280364,,,,wLJKqJNkjpCCr,API,,
Cupertino,600000034608483582,600000034607619923,127,1/12/25 5:34 PM,1/12/25 5:13 PM,600000034607557728,127,,Default Online Ordering,A2,Dining Room,Dinner,Dine In,,20.95,3.14,0.00,24.09,24.09,0.00,0.00,NONE,,,,,,,AUTHORIZED,Credit,,Amex,,ryanterani@yahoo.com,,3009,,,FfWLtCWfcgbxF,In Store,,
Cupertino,600000034608559028,600000034608541781,143,1/12/25 5:44 PM,1/12/25 5:44 PM,600000034608474585,143,DD 2be1bf57 Sarah S,Default Online Ordering,,,Dinner,DoorDash - Delivery,,83.41,0.00,0.00,83.41,0.00,0.00,0.00,NONE,,,,,,,CAPTURED,Other,,,DoorDash,,8552228111,,,,PWsXkKbtbfRmW,API,,
Cupertino,600000034608795191,600000034607391865,122,1/12/25 5:43 PM,1/12/25 5:03 PM,600000034607391864,122,,Jaylan Penney,A5,Dining Room,Dinner,Dine In,,39.72,7.15,0.00,46.87,46.87,0.00,0.00,NONE,,,,,,,AUTHORIZED,Credit,,Visa,,,,5838,,,xMXtrJmdfwKyj,In Store,,
Cupertino,600000034608861099,600000034607807083,128,1/12/25 5:45 PM,1/12/25 5:15 PM,600000034607807082,128,Jennie Lee,Jaylan Penney,A6,Dining Room,Dinner,Dine In,,67.66,11.03,0.00,78.69,78.69,0.00,0.00,NONE,,,,,,,AUTHORIZED,Credit,,Visa,,,,7956,,,qbghjkLKmcFnw,In Store,,
Cupertino,600000034608992090,600000034609242308,154,1/12/25 6:01 PM,1/12/25 6:01 PM,600000034609242258,154,DD de7879f5 Samantha C,Default Online Ordering,,,Dinner,DoorDash - Delivery,,18.77,0.00,0.00,18.77,0.00,0.00,0.00,NONE,,,,,,,CAPTURED,Other,,,DoorDash,,8552228111,,,,MmTWjNxRJTXTt,API,,
Cupertino,600000034608994121,600000034607501774,123,1/12/25 5:50 PM,1/12/25 5:07 PM,600000034607501773,123,,Jaylan Penney,A3,Dining Room,Dinner,Dine In,,10.86,1.63,0.00,12.49,12.49,0.00,0.00,NONE,,,,,,,AUTHORIZED,Credit,,Visa,,,,1058,,,brfkHgWtYJczk,In Store,,
Cupertino,600000034609077842,600000034607518813,126,1/12/25 5:52 PM,1/12/25 5:12 PM,600000034607474116,126,,Default Online Ordering,B6,Dining Room,Dinner,Dine In,,106.82,21.36,0.00,128.18,128.18,0.00,0.00,NONE,,,,,,,AUTHORIZED,Credit,,Visa,,,,2612,,,sfbjjjqysYnjw,In Store,,
Cupertino,600000034609170499,600000034609167944,150,1/12/25 5:56 PM,1/12/25 5:55 PM,600000034609167943,150,,Yafang Chen,,,Dinner,Take Out,,10.09,0.00,0.00,10.09,10.09,0.00,0.00,NONE,,,,,,,AUTHORIZED,Credit,,Visa,,,,9357,,,p9LnPxgTchkPk,In Store,,
Cupertino,600000034609264476,600000034608627902,140,1/12/25 5:59 PM,1/12/25 5:38 PM,600000034608627901,140,Kally,zhengyu chen,,,Dinner,Take Out,,7.58,1.14,0.00,8.72,8.72,0.00,0.00,NONE,,,,,,,AUTHORIZED,Credit,,Visa,,,,8058,,,xswYcsLycjnpN,In Store,,
Cupertino,600000034609303212,600000034607745421,129,1/12/25 6:00 PM,1/12/25 5:19 PM,600000034607741672,129,,Default Online Ordering,A1,Dining Room,Dinner,Dine In,,22.18,3.33,0.00,25.51,25.51,0.00,0.00,NONE,,,,,,,AUTHORIZED,Credit,,Visa,,,,7749,,,HgRzJcdgxFKKL,In Store,,
Cupertino,600000034609308369,600000034607745421,129,1/12/25 6:00 PM,1/12/25 5:19 PM,600000034607741672,129,,Default Online Ordering,A1,Dining Room,Dinner,Dine In,,22.17,3.33,0.00,25.50,25.50,0.00,0.00,NONE,,,,,,,AUTHORIZED,Credit,,Visa,,,,7110,,,FnCgnxrcjXghw,In Store,,
Cupertino,600000034609342672,600000034608073232,135,1/12/25 6:01 PM,1/12/25 5:30 PM,600000034608052086,135,,Default Online Ordering,B4,Dining Room,Dinner,Dine In,,31.21,3.00,0.00,34.21,34.21,0.00,0.00,NONE,,,,,,,AUTHORIZED,Credit,,Visa,,,,5741,,,xqHMJdRqzjFg7,In Store,,
Cupertino,600000034609380585,600000034609366737,156,1/12/25 6:13 PM,1/12/25 6:13 PM,600000034609306491,156,SF 2290a657 PickUp-Abhishek S,Default Online Ordering,,,Dinner,DoorDash - Takeout,,15.60,0.00,0.00,15.60,0.00,0.00,0.00,NONE,,,,,,,CAPTURED,Other,,,DoorDash,,3103579359,,,,hbtnRCknHswJx,API,,
Cupertino,600000034609547139,600000034608652988,148,1/12/25 6:08 PM,1/12/25 5:46 PM,600000034608645939,148,,Default Online Ordering,B3,Dining Room,Dinner,Dine In,,31.43,4.71,0.00,36.14,36.14,0.00,0.00,NONE,,,,,,,AUTHORIZED,Credit,,Visa,,,,5573,,,ssPXCcNzYspPj,In Store,,
Cupertino,600000034609579428,600000034608239732,138,1/12/25 6:10 PM,1/12/25 5:36 PM,600000034608210535,138,,Default Online Ordering,B1,Dining Room,Dinner,Dine In,,144.53,21.68,0.00,166.21,166.21,0.00,0.00,NONE,,,,,,,AUTHORIZED,Credit,,Amex,,,,2007,,,NnyrkFHYTmpm7,In Store,,
Cupertino,600000034609597323,600000034608842476,144,1/12/25 6:10 PM,1/12/25 5:44 PM,600000034608842475,144,,Jaylan Penney,B2,Dining Room,Dinner,Dine In,,69.29,12.47,0.00,81.76,81.76,0.00,0.00,NONE,,,,,,,AUTHORIZED,Credit,,Visa,,,,1809,,,JhgcJpMqwc9Kg,In Store,,
Cupertino,600000034609674971,600000034609730713,161,1/12/25 6:19 PM,1/12/25 6:19 PM,600000034609707466,161,DD a1453af7 James W,Default Online Ordering,,,Dinner,DoorDash - Delivery,,90.17,0.00,0.00,90.17,0.00,0.00,0.00,NONE,,,,,,,CAPTURED,Other,,,DoorDash,,8552228111,,,,FyFkqdPsxjhC9,API,,
Cupertino,600000034609742559,600000034608688712,145,1/12/25 6:15 PM,1/12/25 5:45 PM,600000034608678913,145,Amy Hsiao,Default Online Ordering,A4,Dining Room,Dinner,Dine In,,53.85,8.86,0.00,62.71,0.00,0.00,0.00,NONE,,,,,,,AUTHORIZED,Credit,,Visa,,,,9794,,,XCYLyYLMCywXr,In Store,,
Cupertino,600000034609820069,600000034608641126,142,1/12/25 6:18 PM,1/12/25 5:39 PM,600000034608641125,142,,Yafang Chen,B8,Dining Room,Dinner,Dine In,,57.07,8.56,0.00,65.63,65.63,0.00,0.00,NONE,,,,,,,AUTHORIZED,Credit,,Mastercard,,,,9514,,,mxFWpfWttHPWb,In Store,,
Cupertino,600000034609950915,600000034608708491,149,1/12/25 6:23 PM,1/12/25 5:50 PM,600000034608697893,149,,Default Online Ordering,A2,Dining Room,Dinner,Dine In,,65.91,6.00,0.00,71.91,71.91,0.00,0.00,NONE,,,,,,,AUTHORIZED,Credit,,Amex,,,,1001,,,dNNfsLXtjfNnf,In Store,,
Cupertino,600000034610022642,600000034610018082,162,1/12/25 6:26 PM,1/12/25 6:22 PM,600000034610018080,162,,Yafang Chen,,,Dinner,Take Out,,29.03,4.35,0.00,33.38,33.38,0.00,0.00,NONE,,,,,,,AUTHORIZED,Credit,,Visa,,,,2982,,,KcrMMyFcpMrFt,In Store,,
Cupertino,600000034610052927,600000034608935825,151,1/12/25 6:27 PM,1/12/25 5:55 PM,600000034608931926,151,,Default Online Ordering,A5,Dining Room,Dinner,Dine In,,89.53,13.43,0.00,102.96,102.96,0.00,0.00,NONE,,,,,,,AUTHORIZED,Credit,,Visa,,,,2163,,,bWNdRgLqThzy9,In Store,,
Cupertino,600000034610064903,600000034608988029,153,1/12/25 6:28 PM,1/12/25 5:58 PM,600000034608981330,153,,Default Online Ordering,A3,Dining Room,Dinner,Dine In,,20.43,3.06,0.00,23.49,23.49,0.00,0.00,NONE,,,,,,,AUTHORIZED,Credit,,Visa,,,,6126,,,b7bfHRnbbfFfx,In Store,,
Cupertino,600000034610069246,600000034608988029,153,1/12/25 6:28 PM,1/12/25 5:58 PM,600000034608981330,153,,Default Online Ordering,A3,Dining Room,Dinner,Dine In,,20.43,4.09,0.00,24.52,24.52,0.00,0.00,NONE,,,,,,,AUTHORIZED,Credit,,Visa,,,,8376,,,rknjryngNbj7W,In Store,,
Cupertino,600000034610083899,600000034610080761,163,1/12/25 6:29 PM,1/12/25 6:26 PM,600000034610080758,163,,Yafang Chen,,,Dinner,Take Out,,35.80,0.00,0.00,35.80,35.80,0.00,0.00,NONE,,,,,,,AUTHORIZED,Credit,,Amex,,,,6545,,,s7nmzrRsRFPnW,In Store,,
Cupertino,600000034610108805,600000034609725981,157,1/12/25 6:30 PM,1/12/25 6:13 PM,600000034609725980,157,,zhengyu chen,,,Dinner,Take Out,,54.33,0.00,0.00,54.33,54.33,0.00,0.00,NONE,,,,,,,AUTHORIZED,Credit,,Mastercard,,,408-210-2652,8994,,,xfTY9fc7jNCRL,In Store,,
Cupertino,600000034610330011,600000034609554512,158,1/12/25 6:39 PM,1/12/25 6:14 PM,600000034609542013,158,,Default Online Ordering,A1,Dining Room,Dinner,Dine In,,34.15,6.15,0.00,40.30,40.30,0.00,0.00,NONE,,,,,,,AUTHORIZED,Credit,,Mastercard,,,,9267,,,FsqRHzFrmFTk7,In Store,,
Cupertino,600000034610417559,600000034608393495,146,1/12/25 6:43 PM,1/12/25 5:45 PM,600000034608349897,146,,Default Online Ordering,B7,Dining Room,Dinner,Dine In,,43.54,7.84,0.00,51.38,51.38,0.00,0.00,NONE,,,,,,,AUTHORIZED,Credit,,Visa,,,,3502,,,bXhFwLHKXX7jh,In Store,,
Cupertino,600000034610426981,600000034609998606,164,1/12/25 6:43 PM,1/12/25 6:27 PM,600000034609983757,164,,Default Online Ordering,B1,Dining Room,Dinner,Dine In,,25.47,0.00,0.00,25.47,25.47,0.00,0.00,NONE,,,,,,,AUTHORIZED,Credit,,Discover,,,,7895,,,F9HYjkRRpWW9w,In Store,,
Cupertino,600000034610523716,600000034609780850,160,1/12/25 6:48 PM,1/12/25 6:17 PM,600000034609759853,160,,Default Online Ordering,A7,Dining Room,Dinner,Dine In,,81.90,14.74,0.00,96.64,96.64,0.00,0.00,NONE,,,,,,,AUTHORIZED,Credit,,Visa,,,,5362,,,xdRHd7XMyFxhs,In Store,,
Cupertino,600000034610554554,600000034609595880,155,1/12/25 6:49 PM,1/12/25 6:09 PM,600000034609595879,155,,Jaylan Penney,B6,Dining Room,Dinner,Dine In,,71.95,10.79,0.00,82.74,82.74,0.00,0.00,NONE,,,,,,,AUTHORIZED,Credit,,Visa,,,,6410,,,CTfFXh9hzkmwP,In Store,,
Cupertino,600000034610655346,600000034610151452,167,1/12/25 6:54 PM,1/12/25 6:32 PM,600000034610078612,167,,Default Online Ordering,A2,Dining Room,Dinner,Dine In,,28.75,4.31,0.00,33.06,33.06,0.00,0.00,NONE,,,,,,,AUTHORIZED,Credit,,Visa,,,,5689,,,k9xXLbNcYNnbH,In Store,,
Cupertino,600000034610820500,600000034610488681,180,1/12/25 7:02 PM,1/12/25 7:02 PM,600000034610488631,180,DD c1af3f51 Andrew L,Default Online Ordering,,,Dinner,DoorDash - Delivery,,27.77,0.00,0.00,27.77,0.00,0.00,0.00,NONE,,,,,,,CAPTURED,Other,,,DoorDash,,8552228111,,,,zcsNqLwjssXwh,API,,
Cupertino,600000034610839422,600000034610238602,168,1/12/25 7:03 PM,1/12/25 6:35 PM,600000034610238601,168,,zhengyu chen,B4,Dining Room,Dinner,Dine In,,11.25,0.00,0.00,11.25,11.25,0.00,0.00,NONE,,,,,,,AUTHORIZED,Credit,,Mastercard,,,,9494,,,cFzFJ9bFWMXWw,In Store,,
Cupertino,600000034610847442,600000034610238602,168,1/12/25 7:04 PM,1/12/25 6:35 PM,600000034610238601,168,,zhengyu chen,B4,Dining Room,Dinner,Dine In,,10.95,1.64,0.00,12.59,12.59,0.00,0.00,NONE,,,,,,,AUTHORIZED,Credit,,Mastercard,,,,1762,,,tkgwqJpzNPgRx,In Store,,
Cupertino,600000034610858679,600000034610747597,187,1/12/25 7:20 PM,1/12/25 7:20 PM,600000034611136500,187,DD 5e6f299a Neel H,Default Online Ordering,,,Dinner,DoorDash - Delivery,,30.23,0.00,0.00,30.23,0.00,0.00,0.00,NONE,,,,,,,CAPTURED,Other,,,DoorDash,,8552228111,,,,JmXNFrrYHYyXs,API,,
Cupertino,600000034610906909,600000034610110500,165,1/12/25 7:07 PM,1/12/25 6:29 PM,600000034610108049,165,,zhengyu chen,B5,Dining Room,Dinner,Dine In,,65.96,9.89,0.00,75.85,75.85,0.00,0.00,NONE,,,,,,,AUTHORIZED,Credit,,Visa,,,,7901,,,XXzhmWbwYqMqk,In Store,,
Cupertino,600000034610936820,600000034610388054,172,1/12/25 7:08 PM,1/12/25 6:42 PM,600000034610378257,172,,Default Online Ordering,A3,Dining Room,Dinner,Dine In,,36.83,7.37,0.00,44.20,44.20,0.00,0.00,NONE,,,,,,,AUTHORIZED,Credit,,Visa,,,,9739,,,gPYW9sz9THgTg,In Store,,
Cupertino,600000034610978640,600000034610501551,174,1/12/25 7:11 PM,1/12/25 6:49 PM,600000034610490703,174,,Default Online Ordering,B1,Dining Room,Dinner,Dine In,,41.52,6.23,0.00,47.75,47.75,0.00,0.00,NONE,,,,,,,AUTHORIZED,Credit,,Amex,,,,1037,,,ptW99dyhbwmbN,In Store,,
Cupertino,600000034611142206,600000034609945241,169,1/12/25 7:20 PM,1/12/25 6:37 PM,600000034609889445,169,Justin Tong,Default Online Ordering,A4,Dining Room,Dinner,Dine In,,99.02,16.08,0.00,115.10,115.10,0.00,0.00,NONE,,,,,,,AUTHORIZED,Credit,,Visa,,,,1345,,,sgwcz7znyhxJW,In Store,,
Cupertino,600000034611166735,600000034610313809,171,1/12/25 7:22 PM,1/12/25 6:41 PM,600000034610313759,171,,Default Online Ordering,B3,Dining Room,Dinner,Dine In,,94.76,18.95,0.00,113.71,113.71,0.00,0.00,NONE,,,,,,,AUTHORIZED,Credit,,Visa,,,,1359,,,srNhYYmynqswh,In Store,,
Cupertino,600000034611224420,600000034610011794,170,1/12/25 7:25 PM,1/12/25 6:40 PM,600000034610001196,170,,Default Online Ordering,A5,Dining Room,Dinner,Dine In,,86.25,12.94,0.00,99.19,99.19,0.00,0.00,NONE,,,,,,,AUTHORIZED,Credit,,Visa,,,,1223,,,xJNkTpLXcJWFW,In Store,,
Cupertino,600000034611247325,600000034610555601,175,1/12/25 7:27 PM,1/12/25 6:50 PM,600000034610550453,175,,Default Online Ordering,A1,Dining Room,Dinner,Dine In,,45.67,6.85,0.00,52.52,0.00,0.00,0.00,NONE,,,,,,,AUTHORIZED,Credit,,Visa,,,,5504,,,W7kbwMxrnFqqC,In Store,,
Cupertino,600000034611266885,600000034610480243,173,1/12/25 7:28 PM,1/12/25 6:45 PM,600000034610480241,173,,Jaylan Penney,B2,Dining Room,Dinner,Dine In,,77.91,12.00,0.00,89.91,89.91,0.00,0.00,NONE,,,,,,,AUTHORIZED,Credit,,Mastercard,,,,2651,,,dqxJnqYMHpCKN,In Store,,
Cupertino,600000034611278709,600000034611117771,198,1/12/25 7:33 PM,1/12/25 7:33 PM,600000034611046330,198,SF 77630fed PickUp-Kacey B,Default Online Ordering,,,Dinner,DoorDash - Takeout,,31.86,2.92,0.00,34.78,0.00,0.00,0.00,NONE,,,,,,,CAPTURED,Other,,,DoorDash,,4089604662,,,,YbNTx9PFtdnsP,API,,
Cupertino,600000034611331402,600000034610690164,176,1/12/25 7:32 PM,1/12/25 6:55 PM,600000034610690162,176,,Jaylan Penney,B8,Dining Room,Dinner,Dine In,,71.58,10.74,0.00,82.32,82.32,0.00,0.00,NONE,,,,,,,AUTHORIZED,Credit,,Visa,,,,1411,,,kYhLyXJNt7qNN,In Store,,
Cupertino,600000034611341113,600000034610529878,181,1/12/25 7:33 PM,1/12/25 7:03 PM,600000034610517232,181,,Default Online Ordering,A7,Dining Room,Dinner,Dine In,,134.88,26.98,0.00,161.86,161.86,0.00,0.00,NONE,,,,,,,AUTHORIZED,Credit,,Amex,,,,1004,,,bdTf7fKFqKrnY,In Store,,
Cupertino,600000034611357864,600000034610485428,178,1/12/25 7:34 PM,1/12/25 6:59 PM,600000034610456682,178,Alan Nguyen,Default Online Ordering,A6,Dining Room,Dinner,Dine In,,51.55,5.00,0.00,56.55,56.55,0.00,0.00,NONE,,,,,,,AUTHORIZED,Credit,,Discover,,,+14082183805,8541,,,yCgprjYkRng9W,In Store,,
Cupertino,600000034611365559,600000034611227083,199,1/12/25 7:37 PM,1/12/25 7:37 PM,600000034611181740,199,DD af384e5e Chang X,Default Online Ordering,,,Dinner,DoorDash - Delivery,,19.75,0.00,0.00,19.75,0.00,0.00,0.00,NONE,,,,,,,CAPTURED,Other,,,DoorDash,,8552228111,,,,WjpWtjczxxfwx,API,,
Cupertino,600000034611374454,600000034610447533,177,1/12/25 7:35 PM,1/12/25 6:57 PM,600000034610447483,177,,Default Online Ordering,B7,Dining Room,Dinner,Dine In,,65.26,11.75,0.00,77.01,77.01,0.00,0.00,NONE,,,,,,,AUTHORIZED,Credit,,Visa,,,,4620,,,PTtkhwdWLJXgg,In Store,,
Cupertino,600000034611437706,600000034610447542,179,1/12/25 7:39 PM,1/12/25 6:59 PM,600000034610447492,179,,Default Online Ordering,B6,Dining Room,Dinner,Dine In,,58.93,0.00,0.00,58.93,58.93,0.00,0.00,NONE,,,,,,,AUTHORIZED,Credit,,Visa,,,,0984,,,PjsM9pxbLKLYK,In Store,,
Cupertino,600000034611478087,600000034610770325,182,1/12/25 7:42 PM,1/12/25 7:11 PM,600000034610712528,182,,Default Online Ordering,D1,Dining Room,Dinner,Dine In,,46.26,6.00,0.00,52.26,52.26,0.00,0.00,NONE,,,,,,,AUTHORIZED,Credit,,Visa,,,,8732,,,qfbWFdLqwNnkk,In Store,,
Cupertino,600000034611497618,600000034611540808,204,1/12/25 7:51 PM,1/12/25 7:51 PM,600000034611524111,204,DD ba40710d Raghav K,Default Online Ordering,,,Dinner,DoorDash - Delivery,,21.17,0.00,0.00,21.17,0.00,0.00,0.00,NONE,,,,,,,CAPTURED,Other,,,DoorDash,,8552228111,,,,HRnmPkLnMTMKM,API,,
Cupertino,600000034611608746,600000034611671581,209,1/12/25 8:20 PM,1/12/25 8:20 PM,600000034611657183,209,DD 40154f48 Yuanyang L,Default Online Ordering,,,Dinner,DoorDash - Delivery,,45.32,0.00,0.00,45.32,0.00,0.00,0.00,NONE,,,,,,,CAPTURED,Other,,,DoorDash,,8552228111,,,,TfTwWq7hKYFfY,API,,
Cupertino,600000034611667419,600000034611128959,189,1/12/25 7:58 PM,1/12/25 7:22 PM,600000034611114015,189,,Default Online Ordering,B1,Dining Room,Dinner,Dine In,,61.42,11.06,0.00,72.48,72.48,0.00,0.00,NONE,,,,,,,AUTHORIZED,Credit,,Visa,,,,6841,,,7zfJNRfTyrLFf,In Store,,
Cupertino,600000034611727920,600000034609945221,166,1/12/25 8:03 PM,1/12/25 6:30 PM,600000034609889425,166,,Default Online Ordering,C4,Dining Room,Dinner,Dine In,,216.49,32.47,0.00,248.96,248.96,0.00,0.00,NONE,,,,,,,AUTHORIZED,Credit,,Visa,,,,3312,,,mCTXzzLL7Mwr7,In Store,,
Cupertino,600000034611727922,600000034611241556,195,1/12/25 8:03 PM,1/12/25 7:30 PM,600000034611213114,195,,Default Online Ordering,A2,Dining Room,Dinner,Dine In,,42.61,6.39,0.00,49.00,49.00,0.00,0.00,NONE,,,,,,,AUTHORIZED,Credit,,Mastercard,,,,0655,,,K9HLbr9FNnrcc,In Store,,
Cupertino,600000034611763699,600000034610943916,184,1/12/25 8:06 PM,1/12/25 7:16 PM,600000034610922368,184,,Default Online Ordering,B4,Dining Room,Dinner,Dine In,,35.35,0.00,0.00,35.35,35.35,0.00,0.00,NONE,,,,,,,AUTHORIZED,Credit,,Visa,,,,5769,,,cFjyq9kdmtXLN,In Store,,
Cupertino,600000034611769506,600000034610779792,186,1/12/25 8:07 PM,1/12/25 7:19 PM,600000034610750546,186,,Default Online Ordering,B4,Dining Room,Dinner,Dine In,,29.41,5.29,0.00,34.70,34.70,0.00,0.00,NONE,,,,,,,AUTHORIZED,Credit,,Visa,,,,3164,,,trstgjPLmCcXn,In Store,,
Cupertino,600000034611770880,600000034611031413,185,1/12/25 8:07 PM,1/12/25 7:19 PM,600000034610991867,185,,Default Online Ordering,B4,Dining Room,Dinner,Dine In,,26.90,4.04,0.00,30.94,30.94,0.00,0.00,NONE,,,,,,,AUTHORIZED,Credit,,Visa,,,,9627,,,cNmn7K9WtsgCf,In Store,,
Cupertino,600000034611785193,600000034611154742,201,1/12/25 8:08 PM,1/12/25 7:41 PM,600000034611136646,201,,Default Online Ordering,A1,Dining Room,Dinner,Dine In,,19.32,0.00,0.00,19.32,19.32,0.00,0.00,NONE,,,,,,,AUTHORIZED,Credit,,Visa,,,,7459,,,wdJtM9kwbMwnW,In Store,,
Cupertino,600000034611787758,600000034611165539,202,1/12/25 8:09 PM,1/12/25 7:41 PM,600000034611131643,202,,Default Online Ordering,A1,Dining Room,Dinner,Dine In,,28.75,4.31,0.00,33.06,33.06,0.00,0.00,NONE,,,,,,,AUTHORIZED,Credit,,Visa,,,,7546,,,JJRPbYMf9yLnb,In Store,,
Cupertino,600000034611822101,600000034611117791,203,1/12/25 8:12 PM,1/12/25 7:41 PM,600000034611463100,203,,Default Online Ordering,B3,Dining Room,Dinner,Dine In,,63.94,9.59,0.00,73.53,73.53,0.00,0.00,NONE,,,,,,,AUTHORIZED,Credit,,Visa,,receipts@delancey.dev,,6269,,,zJstrddL9Fjkc,In Store,,
Cupertino,600000034611840474,600000034611418251,200,1/12/25 8:14 PM,1/12/25 7:38 PM,600000034611361111,200,,Default Online Ordering,A3,Dining Room,Dinner,Dine In,,49.10,7.36,0.00,56.46,56.46,0.00,0.00,NONE,,,,,,,AUTHORIZED,Credit,,Visa,,,,9761,,,hmpFWkn9Cfzzb,In Store,,
Cupertino,600000034611848284,600000034611909923,212,1/12/25 8:34 PM,1/12/25 8:34 PM,600000034611864477,212,DD b0fa0936 Oanh D,Default Online Ordering,,,Dinner,DoorDash - Delivery,,31.16,0.00,0.00,31.16,0.00,0.00,0.00,NONE,,,,,,,CAPTURED,Other,,,DoorDash,,8552228111,,,,ynhgjkCRnybXb,API,,
Cupertino,600000034611873920,600000034611811435,211,1/12/25 8:32 PM,1/12/25 8:32 PM,600000034611811385,211,DD 8562de59 swapnil k,Default Online Ordering,,,Dinner,DoorDash - Delivery,,18.77,0.00,0.00,18.77,0.00,0.00,0.00,NONE,,,,,,,CAPTURED,Other,,,DoorDash,,8552228111,,,,YYrP7Rjdjjcyg,API,,
Cupertino,600000034611940866,600000034611900875,213,1/12/25 8:37 PM,1/12/25 8:37 PM,600000034611900825,213,DD ae525a8e James S,Default Online Ordering,,,Dinner,DoorDash - Delivery,,27.77,0.00,0.00,27.77,0.00,0.00,0.00,NONE,,,,,,,CAPTURED,Other,,,DoorDash,,8552228111,,,,KFFfcxd7sdfgh,API,,
Cupertino,600000034611941320,600000034611855235,214,1/12/25 8:38 PM,1/12/25 8:38 PM,600000034611787088,214,DD ae5e0c35 Erin K,Default Online Ordering,,,Dinner,DoorDash - Delivery,,59.18,0.00,0.00,59.18,0.00,0.00,0.00,NONE,,,,,,,CAPTURED,Other,,,DoorDash,,8552228111,,,,PwF7zRkcNbM9K,API,,
Cupertino,600000034611947647,600000034610932157,183,1/12/25 8:25 PM,1/12/25 7:11 PM,600000034610932107,183,,Default Online Ordering,D2,Dining Room,Dinner,Dine In,,77.53,11.63,0.00,89.16,89.16,0.00,0.00,NONE,,,,,,,AUTHORIZED,Credit,,Visa,,,,2565,,,gFkzJrctPrrXM,In Store,,
Cupertino,600000034611995260,600000034611455045,207,1/12/25 8:30 PM,1/12/25 8:07 PM,600000034611453647,207,,Default Online Ordering,B6,Dining Room,Dinner,Dine In,,32.52,4.00,0.00,36.52,36.52,0.00,0.00,NONE,,,,,,,AUTHORIZED,Credit,,Visa,,,,5315,,,Tjhryhj9PdzNK,In Store,,
Cupertino,600000034612001620,600000034611559256,205,1/12/25 8:31 PM,1/12/25 7:53 PM,600000034611541710,205,,Default Online Ordering,A6,Dining Room,Dinner,Dine In,,30.72,5.68,0.00,36.40,36.40,0.00,0.00,NONE,,,,,,,AUTHORIZED,Credit,,Visa,,,,8703,,,hJhNwdR7nmsHp,In Store,,
Cupertino,600000034612062957,600000034611171461,192,1/12/25 8:39 PM,1/12/25 7:25 PM,600000034611163712,192,,Default Online Ordering,D4,Dining Room,Dinner,Dine In,,22.75,3.41,0.00,26.16,26.16,0.00,0.00,NONE,,,,,,,AUTHORIZED,Credit,,Visa,,,,7567,,,nPbJxpfjqxzwt,In Store,,
Cupertino,600000034612078026,600000034611031422,193,1/12/25 8:41 PM,1/12/25 7:25 PM,600000034610991876,193,,Default Online Ordering,D4,Dining Room,Dinner,Dine In,,33.27,2.00,0.00,35.27,35.27,0.00,0.00,NONE,,,,,,,AUTHORIZED,Credit,,Visa,,,,0391,,,YpCnb9N7q7Xf9,In Store,,
Cupertino,600000034612080385,600000034611097574,196,1/12/25 8:41 PM,1/12/25 7:31 PM,600000034611095575,196,,Default Online Ordering,D4,Dining Room,Dinner,Dine In,,10.09,1.51,0.00,11.60,11.60,0.00,0.00,NONE,,,,,,,AUTHORIZED,Credit,,Visa,,,,5228,,,bjdrXz7yPCmCn,In Store,,
Cupertino,600000034612081792,600000034610994678,191,1/12/25 8:41 PM,1/12/25 7:23 PM,600000034610939531,191,,Default Online Ordering,D4,Dining Room,Dinner,Dine In,,26.13,0.00,0.00,26.13,26.13,0.00,0.00,NONE,,,,,,,AUTHORIZED,Credit,,Mastercard,,,+15108257191,1880,,,YhRLLWnqpdPP9,In Store,,
Cupertino,600000034612084159,600000034611129255,190,1/12/25 8:41 PM,1/12/25 7:22 PM,600000034611080810,190,,Default Online Ordering,D4,Dining Room,Dinner,Dine In,,23.84,3.58,0.00,27.42,27.42,0.00,0.00,NONE,,,,,,,AUTHORIZED,Credit,,Visa,,,,7586,,,yddzNKzMNMjRg,In Store,,
Cupertino,600000034612087208,600000034611031427,194,1/12/25 8:42 PM,1/12/25 7:29 PM,600000034610991881,194,,Default Online Ordering,D4,Dining Room,Dinner,Dine In,,43.75,7.95,0.00,51.70,51.70,0.00,0.00,NONE,,,,,,,AUTHORIZED,Credit,,Mastercard,,,,0205,,,dLWTkWjNwhwWw,In Store,,
Cupertino,600000034612089472,600000034611145879,197,1/12/25 8:42 PM,1/12/25 7:33 PM,600000034611145779,197,,Default Online Ordering,D4,Dining Room,Dinner,Dine In,,30.55,4.58,0.00,35.13,35.13,0.00,0.00,NONE,,,,,,,AUTHORIZED,Credit,,Visa,,,,1508,,,Fjrkf7xJdKHPp,In Store,,
Cupertino,600000034612159569,600000034612158751,215,1/12/25 8:52 PM,1/12/25 8:49 PM,600000034612158750,215,,Yafang Chen,,,Dinner,Take Out,,16.26,2.44,0.00,18.70,18.70,0.00,0.00,NONE,,,,,,,AUTHORIZED,Credit,,Visa,,,,4134,,,cP9dP7YLmTwYc,In Store,,
Cupertino,600000034612164351,600000034612163509,216,1/12/25 8:52 PM,1/12/25 8:52 PM,600000034612163508,216,,Yafang Chen,,,Dinner,Take Out,,26.35,2.00,0.00,28.35,28.35,0.00,0.00,NONE,,,,,,,AUTHORIZED,Credit,,Visa,,,,0036,,,yXXPJcnWPpwmC,In Store,,
Cupertino,600000034612196823,600000034611162613,188,1/12/25 8:57 PM,1/12/25 7:21 PM,600000034611162612,188,,zhengyu chen,A4,Dining Room,Dinner,Dine In,,52.80,9.50,0.00,62.30,62.30,0.00,0.00,NONE,,,,,,,AUTHORIZED,Credit,,Mastercard,,,,4390,,,MLzzbMdpxwWjC,In Store,,
Cupertino,600000034612201392,600000034611695584,210,1/12/25 8:58 PM,1/12/25 8:22 PM,600000034611572293,210,,Default Online Ordering,A2,Dining Room,Dinner,Dine In,,70.00,14.00,0.00,84.00,84.00,0.00,0.00,NONE,,,,,,,AUTHORIZED,Credit,,Mastercard,,,+17069698946,4835,,,mWrx9PyFdxmcR,In Store,,
Cupertino,600000034612204687,600000034611695556,206,1/12/25 8:59 PM,1/12/25 8:03 PM,600000034611572265,206,,Default Online Ordering,A7,Dining Room,Dinner,Dine In,,30.88,6.18,0.00,37.06,37.06,0.00,0.00,NONE,,,,,,,AUTHORIZED,Credit,,Visa,,,,3433,,,nHsMbHbfHRHcf,In Store,,
Cupertino,600000034612209650,600000034611894786,208,1/12/25 8:59 PM,1/12/25 8:19 PM,600000034611894785,208,,zhengyu chen,A5,Dining Room,Dinner,Dine In,,63.78,9.57,0.00,73.35,73.35,0.00,0.00,NONE,,,,,,,AUTHORIZED,Credit,,Visa,,,,4667,,,FCsWjPKxXxNrL,In Store,,
