Customer Id,Customer,Customer Phone,Customer Email,Location Code,Opened Date,Opened Time,Item Description,Server,Tax,Tender,Check Id,Check #,Total,Customer Family,Table Size,Discount,Reason of Discount,Link
600000034766184682,Betty C,8552228111,dd.toast.orders+orders_c274b36f-1881-422c-aaf6-ee03059bbd70@gmail.com,CA02,1/18/25,11:00 AM,"Steamed Pork Buns (4) 特色鲜肉蒸包, Pan Fried Pork Buns (4) 特色鲜肉煎包",Default Online Ordering,2.09,Other,600000034766608913,1,24.99,,1,0.00,,http://www.toasttab.com/receipts/33eiUG9RSnqR9vgz4YmOIA/tTWgXyzpsm7dX
600000034766682031,PickUp-Bobby D,4086091501,dd.toast.orders+orders_dd5679f7-bf56-438c-bc54-adf4354e714b@gmail.com,CA02,1/18/25,11:08 AM,"Chicken Potstickers (6) 鸡肉锅贴, Pan Fried Pork Buns (4) 特色鲜肉煎包",Default Online Ordering,2.91,Other,600000034766752098,4,34.76,,1,0.00,,http://www.toasttab.com/receipts/33eiUG9RSnqR9vgz4YmOIA/XmJCxHHn7pYcg
,,,,CA02,1/18/25,11:13 AM,"Pork Xiao Long Bao (8) 鲜肉小笼包, Pan Fried Pork Buns (4) 特色鲜肉煎包, Green Onion Pancake (1) Ⓥ 葱油饼, Dan Dan Noodles Ⓥ🌶️🌶️ 担担面, Sweet & Sour Cucumber Ⓥ 🌶️ 甜辣小黄瓜, Pork & Shrimp Potstickers (6) 🦐 猪肉三鲜锅贴, Pork Wontons in Chili Sauce (6) 🌶️ 红油猪肉抄手, Kale Salad with Sesame Dressing Ⓥ 麻酱羽衣甘蓝沙拉, Vegetable Potstickers (6) Ⓥ 素三鲜锅贴, Pan Fried Wontons with Chili Sauce (6) 红油香煎大馄饨, Oolong Tea (Hot) 乌龙茶 (热)",Default Online Ordering,7.44,Visa,600000034766958491,6,101.99,,1,0.00,,http://www.toasttab.com/receipts/33eiUG9RSnqR9vgz4YmOIA/mpKFJ7jCPJhbP
,,,,CA02,1/18/25,11:08 AM,"Dan Dan Noodles Ⓥ🌶️🌶️ 担担面, Green Onion Pancake (1) Ⓥ 葱油饼, Pork & Crab Meat Xiao Long Bao (8) 🦐 蟹肉小笼包",Default Online Ordering,2.01,Visa,600000034767248850,5,28.81,,1,0.00,,http://www.toasttab.com/receipts/33eiUG9RSnqR9vgz4YmOIA/CFdmKNYTYkdKm
,,,,CA02,1/18/25,11:22 AM,"Pork Xiao Long Bao (8) 鲜肉小笼包, Hot & Sour Glass Noodles 🌶️🌶️ 酸辣粉, Beef-Stew Noodle Soup 🌶️ 秘制牛肉汤面, Spicy Beef Shank 🌶️🌶️ 麻辣牛腱, Beef-Stew Noodles 🌶️ 秘制牛肉小面",Default Online Ordering,4.02,Visa,600000034767899258,7,55.28,,1,0.00,,http://www.toasttab.com/receipts/33eiUG9RSnqR9vgz4YmOIA/cffT7zFXHRYPg
,,,,CA02,1/18/25,11:41 AM,"Pork Xiao Long Bao (8) 鲜肉小笼包, Pan Fried Pork Buns (4) 特色鲜肉煎包, Beef-Stew Noodle Soup 🌶️ 秘制牛肉汤面",Default Online Ordering,6.36,Visa,600000034768985601,8,86.01,,1,0.00,,http://www.toasttab.com/receipts/33eiUG9RSnqR9vgz4YmOIA/FJbPWHx7RPKpW
,,,,CA02,1/18/25,11:43 AM,"Jasmine Tea (Hot) 茉莉花茶 (热), Green Onion Pancake (1) Ⓥ 葱油饼, Green Onion Pancake (1) Ⓥ 葱油饼, Pan Fried Chive Dumplings (3) 韭菜盒子, Pan Fried Chive Dumplings (3) 韭菜盒子, Chicken Xiao Long Bao (8) 鸡肉小笼包, Pan Fried Pork Buns (4) 特色鲜肉煎包, Chicken Steamed Dumplings (6) 鸡肉蒸饺, Vegetable Steamed Dumplings (6) Ⓥ 素三鲜蒸饺, Sweet & Sour Cucumber Ⓥ 🌶️ 甜辣小黄瓜, Thai Milk Tea (Cold) 泰式奶茶 (冷), Passion Fruit Green Tea (Cold) 百香果绿茶 (冷), Add Boba 珍珠, Add Boba 珍珠, Zha Jiang Mian 京味炸酱面, Green Onion Pancake (1) Ⓥ 葱油饼, Green Onion Pancake (1) Ⓥ 葱油饼, Dan Dan Noodles Ⓥ🌶️🌶️ 担担面",Yafang Chen,9.89,Visa,600000034769103939,9,135.80,,7,0.00,,http://www.toasttab.com/receipts/33eiUG9RSnqR9vgz4YmOIA/gftpyHpNF7XtY
,,,,CA02,1/18/25,11:53 AM,"Pork Xiao Long Bao (8) 鲜肉小笼包, Green Onion Pancake (1) Ⓥ 葱油饼, Vegetable Steamed Dumplings (6) Ⓥ 素三鲜蒸饺",Default Online Ordering,1.96,Mastercard,600000034769383477,11,26.86,,1,0.00,,http://www.toasttab.com/receipts/33eiUG9RSnqR9vgz4YmOIA/CjhkPRqHzhyCz
,,,,CA02,1/18/25,11:50 AM,"Pork Xiao Long Bao (8) 鲜肉小笼包, Steamed Pork Buns (4) 特色鲜肉蒸包, Chicken Steamed Dumplings (6) 鸡肉蒸饺, Sweet & Sour Cucumber Ⓥ 🌶️ 甜辣小黄瓜, Dan Dan Noodles Ⓥ🌶️🌶️ 担担面, Zha Jiang Mian 京味炸酱面",Yafang Chen,4.60,Visa,600000034769460502,10,63.14,,2,0.00,,http://www.toasttab.com/receipts/33eiUG9RSnqR9vgz4YmOIA/yhgXgWmLwwMwT
600000034769527516,PickUp-Richard .,4088772699,dd.toast.orders+orders_3a6f846d-41ad-4451-be0b-5d8c7595595e@gmail.com,CA02,1/18/25,11:58 AM,"Dan Dan Noodles Ⓥ🌶️🌶️ 担担面, Beef Pancake Roll (1) 酱香牛肉卷饼 (不辣)",Default Online Ordering,1.58,Other,600000034769634570,12,18.88,,1,0.00,,http://www.toasttab.com/receipts/33eiUG9RSnqR9vgz4YmOIA/bFbzTrmxwccXW
600000034769983317,PickUp-Kelly H,4156940602,dd.toast.orders+orders_1b3091d4-cd85-46c7-8339-aa500da2b473@gmail.com,CA02,1/18/25,12:03 PM,"Green Onion Pancake (1) Ⓥ 葱油饼, Sweet & Sour Cucumber Ⓥ 🌶️ 甜辣小黄瓜, Pork & Shrimp Potstickers (6) 🦐 猪肉三鲜锅贴, Chicken Potstickers (6) 鸡肉锅贴, Dan Dan Noodles Ⓥ🌶️🌶️ 担担面, Pan Fried Pork Buns (4) 特色鲜肉煎包",Default Online Ordering,6.30,Other,600000034770002267,13,75.35,,1,0.00,,http://www.toasttab.com/receipts/33eiUG9RSnqR9vgz4YmOIA/YHqpKfwNwfPy7
,,,,CA02,1/18/25,12:08 PM,"Dan Dan Noodles Ⓥ🌶️🌶️ 担担面, Sweet & Sour Cucumber Ⓥ 🌶️ 甜辣小黄瓜, Chicken Xiao Long Bao (8) 鸡肉小笼包, Pan Fried Chive Dumplings (3) 韭菜盒子",Default Online Ordering,2.97,Visa,600000034770210628,14,40.73,,1,0.00,,http://www.toasttab.com/receipts/33eiUG9RSnqR9vgz4YmOIA/bdCxs7npMF7Fd
600000034770349470,PickUp-Shivansh C,2179046156,dd.toast.orders+orders_08b9c2e6-7685-40bb-a88e-c99f7b33c581@gmail.com,CA02,1/18/25,12:14 PM,"Pan Fried Wontons with Chili Sauce (6) 红油香煎大馄饨, Pan Fried Chive Dumplings (3) 韭菜盒子, Sweet & Sour Cucumber Ⓥ 🌶️ 甜辣小黄瓜, Chicken Potstickers (6) 鸡肉锅贴, Green Onion Soy Sauce Noodles Ⓥ 葱油拌面, Dan Dan Noodles Ⓥ🌶️🌶️ 担担面, Chicken Xiao Long Bao (8) 鸡肉小笼包",Default Online Ordering,5.01,Other,600000034770382228,16,59.96,,1,0.00,,http://www.toasttab.com/receipts/33eiUG9RSnqR9vgz4YmOIA/9WFfkkmMMPdYg
600000034770521337,PickUp-Silvia A,8552228111,dd.toast.orders+orders_75dc4f61-72d0-4cc5-8f86-40a77f22495f@gmail.com,CA02,1/18/25,12:22 PM,"Sweet & Sour Cucumber Ⓥ 🌶️ 甜辣小黄瓜, Green Onion Soy Sauce Noodles Ⓥ 葱油拌面",Default Online Ordering,1.39,Other,600000034770521397,18,16.59,,1,0.00,,http://www.toasttab.com/receipts/33eiUG9RSnqR9vgz4YmOIA/gCXmmFNwYfN7X
,,,,CA02,1/18/25,12:13 PM,"Coke 可乐, Pork Xiao Long Bao (8) 鲜肉小笼包, Chicken Potstickers (6) 鸡肉锅贴, Sweet & Sour Cucumber Ⓥ 🌶️ 甜辣小黄瓜, Green Onion Soy Sauce Noodles Ⓥ 葱油拌面, Oolong Tea (Hot) 乌龙茶 (热), Chicken Potstickers (6) 鸡肉锅贴",zhengyu chen,5.28,Visa,600000034770655133,15,74.32,,4,0.00,,http://www.toasttab.com/receipts/33eiUG9RSnqR9vgz4YmOIA/ctztbK9sPPsTL
600000034771518157,Sukriti T,8552228111,dd.toast.orders+orders_c72df86e-c2a9-4e77-9364-57e4da229fcf@gmail.com,CA02,1/18/25,12:30 PM,"Kale Salad with Sesame Dressing Ⓥ 麻酱羽衣甘蓝沙拉, Pan Fried Wontons with Chili Sauce (6) 红油香煎大馄饨, Dan Dan Noodles Ⓥ🌶️🌶️ 担担面",Default Online Ordering,2.36,Other,600000034771126443,21,28.26,,1,0.00,,http://www.toasttab.com/receipts/33eiUG9RSnqR9vgz4YmOIA/LfqbLszpYMhzw
,,,,CA02,1/18/25,12:22 PM,"Beef Pancake Roll (1) 酱香牛肉卷饼 (不辣), Chicken Xiao Long Bao (8) 鸡肉小笼包, Pan Fried Pork Buns (4) 特色鲜肉煎包, Pork & Shrimp Potstickers (6) 🦐 猪肉三鲜锅贴, Five Spice Beef Shank 五香牛腱, Kale Salad with Sesame Dressing Ⓥ 麻酱羽衣甘蓝沙拉, Dan Dan Noodles Ⓥ🌶️🌶️ 担担面",zhengyu chen,5.50,Visa,600000034771128831,17,75.50,,4,0.00,,http://www.toasttab.com/receipts/33eiUG9RSnqR9vgz4YmOIA/pbmWhKCThbpKM
,,,,CA02,1/18/25,12:27 PM,"Green Onion Soy Sauce Noodles Ⓥ 葱油拌面, Green Onion Pancake (1) Ⓥ 葱油饼, Chicken Steamed Dumplings (6) 鸡肉蒸饺",Default Online Ordering,1.77,Visa,600000034771237918,19,24.29,,1,0.00,,http://www.toasttab.com/receipts/33eiUG9RSnqR9vgz4YmOIA/Ph7yF7wNMCHRq
,,,,CA02,1/18/25,12:28 PM,"Pork Xiao Long Bao (8) 鲜肉小笼包, Sweet & Sour Cucumber Ⓥ 🌶️ 甜辣小黄瓜, Kale Salad with Sesame Dressing Ⓥ 麻酱羽衣甘蓝沙拉, Hot & Sour Glass Noodles 🌶️🌶️ 酸辣粉, Beef-Stew Noodle Soup 🌶️ 秘制牛肉汤面, Beef-Stew Noodle Soup 🌶️ 秘制牛肉汤面",xiaoli zheng,4.79,Visa,600000034771442685,20,65.71,,3,0.00,,http://www.toasttab.com/receipts/33eiUG9RSnqR9vgz4YmOIA/JwsnyczqHg9Jx
,,,,CA02,1/18/25,12:34 PM,"Chicken Xiao Long Bao (8) 鸡肉小笼包, Beef-Stew Noodle Soup 🌶️ 秘制牛肉汤面, Dan Dan Noodles Ⓥ🌶️🌶️ 担担面, Pan Fried Wontons with Chili Sauce (6) 红油香煎大馄饨, Green Onion Pancake (1) Ⓥ 葱油饼, Dan Dan Noodles Ⓥ🌶️🌶️ 担担面, Pork Xiao Long Bao (8) 鲜肉小笼包",Default Online Ordering,5.22,Visa,600000034771481974,23,73.54,,1,0.00,,http://www.toasttab.com/receipts/33eiUG9RSnqR9vgz4YmOIA/dHtXHJCpWc7Wm
600000034771975464,Yuying C,8552228111,dd.toast.orders+orders_35fd5051-a7cc-41b4-b615-ef3028446fd0@gmail.com,CA02,1/18/25,12:42 PM,"Pork Wontons in Chili Sauce (6) 🌶️ 红油猪肉抄手, Spicy Beef Sandwich (1) 🌶️🌶️大嘴牛肉包 (辣), Dan Dan Noodles Ⓥ🌶️🌶️ 担担面, Spicy Beef Shank 🌶️🌶️ 麻辣牛腱",Default Online Ordering,3.24,Other,600000034771722692,28,38.74,,1,0.00,,http://www.toasttab.com/receipts/33eiUG9RSnqR9vgz4YmOIA/KtnyPjWHshc9c
600000034771065345,PickUp-Abhishek S,3103579359,dd.toast.orders+orders_4d5d9fff-748b-46d3-90e7-7957bcc6f806@gmail.com,CA02,1/18/25,12:35 PM,"Pan Fried Wontons with Chili Sauce (6) 红油香煎大馄饨, Chicken & Vegetable Wontons in Chili Sauce (6) 🌶️ 红油菜肉大馄饨, Chicken Xiao Long Bao (8) 鸡肉小笼包",Default Online Ordering,2.24,Other,600000034771820402,24,26.79,,1,0.00,,http://www.toasttab.com/receipts/33eiUG9RSnqR9vgz4YmOIA/mpP7dgHcsjXbY
,,,,CA02,1/18/25,12:41 PM,"Pan Fried Pork Buns (4) 特色鲜肉煎包, Beef-Stew Noodle Soup 🌶️ 秘制牛肉汤面, Vegetable Potstickers (6) Ⓥ 素三鲜锅贴",Default Online Ordering,2.49,Visa,600000034771872877,27,34.14,,1,0.00,,http://www.toasttab.com/receipts/33eiUG9RSnqR9vgz4YmOIA/hxqw9LRW9Frmy
600000034772011068,PickUp-susan H,4086189104,dd.toast.orders+orders_026253b3-fc8c-4471-8c05-2482de1d1bec@gmail.com,CA02,1/18/25,12:45 PM,"Pork & Shrimp Potstickers (6) 🦐 猪肉三鲜锅贴, Shrimp & Zucchini Steamed Dumplings (6) 🦐 青瓜鲜虾蒸饺, Pan Fried Beef Pies (2) 牛肉馅饼, Pan Fried Wontons with Sweet & Spicy Garlic Sauce (6) 甜辣香煎大馄饨, Beef-Stew Noodle Soup 🌶️ 秘制牛肉汤面",Default Online Ordering,8.15,Other,600000034771966731,29,97.45,,1,0.00,,http://www.toasttab.com/receipts/33eiUG9RSnqR9vgz4YmOIA/jtTTJhm7PbxCW
600000034771868866,PickUp-Mark H,4156020852,dd.toast.orders+orders_124b7f32-7a58-4b7f-9279-4100ef20dced@gmail.com,CA02,1/18/25,12:41 PM,"Pan Fried Wontons with Sweet & Spicy Garlic Sauce (6) 甜辣香煎大馄饨, Pan Fried Wontons with Chili Sauce (6) 红油香煎大馄饨, Pork & Shrimp Potstickers (6) 🦐 猪肉三鲜锅贴, Sweet & Sour Cucumber Ⓥ 🌶️ 甜辣小黄瓜, Beef-Stew Noodle Soup 🌶️ 秘制牛肉汤面, Pan Fried Pork Buns (4) 特色鲜肉煎包",Default Online Ordering,5.39,Other,600000034771992915,26,64.44,,1,0.00,,http://www.toasttab.com/receipts/33eiUG9RSnqR9vgz4YmOIA/pkkwxpFWgqFkc
,,,,CA02,1/18/25,12:39 PM,"Green Onion Pancake (1) Ⓥ 葱油饼, Pork Xiao Long Bao (8) 鲜肉小笼包, Pork & Crab Meat Xiao Long Bao (8) 🦐 蟹肉小笼包, Pan Fried Pork Buns (4) 特色鲜肉煎包, Pork & Shrimp Potstickers (6) 🦐 猪肉三鲜锅贴, Pork Wontons in Chili Sauce (6) 🌶️ 红油猪肉抄手, Dan Dan Noodles Ⓥ🌶️🌶️ 担担面, Dan Dan Noodles Ⓥ🌶️🌶️ 担担面, Minced Chicken Noodles 🌶️ 鸡肉肉燥小面, Pork Wontons in Chicken Soup 鸡汤小馄饨",xiaoli zheng,7.33,Visa,600000034772058364,25,100.66,,4,0.00,,http://www.toasttab.com/receipts/33eiUG9RSnqR9vgz4YmOIA/YYTd7gnzbtxgF
600000034772154833,Ashley S,8552228111,dd.toast.orders+orders_dc512f43-baf3-4cee-b92f-20a8f819c3cc@gmail.com,CA02,1/18/25,12:51 PM,"Beef Sandwich (1) 大嘴牛肉包 (不辣), Green Onion Soy Sauce Noodles Ⓥ 葱油拌面, Dan Dan Noodles Ⓥ🌶️🌶️ 担担面, Chicken & Vegetable Wontons in Chicken Soup 鸡汤菜肉大馄饨",Default Online Ordering,4.33,Other,600000034772169791,30,56.83,,1,0.00,,http://www.toasttab.com/receipts/33eiUG9RSnqR9vgz4YmOIA/hfCpsWPtdWkky
,,,,CA02,1/18/25,12:53 PM,"Pan Fried Pork Buns (4) 特色鲜肉煎包, Beef-Stew Noodle Soup 🌶️ 秘制牛肉汤面, Pork Xiao Long Bao (8) 鲜肉小笼包, Beef Potstickers (6) 牛肉锅贴",Default Online Ordering,2.73,Visa,600000034772242692,32,38.56,,1,7.30,Customer Service Discount (100.00%),http://www.toasttab.com/receipts/33eiUG9RSnqR9vgz4YmOIA/krNKnFryxYRwm
,,,,CA02,1/18/25,12:52 PM,"Pork & Crab Meat Xiao Long Bao (8) 🦐 蟹肉小笼包, Chicken & Vegetable Wontons in Chili Sauce (6) 🌶️ 红油菜肉大馄饨, Chicken & Vegetable Wontons in Chili Sauce (6) 🌶️ 红油菜肉大馄饨, Chicken Potstickers (6) 鸡肉锅贴, Jasmine Tea (Hot) 茉莉花茶 (热), Sour Plum Juice (Cold) 酸梅汁 (冷)",Default Online Ordering,4.62,Visa,600000034772360338,31,60.22,,1,0.00,,http://www.toasttab.com/receipts/33eiUG9RSnqR9vgz4YmOIA/9kNdfHyNXcWmb
,,,,CA02,1/18/25,1:01 PM,"Pan Fried Pork Buns (4) 特色鲜肉煎包, Pork Xiao Long Bao (8) 鲜肉小笼包, Sweet & Sour Cucumber Ⓥ 🌶️ 甜辣小黄瓜, Dan Dan Noodles Ⓥ🌶️🌶️ 担担面, Green Onion Pancake (1) Ⓥ 葱油饼",Default Online Ordering,3.59,Visa,600000034772644391,39,49.27,,1,0.00,,http://www.toasttab.com/receipts/33eiUG9RSnqR9vgz4YmOIA/JRKJWdFmtPhhn
,,,,CA02,1/18/25,12:53 PM,"Beef Sandwich (1) 大嘴牛肉包 (不辣), Pan Fried Pork Buns (4) 特色鲜肉煎包, Vegetable Potstickers (6) Ⓥ 素三鲜锅贴, Banana Naan Bread (1) Ⓥ 香蕉飞饼",zhengyu chen,2.88,Visa,600000034772775069,33,40.57,,2,0.00,,http://www.toasttab.com/receipts/33eiUG9RSnqR9vgz4YmOIA/fdLrHfxtCLttj
600000034772862668,Yujia H,8552228111,dd.toast.orders+orders_9f27c544-9f25-42f7-97d4-98e1055b68b9@gmail.com,CA02,1/18/25,12:58 PM,"Green Onion Soy Sauce Noodles Ⓥ 葱油拌面, Pan Fried Pork Buns (4) 特色鲜肉煎包",Default Online Ordering,1.88,Other,600000034772938718,35,22.43,,1,0.00,,http://www.toasttab.com/receipts/33eiUG9RSnqR9vgz4YmOIA/FprmtPPprpKMx
600000034772862677,PickUp-Gabija A,4437656511,dd.toast.orders+orders_2021a858-7191-4217-a920-1ea7f6e1f3fa@gmail.com,CA02,1/18/25,1:01 PM,"Coke 可乐, Green Onion Pancake (1) Ⓥ 葱油饼, Pork Wontons in Chili Sauce (6) 🌶️ 红油猪肉抄手, Dan Dan Noodles Ⓥ🌶️🌶️ 担担面",Default Online Ordering,1.99,Other,600000034772938733,38,26.02,,1,0.00,,http://www.toasttab.com/receipts/33eiUG9RSnqR9vgz4YmOIA/swmdLMpbbXkL7
,,,,CA02,1/18/25,12:58 PM,"Kale Salad with Sesame Dressing Ⓥ 麻酱羽衣甘蓝沙拉, Hot & Sour Glass Noodles 🌶️🌶️ 酸辣粉, Pan Fried Chive Dumplings (3) 韭菜盒子, Pork & Crab Meat Xiao Long Bao (8) 🦐 蟹肉小笼包, Pork Xiao Long Bao (8) 鲜肉小笼包, Pork Wontons in Chili Sauce (6) 🌶️ 红油猪肉抄手, Braised Pig Ears 🌶️ 凉拌猪耳",zhengyu chen,4.31,Visa,600000034773023386,34,62.40,,2,9.95,Customer Service Discount (100.00%),http://www.toasttab.com/receipts/33eiUG9RSnqR9vgz4YmOIA/JkPjxJpRHnHL7
600000034773150025,PickUp-Alexander A,4082024060,dd.toast.orders+orders_b0f0fee6-5d23-492b-a8a2-83fae8dc35d3@gmail.com,CA02,1/18/25,1:09 PM,"Pork & Shrimp Potstickers (6) 🦐 猪肉三鲜锅贴, Sweet & Sour Cucumber Ⓥ 🌶️ 甜辣小黄瓜, Dan Dan Noodles Ⓥ🌶️🌶️ 担担面, Steamed Pork Buns (4) 特色鲜肉蒸包, Pan Fried Pork Buns (4) 特色鲜肉煎包, Pork Xiao Long Bao (8) 鲜肉小笼包",Default Online Ordering,7.85,Other,600000034773038596,44,98.85,,1,0.00,,http://www.toasttab.com/receipts/33eiUG9RSnqR9vgz4YmOIA/MWgxYbrkWCKFR
,,,,CA02,1/18/25,12:59 PM,Braised Pig Ears 🌶️ 凉拌猪耳,zhengyu chen,0.00,,600000034773053795,36,0.00,,2,7.30,Customer Service Discount (100.00%),
,,,,CA02,1/18/25,12:59 PM,"Sweet & Sour Cucumber Ⓥ 🌶️ 甜辣小黄瓜, Jasmine Tea (Hot) 茉莉花茶 (热), Passion Fruit Green Tea (Cold) 百香果绿茶 (冷), Thai Milk Tea (Cold) 泰式奶茶 (冷), Jasmine Tea (Hot) 茉莉花茶 (热), Sweet & Sour Cucumber Ⓥ 🌶️ 甜辣小黄瓜",zhengyu chen,0.00,,600000034773086701,37,0.00,,4,37.50,Open % Check (100.00%),
,,,,CA02,1/18/25,1:02 PM,"Pork Xiao Long Bao (8) 鲜肉小笼包, Pork Wontons in Hot & Sour Sauce (6) 🌶️ 酸辣猪肉抄手, Romaine Lettuce Salad with Sesame Dressing Ⓥ 麻酱生菜沙拉, Beef-Stew Noodle Soup 🌶️ 秘制牛肉汤面",Default Online Ordering,4.98,Visa,600000034773157756,40,79.38,,1,0.00,,http://www.toasttab.com/receipts/33eiUG9RSnqR9vgz4YmOIA/KkhgpJFpwrcbj
600000034773307326,PickUp-Quyen N,4085694282,dd.toast.orders+orders_be4e45e5-3a83-4f0d-991e-2f4f73797a55@gmail.com,CA02,1/18/25,1:10 PM,"Pork & Shrimp Potstickers (6) 🦐 猪肉三鲜锅贴, Sweet & Sour Cucumber Ⓥ 🌶️ 甜辣小黄瓜, Minced Chicken Noodles 🌶️ 鸡肉肉燥小面, Pan Fried Pork Buns (4) 特色鲜肉煎包, Pork Xiao Long Bao (8) 鲜肉小笼包",Default Online Ordering,3.87,Other,600000034773206443,45,46.27,,1,0.00,,http://www.toasttab.com/receipts/33eiUG9RSnqR9vgz4YmOIA/WJrMWdkkqYPqn
600000034773420452,Yinghui L,8552228111,dd.toast.orders+orders_067e4639-4143-4d04-b321-b6e3a48984af@gmail.com,CA02,1/18/25,1:06 PM,"Pan Fried Chive Dumplings (3) 韭菜盒子, Dan Dan Noodles Ⓥ🌶️🌶️ 担担面, Pork Xiao Long Bao (8) 鲜肉小笼包",Default Online Ordering,2.64,Other,600000034773247214,41,31.59,,1,0.00,,http://www.toasttab.com/receipts/33eiUG9RSnqR9vgz4YmOIA/hpCkMb9xptHPn
,,,,CA02,1/18/25,1:07 PM,"Pork Xiao Long Bao (8) 鲜肉小笼包, Pan Fried Pork Buns (4) 特色鲜肉煎包, Pork Wontons in Chicken Soup 鸡汤小馄饨, Diet Coke 健怡可乐, Pork Xiao Long Bao (8) 鲜肉小笼包",Default Online Ordering,3.68,Mastercard,600000034773252722,42,52.72,,1,0.00,,http://www.toasttab.com/receipts/33eiUG9RSnqR9vgz4YmOIA/zqnwPqzfhynCr
,,,,CA02,1/18/25,1:13 PM,"Pork Xiao Long Bao (8) 鲜肉小笼包, Kale Salad with Sesame Dressing Ⓥ 麻酱羽衣甘蓝沙拉, Beef-Stew Noodles 🌶️ 秘制牛肉小面, Pork Wontons in Chili Sauce (6) 🌶️ 红油猪肉抄手, Sweet & Sour Cucumber Ⓥ 🌶️ 甜辣小黄瓜, Pan Fried Pork Buns (4) 特色鲜肉煎包, Beef Pancake Roll (1) 酱香牛肉卷饼 (不辣), Pork & Shrimp Potstickers (6) 🦐 猪肉三鲜锅贴, Beef-Stew Noodle Soup 🌶️ 秘制牛肉汤面",Default Online Ordering,7.90,Cash,600000034773484676,46,94.20,,1,0.00,,http://www.toasttab.com/receipts/33eiUG9RSnqR9vgz4YmOIA/hcHsfNnhjLYxx
,,,,CA02,1/18/25,1:09 PM,"Sapporo, Sapporo, Dan Dan Noodles Ⓥ🌶️🌶️ 担担面, Green Onion Pancake (1) Ⓥ 葱油饼, Pan Fried Beef Pies (2) 牛肉馅饼, Pork Xiao Long Bao (8) 鲜肉小笼包, Pan Fried Pork Buns (4) 特色鲜肉煎包, Shrimp & Zucchini Steamed Dumplings (6) 🦐 青瓜鲜虾蒸饺",zhengyu chen,5.53,Visa,600000034773605352,43,78.03,,2,0.00,,http://www.toasttab.com/receipts/33eiUG9RSnqR9vgz4YmOIA/sRfRhswKWCCkj
,,,,CA02,1/18/25,1:18 PM,"Pork Xiao Long Bao (8) 鲜肉小笼包, Pan Fried Pork Buns (4) 特色鲜肉煎包, Pork & Shrimp Potstickers (6) 🦐 猪肉三鲜锅贴, Dan Dan Noodles Ⓥ🌶️🌶️ 担担面, Dan Dan Noodles Ⓥ🌶️🌶️ 担担面, Pork Xiao Long Bao (8) 鲜肉小笼包",Default Online Ordering,4.84,Amex,600000034773610384,48,66.46,,1,0.00,,http://www.toasttab.com/receipts/33eiUG9RSnqR9vgz4YmOIA/pNHbkwFYpzxYn
600000034773295692,PickUp-Arjun R,4089217548,dd.toast.orders+orders_be1f5c6a-d83c-4c12-8bc9-9c7d29f7e5f0@gmail.com,CA02,1/18/25,1:18 PM,"Vegetable Potstickers (6) Ⓥ 素三鲜锅贴, Vegetable Steamed Dumplings (6) Ⓥ 素三鲜蒸饺, Pan Fried Pork Buns (4) 特色鲜肉煎包",Default Online Ordering,2.24,Other,600000034774022455,47,29.24,,1,0.00,,http://www.toasttab.com/receipts/33eiUG9RSnqR9vgz4YmOIA/kmNpJRjrgqpfL
,,,,CA02,1/18/25,1:23 PM,"Pork Xiao Long Bao (8) 鲜肉小笼包, Pork & Shrimp Potstickers (6) 🦐 猪肉三鲜锅贴, Pork Xiao Long Bao (8) 鲜肉小笼包, Green Onion Soy Sauce Noodles Ⓥ 葱油拌面, Pan Fried Wontons with Sweet & Spicy Garlic Sauce (6) 甜辣香煎大馄饨, Sour Plum Juice (Cold) 酸梅汁 (冷)",Default Online Ordering,4.42,Mastercard,600000034774337253,49,63.32,,1,0.00,,http://www.toasttab.com/receipts/33eiUG9RSnqR9vgz4YmOIA/xxsMqpnMHXYmy
,,,,CA02,1/18/25,1:31 PM,Pan Fried Pork Buns (4) 特色鲜肉煎包,zhengyu chen,0.91,Visa,600000034774830854,50,12.36,,1,0.00,,http://www.toasttab.com/receipts/33eiUG9RSnqR9vgz4YmOIA/PLTxPWpykppMt
600000034774433432,Alan J,8552228111,dd.toast.orders+orders_1e68c728-8b95-4bcf-a8ee-ebe86e5c299b@gmail.com,CA02,1/18/25,1:33 PM,"Chicken & Vegetable Wontons in Chili Sauce (6) 🌶️ 红油菜肉大馄饨, Minced Chicken Noodles 🌶️ 鸡肉肉燥小面",Default Online Ordering,1.60,Other,600000034774832355,51,19.10,,1,0.00,,http://www.toasttab.com/receipts/33eiUG9RSnqR9vgz4YmOIA/w9cPjxKH79PFb
600000034774977463,Ximena O,4159485386,dd.toast.orders+orders_920e176f-7082-4818-9df2-ffb4e3ea22fd@gmail.com,CA02,1/18/25,1:38 PM,"Chicken Steamed Dumplings (6) 鸡肉蒸饺, Green Onion Soy Sauce Noodles Ⓥ 葱油拌面, Steamed Pork Buns (4) 特色鲜肉蒸包, Pork Xiao Long Bao (8) 鲜肉小笼包",Default Online Ordering,3.20,Other,600000034774875571,53,38.30,,1,0.00,,http://www.toasttab.com/receipts/33eiUG9RSnqR9vgz4YmOIA/HffqF7hbfpzwn
,,,,CA02,1/18/25,1:38 PM,"Dan Dan Noodles Ⓥ🌶️🌶️ 担担面, Dan Dan Noodles Ⓥ🌶️🌶️ 担担面, Vegetable Potstickers (6) Ⓥ 素三鲜锅贴, Thai Milk Tea (Cold) 泰式奶茶 (冷)",Default Online Ordering,3.20,Visa,600000034775075910,54,43.93,,1,0.00,,http://www.toasttab.com/receipts/33eiUG9RSnqR9vgz4YmOIA/CRkbftxzkjqJs
,,,,CA02,1/18/25,1:39 PM,"Green Onion Pancake (1) Ⓥ 葱油饼, Pan Fried Chive Dumplings (3) 韭菜盒子, Shrimp & Zucchini Steamed Dumplings (6) 🦐 青瓜鲜虾蒸饺, Chicken & Vegetable Wontons in Chili Sauce (6) 🌶️ 红油菜肉大馄饨, Spicy (Ma La) Noodles 🌶️🌶️ 麻辣小面",Default Online Ordering,3.20,Mastercard,600000034775094407,55,43.93,,1,0.00,,http://www.toasttab.com/receipts/33eiUG9RSnqR9vgz4YmOIA/yKmn7rJYrHrqR
,,,,CA02,1/18/25,1:37 PM,"Dan Dan Noodles Ⓥ🌶️🌶️ 担担面, Pork & Shrimp Potstickers (6) 🦐 猪肉三鲜锅贴, Pan Fried Wontons with Sweet & Spicy Garlic Sauce (6) 甜辣香煎大馄饨, Pan Fried Pork Buns (4) 特色鲜肉煎包, Dan Dan Noodles Ⓥ🌶️🌶️ 担担面, Pork & Crab Meat Xiao Long Bao (8) 🦐 蟹肉小笼包, Dan Dan Noodles Ⓥ🌶️🌶️ 担担面",Default Online Ordering,5.32,Visa,600000034775108602,52,73.05,,1,0.00,,http://www.toasttab.com/receipts/33eiUG9RSnqR9vgz4YmOIA/xWfjbwrczkM9R
,,,,CA02,1/18/25,1:47 PM,"Pan Fried Pork Buns (4) 特色鲜肉煎包, Pork Xiao Long Bao (8) 鲜肉小笼包, Pan Fried Wontons with Sweet & Spicy Garlic Sauce (6) 甜辣香煎大馄饨, Green Onion Pancake (1) Ⓥ 葱油饼",Default Online Ordering,2.87,Visa,600000034775253496,57,40.38,,1,0.00,,http://www.toasttab.com/receipts/33eiUG9RSnqR9vgz4YmOIA/sJ9rHKkWjkzxW
,,,,CA02,1/18/25,1:41 PM,"Banana Naan Bread (1) Ⓥ 香蕉飞饼, Pork Xiao Long Bao (8) 鲜肉小笼包, Pork & Crab Meat Xiao Long Bao (8) 🦐 蟹肉小笼包, Green Onion Pancake (1) Ⓥ 葱油饼",Dough Zone 02,2.83,Visa,600000034775372268,56,33.83,,1,0.00,,http://www.toasttab.com/receipts/33eiUG9RSnqR9vgz4YmOIA/MWkhxHckLrYzR
,,,,CA02,1/18/25,1:58 PM,"Pork Xiao Long Bao (8) 鲜肉小笼包, Pan Fried Pork Buns (4) 特色鲜肉煎包",Default Online Ordering,1.82,Visa,600000034776265760,58,24.98,,1,0.00,,http://www.toasttab.com/receipts/33eiUG9RSnqR9vgz4YmOIA/7zPhyKXnhxfr9
,,,,CA02,1/18/25,2:05 PM,"Pork Xiao Long Bao (8) 鲜肉小笼包, Pan Fried Pork Buns (4) 特色鲜肉煎包, Braised Pig Ears 🌶️ 凉拌猪耳, Beef-Stew Noodle Soup 🌶️ 秘制牛肉汤面, Pan Fried Beef Pies (2) 牛肉馅饼",Default Online Ordering,4.07,Visa,600000034776382087,59,55.80,,1,0.00,,http://www.toasttab.com/receipts/33eiUG9RSnqR9vgz4YmOIA/hx9sJMmNHbfFJ
,,,,CA02,1/18/25,2:11 PM,"Pork Xiao Long Bao (8) 鲜肉小笼包, Sweet & Sour Cucumber Ⓥ 🌶️ 甜辣小黄瓜, Chicken Potstickers (6) 鸡肉锅贴, Chicken & Vegetable Wontons in Chili Sauce (6) 🌶️ 红油菜肉大馄饨, Green Onion Soy Sauce Noodles Ⓥ 葱油拌面, Spicy (Ma La) Noodles 🌶️🌶️ 麻辣小面, Chicken Xiao Long Bao (8) 鸡肉小笼包, Pan Fried Pork Buns (4) 特色鲜肉煎包, Green Onion Pancake (1) Ⓥ 葱油饼, Minced Chicken Noodles 🌶️ 鸡肉肉燥小面, Pan Fried Wontons with Chili Sauce (6) 红油香煎大馄饨, Green Onion Pancake (1) Ⓥ 葱油饼, Pork Xiao Long Bao (8) 鲜肉小笼包, Pan Fried Beef Pies (2) 牛肉馅饼, Pan Fried Pork Buns (4) 特色鲜肉煎包",Default Online Ordering,11.20,Visa,600000034776665995,61,160.32,,1,0.00,,http://www.toasttab.com/receipts/33eiUG9RSnqR9vgz4YmOIA/NRNqfFczF7ztw
,,,,CA02,1/18/25,2:11 PM,"Pork Xiao Long Bao (8) 鲜肉小笼包, Chicken Xiao Long Bao (8) 鸡肉小笼包, Chicken & Vegetable Wontons in Chili Sauce (6) 🌶️ 红油菜肉大馄饨, Dan Dan Noodles Ⓥ🌶️🌶️ 担担面, Spicy (Ma La) Noodles 🌶️🌶️ 麻辣小面, Pork Wontons in Hot & Sour Sauce (6) 🌶️ 酸辣猪肉抄手, Sprite 雪碧, Coke 可乐, Sweet & Sour Cucumber Ⓥ 🌶️ 甜辣小黄瓜, Beef-Stew Noodles 🌶️ 秘制牛肉小面",Default Online Ordering,6.45,Visa,600000034776859472,60,88.49,,2,0.00,,http://www.toasttab.com/receipts/33eiUG9RSnqR9vgz4YmOIA/fRgcgcmCWpLHh
,,,,CA02,1/18/25,2:17 PM,"Pork Xiao Long Bao (8) 鲜肉小笼包, Pork & Crab Meat Xiao Long Bao (8) 🦐 蟹肉小笼包, Green Onion Pancake (1) Ⓥ 葱油饼, Pan Fried Pork Buns (4) 特色鲜肉煎包, Chicken Potstickers (6) 鸡肉锅贴, Yibin Noodles Ⓥ 🌶️ 宜宾燃面, Oolong Tea (Hot) 乌龙茶 (热)",zhengyu chen,5.00,Mastercard,600000034777469439,62,68.66,,2,0.00,,http://www.toasttab.com/receipts/33eiUG9RSnqR9vgz4YmOIA/kTbPdjFMhHTHx
,,,,CA02,1/18/25,2:18 PM,"Kale Salad with Sesame Dressing Ⓥ 麻酱羽衣甘蓝沙拉, Vegetable Steamed Dumplings (6) Ⓥ 素三鲜蒸饺, Vegetarian Hot & Sour Glass Noodles Ⓥ 🌶️🌶️ 素酸辣粉, Green Onion Pancake (1) Ⓥ 葱油饼",Default Online Ordering,2.44,Visa,600000034777500755,63,34.33,,1,0.00,,http://www.toasttab.com/receipts/33eiUG9RSnqR9vgz4YmOIA/s9jCyCkFrzpyp
,,,,CA02,1/18/25,2:28 PM,"Pork Xiao Long Bao (8) 鲜肉小笼包, Sweet & Sour Cucumber Ⓥ 🌶️ 甜辣小黄瓜, Dan Dan Noodles Ⓥ🌶️🌶️ 担担面, Pork Wontons in Hot & Sour Sauce (6) 🌶️ 酸辣猪肉抄手, Pork & Crab Meat Xiao Long Bao (8) 🦐 蟹肉小笼包, Green Onion Pancake (1) Ⓥ 葱油饼",Default Online Ordering,4.26,Visa,600000034777963868,65,58.43,,1,0.00,,http://www.toasttab.com/receipts/33eiUG9RSnqR9vgz4YmOIA/H7FxXFNHn79t9
,,,,CA02,1/18/25,2:35 PM,"Pork Xiao Long Bao (8) 鲜肉小笼包, Steamed Pork Buns (4) 特色鲜肉蒸包, Pork & Crab Meat Xiao Long Bao (8) 🦐 蟹肉小笼包, Passion Fruit Green Tea (Cold) 百香果绿茶 (冷), Jasmine Tea (Hot) 茉莉花茶 (热)",Default Online Ordering,3.77,Mastercard,600000034778419571,66,54.08,,1,0.00,,http://www.toasttab.com/receipts/33eiUG9RSnqR9vgz4YmOIA/cz99LykNFPhzr
,,,,CA02,1/18/25,2:38 PM,"Pork Xiao Long Bao (8) 鲜肉小笼包, Dan Dan Noodles Ⓥ🌶️🌶️ 担担面, Pork Wontons in Chili Sauce (6) 🌶️ 红油猪肉抄手, Sour Plum Juice (Cold) 酸梅汁 (冷), Thai Milk Tea (Cold) 泰式奶茶 (冷), Coke 可乐, Dan Dan Noodles Ⓥ🌶️🌶️ 担担面, Pan Fried Pork Buns (4) 特色鲜肉煎包, Pork Xiao Long Bao (8) 鲜肉小笼包, Pan Fried Wontons with Sweet & Spicy Garlic Sauce (6) 甜辣香煎大馄饨",Default Online Ordering,7.96,Visa,600000034778759166,67,114.07,,2,0.00,,http://www.toasttab.com/receipts/33eiUG9RSnqR9vgz4YmOIA/9xyWdfyggckMf
,,,,CA02,1/18/25,2:50 PM,"Pork Xiao Long Bao (8) 鲜肉小笼包, Pork Wontons in Chicken Soup 鸡汤小馄饨, Diet Coke 健怡可乐, Green Onion Soy Sauce Noodles Ⓥ 葱油拌面, Pork & Crab Meat Xiao Long Bao (8) 🦐 蟹肉小笼包",Default Online Ordering,3.49,Amex,600000034779316032,68,49.19,,1,0.00,,http://www.toasttab.com/receipts/33eiUG9RSnqR9vgz4YmOIA/NYK79ttpb9pKH
,,,,CA02,1/18/25,3:02 PM,"Dan Dan Noodles Ⓥ🌶️🌶️ 担担面, Pork Xiao Long Bao (8) 鲜肉小笼包",Default Online Ordering,1.63,Amex,600000034780086684,70,22.99,,1,0.00,,http://www.toasttab.com/receipts/33eiUG9RSnqR9vgz4YmOIA/wHKdc9yyf97Rw
600000034781431379,Dina E,8552228111,dd.toast.orders+orders_54c2fb98-eadd-4df8-8d9a-0426e22340b1@gmail.com,CA02,1/18/25,3:26 PM,"Green Onion Pancake (1) Ⓥ 葱油饼, Pan Fried Chive Dumplings (3) 韭菜盒子, Steamed Pork Buns (4) 特色鲜肉蒸包, Pork & Crab Meat Xiao Long Bao (8) 🦐 蟹肉小笼包",Default Online Ordering,3.29,Other,600000034782299853,71,39.39,,1,0.00,,http://www.toasttab.com/receipts/33eiUG9RSnqR9vgz4YmOIA/NTzNpqtTjdrbC
600000034782575109,PickUp-Derek P,4154015616,dd.toast.orders+orders_7ec394c6-65aa-48b5-b8f7-120fcd1753be@gmail.com,CA02,1/18/25,3:31 PM,"Chicken Potstickers (6) 鸡肉锅贴, High Tail Shrimp & Pork Steamed Dumplings (6) 🦐 翘尾鲜虾蒸饺, Pork Xiao Long Bao (8) 鲜肉小笼包",Default Online Ordering,2.43,Other,600000034782681952,72,29.08,,1,0.00,,http://www.toasttab.com/receipts/33eiUG9RSnqR9vgz4YmOIA/wm9HFfJcLpRgf
,,,,CA02,1/18/25,3:35 PM,"Pork Xiao Long Bao (8) 鲜肉小笼包, Pork Wontons in Chili Sauce (6) 🌶️ 红油猪肉抄手, Five Spice Beef Shank 五香牛腱, Dan Dan Noodles Ⓥ🌶️🌶️ 担担面, Sweet & Sour Cucumber Ⓥ 🌶️ 甜辣小黄瓜, Pork & Shrimp Potstickers (6) 🦐 猪肉三鲜锅贴, Steamed Pork Buns (4) 特色鲜肉蒸包",Default Online Ordering,5.31,Visa,600000034782880665,73,72.86,,1,0.00,,http://www.toasttab.com/receipts/33eiUG9RSnqR9vgz4YmOIA/ThRMKzLmytthj
,,,,CA02,1/18/25,3:46 PM,"Pork Xiao Long Bao (8) 鲜肉小笼包, Five Spice Beef Shank 五香牛腱, Sweet & Sour Cucumber Ⓥ 🌶️ 甜辣小黄瓜, Pork Wontons in Hot & Sour Sauce (6) 🌶️ 酸辣猪肉抄手, Spicy (Ma La) Noodles 🌶️🌶️ 麻辣小面, Dan Dan Noodles Ⓥ🌶️🌶️ 担担面",Default Online Ordering,4.45,Visa,600000034783853052,74,61.12,,1,0.00,,http://www.toasttab.com/receipts/33eiUG9RSnqR9vgz4YmOIA/cR7WpXmXhncYJ
,,,,CA02,1/18/25,3:48 PM,"Chicken Xiao Long Bao (8) 鸡肉小笼包, Pan Fried Wontons with Chili Sauce (6) 红油香煎大馄饨, Dan Dan Noodles Ⓥ🌶️🌶️ 担担面, Spicy (Ma La) Noodles 🌶️🌶️ 麻辣小面, Passion Fruit Green Tea (Cold) 百香果绿茶 (冷), Passion Fruit Green Tea (Cold) 百香果绿茶 (冷), Passion Fruit Green Tea (Cold) 百香果绿茶 (冷), Add Boba 珍珠, Add Boba 珍珠",zhengyu chen,4.82,Visa,600000034784046141,75,63.72,,4,0.00,,http://www.toasttab.com/receipts/33eiUG9RSnqR9vgz4YmOIA/ngkJgC77YhzJJ
,,,,CA02,1/18/25,4:05 PM,"Beef Sandwich (1) 大嘴牛肉包 (不辣), Chicken & Vegetable Wontons in Chicken Soup 鸡汤菜肉大馄饨, Sweet & Sour Cucumber Ⓥ 🌶️ 甜辣小黄瓜, Banana Naan Bread (1) Ⓥ 香蕉飞饼, Passion Fruit Green Tea (Cold) 百香果绿茶 (冷)",Default Online Ordering,3.23,Visa,600000034784852279,76,44.42,,1,0.00,,http://www.toasttab.com/receipts/33eiUG9RSnqR9vgz4YmOIA/hsYPChjNFhxNz
,,,,CA02,1/18/25,4:07 PM,"Vegetable Steamed Dumplings (6) Ⓥ 素三鲜蒸饺, Yibin Noodles Ⓥ 🌶️ 宜宾燃面, Dan Dan Noodles Ⓥ🌶️🌶️ 担担面, Vegetable Potstickers (6) Ⓥ 素三鲜锅贴, Green Onion Pancake (1) Ⓥ 葱油饼, Pork & Crab Meat Xiao Long Bao (8) 🦐 蟹肉小笼包, Pork Wontons in Chili Sauce (6) 🌶️ 红油猪肉抄手",Default Online Ordering,5.78,Mastercard,600000034784978443,78,81.46,,1,0.00,,http://www.toasttab.com/receipts/33eiUG9RSnqR9vgz4YmOIA/LXrwRzJtzKwyH
,,,,CA02,1/18/25,4:11 PM,"Pork Xiao Long Bao (8) 鲜肉小笼包, Green Onion Pancake (1) Ⓥ 葱油饼, Pan Fried Beef Pies (2) 牛肉馅饼, Dan Dan Noodles Ⓥ🌶️🌶️ 担担面, Spicy Beef Sandwich (1) 🌶️🌶️大嘴牛肉包 (辣)",Default Online Ordering,3.35,Discover,600000034785104746,80,45.94,,1,0.00,,http://www.toasttab.com/receipts/33eiUG9RSnqR9vgz4YmOIA/hzMHtjzFcrffx
,,,,CA02,1/18/25,4:08 PM,"Pork Xiao Long Bao (8) 鲜肉小笼包, Steamed Pork Buns (4) 特色鲜肉蒸包, Pork & Crab Meat Xiao Long Bao (8) 🦐 蟹肉小笼包, Green Onion Pancake (1) Ⓥ 葱油饼",Default Online Ordering,3.11,Visa,600000034785296769,79,43.79,,1,0.00,,http://www.toasttab.com/receipts/33eiUG9RSnqR9vgz4YmOIA/jfqYgrfyhqpyx
,,,,CA02,1/18/25,4:06 PM,"Green Onion Pancake (1) Ⓥ 葱油饼, Pork Xiao Long Bao (8) 鲜肉小笼包, Pork & Shrimp Potstickers (6) 🦐 猪肉三鲜锅贴, Chicken & Vegetable Wontons in Chicken Soup 鸡汤菜肉大馄饨",zhengyu chen,2.68,Visa,600000034785467176,77,36.78,,2,0.00,,http://www.toasttab.com/receipts/33eiUG9RSnqR9vgz4YmOIA/bncXtq7wmzFC9
600000034785149694,Alex G,8552228111,dd.toast.orders+orders_5aab7cd9-70b2-4756-b000-0f60ae0d7457@gmail.com,CA02,1/18/25,4:11 PM,"Green Onion Pancake (1) Ⓥ 葱油饼, Beef Pancake Roll (1) 酱香牛肉卷饼 (不辣), Sour Plum Juice (Cold) 酸梅汁 (冷), Pan Fried Pork Buns (4) 特色鲜肉煎包, Pork Xiao Long Bao (8) 鲜肉小笼包",Default Online Ordering,8.86,Other,600000034785562574,81,106.01,,1,0.00,,http://www.toasttab.com/receipts/33eiUG9RSnqR9vgz4YmOIA/fK9LsHdpfhMwr
,,,,CA02,1/18/25,4:14 PM,"Dan Dan Noodles Ⓥ🌶️🌶️ 担担面, Chicken Steamed Dumplings (6) 鸡肉蒸饺, Vegetable Steamed Dumplings (6) Ⓥ 素三鲜蒸饺, Chicken Potstickers (6) 鸡肉锅贴, Chicken Xiao Long Bao (8) 鸡肉小笼包, Chicken & Vegetable Wontons in Chili Sauce (6) 🌶️ 红油菜肉大馄饨, Vegetarian Spicy (Ma La) Noodles Ⓥ 🌶️🌶️ 素麻辣小面, Vegetable Potstickers (6) Ⓥ 素三鲜锅贴, Diet Coke 健怡可乐",Default Online Ordering,7.97,Visa,600000034785777778,83,109.50,,1,0.00,,http://www.toasttab.com/receipts/33eiUG9RSnqR9vgz4YmOIA/hTKrPmztThLhc
,,,,CA02,1/18/25,4:14 PM,"Chicken Xiao Long Bao (8) 鸡肉小笼包, Green Onion Soy Sauce Noodles Ⓥ 葱油拌面, Dan Dan Noodles Ⓥ🌶️🌶️ 担担面, Pork Wontons in Chili Sauce (6) 🌶️ 红油猪肉抄手, Green Onion Pancake (1) Ⓥ 葱油饼, Spicy (Ma La) Noodles 🌶️🌶️ 麻辣小面, Pan Fried Pork Buns (4) 特色鲜肉煎包, Chicken Potstickers (6) 鸡肉锅贴, Pan Fried Chive Dumplings (3) 韭菜盒子",Default Online Ordering,6.37,Mastercard,600000034785786678,82,89.70,,1,0.00,,http://www.toasttab.com/receipts/33eiUG9RSnqR9vgz4YmOIA/kH7jFsPcqMtCg
,,,,CA02,1/18/25,4:16 PM,"Pan Fried Pork Buns (4) 特色鲜肉煎包, Dan Dan Noodles Ⓥ🌶️🌶️ 担担面, Pork Xiao Long Bao (8) 鲜肉小笼包, Chicken Xiao Long Bao (8) 鸡肉小笼包, Pan Fried Pork Buns (4) 特色鲜肉煎包, Chicken & Vegetable Wontons in Chili Sauce (6) 🌶️ 红油菜肉大馄饨, Passion Fruit Green Tea (Cold) 百香果绿茶 (冷), Ozeki Nigori Sake (375 ml / 12.68 fl.oz.) Best Chilled, Green Onion Pancake (1) Ⓥ 葱油饼, Milk Tea (Cold) 奶茶 (冷), Vegetable Potstickers (6) Ⓥ 素三鲜锅贴",Default Online Ordering,10.43,Visa,600000034785872169,85,147.00,,1,0.00,,http://www.toasttab.com/receipts/33eiUG9RSnqR9vgz4YmOIA/rfMMxmTfTcMP9
,,,,CA02,1/18/25,4:15 PM,"Pork Xiao Long Bao (8) 鲜肉小笼包, Pan Fried Pork Buns (4) 特色鲜肉煎包, Sweet & Sour Cucumber Ⓥ 🌶️ 甜辣小黄瓜, Pork & Shrimp Potstickers (6) 🦐 猪肉三鲜锅贴, Pan Fried Wontons with Sweet & Spicy Garlic Sauce (6) 甜辣香煎大馄饨, Dan Dan Noodles Ⓥ🌶️🌶️ 担担面",Default Online Ordering,4.55,Amex,600000034786014371,84,62.39,,1,0.00,,http://www.toasttab.com/receipts/33eiUG9RSnqR9vgz4YmOIA/9PW7mLhwPj99X
,,,,CA02,1/18/25,4:16 PM,"Pork & Crab Meat Xiao Long Bao (8) 🦐 蟹肉小笼包, Pan Fried Wontons with Chili Sauce (6) 红油香煎大馄饨, Dan Dan Noodles Ⓥ🌶️🌶️ 担担面, Cold Noodles with Sesame Dressing Ⓥ 麻酱凉面, Passion Fruit Green Tea (Cold) 百香果绿茶 (冷), Passion Fruit Green Tea (Cold) 百香果绿茶 (冷), Thai Milk Tea (Cold) 泰式奶茶 (冷), Dan Dan Noodles Ⓥ🌶️🌶️ 担担面, Cold Noodles with Sesame Dressing Ⓥ 麻酱凉面, Spicy Beef Pancake Roll (1) 🌶️🌶️ 麻辣牛肉卷饼, Pork Wontons in Hot & Sour Sauce (6) 🌶️ 酸辣猪肉抄手, Pork & Shrimp Boiled Dumplings (6) 🦐 猪肉三鲜水饺",xiaoli zheng,8.28,Visa,600000034786265872,86,113.83,,4,0.00,,http://www.toasttab.com/receipts/33eiUG9RSnqR9vgz4YmOIA/jkLbpnCtdzwgw
,,,,CA02,1/18/25,4:20 PM,"Dan Dan Noodles Ⓥ🌶️🌶️ 担担面, Pork Xiao Long Bao (8) 鲜肉小笼包, Sweet & Sour Cucumber Ⓥ 🌶️ 甜辣小黄瓜, Pork & Shrimp Potstickers (6) 🦐 猪肉三鲜锅贴, Pork Wontons in Chili Sauce (6) 🌶️ 红油猪肉抄手, Braised Pig Ears 🌶️ 凉拌猪耳, Pan Fried Chive Dumplings (3) 韭菜盒子, High Tail Shrimp & Pork Steamed Dumplings (6) 🦐 翘尾鲜虾蒸饺, Coke 可乐, Coke 可乐, Ozeki Nigori Sake (375 ml / 12.68 fl.oz.) Best Chilled, Pork Wontons in Chili Sauce (6) 🌶️ 红油猪肉抄手",Default Online Ordering,8.04,Amex,600000034786335210,87,110.22,,1,0.00,,http://www.toasttab.com/receipts/33eiUG9RSnqR9vgz4YmOIA/NMkcbFbxWWhjz
,,,,CA02,1/18/25,4:23 PM,"Chicken Xiao Long Bao (8) 鸡肉小笼包, Chicken Potstickers (6) 鸡肉锅贴, Thai Milk Tea (Cold) 泰式奶茶 (冷), Beef-Stew Noodles 🌶️ 秘制牛肉小面, Beef Potstickers (6) 牛肉锅贴, Sweet & Sour Cucumber Ⓥ 🌶️ 甜辣小黄瓜, Chicken & Vegetable Wontons in Chili Sauce (6) 🌶️ 红油菜肉大馄饨, Pan Fried Beef Pies (2) 牛肉馅饼, Pork & Crab Meat Xiao Long Bao (8) 🦐 蟹肉小笼包",Default Online Ordering,6.43,Visa,600000034786459275,89,76.68,,1,0.00,,http://www.toasttab.com/receipts/33eiUG9RSnqR9vgz4YmOIA/KLXFwJcyrXg7Y
,,,,CA02,1/18/25,4:22 PM,"Pork & Crab Meat Xiao Long Bao (8) 🦐 蟹肉小笼包, Pan Fried Pork Buns (4) 特色鲜肉煎包, Braised Pig Ears 🌶️ 凉拌猪耳, Spicy (Ma La) Noodles 🌶️🌶️ 麻辣小面, Zha Jiang Mian 京味炸酱面",zhengyu chen,5.37,Visa,600000034786690864,88,72.00,,4,0.00,,http://www.toasttab.com/receipts/33eiUG9RSnqR9vgz4YmOIA/hK9yPKXnfjdtX
,,,,CA02,1/18/25,4:25 PM,"Sweet & Sour Cucumber Ⓥ 🌶️ 甜辣小黄瓜, Beef Pancake Roll (1) 酱香牛肉卷饼 (不辣), Pork Xiao Long Bao (8) 鲜肉小笼包, Shrimp & Zucchini Steamed Dumplings (6) 🦐 青瓜鲜虾蒸饺, Chicken & Vegetable Wontons in Chili Sauce (6) 🌶️ 红油菜肉大馄饨, Beef-Stew Noodles 🌶️ 秘制牛肉小面, Coke 可乐, Sapporo, Hot & Sour Glass Noodles 🌶️🌶️ 酸辣粉, Steamed Pork Buns (4) 特色鲜肉蒸包",Default Online Ordering,7.04,Visa,600000034786917453,90,84.09,,1,0.00,,http://www.toasttab.com/receipts/33eiUG9RSnqR9vgz4YmOIA/KRPcmf7HNTMCL
,,,,CA02,1/18/25,4:44 PM,"Sweet & Sour Cucumber Ⓥ 🌶️ 甜辣小黄瓜, Vegetable Potstickers (6) Ⓥ 素三鲜锅贴, Vegetarian Spicy (Ma La) Noodles Ⓥ 🌶️🌶️ 素麻辣小面, Chicken Xiao Long Bao (8) 鸡肉小笼包, Thai Milk Tea (Cold) 泰式奶茶 (冷), Add Boba 珍珠",Default Online Ordering,3.60,Visa,600000034788031481,91,45.00,,1,0.00,,http://www.toasttab.com/receipts/33eiUG9RSnqR9vgz4YmOIA/bjXmsmrXyWMkz
,,,,CA02,1/18/25,4:47 PM,"Chicken Xiao Long Bao (8) 鸡肉小笼包, Green Onion Soy Sauce Noodles Ⓥ 葱油拌面, Pork & Crab Meat Xiao Long Bao (8) 🦐 蟹肉小笼包, Pan Fried Wontons with Chili Sauce (6) 红油香煎大馄饨",Default Online Ordering,3.21,Visa,600000034788220383,92,38.31,,1,0.00,,http://www.toasttab.com/receipts/33eiUG9RSnqR9vgz4YmOIA/pCjtzP7NtXsKw
,,,,CA02,1/18/25,4:50 PM,"Chicken Xiao Long Bao (8) 鸡肉小笼包, Vegetable Potstickers (6) Ⓥ 素三鲜锅贴, Pan Fried Wontons with Sweet & Spicy Garlic Sauce (6) 甜辣香煎大馄饨, Green Onion Pancake (1) Ⓥ 葱油饼, Passion Fruit Green Tea (Cold) 百香果绿茶 (冷)",Default Online Ordering,3.72,Visa,600000034788551478,93,54.07,,1,0.00,,http://www.toasttab.com/receipts/33eiUG9RSnqR9vgz4YmOIA/tfsjWwC9LTtFM
,,,,CA02,1/18/25,5:03 PM,"Green Onion Pancake (1) Ⓥ 葱油饼, Chicken Xiao Long Bao (8) 鸡肉小笼包, Dan Dan Noodles Ⓥ🌶️🌶️ 担担面, Beef Sandwich (1) 大嘴牛肉包 (不辣), Chicken Potstickers (6) 鸡肉锅贴, Pan Fried Pork Buns (4) 特色鲜肉煎包",Default Online Ordering,4.26,Visa,600000034789152299,94,58.43,,1,0.00,,http://www.toasttab.com/receipts/33eiUG9RSnqR9vgz4YmOIA/TpmkTRFPbfWsK
,,,,CA02,1/18/25,5:05 PM,"Chicken Xiao Long Bao (8) 鸡肉小笼包, Green Onion Soy Sauce Noodles Ⓥ 葱油拌面, Beef Potstickers (6) 牛肉锅贴",Default Online Ordering,2.30,Visa,600000034789291696,95,29.45,,1,0.00,,http://www.toasttab.com/receipts/33eiUG9RSnqR9vgz4YmOIA/9cwtcN7Yscwjp
,,,,CA02,1/18/25,5:09 PM,"Pork Xiao Long Bao (8) 鲜肉小笼包, Pan Fried Pork Buns (4) 特色鲜肉煎包",Default Online Ordering,1.82,Mastercard,600000034789742088,96,24.98,,1,0.00,,http://www.toasttab.com/receipts/33eiUG9RSnqR9vgz4YmOIA/pfjfTXpJYshNX
,,,,CA02,1/18/25,5:12 PM,"Pork Xiao Long Bao (8) 鲜肉小笼包, Pan Fried Pork Buns (4) 特色鲜肉煎包, Pork Wontons in Chili Sauce (6) 🌶️ 红油猪肉抄手, Green Onion Soy Sauce Noodles Ⓥ 葱油拌面, Pork Wontons in Chili Sauce (6) 🌶️ 红油猪肉抄手, Pan Fried Pork Buns (4) 特色鲜肉煎包",Default Online Ordering,6.83,Visa,600000034790382664,97,96.38,,1,0.00,,http://www.toasttab.com/receipts/33eiUG9RSnqR9vgz4YmOIA/CnhYCCY9yrkjk
600000034790292298,PickUp-Carolyn C,3109487907,dd.toast.orders+orders_45694d7d-d312-4fbb-a5d6-d6416295dc02@gmail.com,CA02,1/18/25,5:20 PM,"Pan Fried Beef Pies (2) 牛肉馅饼, Pan Fried Chive Dumplings (3) 韭菜盒子, Pan Fried Pork Buns (4) 特色鲜肉煎包, Pork Xiao Long Bao (8) 鲜肉小笼包",Default Online Ordering,4.96,Other,600000034791003064,98,64.80,,1,0.00,,http://www.toasttab.com/receipts/33eiUG9RSnqR9vgz4YmOIA/wFpWzwcyJXmfH
,,,,CA02,1/18/25,5:31 PM,"Zha Jiang Mian 京味炸酱面, Hot & Sour Glass Noodles 🌶️🌶️ 酸辣粉, Pan Fried Pork Buns (4) 特色鲜肉煎包",Default Online Ordering,2.35,Visa,600000034791445324,101,32.32,,1,0.00,,http://www.toasttab.com/receipts/33eiUG9RSnqR9vgz4YmOIA/Mf9FKNPcXYbJp
,,,,CA02,1/18/25,5:28 PM,"Pan Fried Pork Buns (4) 特色鲜肉煎包, Pork Xiao Long Bao (8) 鲜肉小笼包, Dan Dan Noodles Ⓥ🌶️🌶️ 担担面, Sapporo, High Tail Shrimp & Pork Steamed Dumplings (6) 🦐 翘尾鲜虾蒸饺, Green Onion Pancake (1) Ⓥ 葱油饼, Pan Fried Pork Buns (4) 特色鲜肉煎包",Default Online Ordering,7.10,Mastercard,600000034791593715,100,101.76,,1,0.00,,http://www.toasttab.com/receipts/33eiUG9RSnqR9vgz4YmOIA/LjdMXrpNPXptJ
600000034790992627,PickUp-Vanessa H,2026699613,dd.toast.orders+orders_e35dee47-2e7f-4342-b02e-9778feb0c0e3@gmail.com,CA02,1/18/25,5:27 PM,"Chicken Potstickers (6) 鸡肉锅贴, Shrimp & Zucchini Steamed Dumplings (6) 🦐 青瓜鲜虾蒸饺, Green Onion Soy Sauce Noodles Ⓥ 葱油拌面, Steamed Pork Buns (4) 特色鲜肉蒸包, Pork Xiao Long Bao (8) 鲜肉小笼包",Default Online Ordering,3.96,Other,600000034791689802,99,53.92,,1,0.00,,http://www.toasttab.com/receipts/33eiUG9RSnqR9vgz4YmOIA/dqTktMzFNtJhP
,,,,CA02,1/18/25,5:35 PM,"Pork Xiao Long Bao (8) 鲜肉小笼包, Green Onion Pancake (1) Ⓥ 葱油饼, Steamed Pork Buns (4) 特色鲜肉蒸包, Pork & Shrimp Potstickers (6) 🦐 猪肉三鲜锅贴, Green Onion Soy Sauce Noodles Ⓥ 葱油拌面, Jasmine Tea (Hot) 茉莉花茶 (热), Sweet & Sour Cucumber Ⓥ 🌶️ 甜辣小黄瓜",Default Online Ordering,4.76,Visa,600000034791713591,102,68.17,,1,0.00,,http://www.toasttab.com/receipts/33eiUG9RSnqR9vgz4YmOIA/qLhfKLkd9MjPm
,,,,CA02,1/18/25,5:37 PM,"Pork Xiao Long Bao (8) 鲜肉小笼包, Beef Steamed Dumplings (6) 牛肉蒸饺, Five Spice Beef Shank 五香牛腱, Sweet & Sour Cucumber Ⓥ 🌶️ 甜辣小黄瓜",Default Online Ordering,3.92,Visa,600000034791832982,103,53.79,,1,0.00,,http://www.toasttab.com/receipts/33eiUG9RSnqR9vgz4YmOIA/MK7HCNPkrnk9M
600000034791734986,Shubham J,8552228111,dd.toast.orders+orders_609871b3-afb9-4601-9368-5c88b23179cf@gmail.com,CA02,1/18/25,5:42 PM,"Chicken Steamed Dumplings (6) 鸡肉蒸饺, Dan Dan Noodles Ⓥ🌶️🌶️ 担担面",Default Online Ordering,1.60,Other,600000034791852048,106,19.10,,1,0.00,,http://www.toasttab.com/receipts/33eiUG9RSnqR9vgz4YmOIA/THcCR7NMKdytJ
600000034792572450,PickUp-Marvin W,4088969196,dd.toast.orders+orders_1968c2fe-a1c1-43d3-80d9-9df58a1c2768@gmail.com,CA02,1/18/25,5:39 PM,"Chicken Potstickers (6) 鸡肉锅贴, Pork Wontons in Chili Sauce (6) 🌶️ 红油猪肉抄手, Dan Dan Noodles Ⓥ🌶️🌶️ 担担面, Pan Fried Pork Buns (4) 特色鲜肉煎包",Default Online Ordering,3.87,Other,600000034792050832,105,46.27,,1,0.00,,http://www.toasttab.com/receipts/33eiUG9RSnqR9vgz4YmOIA/qzyzfPmHkjkTF
600000034792259811,PickUp-Norman Y,8552228111,dd.toast.orders+orders_b03209c8-ab8e-4b7a-a648-d2f3f3e22d70@gmail.com,CA02,1/18/25,5:38 PM,"Green Onion Pancake (1) Ⓥ 葱油饼, Chicken Potstickers (6) 鸡肉锅贴, Pork Wontons in Chili Sauce (6) 🌶️ 红油猪肉抄手, Beef-Stew Noodles 🌶️ 秘制牛肉小面, Pork Xiao Long Bao (8) 鲜肉小笼包",Default Online Ordering,3.34,Other,600000034792468553,104,39.94,,1,0.00,,http://www.toasttab.com/receipts/33eiUG9RSnqR9vgz4YmOIA/pmxsyjmK7YTqz
,,,,CA02,1/18/25,5:45 PM,"Dan Dan Noodles Ⓥ🌶️🌶️ 担担面, Pork Xiao Long Bao (8) 鲜肉小笼包, Chicken Potstickers (6) 鸡肉锅贴, Pork & Shrimp Potstickers (6) 🦐 猪肉三鲜锅贴, Shrimp & Zucchini Steamed Dumplings (6) 🦐 青瓜鲜虾蒸饺, Banana Naan Bread (1) Ⓥ 香蕉飞饼, Yibin Noodles Ⓥ 🌶️ 宜宾燃面, Braised Pig Ears 🌶️ 凉拌猪耳",Default Online Ordering,6.41,Amex,600000034792580086,108,88.16,,1,0.00,,http://www.toasttab.com/receipts/33eiUG9RSnqR9vgz4YmOIA/cLwLHCpYftXdq
600000001651359310,Kavya Varkey,4255912031,kavarkey@hotmail.com,CA02,1/18/25,5:43 PM,"Dan Dan Noodles Ⓥ🌶️🌶️ 担担面, Chicken Xiao Long Bao (8) 鸡肉小笼包, Sweet & Sour Cucumber Ⓥ 🌶️ 甜辣小黄瓜",Default Online Ordering,3.02,Mastercard,600000034792753757,107,43.29,,1,0.00,,http://www.toasttab.com/receipts/33eiUG9RSnqR9vgz4YmOIA/C7xqgWHPPNcLw
,,,,CA02,1/18/25,5:46 PM,"Tsingtao, Jasmine Tea (Hot) 茉莉花茶 (热), Sapporo, Green Onion Soy Sauce Noodles Ⓥ 葱油拌面, Chicken Xiao Long Bao (8) 鸡肉小笼包, Pork Xiao Long Bao (8) 鲜肉小笼包, Green Onion Pancake (1) Ⓥ 葱油饼, Chicken Xiao Long Bao (8) 鸡肉小笼包, Tsingtao, Dan Dan Noodles Ⓥ🌶️🌶️ 担担面, Chicken Potstickers (6) 鸡肉锅贴",Default Online Ordering,8.69,Amex,600000034792922560,109,126.62,,1,0.00,,http://www.toasttab.com/receipts/33eiUG9RSnqR9vgz4YmOIA/Fn7pCJz9mYTPj
,,,,CA02,1/18/25,5:49 PM,"Pork Xiao Long Bao (8) 鲜肉小笼包, Pan Fried Pork Buns (4) 特色鲜肉煎包, Green Onion Pancake (1) Ⓥ 葱油饼, Pan Fried Chive Dumplings (3) 韭菜盒子, Chicken Potstickers (6) 鸡肉锅贴, Pork & Shrimp Potstickers (6) 🦐 猪肉三鲜锅贴, Broccoli with Seafood Sauce 蚝油西兰花, Green Onion Soy Sauce Noodles Ⓥ 葱油拌面, Sweet & Sour Cucumber Ⓥ 🌶️ 甜辣小黄瓜, Kale Salad with Sesame Dressing Ⓥ 麻酱羽衣甘蓝沙拉",Default Online Ordering,6.94,Visa,600000034793230708,110,99.23,,1,0.00,,http://www.toasttab.com/receipts/33eiUG9RSnqR9vgz4YmOIA/NWpxpKC7tLFyz
600000034793818504,PickUp-Mitchelle D,6615757652,dd.toast.orders+orders_ab6c9fc1-c683-4722-a159-74d4a3b63da3@gmail.com,CA02,1/18/25,5:58 PM,"High Tail Shrimp & Pork Steamed Dumplings (6) 🦐 翘尾鲜虾蒸饺, Pork Xiao Long Bao (8) 鲜肉小笼包",Default Online Ordering,1.77,Other,600000034793318486,112,21.12,,1,0.00,,http://www.toasttab.com/receipts/33eiUG9RSnqR9vgz4YmOIA/wtFdmnzygqkw7
,,,,CA02,1/18/25,5:56 PM,"Green Onion Pancake (1) Ⓥ 葱油饼, Pan Fried Pork Buns (4) 特色鲜肉煎包, Chicken Xiao Long Bao (8) 鸡肉小笼包",Default Online Ordering,2.20,Mastercard,600000034793630960,111,30.97,,1,0.00,,http://www.toasttab.com/receipts/33eiUG9RSnqR9vgz4YmOIA/W9cNkgYHsWqHb
600000034793703672,PickUp-Yuna S,6505461522,dd.toast.orders+orders_4f9fb258-e93f-4368-9c50-3f31acc401f1@gmail.com,CA02,1/18/25,6:03 PM,Pork Wontons in Chili Sauce (6) 🌶️ 红油猪肉抄手,Default Online Ordering,1.33,Other,600000034793741821,114,15.93,,1,0.00,,http://www.toasttab.com/receipts/33eiUG9RSnqR9vgz4YmOIA/NHqkgpq9F7rCf
,,,,CA02,1/18/25,6:03 PM,"Pork Xiao Long Bao (8) 鲜肉小笼包, Green Onion Pancake (1) Ⓥ 葱油饼, Pork & Shrimp Potstickers (6) 🦐 猪肉三鲜锅贴, Sweet & Sour Cucumber Ⓥ 🌶️ 甜辣小黄瓜, Green Onion Soy Sauce Noodles Ⓥ 葱油拌面",Default Online Ordering,3.35,Visa,600000034793897173,115,47.94,,1,0.00,,http://www.toasttab.com/receipts/33eiUG9RSnqR9vgz4YmOIA/bTgTgwHjNwTqq
,,,,CA02,1/18/25,6:10 PM,"Pork Xiao Long Bao (8) 鲜肉小笼包, Green Onion Pancake (1) Ⓥ 葱油饼, Pan Fried Pork Buns (4) 特色鲜肉煎包, Dan Dan Noodles Ⓥ🌶️🌶️ 担担面, Broccoli with Seafood Sauce 蚝油西兰花, Banana Naan Bread (1) Ⓥ 香蕉飞饼",Default Online Ordering,4.22,Amex,600000034793992293,119,57.98,,1,0.00,,http://www.toasttab.com/receipts/33eiUG9RSnqR9vgz4YmOIA/Czp7NTYdyFjxn
,,,,CA02,1/18/25,6:04 PM,"Pork & Crab Meat Xiao Long Bao (8) 🦐 蟹肉小笼包, Sweet & Sour Cucumber Ⓥ 🌶️ 甜辣小黄瓜, Zha Jiang Mian 京味炸酱面, Five Spice Beef Shank 五香牛腱",Default Online Ordering,3.97,Visa,600000034794025317,117,54.53,,1,0.00,,http://www.toasttab.com/receipts/33eiUG9RSnqR9vgz4YmOIA/wxwLw9ffLJtXy
,,,,CA02,1/18/25,6:04 PM,"Pork Xiao Long Bao (8) 鲜肉小笼包, Green Onion Pancake (1) Ⓥ 葱油饼, Chicken Potstickers (6) 鸡肉锅贴, Dan Dan Noodles Ⓥ🌶️🌶️ 担担面",Default Online Ordering,2.68,Visa,600000034794033419,116,36.78,,1,0.00,,http://www.toasttab.com/receipts/33eiUG9RSnqR9vgz4YmOIA/LfhKWbFFMbwbh
,,,,CA02,1/18/25,6:03 PM,"Steamed Pork Buns (4) 特色鲜肉蒸包, Pork Wontons in Chili Sauce (6) 🌶️ 红油猪肉抄手, Pork Wontons in Chili Sauce (6) 🌶️ 红油猪肉抄手, Cold Noodles with Sesame Dressing Ⓥ 麻酱凉面",Yafang Chen,2.97,Mastercard,600000034794177645,113,40.02,,2,0.00,,http://www.toasttab.com/receipts/33eiUG9RSnqR9vgz4YmOIA/fTKfFjWfLxJjr
,,,,CA02,1/18/25,6:10 PM,"Pork & Crab Meat Xiao Long Bao (8) 🦐 蟹肉小笼包, Pan Fried Pork Buns (4) 特色鲜肉煎包, Green Onion Pancake (1) Ⓥ 葱油饼, Chicken & Vegetable Wontons in Chicken Soup 鸡汤菜肉大馄饨, Sweet & Sour Cucumber Ⓥ 🌶️ 甜辣小黄瓜",Default Online Ordering,3.59,Amex,600000034794197881,118,50.55,,1,0.00,,http://www.toasttab.com/receipts/33eiUG9RSnqR9vgz4YmOIA/KJd9MbWLHfJ9q
,,,,CA02,1/18/25,6:11 PM,"Pork Xiao Long Bao (8) 鲜肉小笼包, Dan Dan Noodles Ⓥ🌶️🌶️ 担担面, Pork & Shrimp Potstickers (6) 🦐 猪肉三鲜锅贴, Sweet & Sour Cucumber Ⓥ 🌶️ 甜辣小黄瓜, Pork Wontons in Chili Sauce (6) 🌶️ 红油猪肉抄手, Sapporo, Sapporo",Default Online Ordering,6.02,Visa,600000034794241979,120,83.61,,1,0.00,,http://www.toasttab.com/receipts/33eiUG9RSnqR9vgz4YmOIA/YqTg7mgbszcHC
,,,,CA02,1/18/25,6:13 PM,"Pork Xiao Long Bao (8) 鲜肉小笼包, Beef-Stew Noodle Soup 🌶️ 秘制牛肉汤面",Default Online Ordering,2.73,Visa,600000034794542123,122,37.47,,1,0.00,,http://www.toasttab.com/receipts/33eiUG9RSnqR9vgz4YmOIA/bqNm7nFgMNYLb
,,,,CA02,1/18/25,6:12 PM,"Pork Xiao Long Bao (8) 鲜肉小笼包, Pork & Crab Meat Xiao Long Bao (8) 🦐 蟹肉小笼包, Pan Fried Pork Buns (4) 特色鲜肉煎包, Beef-Stew Noodle Soup 🌶️ 秘制牛肉汤面, Zha Jiang Mian 京味炸酱面",Dough Zone 02,4.36,Visa,600000034794773638,121,59.87,,2,0.00,,http://www.toasttab.com/receipts/33eiUG9RSnqR9vgz4YmOIA/NKMLfTfgpLmMn
,,,,CA02,1/18/25,6:23 PM,"Beef Sandwich (1) 大嘴牛肉包 (不辣), Dan Dan Noodles Ⓥ🌶️🌶️ 担担面, Pork Xiao Long Bao (8) 鲜肉小笼包, Kale Salad with Sesame Dressing Ⓥ 麻酱羽衣甘蓝沙拉",Default Online Ordering,2.97,Visa,600000034794877517,124,40.73,,1,0.00,,http://www.toasttab.com/receipts/33eiUG9RSnqR9vgz4YmOIA/bdp7pjtKNygrJ
,,,,CA02,1/18/25,6:15 PM,"Beef Sandwich (1) 大嘴牛肉包 (不辣), Pork Xiao Long Bao (8) 鲜肉小笼包, Steamed Pork Buns (4) 特色鲜肉蒸包, Sweet & Sour Cucumber Ⓥ 🌶️ 甜辣小黄瓜, Chicken Steamed Dumplings (6) 鸡肉蒸饺, Diet Coke 健怡可乐, Milk Tea (Cold) 奶茶 (冷)",Default Online Ordering,4.60,Visa,600000034794921053,123,54.85,,1,0.00,,http://www.toasttab.com/receipts/33eiUG9RSnqR9vgz4YmOIA/WJbfXkpzpRH9w
600000034794983993,PickUp-Robert R,2096761669,dd.toast.orders+orders_60aac6f0-c205-4913-8b81-2fd6118b478e@gmail.com,CA02,1/18/25,6:36 PM,"Chicken & Vegetable Wontons in Hot & Sour Sauce (6) 🌶️ 酸辣菜肉大馄饨, Green Onion Soy Sauce Noodles Ⓥ 葱油拌面, Chicken Xiao Long Bao (8) 鸡肉小笼包",Default Online Ordering,2.29,Other,600000034795194091,132,27.44,,1,0.00,,http://www.toasttab.com/receipts/33eiUG9RSnqR9vgz4YmOIA/CphpdqtrnFJyX
,,,,CA02,1/18/25,6:39 PM,"Chicken Potstickers (6) 鸡肉锅贴, Pork Wontons in Chili Sauce (6) 🌶️ 红油猪肉抄手, Yibin Noodles Ⓥ 🌶️ 宜宾燃面, Pork Xiao Long Bao (8) 鲜肉小笼包, Sweet & Sour Cucumber Ⓥ 🌶️ 甜辣小黄瓜, Beef Pancake Roll (1) 酱香牛肉卷饼 (不辣), Minced Chicken Noodles 🌶️ 鸡肉肉燥小面",Default Online Ordering,5.22,Visa,600000034795622041,135,71.61,,1,0.00,,http://www.toasttab.com/receipts/33eiUG9RSnqR9vgz4YmOIA/MCjYYydLWxsss
,,,,CA02,1/18/25,6:30 PM,"Green Onion Pancake (1) Ⓥ 葱油饼, Sweet & Sour Cucumber Ⓥ 🌶️ 甜辣小黄瓜, Pork Xiao Long Bao (8) 鲜肉小笼包, Chicken Potstickers (6) 鸡肉锅贴, Beef-Stew Noodles 🌶️ 秘制牛肉小面",Default Online Ordering,3.35,Amex,600000034795672110,126,45.94,,1,0.00,,http://www.toasttab.com/receipts/33eiUG9RSnqR9vgz4YmOIA/fhwnTtRfPjRNJ
600000014782693135,Patrick Comparan,4085518225,p.comparan95@hotmail.com,CA02,1/18/25,6:36 PM,"Pork Xiao Long Bao (8) 鲜肉小笼包, Dan Dan Noodles Ⓥ🌶️🌶️ 担担面, Spicy Beef Sandwich (1) 🌶️🌶️大嘴牛肉包 (辣), Shrimp & Zucchini Steamed Dumplings (6) 🦐 青瓜鲜虾蒸饺, Pan Fried Wontons with Sweet & Spicy Garlic Sauce (6) 甜辣香煎大馄饨",Default Online Ordering,4.45,Visa,600000034795829825,131,61.12,,1,0.00,,http://www.toasttab.com/receipts/33eiUG9RSnqR9vgz4YmOIA/kh7jMMNgcckWz
,,,,CA02,1/18/25,6:29 PM,"Pan Fried Pork Buns (4) 特色鲜肉煎包, Pan Fried Pork Buns (4) 特色鲜肉煎包, Sweet & Sour Cucumber Ⓥ 🌶️ 甜辣小黄瓜",Yafang Chen,2.49,Mastercard,600000034795831656,125,34.89,,2,0.00,,http://www.toasttab.com/receipts/33eiUG9RSnqR9vgz4YmOIA/PtWbkqJ7hFPJK
,,,,CA02,1/18/25,6:33 PM,"Pork Xiao Long Bao (8) 鲜肉小笼包, Green Onion Pancake (1) Ⓥ 葱油饼, Pork Wontons in Chili Sauce (6) 🌶️ 红油猪肉抄手, Dan Dan Noodles Ⓥ🌶️🌶️ 担担面",Default Online Ordering,2.68,Mastercard,600000034795931108,128,35.00,,1,0.00,,http://www.toasttab.com/receipts/33eiUG9RSnqR9vgz4YmOIA/xr77nqpztP7jc
,,,,CA02,1/18/25,6:34 PM,"Steamed Pork Buns (4) 特色鲜肉蒸包, Steamed Pork Buns (4) 特色鲜肉蒸包, Beef Sandwich (1) 大嘴牛肉包 (不辣)",Dough Zone 02,2.49,Mastercard,600000034796078114,129,29.69,,1,0.00,,http://www.toasttab.com/receipts/33eiUG9RSnqR9vgz4YmOIA/PpdxXktL9ydWH
600000034796002404,Makel Cardholder,4085078237,,CA02,1/18/25,6:34 PM,"Spicy Beef Pancake Roll (1) 🌶️🌶️ 麻辣牛肉卷饼, Beef Pancake Roll (1) 酱香牛肉卷饼 (不辣), Pan Fried Chive Dumplings (3) 韭菜盒子, Beef Sandwich (1) 大嘴牛肉包 (不辣), Yibin Noodles Ⓥ 🌶️ 宜宾燃面, High Tail Shrimp & Pork Steamed Dumplings (6) 🦐 翘尾鲜虾蒸饺, Chicken Potstickers (6) 鸡肉锅贴, Pork Xiao Long Bao (8) 鲜肉小笼包, Pork Xiao Long Bao (8) 鲜肉小笼包, Beef-Stew Noodles 🌶️ 秘制牛肉小面, Beef-Stew Noodles 🌶️ 秘制牛肉小面, Beef-Stew Noodles 🌶️ 秘制牛肉小面",Yafang Chen,9.29,Visa,600000034796115924,127,110.89,,1,0.00,,http://www.toasttab.com/receipts/33eiUG9RSnqR9vgz4YmOIA/NfFjgrkRPPdqb
,,,,CA02,1/18/25,6:36 PM,"Green Onion Pancake (1) Ⓥ 葱油饼, Pork Xiao Long Bao (8) 鲜肉小笼包, Pan Fried Pork Buns (4) 特色鲜肉煎包, Pork & Shrimp Potstickers (6) 🦐 猪肉三鲜锅贴, Pan Fried Wontons with Chili Sauce (6) 红油香煎大馄饨, Kale Salad with Sesame Dressing Ⓥ 麻酱羽衣甘蓝沙拉, Yibin Noodles Ⓥ 🌶️ 宜宾燃面",Yafang Chen,4.93,Mastercard,600000034796227521,133,67.60,,4,0.00,,http://www.toasttab.com/receipts/33eiUG9RSnqR9vgz4YmOIA/pzzyymtHYdqbd
,,,,CA02,1/18/25,6:42 PM,Beef-Stew Noodles 🌶️ 秘制牛肉小面,Default Online Ordering,0.72,Visa,600000034796251012,136,9.91,,1,0.00,,http://www.toasttab.com/receipts/33eiUG9RSnqR9vgz4YmOIA/yRkyYNTJjdCxg
,,,,CA02,1/18/25,6:37 PM,"Pork Xiao Long Bao (8) 鲜肉小笼包, Hot & Sour Glass Noodles 🌶️🌶️ 酸辣粉, Pork Wontons in Chili Sauce (6) 🌶️ 红油猪肉抄手, Pan Fried Chive Dumplings (3) 韭菜盒子, Beef-Stew Noodle Soup 🌶️ 秘制牛肉汤面, Sweet & Sour Cucumber Ⓥ 🌶️ 甜辣小黄瓜",Default Online Ordering,4.55,Visa,600000034796267502,134,62.39,,1,0.00,,http://www.toasttab.com/receipts/33eiUG9RSnqR9vgz4YmOIA/mRMjWchx7mMmK
600000034796224538,PickUp-Raghav K,8552228111,dd.toast.orders+orders_bd1d46d1-a645-404b-90f6-e0e6a3108ac2@gmail.com,CA02,1/18/25,6:57 PM,Chicken Steamed Dumplings (6) 鸡肉蒸饺,Default Online Ordering,2.00,Other,600000034796444549,143,23.90,,1,0.00,,http://www.toasttab.com/receipts/33eiUG9RSnqR9vgz4YmOIA/XpcptJYkcLtkR
,,,,CA02,1/18/25,6:42 PM,"Pork Xiao Long Bao (8) 鲜肉小笼包, Pork & Crab Meat Xiao Long Bao (8) 🦐 蟹肉小笼包, Dan Dan Noodles Ⓥ🌶️🌶️ 担担面, Green Onion Pancake (1) Ⓥ 葱油饼, Sweet & Sour Cucumber Ⓥ 🌶️ 甜辣小黄瓜, Chicken Steamed Dumplings (6) 鸡肉蒸饺, Banana Naan Bread (1) Ⓥ 香蕉飞饼",Default Online Ordering,4.89,Visa,600000034796485502,137,67.15,,1,0.00,,http://www.toasttab.com/receipts/33eiUG9RSnqR9vgz4YmOIA/wTYqtCFNpTbmH
,,,,CA02,1/18/25,6:57 PM,"Sweet & Sour Cucumber Ⓥ 🌶️ 甜辣小黄瓜, Chicken Xiao Long Bao (8) 鸡肉小笼包, Steamed Pork Buns (4) 特色鲜肉蒸包, Dan Dan Noodles Ⓥ🌶️🌶️ 担担面, Pork Wontons in Chili Sauce (6) 🌶️ 红油猪肉抄手",Default Online Ordering,3.88,Visa,600000034796671138,144,55.54,,1,0.00,,http://www.toasttab.com/receipts/33eiUG9RSnqR9vgz4YmOIA/7RC7LsLtTKYxy
600000034795909838,Mariah C,8552228111,dd.toast.orders+orders_9305a7a9-7aeb-46cc-b949-decf39feb6e4@gmail.com,CA02,1/18/25,6:50 PM,"Kale Salad with Sesame Dressing Ⓥ 麻酱羽衣甘蓝沙拉, Pork Wontons in Chili Sauce (6) 🌶️ 红油猪肉抄手, Chicken Steamed Dumplings (6) 鸡肉蒸饺, Dan Dan Noodles Ⓥ🌶️🌶️ 担担面, Beef-Stew Noodles 🌶️ 秘制牛肉小面, Pork Xiao Long Bao (8) 鲜肉小笼包",Default Online Ordering,4.55,Other,600000034796671165,139,59.40,,1,0.00,,http://www.toasttab.com/receipts/33eiUG9RSnqR9vgz4YmOIA/spPXzLwwzNTsh
,,,,CA02,1/18/25,6:59 PM,"Green Onion Soy Sauce Noodles Ⓥ 葱油拌面, Steamed Pork Buns (4) 特色鲜肉蒸包, Chicken Xiao Long Bao (8) 鸡肉小笼包, Green Onion Pancake (1) Ⓥ 葱油饼, Jasmine Tea (Hot) 茉莉花茶 (热)",Default Online Ordering,3.42,Visa,600000034796754190,145,48.23,,1,0.00,,http://www.toasttab.com/receipts/33eiUG9RSnqR9vgz4YmOIA/NN9qNWzRqpMTN
,,,,CA02,1/18/25,6:47 PM,"Green Onion Pancake (1) Ⓥ 葱油饼, Vegetable Potstickers (6) Ⓥ 素三鲜锅贴, Vegetable Steamed Dumplings (6) Ⓥ 素三鲜蒸饺, Yibin Noodles Ⓥ 🌶️ 宜宾燃面, Vegetable Steamed Dumplings (6) Ⓥ 素三鲜蒸饺, Dan Dan Noodles Ⓥ🌶️🌶️ 担担面, Green Onion Pancake (1) Ⓥ 葱油饼",Yafang Chen,4.21,Visa,600000034796820038,138,50.21,,4,0.00,,http://www.toasttab.com/receipts/33eiUG9RSnqR9vgz4YmOIA/xfwgNPhhbkssj
,,,,CA02,1/18/25,7:00 PM,"Pork & Crab Meat Xiao Long Bao (8) 🦐 蟹肉小笼包, Green Onion Pancake (1) Ⓥ 葱油饼, Shrimp & Zucchini Steamed Dumplings (6) 🦐 青瓜鲜虾蒸饺, Kale Salad with Sweet & Spicy Garlic Dressing Ⓥ 🌶️ 甜辣羽衣甘蓝沙拉, Five Spice Beef Shank 五香牛腱, Shrimp & Zucchini Steamed Dumplings (6) 🦐 青瓜鲜虾蒸饺",Default Online Ordering,5.15,Mastercard,600000034796924093,148,67.55,,1,0.00,,http://www.toasttab.com/receipts/33eiUG9RSnqR9vgz4YmOIA/rRTPwRNjLtszq
,,,,CA02,1/18/25,6:51 PM,"Chicken Steamed Dumplings (6) 鸡肉蒸饺, Pan Fried Wontons with Sweet & Spicy Garlic Sauce (6) 甜辣香煎大馄饨, Chicken & Vegetable Wontons in Chicken Soup 鸡汤菜肉大馄饨, Dan Dan Noodles Ⓥ🌶️🌶️ 担担面, Beef-Stew Noodles 🌶️ 秘制牛肉小面",zhengyu chen,3.50,Visa,600000034796986858,140,48.07,,2,0.00,,http://www.toasttab.com/receipts/33eiUG9RSnqR9vgz4YmOIA/kxbcnTTshbtJn
600000034797165803,PickUp-Julie V,8552228111,dd.toast.orders+orders_236403c0-d0c9-4a1f-9b39-c88838dab71f@gmail.com,CA02,1/18/25,6:56 PM,"Pork Wontons in Chili Sauce (6) 🌶️ 红油猪肉抄手, Pork Xiao Long Bao (8) 鲜肉小笼包",Default Online Ordering,1.57,Other,600000034797183302,141,18.82,,1,0.00,,http://www.toasttab.com/receipts/33eiUG9RSnqR9vgz4YmOIA/nCWMfjTnnRxwY
,,,,CA02,1/18/25,7:06 PM,"Pan Fried Pork Buns (4) 特色鲜肉煎包, Green Onion Pancake (1) Ⓥ 葱油饼, Sweet & Sour Cucumber Ⓥ 🌶️ 甜辣小黄瓜, Pan Fried Chive Dumplings (3) 韭菜盒子, Pan Fried Beef Pies (2) 牛肉馅饼, Chicken Potstickers (6) 鸡肉锅贴, Zha Jiang Mian 京味炸酱面, Banana Naan Bread (1) Ⓥ 香蕉飞饼, Pork Wontons in Chili Sauce (6) 🌶️ 红油猪肉抄手",Default Online Ordering,5.99,Visa,600000034797183327,149,85.73,,1,0.00,,http://www.toasttab.com/receipts/33eiUG9RSnqR9vgz4YmOIA/cPJtzNjNhHCmN
600000021514144934,Wai Yin Lee,4085807025,adawylee@gmail.com,CA02,1/18/25,7:08 PM,"Pork Xiao Long Bao (8) 鲜肉小笼包, Pork & Crab Meat Xiao Long Bao (8) 🦐 蟹肉小笼包, Beef Potstickers (6) 牛肉锅贴, Kale Salad with Sesame Dressing Ⓥ 麻酱羽衣甘蓝沙拉, Pan Fried Pork Buns (4) 特色鲜肉煎包",Default Online Ordering,5.64,Visa,600000034797205834,151,77.44,,1,0.00,,http://www.toasttab.com/receipts/33eiUG9RSnqR9vgz4YmOIA/d9kY9WFKrrhxF
,,,,CA02,1/18/25,7:17 PM,"Dan Dan Noodles Ⓥ🌶️🌶️ 担担面, Sweet & Sour Cucumber Ⓥ 🌶️ 甜辣小黄瓜, Chicken Xiao Long Bao (8) 鸡肉小笼包, Chicken & Vegetable Wontons in Chili Sauce (6) 🌶️ 红油菜肉大馄饨, Broccoli with Seafood Sauce 蚝油西兰花, Beef-Stew Noodles 🌶️ 秘制牛肉小面, Coke 可乐, Sprite 雪碧",Default Online Ordering,6.45,Visa,600000034797312343,156,92.34,,1,0.00,,http://www.toasttab.com/receipts/33eiUG9RSnqR9vgz4YmOIA/PMnMNxWKdrTqz
,,,,CA02,1/18/25,6:57 PM,"Pork Xiao Long Bao (8) 鲜肉小笼包, Chicken & Vegetable Wontons in Chili Sauce (6) 🌶️ 红油菜肉大馄饨, Sweet & Sour Cucumber Ⓥ 🌶️ 甜辣小黄瓜, Green Onion Soy Sauce Noodles Ⓥ 葱油拌面",zhengyu chen,2.97,Visa,600000034797314409,142,40.73,,2,0.00,,http://www.toasttab.com/receipts/33eiUG9RSnqR9vgz4YmOIA/hN7nMzXpCMmmT
,,,,CA02,1/18/25,7:20 PM,"Pan Fried Pork Buns (4) 特色鲜肉煎包, Green Onion Pancake (1) Ⓥ 葱油饼, Dan Dan Noodles Ⓥ🌶️🌶️ 担担面, Pork & Crab Meat Xiao Long Bao (8) 🦐 蟹肉小笼包, Pork Wontons in Chicken Soup 鸡汤小馄饨, Sweet & Sour Cucumber Ⓥ 🌶️ 甜辣小黄瓜, Sapporo",Default Online Ordering,4.90,Visa,600000034797344488,162,70.26,,1,0.00,,http://www.toasttab.com/receipts/33eiUG9RSnqR9vgz4YmOIA/nMPPKMzpkzjCb
600000034797313758,PickUp-Rhian B,8552228111,dd.toast.orders+orders_58525787-105e-4a11-a9b9-5952f6eb617a@gmail.com,CA02,1/18/25,7:00 PM,"Green Onion Pancake (1) Ⓥ 葱油饼, Chicken Potstickers (6) 鸡肉锅贴, Dan Dan Noodles Ⓥ🌶️🌶️ 担担面, Beef-Stew Noodles 🌶️ 秘制牛肉小面",Default Online Ordering,2.49,Other,600000034797362606,147,32.72,,1,0.00,,http://www.toasttab.com/receipts/33eiUG9RSnqR9vgz4YmOIA/dbrphNXCdhpTp
,,,,CA02,1/18/25,7:00 PM,"Chicken Xiao Long Bao (8) 鸡肉小笼包, Chicken Steamed Dumplings (6) 鸡肉蒸饺, Chicken & Vegetable Wontons in Chili Sauce (6) 🌶️ 红油菜肉大馄饨, Chicken & Vegetable Wontons in Chicken Soup 鸡汤菜肉大馄饨, Green Onion Pancake (1) Ⓥ 葱油饼",Default Online Ordering,3.35,Visa,600000034797384154,146,45.94,,1,0.00,,http://www.toasttab.com/receipts/33eiUG9RSnqR9vgz4YmOIA/d7CfJMhscrkCr
,,,,CA02,1/18/25,7:19 PM,"Vegetable Steamed Dumplings (6) Ⓥ 素三鲜蒸饺, Dan Dan Noodles Ⓥ🌶️🌶️ 担担面",Default Online Ordering,1.39,Visa,600000034797482489,160,19.08,,1,0.00,,http://www.toasttab.com/receipts/33eiUG9RSnqR9vgz4YmOIA/pjpbqqHqCbdwk
600000034798024359,Niket G,8552228111,dd.toast.orders+orders_b5c618b4-11b3-4beb-be14-cba87857abf8@gmail.com,CA02,1/18/25,7:18 PM,"Chicken & Vegetable Wontons in Chili Sauce (6) 🌶️ 红油菜肉大馄饨, Dan Dan Noodles Ⓥ🌶️🌶️ 担担面",Default Online Ordering,1.60,Other,600000034797638479,157,19.10,,1,0.00,,http://www.toasttab.com/receipts/33eiUG9RSnqR9vgz4YmOIA/NffyTWssHtKqK
600000017094786248,Alec Lam,2012493799,alechunterlam@gmail.com,CA02,1/18/25,7:07 PM,"Pork Xiao Long Bao (8) 鲜肉小笼包, Pan Fried Pork Buns (4) 特色鲜肉煎包, Sweet & Sour Cucumber Ⓥ 🌶️ 甜辣小黄瓜, Dan Dan Noodles Ⓥ🌶️🌶️ 担担面, High Tail Shrimp & Pork Steamed Dumplings (6) 🦐 翘尾鲜虾蒸饺, Chicken Xiao Long Bao (8) 鸡肉小笼包, Shrimp & Zucchini Steamed Dumplings (6) 🦐 青瓜鲜虾蒸饺, Pan Fried Wontons with Sweet & Spicy Garlic Sauce (6) 甜辣香煎大馄饨, Beef-Stew Noodles 🌶️ 秘制牛肉小面",Default Online Ordering,6.60,Visa,600000034797662360,150,94.13,,1,5.70,Reward Dollars,http://www.toasttab.com/receipts/33eiUG9RSnqR9vgz4YmOIA/mTf9dJmdJ7HWm
,,,,CA02,1/18/25,7:20 PM,"Green Onion Pancake (1) Ⓥ 葱油饼, Chicken Xiao Long Bao (8) 鸡肉小笼包, Shrimp & Zucchini Steamed Dumplings (6) 🦐 青瓜鲜虾蒸饺, Chicken & Vegetable Wontons in Chili Sauce (6) 🌶️ 红油菜肉大馄饨, Vegetarian Hot & Sour Glass Noodles Ⓥ 🌶️🌶️ 素酸辣粉, Thai Milk Tea (Cold) 泰式奶茶 (冷)",Default Online Ordering,3.98,Visa,600000034797683586,161,52.58,,1,0.00,,http://www.toasttab.com/receipts/33eiUG9RSnqR9vgz4YmOIA/YrkwfXYcJkc7x
600000034798802755,PickUp-Christina L,6508882009,dd.toast.orders+orders_b2a25e15-92be-4582-aa5f-f39b317895b6@gmail.com,CA02,1/18/25,7:31 PM,"Kale Salad with Sweet & Spicy Garlic Dressing Ⓥ 🌶️ 甜辣羽衣甘蓝沙拉, Pork Wontons in Chili Sauce (6) 🌶️ 红油猪肉抄手, Zha Jiang Mian 京味炸酱面, Green Onion Soy Sauce Noodles Ⓥ 葱油拌面, Beef-Stew Noodle Soup 🌶️ 秘制牛肉汤面, Pan Fried Pork Buns (4) 特色鲜肉煎包",Default Online Ordering,4.59,Other,600000034797836045,169,59.92,,1,0.00,,http://www.toasttab.com/receipts/33eiUG9RSnqR9vgz4YmOIA/WTtwywCq77CgY
,,,,CA02,1/18/25,7:08 PM,"Kale Salad with Sesame Dressing Ⓥ 麻酱羽衣甘蓝沙拉, Hot & Sour Glass Noodles 🌶️🌶️ 酸辣粉, Dan Dan Noodles Ⓥ🌶️🌶️ 担担面",zhengyu chen,2.11,Visa,600000034797869512,152,29.75,,2,0.00,,http://www.toasttab.com/receipts/33eiUG9RSnqR9vgz4YmOIA/LnrRXLXsMYMTx
,,,,CA02,1/18/25,7:19 PM,"Chicken & Vegetable Wontons in Chili Sauce (6) 🌶️ 红油菜肉大馄饨, Green Onion Soy Sauce Noodles Ⓥ 葱油拌面",Default Online Ordering,1.39,Visa,600000034797882982,159,16.59,,1,0.00,,http://www.toasttab.com/receipts/33eiUG9RSnqR9vgz4YmOIA/jWHPrkWRPTTTH
,,,,CA02,1/18/25,7:13 PM,"Pan Fried Pork Buns (4) 特色鲜肉煎包, Pork Xiao Long Bao (8) 鲜肉小笼包, Beef Potstickers (6) 牛肉锅贴, Pork Wontons in Chili Sauce (6) 🌶️ 红油猪肉抄手, Diet Coke 健怡可乐",Default Online Ordering,3.39,Visa,600000034797961204,153,48.47,,1,0.00,,http://www.toasttab.com/receipts/33eiUG9RSnqR9vgz4YmOIA/jkjcKggnCCLKt
600000034797219549,Weiyue W,8552228111,dd.toast.orders+orders_df7e59ca-c80a-4f29-975e-55b67e7bf988@gmail.com,CA02,1/18/25,7:20 PM,"Pan Fried Wontons with Sweet & Spicy Garlic Sauce (6) 甜辣香煎大馄饨, Pan Fried Chive Dumplings (3) 韭菜盒子, Pan Fried Beef Pies (2) 牛肉馅饼, Sweet & Sour Cucumber Ⓥ 🌶️ 甜辣小黄瓜, Dan Dan Noodles Ⓥ🌶️🌶️ 担担面, Pan Fried Pork Buns (4) 特色鲜肉煎包",Default Online Ordering,4.94,Other,600000034797961220,164,59.09,,1,0.00,,http://www.toasttab.com/receipts/33eiUG9RSnqR9vgz4YmOIA/c9cttTsMzpkKg
600000034798313755,Michaela H,3152837199,dd.toast.orders+orders_43691a58-c707-4809-a575-987306df42fa@gmail.com,CA02,1/18/25,7:20 PM,"Sweet & Sour Cucumber Ⓥ 🌶️ 甜辣小黄瓜, Pork Wontons in Chili Sauce (6) 🌶️ 红油猪肉抄手, Yibin Noodles Ⓥ 🌶️ 宜宾燃面, Steamed Pork Buns (4) 特色鲜肉蒸包, Pork & Crab Meat Xiao Long Bao (8) 🦐 蟹肉小笼包, Pork Xiao Long Bao (8) 鲜肉小笼包",Default Online Ordering,4.78,Other,600000034798095419,163,57.13,,1,0.00,,http://www.toasttab.com/receipts/33eiUG9RSnqR9vgz4YmOIA/9Ld7qTLNPg9wm
,,,,CA02,1/18/25,7:14 PM,"Beef Sandwich (1) 大嘴牛肉包 (不辣), Pork Xiao Long Bao (8) 鲜肉小笼包, Pork & Crab Meat Xiao Long Bao (8) 🦐 蟹肉小笼包, Pork & Shrimp Potstickers (6) 🦐 猪肉三鲜锅贴, Pork & Shrimp Boiled Dumplings (6) 🦐 猪肉三鲜水饺, Pork Wontons in Chili Sauce (6) 🌶️ 红油猪肉抄手, Beef-Stew Noodle Soup 🌶️ 秘制牛肉汤面",Yafang Chen,5.41,Visa,600000034798131600,154,64.46,,1,0.00,,http://www.toasttab.com/receipts/33eiUG9RSnqR9vgz4YmOIA/r7NtgqCrzFdcr
,,,,CA02,1/18/25,7:36 PM,"Pan Fried Pork Buns (4) 特色鲜肉煎包, Pork & Crab Meat Xiao Long Bao (8) 🦐 蟹肉小笼包, Pork & Shrimp Boiled Dumplings (6) 🦐 猪肉三鲜水饺, Beef-Stew Noodles 🌶️ 秘制牛肉小面, Green Onion Pancake (1) Ⓥ 葱油饼",Default Online Ordering,3.59,Visa,600000034798180946,173,49.27,,1,0.00,,http://www.toasttab.com/receipts/33eiUG9RSnqR9vgz4YmOIA/rXhpyfwnmNxLz
,,,,CA02,1/18/25,7:17 PM,"Kale Salad with Sesame Dressing Ⓥ 麻酱羽衣甘蓝沙拉, Green Onion Pancake (1) Ⓥ 葱油饼, Chicken Xiao Long Bao (8) 鸡肉小笼包, Chicken Xiao Long Bao (8) 鸡肉小笼包, Chicken Potstickers (6) 鸡肉锅贴, Chicken Potstickers (6) 鸡肉锅贴, Chicken & Vegetable Wontons in Hot & Sour Sauce (6) 🌶️ 酸辣菜肉大馄饨",zhengyu chen,4.88,Mastercard,600000034798263840,155,66.85,,3,0.00,,http://www.toasttab.com/receipts/33eiUG9RSnqR9vgz4YmOIA/yfxXgyWJJCNWp
,,,,CA02,1/18/25,7:24 PM,"Sweet & Sour Cucumber Ⓥ 🌶️ 甜辣小黄瓜, Green Onion Pancake (1) Ⓥ 葱油饼, Dan Dan Noodles Ⓥ🌶️🌶️ 担担面, Pork & Crab Meat Xiao Long Bao (8) 🦐 蟹肉小笼包, Chicken & Vegetable Wontons in Hot & Sour Sauce (6) 🌶️ 酸辣菜肉大馄饨, Ozeki Nigori Sake (375 ml / 12.68 fl.oz.) Best Chilled, Pork Xiao Long Bao (8) 鲜肉小笼包",Default Online Ordering,5.33,Amex,600000034798337011,165,73.17,,1,0.00,,http://www.toasttab.com/receipts/33eiUG9RSnqR9vgz4YmOIA/pdMfJcHjFrhTx
,,,,CA02,1/18/25,7:19 PM,"Green Onion Pancake (1) Ⓥ 葱油饼, Pan Fried Pork Buns (4) 特色鲜肉煎包, Pan Fried Pork Buns (4) 特色鲜肉煎包, Pan Fried Wontons with Sweet & Spicy Garlic Sauce (6) 甜辣香煎大馄饨, Pork Wontons in Chili Sauce (6) 🌶️ 红油猪肉抄手, Sweet & Sour Cucumber Ⓥ 🌶️ 甜辣小黄瓜, Sweet & Sour Cucumber Ⓥ 🌶️ 甜辣小黄瓜, Sweet & Sour Cucumber Ⓥ 🌶️ 甜辣小黄瓜, Kale Salad with Sweet & Spicy Garlic Dressing Ⓥ 🌶️ 甜辣羽衣甘蓝沙拉, Broccoli with Seafood Sauce 蚝油西兰花, Romaine Lettuce Salad with Sesame Dressing Ⓥ 麻酱生菜沙拉, Sour Plum Juice (Cold) 酸梅汁 (冷), Thai Milk Tea (Cold) 泰式奶茶 (冷), Coke 可乐, Coke 可乐, Sprite 雪碧, Pork Wontons in Chicken Soup 鸡汤小馄饨",zhengyu chen,9.38,Visa,600000034798360638,158,129.70,,3,7.30,Customer Service Discount (100.00%),http://www.toasttab.com/receipts/33eiUG9RSnqR9vgz4YmOIA/9tqwjnLFnmgpM
600000034798834656,PickUp-Zander H,8552228111,dd.toast.orders+orders_c7b13b4e-583b-4606-b771-9c5002e73d2e@gmail.com,CA02,1/18/25,7:33 PM,"Pork Wontons in Chicken Soup 鸡汤小馄饨, Beef-Stew Noodles 🌶️ 秘制牛肉小面",Default Online Ordering,2.16,Other,600000034798464176,172,25.86,,1,0.00,,http://www.toasttab.com/receipts/33eiUG9RSnqR9vgz4YmOIA/7FnPfXtqgthKj
,,,,CA02,1/18/25,7:27 PM,"Pan Fried Pork Buns (4) 特色鲜肉煎包, Pork Xiao Long Bao (8) 鲜肉小笼包, Broccoli with Seafood Sauce 蚝油西兰花, Sapporo",Default Online Ordering,3.68,Visa,600000034798495161,167,52.66,,1,0.00,,http://www.toasttab.com/receipts/33eiUG9RSnqR9vgz4YmOIA/wcpY9M7HPLMxd
,,,,CA02,1/18/25,7:44 PM,"Pan Fried Pork Buns (4) 特色鲜肉煎包, Vegetable Potstickers (6) Ⓥ 素三鲜锅贴, Shrimp & Zucchini Steamed Dumplings (6) 🦐 青瓜鲜虾蒸饺, Sweet & Sour Cucumber Ⓥ 🌶️ 甜辣小黄瓜, Yibin Noodles Ⓥ 🌶️ 宜宾燃面, Zha Jiang Mian 京味炸酱面, Coke 可乐",Default Online Ordering,4.68,Visa,600000034798495191,175,67.06,,1,0.00,,http://www.toasttab.com/receipts/33eiUG9RSnqR9vgz4YmOIA/zWxNHcskgxzXw
,,,,CA02,1/18/25,7:30 PM,"Pork Xiao Long Bao (8) 鲜肉小笼包, High Tail Shrimp & Pork Steamed Dumplings (6) 🦐 翘尾鲜虾蒸饺, Beef-Stew Noodle Soup 🌶️ 秘制牛肉汤面, Beef Pancake Roll (1) 酱香牛肉卷饼 (不辣)",Default Online Ordering,3.54,Visa,600000034798637609,168,46.44,,1,0.00,,http://www.toasttab.com/receipts/33eiUG9RSnqR9vgz4YmOIA/KqtmRkFbTbfpP
,,,,CA02,1/18/25,7:27 PM,"Green Onion Pancake (1) Ⓥ 葱油饼, Vegetable Potstickers (6) Ⓥ 素三鲜锅贴, Dan Dan Noodles Ⓥ🌶️🌶️ 担担面, Sweet & Sour Cucumber Ⓥ 🌶️ 甜辣小黄瓜, Chicken & Vegetable Wontons in Chili Sauce (6) 🌶️ 红油菜肉大馄饨, Vegetarian Hot & Sour Glass Noodles Ⓥ 🌶️🌶️ 素酸辣粉, Coke 可乐",Default Online Ordering,4.06,Visa,600000034798638355,166,54.41,,1,0.00,,http://www.toasttab.com/receipts/33eiUG9RSnqR9vgz4YmOIA/xFHMXttscF9WL
,,,,CA02,1/18/25,7:31 PM,"Pork Xiao Long Bao (8) 鲜肉小笼包, Green Onion Pancake (1) Ⓥ 葱油饼, Sweet & Sour Cucumber Ⓥ 🌶️ 甜辣小黄瓜, Pork & Shrimp Potstickers (6) 🦐 猪肉三鲜锅贴, Pork & Crab Meat Xiao Long Bao (8) 🦐 蟹肉小笼包, Pan Fried Pork Buns (4) 特色鲜肉煎包",Default Online Ordering,4.45,Visa,600000034798792455,171,63.66,,1,0.00,,http://www.toasttab.com/receipts/33eiUG9RSnqR9vgz4YmOIA/PsX9TzxxPd7g7
,,,,CA02,1/18/25,7:51 PM,"Beef Pancake Roll (1) 酱香牛肉卷饼 (不辣), Pork Wontons in Chicken Soup 鸡汤小馄饨, Chicken & Vegetable Wontons in Chicken Soup 鸡汤菜肉大馄饨, Beef-Stew Noodles 🌶️ 秘制牛肉小面, Green Onion Soy Sauce Noodles Ⓥ 葱油拌面",Default Online Ordering,3.74,Mastercard,600000034798903430,177,51.45,,1,0.00,,http://www.toasttab.com/receipts/33eiUG9RSnqR9vgz4YmOIA/gXrHnYfyNbyLK
600000034798335271,Tejal J,8552228111,dd.toast.orders+orders_d953de8f-b5a9-4b79-b44e-88a23f79090a@gmail.com,CA02,1/18/25,7:31 PM,Dan Dan Noodles Ⓥ🌶️🌶️ 担担面,Default Online Ordering,1.66,Other,600000034798918600,170,19.86,,1,0.00,,http://www.toasttab.com/receipts/33eiUG9RSnqR9vgz4YmOIA/Kxd7wXxsYJncW
,,,,CA02,1/18/25,8:00 PM,"Pork Xiao Long Bao (8) 鲜肉小笼包, Dan Dan Noodles Ⓥ🌶️🌶️ 担担面, Shrimp & Zucchini Steamed Dumplings (6) 🦐 青瓜鲜虾蒸饺, Chicken & Vegetable Wontons in Hot & Sour Sauce (6) 🌶️ 酸辣菜肉大馄饨, Tsingtao",Default Online Ordering,3.65,Visa,600000034798918648,181,50.20,,2,0.00,,http://www.toasttab.com/receipts/33eiUG9RSnqR9vgz4YmOIA/snTjxt9jpxhtY
,,,,CA02,1/18/25,7:58 PM,"Pork Xiao Long Bao (8) 鲜肉小笼包, Zha Jiang Mian 京味炸酱面, Pan Fried Chive Dumplings (3) 韭菜盒子, Broccoli with Seafood Sauce 蚝油西兰花, Pan Fried Pork Buns (4) 特色鲜肉煎包",Default Online Ordering,3.88,Visa,600000034798997443,179,53.22,,1,0.00,,http://www.toasttab.com/receipts/33eiUG9RSnqR9vgz4YmOIA/pM7PsjJcFzTjW
,,,,CA02,1/18/25,7:52 PM,"Pork Xiao Long Bao (8) 鲜肉小笼包, Pork Xiao Long Bao (8) 鲜肉小笼包, Dan Dan Noodles Ⓥ🌶️🌶️ 担担面, Green Onion Pancake (1) Ⓥ 葱油饼, Steamed Pork Buns (4) 特色鲜肉蒸包, Pan Fried Wontons with Chili Sauce (6) 红油香煎大馄饨",Default Online Ordering,4.50,Visa,600000034799209728,178,64.44,,1,0.00,,http://www.toasttab.com/receipts/33eiUG9RSnqR9vgz4YmOIA/PnLMXzmrCYzkP
,,,,CA02,1/18/25,7:40 PM,"Green Onion Pancake (1) Ⓥ 葱油饼, Pork Xiao Long Bao (8) 鲜肉小笼包, Chicken Steamed Dumplings (6) 鸡肉蒸饺, Chicken & Vegetable Wontons in Chili Sauce (6) 🌶️ 红油菜肉大馄饨, Dan Dan Noodles Ⓥ🌶️🌶️ 担担面, Pan Fried Pork Buns (4) 特色鲜肉煎包",zhengyu chen,4.26,Visa,600000034799280219,174,58.43,,4,0.00,,http://www.toasttab.com/receipts/33eiUG9RSnqR9vgz4YmOIA/hzHfXmmYJdwRM
600000034800615100,Jenny Rose P,8552228111,dd.toast.orders+orders_5a007354-8047-44bd-9540-89b0d395d6b5@gmail.com,CA02,1/18/25,8:17 PM,Green Onion Soy Sauce Noodles Ⓥ 葱油拌面,Default Online Ordering,1.66,Other,600000034799429887,188,19.86,,1,0.00,,http://www.toasttab.com/receipts/33eiUG9RSnqR9vgz4YmOIA/ntCLNbksxKhNX
,,,,CA02,1/18/25,7:47 PM,"Green Onion Pancake (1) Ⓥ 葱油饼, Pan Fried Chive Dumplings (3) 韭菜盒子, Pork Xiao Long Bao (8) 鲜肉小笼包, Pork Wontons in Chicken Soup 鸡汤小馄饨, Five Spice Beef Shank 五香牛腱, Beef-Stew Noodles 🌶️ 秘制牛肉小面",zhengyu chen,4.16,Visa,600000034799551336,176,58.66,,2,0.00,,http://www.toasttab.com/receipts/33eiUG9RSnqR9vgz4YmOIA/fhPsyJFHRFfjL
,,,,CA02,1/18/25,8:20 PM,"Dan Dan Noodles Ⓥ🌶️🌶️ 担担面, Pork Xiao Long Bao (8) 鲜肉小笼包, Pork & Shrimp Potstickers (6) 🦐 猪肉三鲜锅贴, Pork & Crab Meat Xiao Long Bao (8) 🦐 蟹肉小笼包",Default Online Ordering,3.21,Visa,600000034799641995,189,44.06,,1,0.00,,http://www.toasttab.com/receipts/33eiUG9RSnqR9vgz4YmOIA/MtCkhnfmpdPRp
,,,,CA02,1/18/25,8:14 PM,"Dan Dan Noodles Ⓥ🌶️🌶️ 担担面, Pork Xiao Long Bao (8) 鲜肉小笼包, Sweet & Sour Cucumber Ⓥ 🌶️ 甜辣小黄瓜, Pork Wontons in Chili Sauce (6) 🌶️ 红油猪肉抄手, Green Onion Pancake (1) Ⓥ 葱油饼",Default Online Ordering,3.35,Visa,600000034799660885,187,47.14,,1,0.00,,http://www.toasttab.com/receipts/33eiUG9RSnqR9vgz4YmOIA/JjXm7KRTMsxjb
,,,,CA02,1/18/25,8:02 PM,"Pork Xiao Long Bao (8) 鲜肉小笼包, Pan Fried Wontons with Sweet & Spicy Garlic Sauce (6) 甜辣香煎大馄饨, Beef-Stew Noodles 🌶️ 秘制牛肉小面",Default Online Ordering,2.30,Visa,600000034799882963,182,31.57,,1,0.00,,http://www.toasttab.com/receipts/33eiUG9RSnqR9vgz4YmOIA/PKJJszmnLTxXN
,,,,CA02,1/18/25,8:09 PM,"Vegetable Potstickers (6) Ⓥ 素三鲜锅贴, Shrimp & Zucchini Steamed Dumplings (6) 🦐 青瓜鲜虾蒸饺, Dan Dan Noodles Ⓥ🌶️🌶️ 担担面, Pan Fried Chive Dumplings (3) 韭菜盒子, Sweet & Sour Cucumber Ⓥ 🌶️ 甜辣小黄瓜, Vegetable Steamed Dumplings (6) Ⓥ 素三鲜蒸饺, Pork Xiao Long Bao (8) 鲜肉小笼包, Dan Dan Noodles Ⓥ🌶️🌶️ 担担面, Chicken Steamed Dumplings (6) 鸡肉蒸饺, Thai Milk Tea (Cold) 泰式奶茶 (冷)",Default Online Ordering,8.38,Visa,600000034800057613,184,115.48,,1,0.00,,http://www.toasttab.com/receipts/33eiUG9RSnqR9vgz4YmOIA/mCtkgqggx7mYf
,,,,CA02,1/18/25,8:10 PM,"Pork Xiao Long Bao (8) 鲜肉小笼包, Dan Dan Noodles Ⓥ🌶️🌶️ 担担面, Pan Fried Pork Buns (4) 特色鲜肉煎包, Sweet & Sour Cucumber Ⓥ 🌶️ 甜辣小黄瓜, Pork Wontons in Chili Sauce (6) 🌶️ 红油猪肉抄手, Beef-Stew Noodle Soup 🌶️ 秘制牛肉汤面, Pork & Crab Meat Xiao Long Bao (8) 🦐 蟹肉小笼包",Default Online Ordering,5.70,Visa,600000034800125914,185,78.20,,1,0.00,,http://www.toasttab.com/receipts/33eiUG9RSnqR9vgz4YmOIA/RzmLFMRwjynfg
,,,,CA02,1/18/25,8:13 PM,"Dan Dan Noodles Ⓥ🌶️🌶️ 担担面, Vegetable Potstickers (6) Ⓥ 素三鲜锅贴, Dan Dan Noodles Ⓥ🌶️🌶️ 担担面",Default Online Ordering,2.83,Amex,600000034800138417,186,36.83,,1,0.00,,http://www.toasttab.com/receipts/33eiUG9RSnqR9vgz4YmOIA/qxjyxFsLWfTbw
,,,,CA02,1/18/25,8:20 PM,"Pork Xiao Long Bao (8) 鲜肉小笼包, Green Onion Pancake (1) Ⓥ 葱油饼, Sweet & Sour Cucumber Ⓥ 🌶️ 甜辣小黄瓜, Pork Wontons in Chili Sauce (6) 🌶️ 红油猪肉抄手, Dan Dan Noodles Ⓥ🌶️🌶️ 担担面, Sweet & Sour Cucumber Ⓥ 🌶️ 甜辣小黄瓜, Pan Fried Pork Buns (4) 特色鲜肉煎包, Diet Coke 健怡可乐, Coke 可乐, Coke 可乐, Passion Fruit Green Tea (Cold) 百香果绿茶 (冷), Pork Xiao Long Bao (8) 鲜肉小笼包, Pan Fried Pork Buns (4) 特色鲜肉煎包, Pork Wontons in Chili Sauce (6) 🌶️ 红油猪肉抄手, Pork Xiao Long Bao (8) 鲜肉小笼包, Green Onion Pancake (1) Ⓥ 葱油饼, Sweet & Sour Cucumber Ⓥ 🌶️ 甜辣小黄瓜, Pork Wontons in Chili Sauce (6) 🌶️ 红油猪肉抄手, Passion Fruit Green Tea (Cold) 百香果绿茶 (冷), Pan Fried Pork Buns (4) 特色鲜肉煎包, Dan Dan Noodles Ⓥ🌶️🌶️ 担担面, Pork Wontons in Chili Sauce (6) 🌶️ 红油猪肉抄手, Beef Sandwich (1) 大嘴牛肉包 (不辣), Passion Fruit Green Tea (Cold) 百香果绿茶 (冷), Diet Coke 健怡可乐, Steamed Pork Buns (4) 特色鲜肉蒸包",Default Online Ordering,16.47,Visa,600000034800161232,190,196.47,,1,0.00,,http://www.toasttab.com/receipts/33eiUG9RSnqR9vgz4YmOIA/YWKLNKKCXCWtm
,,,,CA02,1/18/25,8:04 PM,"Green Onion Pancake (1) Ⓥ 葱油饼, Pork Xiao Long Bao (8) 鲜肉小笼包, Pan Fried Pork Buns (4) 特色鲜肉煎包, Shrimp & Zucchini Steamed Dumplings (6) 🦐 青瓜鲜虾蒸饺, Pan Fried Wontons with Chili Sauce (6) 红油香煎大馄饨, Beef-Stew Noodle Soup 🌶️ 秘制牛肉汤面, Sapporo, Pan Fried Wontons with Chili Sauce (6) 红油香煎大馄饨",zhengyu chen,5.80,Visa,600000034800190601,183,81.71,,2,0.00,,http://www.toasttab.com/receipts/33eiUG9RSnqR9vgz4YmOIA/YKgdj7khtCfLb
600000034801280358,PickUp-Melody X,8552228111,dd.toast.orders+orders_be11d2b9-f51c-4964-bd80-6abb1bdf36ef@gmail.com,CA02,1/18/25,8:42 PM,"Beef-Stew Noodle Soup 🌶️ 秘制牛肉汤面, Pork Xiao Long Bao (8) 鲜肉小笼包",Default Online Ordering,1.82,Other,600000034800292746,194,21.72,,1,0.00,,http://www.toasttab.com/receipts/33eiUG9RSnqR9vgz4YmOIA/hj9bYHncWphFq
,,,,CA02,1/18/25,8:45 PM,"Pork & Shrimp Boiled Dumplings (6) 🦐 猪肉三鲜水饺, Pan Fried Wontons with Sweet & Spicy Garlic Sauce (6) 甜辣香煎大馄饨, Minced Chicken Noodles 🌶️ 鸡肉肉燥小面, Pork & Crab Meat Xiao Long Bao (8) 🦐 蟹肉小笼包, Pork Wontons in Hot & Sour Sauce (6) 🌶️ 酸辣猪肉抄手, Pan Fried Wontons with Sweet & Spicy Garlic Sauce (6) 甜辣香煎大馄饨",Default Online Ordering,4.31,Visa,600000034800293045,196,56.36,,1,0.00,,http://www.toasttab.com/receipts/33eiUG9RSnqR9vgz4YmOIA/XszJCzkWzzMzF
,,,,CA02,1/18/25,8:40 PM,"Chicken & Vegetable Wontons in Chicken Soup 鸡汤菜肉大馄饨, Chicken Xiao Long Bao (8) 鸡肉小笼包, Sweet & Sour Cucumber Ⓥ 🌶️ 甜辣小黄瓜, Chicken Potstickers (6) 鸡肉锅贴, Yibin Noodles Ⓥ 🌶️ 宜宾燃面, Chicken & Vegetable Wontons in Chili Sauce (6) 🌶️ 红油菜肉大馄饨",Default Online Ordering,4.36,Amex,600000034800801973,191,59.81,,1,0.00,,http://www.toasttab.com/receipts/33eiUG9RSnqR9vgz4YmOIA/MJ9ytXrs7srpX
,,,,CA02,1/18/25,8:43 PM,"Vegetable Steamed Dumplings (6) Ⓥ 素三鲜蒸饺, Vegetable Potstickers (6) Ⓥ 素三鲜锅贴, Dan Dan Noodles Ⓥ🌶️🌶️ 担担面, Pork Wontons in Chili Sauce (6) 🌶️ 红油猪肉抄手, Chicken Xiao Long Bao (8) 鸡肉小笼包, Pork Wontons in Chili Sauce (6) 🌶️ 红油猪肉抄手, Vegetable Potstickers (6) Ⓥ 素三鲜锅贴",Default Online Ordering,5.70,Visa,600000034800913323,195,80.18,,1,0.00,,http://www.toasttab.com/receipts/33eiUG9RSnqR9vgz4YmOIA/LJHPw7PKNPCjz
,,,,CA02,1/18/25,8:49 PM,"Dan Dan Noodles Ⓥ🌶️🌶️ 担担面, Pork Xiao Long Bao (8) 鲜肉小笼包, Sprite 雪碧",Default Online Ordering,1.86,Visa,600000034800955339,197,25.54,,1,0.00,,http://www.toasttab.com/receipts/33eiUG9RSnqR9vgz4YmOIA/sgTjmwprqCzXb
,,,,CA02,1/18/25,8:41 PM,"Pork Xiao Long Bao (8) 鲜肉小笼包, Dan Dan Noodles Ⓥ🌶️🌶️ 担担面, Pork Wontons in Chili Sauce (6) 🌶️ 红油猪肉抄手, Green Onion Soy Sauce Noodles Ⓥ 葱油拌面, Pork Xiao Long Bao (8) 鲜肉小笼包",Default Online Ordering,3.93,Visa,600000034800986260,193,53.97,,1,0.00,,http://www.toasttab.com/receipts/33eiUG9RSnqR9vgz4YmOIA/RPWshNzFFKMhg
,,,,CA02,1/18/25,8:54 PM,"Dan Dan Noodles Ⓥ🌶️🌶️ 担担面, Green Onion Pancake (1) Ⓥ 葱油饼, Pork Wontons in Hot & Sour Sauce (6) 🌶️ 酸辣猪肉抄手",Default Online Ordering,2.49,Mastercard,600000034801087726,198,34.20,,1,0.00,,http://www.toasttab.com/receipts/33eiUG9RSnqR9vgz4YmOIA/srkkWcXyp9XbF
,,,,CA02,1/18/25,9:23 PM,"Pan Fried Pork Buns (4) 特色鲜肉煎包, Pork Wontons in Chicken Soup 鸡汤小馄饨, Beef-Stew Noodle Soup 🌶️ 秘制牛肉汤面, Pork & Shrimp Potstickers (6) 🦐 猪肉三鲜锅贴",Default Online Ordering,3.21,Visa,600000034801181596,214,44.06,,1,0.00,,http://www.toasttab.com/receipts/33eiUG9RSnqR9vgz4YmOIA/s9K9pcygJgWyp
,,,,CA02,1/18/25,8:41 PM,"Green Onion Pancake (1) Ⓥ 葱油饼, Shrimp & Zucchini Steamed Dumplings (6) 🦐 青瓜鲜虾蒸饺, Pan Fried Wontons with Sweet & Spicy Garlic Sauce (6) 甜辣香煎大馄饨, Hot & Sour Glass Noodles 🌶️🌶️ 酸辣粉",zhengyu chen,2.53,Visa,600000034801328785,192,34.76,,2,0.00,,http://www.toasttab.com/receipts/33eiUG9RSnqR9vgz4YmOIA/fHwt9NzMpcMHr
,,,,CA02,1/18/25,9:36 PM,"Pork Xiao Long Bao (8) 鲜肉小笼包, Zha Jiang Mian 京味炸酱面",Default Online Ordering,1.63,Visa,600000034801411694,218,19.48,,1,0.00,,http://www.toasttab.com/receipts/33eiUG9RSnqR9vgz4YmOIA/LJdXTRghWtWxg
,,,,CA02,1/18/25,9:01 PM,"Pork & Crab Meat Xiao Long Bao (8) 🦐 蟹肉小笼包, Green Onion Soy Sauce Noodles Ⓥ 葱油拌面, Pork Wontons in Chili Sauce (6) 🌶️ 红油猪肉抄手, Pork Wontons in Chili Sauce (6) 🌶️ 红油猪肉抄手",Default Online Ordering,2.97,Amex,600000034801475325,204,40.73,,1,0.00,,http://www.toasttab.com/receipts/33eiUG9RSnqR9vgz4YmOIA/fyssYnRTgpbRt
,,,,CA02,1/18/25,9:18 PM,"Beef Steamed Dumplings (6) 牛肉蒸饺, Five Spice Beef Shank 五香牛腱, Sweet & Sour Cucumber Ⓥ 🌶️ 甜辣小黄瓜, Spicy Beef Sandwich (1) 🌶️🌶️大嘴牛肉包 (辣), Vegetarian Hot & Sour Glass Noodles Ⓥ 🌶️🌶️ 素酸辣粉, High Tail Shrimp & Pork Steamed Dumplings (6) 🦐 翘尾鲜虾蒸饺, Beef Steamed Dumplings (6) 牛肉蒸饺",Default Online Ordering,5.02,Visa,600000034801489441,211,74.87,,1,0.00,,http://www.toasttab.com/receipts/33eiUG9RSnqR9vgz4YmOIA/prKwdTntXcqcK
600000034800676297,Mallory M,8552228111,dd.toast.orders+orders_f18886ba-30e4-4864-8c02-314331f2495d@gmail.com,CA02,1/18/25,9:06 PM,Chicken Potstickers (6) 鸡肉锅贴,Default Online Ordering,0.77,Other,600000034801510876,206,9.17,,1,0.00,,http://www.toasttab.com/receipts/33eiUG9RSnqR9vgz4YmOIA/XrjksrkyPxdzc
,,,,CA02,1/18/25,8:58 PM,"Dan Dan Noodles Ⓥ🌶️🌶️ 担担面, Vegetarian Hot & Sour Glass Noodles Ⓥ 🌶️🌶️ 素酸辣粉, Romaine Lettuce Salad with Sweet & Spicy Garlic Dressing Ⓥ 🌶️ 甜辣生菜沙拉, Pan Fried Chive Dumplings (3) 韭菜盒子, Sweet & Sour Cucumber Ⓥ 🌶️ 甜辣小黄瓜",Default Online Ordering,3.45,Visa,600000034801629860,201,47.32,,1,0.00,,http://www.toasttab.com/receipts/33eiUG9RSnqR9vgz4YmOIA/kTkg9TFyTRpmJ
,,,,CA02,1/18/25,8:55 PM,"Spicy Beef Pancake Roll (1) 🌶️🌶️ 麻辣牛肉卷饼, Pork & Crab Meat Xiao Long Bao (8) 🦐 蟹肉小笼包, Pork & Shrimp Potstickers (6) 🦐 猪肉三鲜锅贴, Pan Fried Wontons with Chili Sauce (6) 红油香煎大馄饨, Cold Noodles with Sesame Dressing Ⓥ 麻酱凉面",zhengyu chen,3.83,Visa,600000034801711924,199,53.90,,2,0.00,,http://www.toasttab.com/receipts/33eiUG9RSnqR9vgz4YmOIA/KPcxdtRHryhb7
,,,,CA02,1/18/25,8:57 PM,"Green Onion Pancake (1) Ⓥ 葱油饼, Pork & Crab Meat Xiao Long Bao (8) 🦐 蟹肉小笼包, Pork Wontons in Chicken Soup 鸡汤小馄饨, Hot & Sour Glass Noodles 🌶️🌶️ 酸辣粉, Beef-Stew Noodle Soup 🌶️ 秘制牛肉汤面, Banana Naan Bread (1) Ⓥ 香蕉飞饼, Thai Milk Tea (Cold) 泰式奶茶 (冷), Sapporo, Pork Xiao Long Bao (8) 鲜肉小笼包",zhengyu chen,6.31,Mastercard,600000034801771875,200,83.51,,5,0.00,,http://www.toasttab.com/receipts/33eiUG9RSnqR9vgz4YmOIA/msYfXbmCwCwbz
,,,,CA02,1/18/25,9:00 PM,"Green Onion Pancake (1) Ⓥ 葱油饼, Dan Dan Noodles Ⓥ🌶️🌶️ 担担面",zhengyu chen,1.10,Visa,600000034801844007,202,15.78,,1,0.00,,http://www.toasttab.com/receipts/33eiUG9RSnqR9vgz4YmOIA/WshmxWqtrx9Fr
,,,,CA02,1/18/25,9:01 PM,Sweet & Sour Cucumber Ⓥ 🌶️ 甜辣小黄瓜,zhengyu chen,0.67,Visa,600000034801873040,203,7.97,,1,0.00,,http://www.toasttab.com/receipts/33eiUG9RSnqR9vgz4YmOIA/sKhqJYksgJfzh
,,,,CA02,1/18/25,9:32 PM,"Pork Xiao Long Bao (8) 鲜肉小笼包, Chicken Steamed Dumplings (6) 鸡肉蒸饺, Dan Dan Noodles Ⓥ🌶️🌶️ 担担面",Default Online Ordering,2.30,Visa,600000034801894545,217,31.57,,1,0.00,,http://www.toasttab.com/receipts/33eiUG9RSnqR9vgz4YmOIA/97zkJzCsmNYLt
,,,,CA02,1/18/25,9:37 PM,"Pork Xiao Long Bao (8) 鲜肉小笼包, Chicken & Vegetable Wontons in Chili Sauce (6) 🌶️ 红油菜肉大馄饨, Cold Noodles with Sesame Dressing Ⓥ 麻酱凉面, Pan Fried Pork Buns (4) 特色鲜肉煎包",Default Online Ordering,3.21,Visa,600000034801957277,219,45.21,,1,0.00,,http://www.toasttab.com/receipts/33eiUG9RSnqR9vgz4YmOIA/qkWbNNJhJCL7d
,,,,CA02,1/18/25,9:08 PM,"Beef-Stew Noodles 🌶️ 秘制牛肉小面, Hot & Sour Glass Noodles 🌶️🌶️ 酸辣粉, Pan Fried Pork Buns (4) 特色鲜肉煎包, Pork Xiao Long Bao (8) 鲜肉小笼包, Jasmine Tea (Hot) 茉莉花茶 (热)",Default Online Ordering,3.76,Visa,600000034802031403,207,48.96,,1,0.00,,http://www.toasttab.com/receipts/33eiUG9RSnqR9vgz4YmOIA/FytCJttHgjpyW
600000034801136841,Amber P,8552228111,dd.toast.orders+orders_7d0545d7-4782-4ac0-9415-217a3456634b@gmail.com,CA02,1/18/25,9:16 PM,"Green Onion Pancake (1) Ⓥ 葱油饼, Pork Wontons in Chili Sauce (6) 🌶️ 红油猪肉抄手, Beef-Stew Noodles 🌶️ 秘制牛肉小面, Steamed Pork Buns (4) 特色鲜肉蒸包, Pork Xiao Long Bao (8) 鲜肉小笼包",Default Online Ordering,4.12,Other,600000034802127956,209,49.32,,1,0.00,,http://www.toasttab.com/receipts/33eiUG9RSnqR9vgz4YmOIA/phYxNXLgbLytR
600000034801835541,PickUp-Ann C,8552228111,dd.toast.orders+orders_10bb260b-7fed-461e-8313-fdaabdf4110c@gmail.com,CA02,1/18/25,9:27 PM,"Chicken Potstickers (6) 鸡肉锅贴, Dan Dan Noodles Ⓥ🌶️🌶️ 担担面, Pork Xiao Long Bao (8) 鲜肉小笼包",Default Online Ordering,2.29,Other,600000034802133174,215,27.44,,1,0.00,,http://www.toasttab.com/receipts/33eiUG9RSnqR9vgz4YmOIA/XjJTKznwdmryW
600000034801187089,Yun L,8552228111,dd.toast.orders+orders_96c7877f-a465-4a56-a676-79decdc24ccf@gmail.com,CA02,1/18/25,9:13 PM,"Pork Wontons in Chicken Soup 鸡汤小馄饨, Pork Xiao Long Bao (8) 鲜肉小笼包",Default Online Ordering,2.71,Other,600000034802156304,208,32.36,,1,0.00,,http://www.toasttab.com/receipts/33eiUG9RSnqR9vgz4YmOIA/YgfwJwqHjnLHC
,,,,CA02,1/18/25,9:21 PM,"Chicken Xiao Long Bao (8) 鸡肉小笼包, Pork Xiao Long Bao (8) 鲜肉小笼包, Steamed Pork Buns (4) 特色鲜肉蒸包, Chicken Potstickers (6) 鸡肉锅贴, Sweet & Sour Cucumber Ⓥ 🌶️ 甜辣小黄瓜, Sprite 雪碧, Chicken & Vegetable Wontons in Chicken Soup 鸡汤菜肉大馄饨",Default Online Ordering,5.02,Visa,600000034802217954,213,62.87,,1,0.00,,http://www.toasttab.com/receipts/33eiUG9RSnqR9vgz4YmOIA/ttcptTPXPXdWb
600000034802056108,PickUp-Kylie D,4088922557,dd.toast.orders+orders_3d9714ce-dfca-4d74-8054-2d453bd8a077@gmail.com,CA02,1/18/25,9:19 PM,"Pork Wontons in Chili Sauce (6) 🌶️ 红油猪肉抄手, Sweet & Sour Cucumber Ⓥ 🌶️ 甜辣小黄瓜, Pork Xiao Long Bao (8) 鲜肉小笼包",Default Online Ordering,2.24,Other,600000034802241603,212,26.79,,1,0.00,,http://www.toasttab.com/receipts/33eiUG9RSnqR9vgz4YmOIA/RWdxRKxW77whm
,,,,CA02,1/18/25,9:17 PM,"Pan Fried Pork Buns (4) 特色鲜肉煎包, Braised Pig Ears 🌶️ 凉拌猪耳, Yibin Noodles Ⓥ 🌶️ 宜宾燃面, Beef-Stew Noodles 🌶️ 秘制牛肉小面",zhengyu chen,3.02,Visa,600000034802253872,210,39.07,,2,0.00,,http://www.toasttab.com/receipts/33eiUG9RSnqR9vgz4YmOIA/bWxrCfHnKhfYR
,,,,CA02,1/18/25,9:38 PM,"Beef Steamed Dumplings (6) 牛肉蒸饺, Pan Fried Chive Dumplings (3) 韭菜盒子, Yibin Noodles Ⓥ 🌶️ 宜宾燃面",Default Online Ordering,2.06,Mastercard,600000034802451709,220,28.24,,1,0.00,,http://www.toasttab.com/receipts/33eiUG9RSnqR9vgz4YmOIA/tznmdKkmX7KfK
,,,,CA02,1/18/25,9:28 PM,"Green Onion Pancake (1) Ⓥ 葱油饼, Chicken Xiao Long Bao (8) 鸡肉小笼包, Zha Jiang Mian 京味炸酱面, Zha Jiang Mian 京味炸酱面, Broccoli with Seafood Sauce 蚝油西兰花",Yafang Chen,3.40,Mastercard,600000034802498802,216,46.60,,2,0.00,,http://www.toasttab.com/receipts/33eiUG9RSnqR9vgz4YmOIA/JkY7YHYWkrCXn
