Location,Order Id,Order #,Sent Date,Order Date,Check Id,Server,Table,Dining Area,Service,Dining Option,Item Selection Id,Modifier Id,Master Id,Modifier SKU,Modifier PLU,Modifier,Option Group ID,Option Group Name,Parent Menu Selection Item ID,Parent Menu Selection,Sales Category,Gross Price,Discount,Net Price,Qty,Void?,Void Reason ID,Void Reason
Cupertino,600000034766608963,1,1/18/25 11:00 AM,1/18/25 11:00 AM,600000034766608913,Default Online Ordering,,,Lunch,DoorDash - Delivery,600000034766717478,,,,,Include plasticware,,,600000010081840858,Steamed Pork Buns (4) 特色鲜肉蒸包,,0.00,0.00,0.00,1.0,false,,
Cupertino,600000034766608963,1,1/18/25 11:00 AM,1/18/25 11:00 AM,600000034766608913,Default Online Ordering,,,Lunch,DoorDash - Delivery,600000034766717480,,,,,Include plasticware,,,600000010081839187,Pan Fried Pork Buns (4) 特色鲜肉煎包,,0.00,0.00,0.00,1.0,false,,
Cupertino,600000034770007965,13,1/18/25 12:03 PM,1/18/25 12:03 PM,600000034770002267,Default Online Ordering,,,Lunch,DoorDash - Takeout,600000034770065740,,,,,Include plasticware,,,600000010081823847,Green Onion Pancake (1) Ⓥ 葱油饼,,0.00,0.00,0.00,1.0,false,,
Cupertino,600000034770007965,13,1/18/25 12:03 PM,1/18/25 12:03 PM,600000034770002267,Default Online Ordering,,,Lunch,DoorDash - Takeout,600000034770065742,,,,,Include plasticware,,,600000010081905403,Sweet & Sour Cucumber Ⓥ 🌶️ 甜辣小黄瓜,,0.00,0.00,0.00,1.0,false,,
Cupertino,600000034770007965,13,1/18/25 12:03 PM,1/18/25 12:03 PM,600000034770002267,Default Online Ordering,,,Lunch,DoorDash - Takeout,600000034770065744,,,,,Include plasticware,,,600000010081846333,Pork & Shrimp Potstickers (6) 🦐 猪肉三鲜锅贴,,0.00,0.00,0.00,1.0,false,,
Cupertino,600000034770007965,13,1/18/25 12:03 PM,1/18/25 12:03 PM,600000034770002267,Default Online Ordering,,,Lunch,DoorDash - Takeout,600000034770065746,,,,,Include plasticware,,,600000010081845158,Chicken Potstickers (6) 鸡肉锅贴,,0.00,0.00,0.00,2.0,false,,
Cupertino,600000034770007965,13,1/18/25 12:03 PM,1/18/25 12:03 PM,600000034770002267,Default Online Ordering,,,Lunch,DoorDash - Takeout,600000034770065748,,,,,Include plasticware,,,600000010081880028,Dan Dan Noodles Ⓥ🌶️🌶️ 担担面,,0.00,0.00,0.00,2.0,false,,
Cupertino,600000034770007965,13,1/18/25 12:03 PM,1/18/25 12:03 PM,600000034770002267,Default Online Ordering,,,Lunch,DoorDash - Takeout,600000034770161500,,,,,Include plasticware,,,600000010081839187,Pan Fried Pork Buns (4) 特色鲜肉煎包,,0.00,0.00,0.00,2.0,false,,
Cupertino,600000034770655134,15,1/18/25 12:17 PM,1/18/25 12:13 PM,600000034770655133,zhengyu chen,A5,Dining Room,Lunch,Dine In,600000034770882061,600000027695817041,600000027695817042,,,No Chili Oil 不要红油,600000027695801376,Sauce 酱汁,600000010081905403,Sweet & Sour Cucumber Ⓥ 🌶️ 甜辣小黄瓜,,0.00,0.00,0.00,1.0,false,,
Cupertino,600000034771286866,19,1/18/25 12:27 PM,1/18/25 12:27 PM,600000034771237918,Default Online Ordering,A6,Dining Room,Lunch,Dine In,600000034771385528,600000027696251284,600000027696251285,,,No Green Onion 不要葱花,600000010081883484,Ingredients 原料,600000010081883486,Green Onion Soy Sauce Noodles Ⓥ 葱油拌面,,0.00,0.00,0.00,1.0,false,,
Cupertino,600000034771487222,23,1/18/25 12:34 PM,1/18/25 12:34 PM,600000034771481974,Default Online Ordering,B2,Dining Room,Lunch,Dine In,600000034771733558,,,,,For David Tang.,,,600000010081837613,Chicken Xiao Long Bao (8) 鸡肉小笼包,,0.00,0.00,0.00,1.0,false,,
Cupertino,600000034771487222,23,1/18/25 12:34 PM,1/18/25 12:34 PM,600000034771481974,Default Online Ordering,B2,Dining Room,Lunch,Dine In,600000034771733560,,,,,For David Tang.,,,600000010081895356,Beef-Stew Noodle Soup 🌶️ 秘制牛肉汤面,,0.00,0.00,0.00,1.0,false,,
Cupertino,600000034771487222,23,1/18/25 12:34 PM,1/18/25 12:34 PM,600000034771481974,Default Online Ordering,B2,Dining Room,Lunch,Dine In,600000034771733562,,,,,For Janakitti Ratana.,,,600000010081880028,Dan Dan Noodles Ⓥ🌶️🌶️ 担担面,,0.00,0.00,0.00,1.0,false,,
Cupertino,600000034771487222,23,1/18/25 12:34 PM,1/18/25 12:34 PM,600000034771481974,Default Online Ordering,B2,Dining Room,Lunch,Dine In,600000034771733564,,,,,For Janakitti Ratana.,,,600000010081849365,Pan Fried Wontons with Chili Sauce (6) 红油香煎大馄饨,,0.00,0.00,0.00,1.0,false,,
Cupertino,600000034771487222,23,1/18/25 12:34 PM,1/18/25 12:34 PM,600000034771481974,Default Online Ordering,B2,Dining Room,Lunch,Dine In,600000034771733566,,,,,For Janakitti Ratana.,,,600000010081823847,Green Onion Pancake (1) Ⓥ 葱油饼,,0.00,0.00,0.00,1.0,false,,
Cupertino,600000034771487222,23,1/18/25 12:34 PM,1/18/25 12:34 PM,600000034771481974,Default Online Ordering,B2,Dining Room,Lunch,Dine In,600000034771733568,,,,,For Maya H.,,,600000010081880028,Dan Dan Noodles Ⓥ🌶️🌶️ 担担面,,0.00,0.00,0.00,1.0,false,,
Cupertino,600000034771487222,23,1/18/25 12:34 PM,1/18/25 12:34 PM,600000034771481974,Default Online Ordering,B2,Dining Room,Lunch,Dine In,600000034771733570,,,,,For Maya H.,,,600000010081834427,Pork Xiao Long Bao (8) 鲜肉小笼包,,0.00,0.00,0.00,1.0,false,,
Cupertino,600000034772972262,35,1/18/25 12:58 PM,1/18/25 12:58 PM,600000034772938718,Default Online Ordering,,,Lunch,DoorDash - Delivery,600000034772999143,600000027692730517,600000027692730518,,,No Green Onion 不要葱花,600000027692581800,Ingredients 原料,600000010081839187,Pan Fried Pork Buns (4) 特色鲜肉煎包,,0.00,0.00,0.00,1.0,false,,
Cupertino,600000034772972277,38,1/18/25 1:01 PM,1/18/25 1:01 PM,600000034772938733,Default Online Ordering,,,Lunch,DoorDash - Takeout,600000034773152756,,,,,Include plasticware,,,600000010081921412,Coke 可乐,,0.00,0.00,0.00,1.0,false,,
Cupertino,600000034772972277,38,1/18/25 1:01 PM,1/18/25 1:01 PM,600000034772938733,Default Online Ordering,,,Lunch,DoorDash - Takeout,600000034773152758,,,,,Include plasticware,,,600000010081823847,Green Onion Pancake (1) Ⓥ 葱油饼,,0.00,0.00,0.00,1.0,false,,
Cupertino,600000034772972277,38,1/18/25 1:01 PM,1/18/25 1:01 PM,600000034772938733,Default Online Ordering,,,Lunch,DoorDash - Takeout,600000034773152760,,,,,Include plasticware,,,600000010081857563,Pork Wontons in Chili Sauce (6) 🌶️ 红油猪肉抄手,,0.00,0.00,0.00,1.0,false,,
Cupertino,600000034772972277,38,1/18/25 1:01 PM,1/18/25 1:01 PM,600000034772938733,Default Online Ordering,,,Lunch,DoorDash - Takeout,600000034773152762,600000027696170234,600000027696170235,,,No Yibin Sprouts 不要宜宾芽菜,600000027696127047,Ingredients 原料,600000010081880028,Dan Dan Noodles Ⓥ🌶️🌶️ 担担面,,0.00,0.00,0.00,1.0,false,,
Cupertino,600000034772972277,38,1/18/25 1:01 PM,1/18/25 1:01 PM,600000034772938733,Default Online Ordering,,,Lunch,DoorDash - Takeout,600000034773152763,,,,,Include plasticware,,,600000010081880028,Dan Dan Noodles Ⓥ🌶️🌶️ 担担面,,0.00,0.00,0.00,1.0,false,,
Cupertino,600000034773255571,42,1/18/25 1:07 PM,1/18/25 1:07 PM,600000034773252722,Default Online Ordering,B5,Dining Room,Lunch,Dine In,600000034773389148,600000027693016529,600000027693016530,,,No Green Onion 不要葱花,600000010081850664,Ingredients 原料,600000010081905431,Pork Wontons in Chicken Soup 鸡汤小馄饨,,0.00,0.00,0.00,1.0,false,,
Cupertino,600000034774035404,47,1/18/25 1:18 PM,1/18/25 1:18 PM,600000034774022455,Default Online Ordering,,,Lunch,DoorDash - Takeout,600000034774054414,,,,,Include plasticware,,,600000010081843259,Vegetable Potstickers (6) Ⓥ 素三鲜锅贴,,0.00,0.00,0.00,1.0,false,,
Cupertino,600000034774035404,47,1/18/25 1:18 PM,1/18/25 1:18 PM,600000034774022455,Default Online Ordering,,,Lunch,DoorDash - Takeout,600000034774054416,,,,,Include plasticware,,,600000010081862679,Vegetable Steamed Dumplings (6) Ⓥ 素三鲜蒸饺,,0.00,0.00,0.00,1.0,false,,
Cupertino,600000034774035404,47,1/18/25 1:18 PM,1/18/25 1:18 PM,600000034774022455,Default Online Ordering,,,Lunch,DoorDash - Takeout,600000034774054418,,,,,Include plasticware,,,600000010081839187,Pan Fried Pork Buns (4) 特色鲜肉煎包,,0.00,0.00,0.00,1.0,false,,
Cupertino,600000034774353651,49,1/18/25 1:23 PM,1/18/25 1:23 PM,600000034774337253,Default Online Ordering,A5,Dining Room,Lunch,Dine In,600000034774310293,,,,,For Erin O'Rourke.,,,600000010081834427,Pork Xiao Long Bao (8) 鲜肉小笼包,,0.00,0.00,0.00,1.0,false,,
Cupertino,600000034774353651,49,1/18/25 1:23 PM,1/18/25 1:23 PM,600000034774337253,Default Online Ordering,A5,Dining Room,Lunch,Dine In,600000034774310295,,,,,For Erin O'Rourke.,,,600000010081846333,Pork & Shrimp Potstickers (6) 🦐 猪肉三鲜锅贴,,0.00,0.00,0.00,1.0,false,,
Cupertino,600000034774353651,49,1/18/25 1:23 PM,1/18/25 1:23 PM,600000034774337253,Default Online Ordering,A5,Dining Room,Lunch,Dine In,600000034774310297,,,,,For Brad Weeks.,,,600000010081834427,Pork Xiao Long Bao (8) 鲜肉小笼包,,0.00,0.00,0.00,1.0,false,,
Cupertino,600000034774353651,49,1/18/25 1:23 PM,1/18/25 1:23 PM,600000034774337253,Default Online Ordering,A5,Dining Room,Lunch,Dine In,600000034774310299,,,,,For Brad Weeks.,,,600000010081883486,Green Onion Soy Sauce Noodles Ⓥ 葱油拌面,,0.00,0.00,0.00,1.0,false,,
Cupertino,600000034774353651,49,1/18/25 1:23 PM,1/18/25 1:23 PM,600000034774337253,Default Online Ordering,A5,Dining Room,Lunch,Dine In,600000034774374901,,,,,For Brad Weeks.,,,600000010081850666,Pan Fried Wontons with Sweet & Spicy Garlic Sauce (6) 甜辣香煎大馄饨,,0.00,0.00,0.00,1.0,false,,
Cupertino,600000034774353651,49,1/18/25 1:23 PM,1/18/25 1:23 PM,600000034774337253,Default Online Ordering,A5,Dining Room,Lunch,Dine In,600000034774374903,,,,,For Brad Weeks.,,,600000010081922546,Sour Plum Juice (Cold) 酸梅汁 (冷),,0.00,0.00,0.00,1.0,false,,
Cupertino,600000034774832405,51,1/18/25 1:33 PM,1/18/25 1:33 PM,600000034774832355,Default Online Ordering,,,Lunch,DoorDash - Delivery,600000034774828843,600000027696413438,600000027696413439,,,No Pickled String Bean 不要酸豇豆,600000010081892478,Ingredients 原料,600000010081890982,Minced Chicken Noodles 🌶️ 鸡肉肉燥小面,,0.00,0.00,0.00,1.0,false,,
Cupertino,600000034776999013,60,1/18/25 2:11 PM,1/18/25 2:11 PM,600000034776859472,Default Online Ordering,A4,Dining Room,Lunch,Dine In,600000034777069294,600000027696332689,600000027696332690,,,No Preserved Mustard Strips 不要榨菜,600000010081888885,Ingredients 原料,600000010081888852,Spicy (Ma La) Noodles 🌶️🌶️ 麻辣小面,,0.00,0.00,0.00,1.0,false,,
Cupertino,600000034777963918,65,1/18/25 2:28 PM,1/18/25 2:28 PM,600000034777963868,Default Online Ordering,A7,Dining Room,Lunch,Dine In,600000034778147968,600000027695775865,600000027695775866,,,Sauce On Side 酱汁分开,600000027695742796,Sauce 酱汁,600000010081859161,Pork Wontons in Hot & Sour Sauce (6) 🌶️ 酸辣猪肉抄手,,0.00,0.00,0.00,1.0,false,,
Cupertino,600000034776666045,61,1/18/25 2:47 PM,1/18/25 2:11 PM,600000034776665995,Default Online Ordering,C2,Dining Room,Lunch,Dine In,600000034779467839,600000027696413442,600000027696413443,,,Pickled String Bean On Side 酸豇豆分开,600000010081892478,Ingredients 原料,600000010081890982,Minced Chicken Noodles 🌶️ 鸡肉肉燥小面,,0.00,0.00,0.00,1.0,false,,
Cupertino,600000034782890314,73,1/18/25 3:35 PM,1/18/25 3:35 PM,600000034782880665,Default Online Ordering,A1,Dining Room,Lunch,Dine In,600000034783000096,,,,,For Joie Zhou.,,,600000010081834427,Pork Xiao Long Bao (8) 鲜肉小笼包,,0.00,0.00,0.00,1.0,false,,
Cupertino,600000034782890314,73,1/18/25 3:35 PM,1/18/25 3:35 PM,600000034782880665,Default Online Ordering,A1,Dining Room,Lunch,Dine In,600000034783000098,,,,,For Joie Zhou.,,,600000010081857563,Pork Wontons in Chili Sauce (6) 🌶️ 红油猪肉抄手,,0.00,0.00,0.00,1.0,false,,
Cupertino,600000034782890314,73,1/18/25 3:35 PM,1/18/25 3:35 PM,600000034782880665,Default Online Ordering,A1,Dining Room,Lunch,Dine In,600000034783020400,,,,,For Joie Zhou.,,,600000010081873109,Five Spice Beef Shank 五香牛腱,,0.00,0.00,0.00,1.0,false,,
Cupertino,600000034782890314,73,1/18/25 3:35 PM,1/18/25 3:35 PM,600000034782880665,Default Online Ordering,A1,Dining Room,Lunch,Dine In,600000034783020402,,,,,For Joie Zhou.,,,600000010081880028,Dan Dan Noodles Ⓥ🌶️🌶️ 担担面,,0.00,0.00,0.00,1.0,false,,
Cupertino,600000034782890314,73,1/18/25 3:35 PM,1/18/25 3:35 PM,600000034782880665,Default Online Ordering,A1,Dining Room,Lunch,Dine In,600000034783020404,600000027695817041,600000027695817042,,,No Chili Oil 不要红油,600000027695801376,Sauce 酱汁,600000010081905403,Sweet & Sour Cucumber Ⓥ 🌶️ 甜辣小黄瓜,,0.00,0.00,0.00,1.0,false,,
Cupertino,600000034782890314,73,1/18/25 3:35 PM,1/18/25 3:35 PM,600000034782880665,Default Online Ordering,A1,Dining Room,Lunch,Dine In,600000034783020405,,,,,For Derryk Taylor.,,,600000010081905403,Sweet & Sour Cucumber Ⓥ 🌶️ 甜辣小黄瓜,,0.00,0.00,0.00,1.0,false,,
Cupertino,600000034782890314,73,1/18/25 3:35 PM,1/18/25 3:35 PM,600000034782880665,Default Online Ordering,A1,Dining Room,Lunch,Dine In,600000034783020407,,,,,For Derryk Taylor.,,,600000010081846333,Pork & Shrimp Potstickers (6) 🦐 猪肉三鲜锅贴,,0.00,0.00,0.00,1.0,false,,
Cupertino,600000034782890314,73,1/18/25 3:51 PM,1/18/25 3:35 PM,600000034782880665,Default Online Ordering,A1,Dining Room,Lunch,Dine In,600000034784217536,,,,,For Joie Zhou.,,,600000010081840858,Steamed Pork Buns (4) 特色鲜肉蒸包,,0.00,0.00,0.00,1.0,false,,
Cupertino,600000034784860528,76,1/18/25 4:05 PM,1/18/25 4:05 PM,600000034784852279,Default Online Ordering,B1,Dining Room,Dinner,Dine In,600000034785369459,600000027695817041,600000027695817042,,,No Chili Oil 不要红油,600000027695801376,Sauce 酱汁,600000010081905403,Sweet & Sour Cucumber Ⓥ 🌶️ 甜辣小黄瓜,,0.00,0.00,0.00,1.0,false,,
Cupertino,600000034785576420,81,1/18/25 4:11 PM,1/18/25 4:11 PM,600000034785562574,Default Online Ordering,,,Dinner,DoorDash - Delivery,600000034785825614,600000026414807141,600000026414807142,,,Add Boba 珍珠,600000026414975698,Ingredients 原料,600000010081922546,Sour Plum Juice (Cold) 酸梅汁 (冷),,1.15,0.00,1.15,1.0,false,,
Cupertino,600000034785872219,85,1/18/25 4:16 PM,1/18/25 4:16 PM,600000034785872169,Default Online Ordering,B1,Dining Room,Dinner,Dine In,600000034786062649,,,,,For Augustin.,,,600000010081839187,Pan Fried Pork Buns (4) 特色鲜肉煎包,,0.00,0.00,0.00,1.0,false,,
Cupertino,600000034785872219,85,1/18/25 4:16 PM,1/18/25 4:16 PM,600000034785872169,Default Online Ordering,B1,Dining Room,Dinner,Dine In,600000034786201601,,,,,For Augustin.,,,600000010081880028,Dan Dan Noodles Ⓥ🌶️🌶️ 担担面,,0.00,0.00,0.00,1.0,false,,
Cupertino,600000034785872219,85,1/18/25 4:16 PM,1/18/25 4:16 PM,600000034785872169,Default Online Ordering,B1,Dining Room,Dinner,Dine In,600000034786201603,,,,,For Augustin.,,,600000010081834427,Pork Xiao Long Bao (8) 鲜肉小笼包,,0.00,0.00,0.00,2.0,false,,
Cupertino,600000034785872219,85,1/18/25 4:16 PM,1/18/25 4:16 PM,600000034785872169,Default Online Ordering,B1,Dining Room,Dinner,Dine In,600000034786201605,,,,,For Augustin.,,,600000010081837613,Chicken Xiao Long Bao (8) 鸡肉小笼包,,0.00,0.00,0.00,1.0,false,,
Cupertino,600000034785872219,85,1/18/25 4:16 PM,1/18/25 4:16 PM,600000034785872169,Default Online Ordering,B1,Dining Room,Dinner,Dine In,600000034786201607,,,,,For Augustin.,,,600000010081839187,Pan Fried Pork Buns (4) 特色鲜肉煎包,,0.00,0.00,0.00,2.0,false,,
Cupertino,600000034785872219,85,1/18/25 4:16 PM,1/18/25 4:16 PM,600000034785872169,Default Online Ordering,B1,Dining Room,Dinner,Dine In,600000034786201609,,,,,For Augustin.,,,600000010081852343,Chicken & Vegetable Wontons in Chili Sauce (6) 🌶️ 红油菜肉大馄饨,,0.00,0.00,0.00,1.0,false,,
Cupertino,600000034785872219,85,1/18/25 4:16 PM,1/18/25 4:16 PM,600000034785872169,Default Online Ordering,B1,Dining Room,Dinner,Dine In,600000034786201611,,,,,For Augustin.,,,600000024922278407,Passion Fruit Green Tea (Cold) 百香果绿茶 (冷),,0.00,0.00,0.00,1.0,false,,
Cupertino,600000034785872219,85,1/18/25 4:16 PM,1/18/25 4:16 PM,600000034785872169,Default Online Ordering,B1,Dining Room,Dinner,Dine In,600000034786201613,,,,,For Augustin.,,,600000010081928293,Ozeki Nigori Sake (375 ml / 12.68 fl.oz.) Best Chilled,,0.00,0.00,0.00,1.0,false,,
Cupertino,600000034785872219,85,1/18/25 4:16 PM,1/18/25 4:16 PM,600000034785872169,Default Online Ordering,B1,Dining Room,Dinner,Dine In,600000034786201615,,,,,For Augustin.,,,600000010081823847,Green Onion Pancake (1) Ⓥ 葱油饼,,0.00,0.00,0.00,2.0,false,,
Cupertino,600000034785872219,85,1/18/25 4:16 PM,1/18/25 4:16 PM,600000034785872169,Default Online Ordering,B1,Dining Room,Dinner,Dine In,600000034786201617,,,,,For Augustin.,,,600000010081918799,Milk Tea (Cold) 奶茶 (冷),,0.00,0.00,0.00,1.0,false,,
Cupertino,600000034785872219,85,1/18/25 4:16 PM,1/18/25 4:16 PM,600000034785872169,Default Online Ordering,B1,Dining Room,Dinner,Dine In,600000034786201619,,,,,For Augustin.,,,600000010081843259,Vegetable Potstickers (6) Ⓥ 素三鲜锅贴,,0.00,0.00,0.00,1.0,false,,
Cupertino,600000034786459425,89,1/18/25 4:23 PM,1/18/25 4:23 PM,600000034786459275,Default Online Ordering,A7,Dining Room,Dinner,Dine In,600000034786719524,,,,,For Anyssa Harrison.,,,600000010081837613,Chicken Xiao Long Bao (8) 鸡肉小笼包,,0.00,0.00,0.00,1.0,false,,
Cupertino,600000034786459425,89,1/18/25 4:23 PM,1/18/25 4:23 PM,600000034786459275,Default Online Ordering,A7,Dining Room,Dinner,Dine In,600000034786719526,,,,,For Anyssa Harrison.,,,600000010081845158,Chicken Potstickers (6) 鸡肉锅贴,,0.00,0.00,0.00,1.0,false,,
Cupertino,600000034786459425,89,1/18/25 4:23 PM,1/18/25 4:23 PM,600000034786459275,Default Online Ordering,A7,Dining Room,Dinner,Dine In,600000034786719528,,,,,For Anyssa Harrison.,,,600000024922278409,Thai Milk Tea (Cold) 泰式奶茶 (冷),,0.00,0.00,0.00,1.0,false,,
Cupertino,600000034786459425,89,1/18/25 4:23 PM,1/18/25 4:23 PM,600000034786459275,Default Online Ordering,A7,Dining Room,Dinner,Dine In,600000034786719530,,,,,For Anyssa Harrison.,,,600000010081892480,Beef-Stew Noodles 🌶️ 秘制牛肉小面,,0.00,0.00,0.00,1.0,false,,
Cupertino,600000034786459425,89,1/18/25 4:23 PM,1/18/25 4:23 PM,600000034786459275,Default Online Ordering,A7,Dining Room,Dinner,Dine In,600000034786719532,,,,,For Anyssa Harrison.,,,600000010081847463,Beef Potstickers (6) 牛肉锅贴,,0.00,0.00,0.00,1.0,false,,
Cupertino,600000034786459425,89,1/18/25 4:23 PM,1/18/25 4:23 PM,600000034786459275,Default Online Ordering,A7,Dining Room,Dinner,Dine In,600000034786719534,,,,,For Malinda beltran.,,,600000010081905403,Sweet & Sour Cucumber Ⓥ 🌶️ 甜辣小黄瓜,,0.00,0.00,0.00,1.0,false,,
Cupertino,600000034786459425,89,1/18/25 4:23 PM,1/18/25 4:23 PM,600000034786459275,Default Online Ordering,A7,Dining Room,Dinner,Dine In,600000034786719536,,,,,For Malinda beltran.,,,600000010081852343,Chicken & Vegetable Wontons in Chili Sauce (6) 🌶️ 红油菜肉大馄饨,,0.00,0.00,0.00,1.0,false,,
Cupertino,600000034786459425,89,1/18/25 4:23 PM,1/18/25 4:23 PM,600000034786459275,Default Online Ordering,A7,Dining Room,Dinner,Dine In,600000034786719538,,,,,For Malinda beltran.,,,600000010081833954,Pan Fried Beef Pies (2) 牛肉馅饼,,0.00,0.00,0.00,1.0,false,,
Cupertino,600000034786459425,89,1/18/25 4:23 PM,1/18/25 4:23 PM,600000034786459275,Default Online Ordering,A7,Dining Room,Dinner,Dine In,600000034786719540,,,,,For Malinda beltran.,,,600000010081835786,Pork & Crab Meat Xiao Long Bao (8) 🦐 蟹肉小笼包,,0.00,0.00,0.00,1.0,false,,
Cupertino,600000034786292799,90,1/18/25 4:25 PM,1/18/25 4:25 PM,600000034786917453,Default Online Ordering,A1,Dining Room,Dinner,Dine In,600000034786936423,600000027696099103,600000027696099104,,,No Peanut 不要花生,600000010081878294,Ingredients 原料,600000010081875664,Hot & Sour Glass Noodles 🌶️🌶️ 酸辣粉,,0.00,0.00,0.00,1.0,false,,
Cupertino,600000034789777584,96,1/18/25 5:09 PM,1/18/25 5:09 PM,600000034789742088,Default Online Ordering,A3,Dining Room,Dinner,Dine In,600000034790317456,600000027692730521,600000027692730522,,,No Sesame 不要芝麻,600000027692581800,Ingredients 原料,600000010081839187,Pan Fried Pork Buns (4) 特色鲜肉煎包,,0.00,0.00,0.00,1.0,false,,
Cupertino,600000034789162298,94,1/18/25 5:12 PM,1/18/25 5:03 PM,600000034789152299,Default Online Ordering,B5,Dining Room,Dinner,Dine In,600000034790461049,,,,,For Katelyn.,,,600000010081845158,Chicken Potstickers (6) 鸡肉锅贴,,0.00,0.00,0.00,1.0,false,,
Cupertino,600000034789162298,94,1/18/25 5:12 PM,1/18/25 5:03 PM,600000034789152299,Default Online Ordering,B5,Dining Room,Dinner,Dine In,600000034790563801,,,,,For Katelyn.,,,600000010081839187,Pan Fried Pork Buns (4) 特色鲜肉煎包,,0.00,0.00,0.00,1.0,false,,
Cupertino,600000034791689852,99,1/18/25 5:27 PM,1/18/25 5:27 PM,600000034791689802,Default Online Ordering,,,Dinner,DoorDash - Takeout,600000034791598791,600000027696251284,600000027696251285,,,No Green Onion 不要葱花,600000010081883484,Ingredients 原料,600000010081883486,Green Onion Soy Sauce Noodles Ⓥ 葱油拌面,,0.00,0.00,0.00,1.0,false,,
Cupertino,600000034791947080,103,1/18/25 5:37 PM,1/18/25 5:37 PM,600000034791832982,Default Online Ordering,A4,Dining Room,Dinner,Dine In,600000034792406266,600000027695817041,600000027695817042,,,No Chili Oil 不要红油,600000027695801376,Sauce 酱汁,600000010081905403,Sweet & Sour Cucumber Ⓥ 🌶️ 甜辣小黄瓜,,0.00,0.00,0.00,1.0,false,,
Cupertino,600000034792468603,104,1/18/25 5:38 PM,1/18/25 5:38 PM,600000034792468553,Default Online Ordering,,,Dinner,DoorDash - Takeout,600000034792465670,,,,,Include plasticware,,,600000010081823847,Green Onion Pancake (1) Ⓥ 葱油饼,,0.00,0.00,0.00,1.0,false,,
Cupertino,600000034792468603,104,1/18/25 5:38 PM,1/18/25 5:38 PM,600000034792468553,Default Online Ordering,,,Dinner,DoorDash - Takeout,600000034792465672,,,,,Include plasticware,,,600000010081845158,Chicken Potstickers (6) 鸡肉锅贴,,0.00,0.00,0.00,1.0,false,,
Cupertino,600000034792468603,104,1/18/25 5:38 PM,1/18/25 5:38 PM,600000034792468553,Default Online Ordering,,,Dinner,DoorDash - Takeout,600000034792465674,600000027695709859,600000027695709860,,,No Sesame 不要芝麻,600000027695692468,Ingredients 原料,600000010081857563,Pork Wontons in Chili Sauce (6) 🌶️ 红油猪肉抄手,,0.00,0.00,0.00,1.0,false,,
Cupertino,600000034792468603,104,1/18/25 5:38 PM,1/18/25 5:38 PM,600000034792468553,Default Online Ordering,,,Dinner,DoorDash - Takeout,600000034792465675,600000027695721240,600000027695721241,,,Sauce On Side 酱汁分开,600000027695692470,Sauce 酱汁,600000010081857563,Pork Wontons in Chili Sauce (6) 🌶️ 红油猪肉抄手,,0.00,0.00,0.00,1.0,false,,
Cupertino,600000034792468603,104,1/18/25 5:38 PM,1/18/25 5:38 PM,600000034792468553,Default Online Ordering,,,Dinner,DoorDash - Takeout,600000034792465676,,,,,Include plasticware,,,600000010081857563,Pork Wontons in Chili Sauce (6) 🌶️ 红油猪肉抄手,,0.00,0.00,0.00,1.0,false,,
Cupertino,600000034792468603,104,1/18/25 5:38 PM,1/18/25 5:38 PM,600000034792468553,Default Online Ordering,,,Dinner,DoorDash - Takeout,600000034792465678,,,,,Include plasticware,,,600000010081892480,Beef-Stew Noodles 🌶️ 秘制牛肉小面,,0.00,0.00,0.00,1.0,false,,
Cupertino,600000034792468603,104,1/18/25 5:38 PM,1/18/25 5:38 PM,600000034792468553,Default Online Ordering,,,Dinner,DoorDash - Takeout,600000034792465680,,,,,Include plasticware,,,600000010081834427,Pork Xiao Long Bao (8) 鲜肉小笼包,,0.00,0.00,0.00,1.0,false,,
Cupertino,600000034792096478,105,1/18/25 5:39 PM,1/18/25 5:39 PM,600000034792050832,Default Online Ordering,,,Dinner,DoorDash - Takeout,600000034792472428,,,,,Include plasticware,,,600000010081845158,Chicken Potstickers (6) 鸡肉锅贴,,0.00,0.00,0.00,1.0,false,,
Cupertino,600000034792096478,105,1/18/25 5:39 PM,1/18/25 5:39 PM,600000034792050832,Default Online Ordering,,,Dinner,DoorDash - Takeout,600000034792472430,,,,,Include plasticware,,,600000010081857563,Pork Wontons in Chili Sauce (6) 🌶️ 红油猪肉抄手,,0.00,0.00,0.00,1.0,false,,
Cupertino,600000034792096478,105,1/18/25 5:39 PM,1/18/25 5:39 PM,600000034792050832,Default Online Ordering,,,Dinner,DoorDash - Takeout,600000034792472432,,,,,Include plasticware,,,600000010081880028,Dan Dan Noodles Ⓥ🌶️🌶️ 担担面,,0.00,0.00,0.00,1.0,false,,
Cupertino,600000034792096478,105,1/18/25 5:39 PM,1/18/25 5:39 PM,600000034792050832,Default Online Ordering,,,Dinner,DoorDash - Takeout,600000034792472434,,,,,Include plasticware,,,600000010081839187,Pan Fried Pork Buns (4) 特色鲜肉煎包,,0.00,0.00,0.00,2.0,false,,
Cupertino,600000034791943946,106,1/18/25 5:42 PM,1/18/25 5:42 PM,600000034791852048,Default Online Ordering,,,Dinner,DoorDash - Delivery,600000034792725427,,,,,Include plasticware,,,600000010081864086,Chicken Steamed Dumplings (6) 鸡肉蒸饺,,0.00,0.00,0.00,1.0,false,,
Cupertino,600000034791943946,106,1/18/25 5:42 PM,1/18/25 5:42 PM,600000034791852048,Default Online Ordering,,,Dinner,DoorDash - Delivery,600000034792725429,,,,,Include plasticware,,,600000010081880028,Dan Dan Noodles Ⓥ🌶️🌶️ 担担面,,0.00,0.00,0.00,1.0,false,,
Cupertino,600000034793033154,109,1/18/25 5:52 PM,1/18/25 5:46 PM,600000034792922560,Default Online Ordering,B1,Dining Room,Dinner,Dine In,600000034793332783,,,,,For Erica Svendahl.,,,600000010081918793,Jasmine Tea (Hot) 茉莉花茶 (热),,0.00,0.00,0.00,1.0,false,,
Cupertino,600000034793033154,109,1/18/25 5:52 PM,1/18/25 5:46 PM,600000034792922560,Default Online Ordering,B1,Dining Room,Dinner,Dine In,600000034793332785,,,,,For Erica Svendahl.,,,600000010081928287,Sapporo,,0.00,0.00,0.00,2.0,false,,
Cupertino,600000034793033154,109,1/18/25 5:52 PM,1/18/25 5:46 PM,600000034792922560,Default Online Ordering,B1,Dining Room,Dinner,Dine In,600000034793332787,,,,,For Erica Svendahl.,,,600000010081883486,Green Onion Soy Sauce Noodles Ⓥ 葱油拌面,,0.00,0.00,0.00,1.0,false,,
Cupertino,600000034793033154,109,1/18/25 5:52 PM,1/18/25 5:46 PM,600000034792922560,Default Online Ordering,B1,Dining Room,Dinner,Dine In,600000034793332789,,,,,For Erica Svendahl.,,,600000010081837613,Chicken Xiao Long Bao (8) 鸡肉小笼包,,0.00,0.00,0.00,1.0,false,,
Cupertino,600000034793033154,109,1/18/25 5:52 PM,1/18/25 5:46 PM,600000034792922560,Default Online Ordering,B1,Dining Room,Dinner,Dine In,600000034793332791,,,,,For Erica Svendahl.,,,600000010081834427,Pork Xiao Long Bao (8) 鲜肉小笼包,,0.00,0.00,0.00,1.0,false,,
Cupertino,600000034793033154,109,1/18/25 5:52 PM,1/18/25 5:46 PM,600000034792922560,Default Online Ordering,B1,Dining Room,Dinner,Dine In,600000034793332793,,,,,For Erica Svendahl.,,,600000010081823847,Green Onion Pancake (1) Ⓥ 葱油饼,,0.00,0.00,0.00,1.0,false,,
Cupertino,600000034793297452,110,1/18/25 5:53 PM,1/18/25 5:49 PM,600000034793230708,Default Online Ordering,B3,Dining Room,Dinner,Dine In,600000034793464044,600000027695817041,600000027695817042,,,No Chili Oil 不要红油,600000027695801376,Sauce 酱汁,600000010081905403,Sweet & Sour Cucumber Ⓥ 🌶️ 甜辣小黄瓜,,0.00,0.00,0.00,1.0,false,,
Cupertino,600000034793786967,114,1/18/25 6:03 PM,1/18/25 6:03 PM,600000034793741821,Default Online Ordering,,,Dinner,DoorDash - Takeout,600000034794144510,,,,,Include plasticware,,,600000010081857563,Pork Wontons in Chili Sauce (6) 🌶️ 红油猪肉抄手,,0.00,0.00,0.00,2.0,false,,
Cupertino,600000034793898472,115,1/18/25 6:03 PM,1/18/25 6:03 PM,600000034793897173,Default Online Ordering,B2,Dining Room,Dinner,Dine In,600000034794240654,600000027695817041,600000027695817042,,,No Chili Oil 不要红油,600000027695801376,Sauce 酱汁,600000010081905403,Sweet & Sour Cucumber Ⓥ 🌶️ 甜辣小黄瓜,,0.00,0.00,0.00,1.0,false,,
Cupertino,600000034793033154,109,1/18/25 6:06 PM,1/18/25 5:46 PM,600000034792922560,Default Online Ordering,B1,Dining Room,Dinner,Dine In,600000034794289490,,,,,"For Erica Svendahl.
 ",,,600000010081837613,Chicken Xiao Long Bao (8) 鸡肉小笼包,,0.00,0.00,0.00,1.0,false,,
Cupertino,600000034793033154,109,1/18/25 6:06 PM,1/18/25 5:46 PM,600000034792922560,Default Online Ordering,B1,Dining Room,Dinner,Dine In,600000034794289492,,,,,For Erica Svendahl.,,,600000010081928289,Tsingtao,,0.00,0.00,0.00,1.0,false,,
Cupertino,600000034793033154,109,1/18/25 6:06 PM,1/18/25 5:46 PM,600000034792922560,Default Online Ordering,B1,Dining Room,Dinner,Dine In,600000034794289494,,,,,For Erica Svendahl.,,,600000010081880028,Dan Dan Noodles Ⓥ🌶️🌶️ 担担面,,0.00,0.00,0.00,1.0,false,,
Cupertino,600000034793033154,109,1/18/25 6:06 PM,1/18/25 5:46 PM,600000034792922560,Default Online Ordering,B1,Dining Room,Dinner,Dine In,600000034794289496,,,,,For Erica Svendahl.,,,600000010081845158,Chicken Potstickers (6) 鸡肉锅贴,,0.00,0.00,0.00,1.0,false,,
Cupertino,600000034794295726,118,1/18/25 6:10 PM,1/18/25 6:10 PM,600000034794197881,Default Online Ordering,B8,Dining Room,Dinner,Dine In,600000034794621207,,,,,For Ian Covert.,,,600000010081835786,Pork & Crab Meat Xiao Long Bao (8) 🦐 蟹肉小笼包,,0.00,0.00,0.00,1.0,false,,
Cupertino,600000034794295726,118,1/18/25 6:10 PM,1/18/25 6:10 PM,600000034794197881,Default Online Ordering,B8,Dining Room,Dinner,Dine In,600000034794621209,,,,,For Ian Covert.,,,600000010081839187,Pan Fried Pork Buns (4) 特色鲜肉煎包,,0.00,0.00,0.00,1.0,false,,
Cupertino,600000034794295726,118,1/18/25 6:10 PM,1/18/25 6:10 PM,600000034794197881,Default Online Ordering,B8,Dining Room,Dinner,Dine In,600000034794621211,,,,,For Ian Covert.,,,600000010081823847,Green Onion Pancake (1) Ⓥ 葱油饼,,0.00,0.00,0.00,1.0,false,,
Cupertino,600000034794295726,118,1/18/25 6:10 PM,1/18/25 6:10 PM,600000034794197881,Default Online Ordering,B8,Dining Room,Dinner,Dine In,600000034794621213,,,,,For Jackie.,,,600000010081905518,Chicken & Vegetable Wontons in Chicken Soup 鸡汤菜肉大馄饨,,0.00,0.00,0.00,1.0,false,,
Cupertino,600000034794295726,118,1/18/25 6:10 PM,1/18/25 6:10 PM,600000034794197881,Default Online Ordering,B8,Dining Room,Dinner,Dine In,600000034794621215,,,,,For Jackie.,,,600000010081905403,Sweet & Sour Cucumber Ⓥ 🌶️ 甜辣小黄瓜,,0.00,0.00,0.00,1.0,false,,
Cupertino,600000034794877567,124,1/18/25 6:23 PM,1/18/25 6:23 PM,600000034794877517,Default Online Ordering,D2,Dining Room,Dinner,Dine In,600000034795403925,,,,,For Melissa.,,,600000010081827857,Beef Sandwich (1) 大嘴牛肉包 (不辣),,0.00,0.00,0.00,1.0,false,,
Cupertino,600000034794877567,124,1/18/25 6:23 PM,1/18/25 6:23 PM,600000034794877517,Default Online Ordering,D2,Dining Room,Dinner,Dine In,600000034795403927,,,,,For Andrew Denike.,,,600000010081880028,Dan Dan Noodles Ⓥ🌶️🌶️ 担担面,,0.00,0.00,0.00,1.0,false,,
Cupertino,600000034794877567,124,1/18/25 6:23 PM,1/18/25 6:23 PM,600000034794877517,Default Online Ordering,D2,Dining Room,Dinner,Dine In,600000034795403929,,,,,For Andrew Denike.,,,600000010081834427,Pork Xiao Long Bao (8) 鲜肉小笼包,,0.00,0.00,0.00,1.0,false,,
Cupertino,600000034794877567,124,1/18/25 6:23 PM,1/18/25 6:23 PM,600000034794877517,Default Online Ordering,D2,Dining Room,Dinner,Dine In,600000034795403931,,,,,For Andrew Denike.,,,600000010081899532,Kale Salad with Sesame Dressing Ⓥ 麻酱羽衣甘蓝沙拉,,0.00,0.00,0.00,1.0,false,,
Cupertino,600000034796267901,134,1/18/25 6:37 PM,1/18/25 6:37 PM,600000034796267502,Default Online Ordering,A7,Dining Room,Dinner,Dine In,600000034796182499,,,,,For Elise Lee.,,,600000010081834427,Pork Xiao Long Bao (8) 鲜肉小笼包,,0.00,0.00,0.00,1.0,false,,
Cupertino,600000034795205938,132,1/18/25 6:36 PM,1/18/25 6:36 PM,600000034795194091,Default Online Ordering,,,Dinner,DoorDash - Takeout,600000034796189911,,,,,Include plasticware,,,600000010081854624,Chicken & Vegetable Wontons in Hot & Sour Sauce (6) 🌶️ 酸辣菜肉大馄饨,,0.00,0.00,0.00,1.0,false,,
Cupertino,600000034795205938,132,1/18/25 6:36 PM,1/18/25 6:36 PM,600000034795194091,Default Online Ordering,,,Dinner,DoorDash - Takeout,600000034796189913,,,,,Include plasticware,,,600000010081883486,Green Onion Soy Sauce Noodles Ⓥ 葱油拌面,,0.00,0.00,0.00,1.0,false,,
Cupertino,600000034795205938,132,1/18/25 6:36 PM,1/18/25 6:36 PM,600000034795194091,Default Online Ordering,,,Dinner,DoorDash - Takeout,600000034796189915,,,,,Include plasticware,,,600000010081837613,Chicken Xiao Long Bao (8) 鸡肉小笼包,,0.00,0.00,0.00,1.0,false,,
Cupertino,600000034795655737,135,1/18/25 6:39 PM,1/18/25 6:39 PM,600000034795622041,Default Online Ordering,B6,Dining Room,Dinner,Dine In,600000034796245347,,,,,For AC.,,,600000010081845158,Chicken Potstickers (6) 鸡肉锅贴,,0.00,0.00,0.00,1.0,false,,
Cupertino,600000034795655737,135,1/18/25 6:39 PM,1/18/25 6:39 PM,600000034795622041,Default Online Ordering,B6,Dining Room,Dinner,Dine In,600000034796245349,600000027695709855,600000027695709856,,,No Green Onion 不要葱花,600000027695692468,Ingredients 原料,600000010081857563,Pork Wontons in Chili Sauce (6) 🌶️ 红油猪肉抄手,,0.00,0.00,0.00,1.0,false,,
Cupertino,600000034796267901,134,1/18/25 6:40 PM,1/18/25 6:37 PM,600000034796267502,Default Online Ordering,A7,Dining Room,Dinner,Dine In,600000034796251243,,,,,For Xavier Lee.,,,600000010081905403,Sweet & Sour Cucumber Ⓥ 🌶️ 甜辣小黄瓜,,0.00,0.00,0.00,1.0,false,,
Cupertino,600000034796267901,134,1/18/25 6:37 PM,1/18/25 6:37 PM,600000034796267502,Default Online Ordering,A7,Dining Room,Dinner,Dine In,600000034796282401,,,,,For Elise Lee.,,,600000010081875664,Hot & Sour Glass Noodles 🌶️🌶️ 酸辣粉,,0.00,0.00,0.00,1.0,false,,
Cupertino,600000034796267901,134,1/18/25 6:37 PM,1/18/25 6:37 PM,600000034796267502,Default Online Ordering,A7,Dining Room,Dinner,Dine In,600000034796282403,,,,,For Elise Lee.,,,600000010081857563,Pork Wontons in Chili Sauce (6) 🌶️ 红油猪肉抄手,,0.00,0.00,0.00,1.0,false,,
Cupertino,600000034796267901,134,1/18/25 6:37 PM,1/18/25 6:37 PM,600000034796267502,Default Online Ordering,A7,Dining Room,Dinner,Dine In,600000034796282405,,,,,For Elise Lee.,,,600000010081832227,Pan Fried Chive Dumplings (3) 韭菜盒子,,0.00,0.00,0.00,1.0,false,,
Cupertino,600000034796267901,134,1/18/25 6:37 PM,1/18/25 6:37 PM,600000034796267502,Default Online Ordering,A7,Dining Room,Dinner,Dine In,600000034796282407,,,,,For Xavier Lee.,,,600000010081895356,Beef-Stew Noodle Soup 🌶️ 秘制牛肉汤面,,0.00,0.00,0.00,1.0,false,,
Cupertino,600000034795655737,135,1/18/25 6:39 PM,1/18/25 6:39 PM,600000034795622041,Default Online Ordering,B6,Dining Room,Dinner,Dine In,600000034796389000,,,,,For AC.,,,600000010081857563,Pork Wontons in Chili Sauce (6) 🌶️ 红油猪肉抄手,,0.00,0.00,0.00,1.0,false,,
Cupertino,600000034795655737,135,1/18/25 6:39 PM,1/18/25 6:39 PM,600000034795622041,Default Online Ordering,B6,Dining Room,Dinner,Dine In,600000034796389002,600000027696290405,600000027696290406,,,No Green Onion 不要葱花,600000010081888850,Ingredients 原料,600000010081886453,Yibin Noodles Ⓥ 🌶️ 宜宾燃面,,0.00,0.00,0.00,1.0,false,,
Cupertino,600000034795655737,135,1/18/25 6:39 PM,1/18/25 6:39 PM,600000034795622041,Default Online Ordering,B6,Dining Room,Dinner,Dine In,600000034796389003,,,,,For AC.,,,600000010081886453,Yibin Noodles Ⓥ 🌶️ 宜宾燃面,,0.00,0.00,0.00,1.0,false,,
Cupertino,600000034795655737,135,1/18/25 6:39 PM,1/18/25 6:39 PM,600000034795622041,Default Online Ordering,B6,Dining Room,Dinner,Dine In,600000034796389005,,,,,For Norman shen.,,,600000010081834427,Pork Xiao Long Bao (8) 鲜肉小笼包,,0.00,0.00,0.00,1.0,false,,
Cupertino,600000034795655737,135,1/18/25 6:39 PM,1/18/25 6:39 PM,600000034795622041,Default Online Ordering,B6,Dining Room,Dinner,Dine In,600000034796389007,600000027695817041,600000027695817042,,,No Chili Oil 不要红油,600000027695801376,Sauce 酱汁,600000010081905403,Sweet & Sour Cucumber Ⓥ 🌶️ 甜辣小黄瓜,,0.00,0.00,0.00,1.0,false,,
Cupertino,600000034795655737,135,1/18/25 6:39 PM,1/18/25 6:39 PM,600000034795622041,Default Online Ordering,B6,Dining Room,Dinner,Dine In,600000034796389008,,,,,For Norman shen.,,,600000010081905403,Sweet & Sour Cucumber Ⓥ 🌶️ 甜辣小黄瓜,,0.00,0.00,0.00,1.0,false,,
Cupertino,600000034795655737,135,1/18/25 6:39 PM,1/18/25 6:39 PM,600000034795622041,Default Online Ordering,B6,Dining Room,Dinner,Dine In,600000034796389010,,,,,For Norman shen.,,,600000010081831015,Beef Pancake Roll (1) 酱香牛肉卷饼 (不辣),,0.00,0.00,0.00,1.0,false,,
Cupertino,600000034795655737,135,1/18/25 6:39 PM,1/18/25 6:39 PM,600000034795622041,Default Online Ordering,B6,Dining Room,Dinner,Dine In,600000034796389012,,,,,For Norman shen.,,,600000010081890982,Minced Chicken Noodles 🌶️ 鸡肉肉燥小面,,0.00,0.00,0.00,1.0,false,,
Cupertino,600000034795980639,137,1/18/25 6:42 PM,1/18/25 6:42 PM,600000034796485502,Default Online Ordering,D4,Dining Room,Dinner,Dine In,600000034796467374,600000027696170234,600000027696170235,,,No Yibin Sprouts 不要宜宾芽菜,600000027696127047,Ingredients 原料,600000010081880028,Dan Dan Noodles Ⓥ🌶️🌶️ 担担面,,0.00,0.00,0.00,1.0,false,,
Cupertino,600000034796487945,143,1/18/25 6:57 PM,1/18/25 6:57 PM,600000034796444549,Default Online Ordering,,,Dinner,DoorDash - Takeout,600000034797278507,,,,,Include plasticware,,,600000010081864086,Chicken Steamed Dumplings (6) 鸡肉蒸饺,,0.00,0.00,0.00,3.0,false,,
Cupertino,600000034797383904,147,1/18/25 7:00 PM,1/18/25 7:00 PM,600000034797362606,Default Online Ordering,,,Dinner,DoorDash - Takeout,600000034797435259,600000027696436293,600000027696436294,,,No Green Onion 不要葱花,600000010081895354,Ingredients 原料,600000010081892480,Beef-Stew Noodles 🌶️ 秘制牛肉小面,,0.00,0.00,0.00,1.0,false,,
Cupertino,600000034797351622,149,1/18/25 7:06 PM,1/18/25 7:06 PM,600000034797183327,Default Online Ordering,B2,Dining Room,Dinner,Dine In,600000034797631290,600000027695817041,600000027695817042,,,No Chili Oil 不要红油,600000027695801376,Sauce 酱汁,600000010081905403,Sweet & Sour Cucumber Ⓥ 🌶️ 甜辣小黄瓜,,0.00,0.00,0.00,1.0,false,,
Cupertino,600000034797351622,149,1/18/25 7:06 PM,1/18/25 7:06 PM,600000034797183327,Default Online Ordering,B2,Dining Room,Dinner,Dine In,600000034797631295,600000027696251284,600000027696251285,,,No Green Onion 不要葱花,600000010081883484,Ingredients 原料,600000010081895396,Zha Jiang Mian 京味炸酱面,,0.00,0.00,0.00,1.0,false,,
Cupertino,600000034797688509,150,1/18/25 7:07 PM,1/18/25 7:07 PM,600000034797662360,Default Online Ordering,A1,Dining Room,Dinner,Dine In,600000034797787955,,,,,For Alec Lam.,,,600000010081834427,Pork Xiao Long Bao (8) 鲜肉小笼包,,0.00,0.00,0.00,1.0,false,,
Cupertino,600000034797688509,150,1/18/25 7:07 PM,1/18/25 7:07 PM,600000034797662360,Default Online Ordering,A1,Dining Room,Dinner,Dine In,600000034797787957,,,,,For Alec Lam.,,,600000010081839187,Pan Fried Pork Buns (4) 特色鲜肉煎包,,0.00,0.00,0.00,1.0,false,,
Cupertino,600000034797688509,150,1/18/25 7:07 PM,1/18/25 7:07 PM,600000034797662360,Default Online Ordering,A1,Dining Room,Dinner,Dine In,600000034797787959,,,,,For Alec Lam.,,,600000010081905403,Sweet & Sour Cucumber Ⓥ 🌶️ 甜辣小黄瓜,,0.00,0.00,0.00,1.0,false,,
Cupertino,600000034797688509,150,1/18/25 7:07 PM,1/18/25 7:07 PM,600000034797662360,Default Online Ordering,A1,Dining Room,Dinner,Dine In,600000034797787961,,,,,For Alec Lam.,,,600000010081880028,Dan Dan Noodles Ⓥ🌶️🌶️ 担担面,,0.00,0.00,0.00,1.0,false,,
Cupertino,600000034797688509,150,1/18/25 7:07 PM,1/18/25 7:07 PM,600000034797662360,Default Online Ordering,A1,Dining Room,Dinner,Dine In,600000034797787963,,,,,For Alec Lam.,,,600000026820238595,High Tail Shrimp & Pork Steamed Dumplings (6) 🦐 翘尾鲜虾蒸饺,,0.00,0.00,0.00,1.0,false,,
Cupertino,600000034797688509,150,1/18/25 7:07 PM,1/18/25 7:07 PM,600000034797662360,Default Online Ordering,A1,Dining Room,Dinner,Dine In,600000034797787965,,,,,For Melissa Strome.,,,600000010081837613,Chicken Xiao Long Bao (8) 鸡肉小笼包,,0.00,0.00,0.00,1.0,false,,
Cupertino,600000034797688509,150,1/18/25 7:07 PM,1/18/25 7:07 PM,600000034797662360,Default Online Ordering,A1,Dining Room,Dinner,Dine In,600000034797787967,,,,,For Melissa Strome.,,,600000010081859192,Shrimp & Zucchini Steamed Dumplings (6) 🦐 青瓜鲜虾蒸饺,,0.00,0.00,0.00,1.0,false,,
Cupertino,600000034797688509,150,1/18/25 7:07 PM,1/18/25 7:07 PM,600000034797662360,Default Online Ordering,A1,Dining Room,Dinner,Dine In,600000034797787969,600000027693016529,600000027693016530,,,No Green Onion 不要葱花,600000010081850664,Ingredients 原料,600000010081850666,Pan Fried Wontons with Sweet & Spicy Garlic Sauce (6) 甜辣香煎大馄饨,,0.00,0.00,0.00,1.0,false,,
Cupertino,600000034797688509,150,1/18/25 7:07 PM,1/18/25 7:07 PM,600000034797662360,Default Online Ordering,A1,Dining Room,Dinner,Dine In,600000034797787970,,,,,For Melissa Strome.,,,600000010081850666,Pan Fried Wontons with Sweet & Spicy Garlic Sauce (6) 甜辣香煎大馄饨,,0.00,0.00,0.00,1.0,false,,
Cupertino,600000034797688509,150,1/18/25 7:07 PM,1/18/25 7:07 PM,600000034797662360,Default Online Ordering,A1,Dining Room,Dinner,Dine In,600000034797787972,600000027696436293,600000027696436294,,,No Green Onion 不要葱花,600000010081895354,Ingredients 原料,600000010081892480,Beef-Stew Noodles 🌶️ 秘制牛肉小面,,0.00,0.00,0.00,1.0,false,,
Cupertino,600000034797688509,150,1/18/25 7:07 PM,1/18/25 7:07 PM,600000034797662360,Default Online Ordering,A1,Dining Room,Dinner,Dine In,600000034797787973,,,,,For Melissa Strome.,,,600000010081892480,Beef-Stew Noodles 🌶️ 秘制牛肉小面,,0.00,0.00,0.00,1.0,false,,
Cupertino,600000034797974252,153,1/18/25 7:13 PM,1/18/25 7:13 PM,600000034797961204,Default Online Ordering,D5,Dining Room,Dinner,Dine In,600000034797851698,,,,,For Peter.,,,600000010081839187,Pan Fried Pork Buns (4) 特色鲜肉煎包,,0.00,0.00,0.00,1.0,false,,
Cupertino,600000034797974252,153,1/18/25 7:13 PM,1/18/25 7:13 PM,600000034797961204,Default Online Ordering,D5,Dining Room,Dinner,Dine In,600000034798077300,,,,,For Peter.,,,600000010081834427,Pork Xiao Long Bao (8) 鲜肉小笼包,,0.00,0.00,0.00,1.0,false,,
Cupertino,600000034797974252,153,1/18/25 7:13 PM,1/18/25 7:13 PM,600000034797961204,Default Online Ordering,D5,Dining Room,Dinner,Dine In,600000034798077302,,,,,For Peter.,,,600000010081847463,Beef Potstickers (6) 牛肉锅贴,,0.00,0.00,0.00,1.0,false,,
Cupertino,600000034797974252,153,1/18/25 7:13 PM,1/18/25 7:13 PM,600000034797961204,Default Online Ordering,D5,Dining Room,Dinner,Dine In,600000034798077304,,,,,For Peter.,,,600000010081857563,Pork Wontons in Chili Sauce (6) 🌶️ 红油猪肉抄手,,0.00,0.00,0.00,1.0,false,,
Cupertino,600000034797974252,153,1/18/25 7:13 PM,1/18/25 7:13 PM,600000034797961204,Default Online Ordering,D5,Dining Room,Dinner,Dine In,600000034798077306,,,,,For Peter.,,,600000010081924409,Diet Coke 健怡可乐,,0.00,0.00,0.00,1.0,false,,
Cupertino,600000034798105016,163,1/18/25 7:20 PM,1/18/25 7:20 PM,600000034798095419,Default Online Ordering,,,Dinner,DoorDash - Delivery,600000034798311943,600000027695721240,600000027695721241,,,Sauce On Side 酱汁分开,600000027695692470,Sauce 酱汁,600000010081857563,Pork Wontons in Chili Sauce (6) 🌶️ 红油猪肉抄手,,0.00,0.00,0.00,1.0,false,,
Cupertino,600000034798529355,165,1/18/25 7:24 PM,1/18/25 7:24 PM,600000034798337011,Default Online Ordering,D2,Dining Room,Dinner,Dine In,600000034798544261,,,,,For Pranav Rastogi.,,,600000010081905403,Sweet & Sour Cucumber Ⓥ 🌶️ 甜辣小黄瓜,,0.00,0.00,0.00,1.0,false,,
Cupertino,600000034798529355,165,1/18/25 7:24 PM,1/18/25 7:24 PM,600000034798337011,Default Online Ordering,D2,Dining Room,Dinner,Dine In,600000034798544263,,,,,For Pranav Rastogi.,,,600000010081823847,Green Onion Pancake (1) Ⓥ 葱油饼,,0.00,0.00,0.00,1.0,false,,
Cupertino,600000034798529355,165,1/18/25 7:24 PM,1/18/25 7:24 PM,600000034798337011,Default Online Ordering,D2,Dining Room,Dinner,Dine In,600000034798544265,,,,,For Pranav Rastogi.,,,600000010081880028,Dan Dan Noodles Ⓥ🌶️🌶️ 担担面,,0.00,0.00,0.00,1.0,false,,
Cupertino,600000034798529355,165,1/18/25 7:24 PM,1/18/25 7:24 PM,600000034798337011,Default Online Ordering,D2,Dining Room,Dinner,Dine In,600000034798544267,,,,,For Pranav Rastogi.,,,600000010081835786,Pork & Crab Meat Xiao Long Bao (8) 🦐 蟹肉小笼包,,0.00,0.00,0.00,1.0,false,,
Cupertino,600000034798529355,165,1/18/25 7:24 PM,1/18/25 7:24 PM,600000034798337011,Default Online Ordering,D2,Dining Room,Dinner,Dine In,600000034798544269,,,,,For Pranav Rastogi.,,,600000010081854624,Chicken & Vegetable Wontons in Hot & Sour Sauce (6) 🌶️ 酸辣菜肉大馄饨,,0.00,0.00,0.00,1.0,false,,
Cupertino,600000034798529355,165,1/18/25 7:24 PM,1/18/25 7:24 PM,600000034798337011,Default Online Ordering,D2,Dining Room,Dinner,Dine In,600000034798544271,,,,,For Pranav Rastogi.,,,600000010081928293,Ozeki Nigori Sake (375 ml / 12.68 fl.oz.) Best Chilled,,0.00,0.00,0.00,1.0,false,,
Cupertino,600000034798529355,165,1/18/25 7:24 PM,1/18/25 7:24 PM,600000034798337011,Default Online Ordering,D2,Dining Room,Dinner,Dine In,600000034798544273,,,,,For Pranav Rastogi.,,,600000010081834427,Pork Xiao Long Bao (8) 鲜肉小笼包,,0.00,0.00,0.00,1.0,false,,
Cupertino,600000034798829902,171,1/18/25 7:31 PM,1/18/25 7:31 PM,600000034798792455,Default Online Ordering,A3,Dining Room,Dinner,Dine In,600000034798803762,600000027695817041,600000027695817042,,,No Chili Oil 不要红油,600000027695801376,Sauce 酱汁,600000010081905403,Sweet & Sour Cucumber Ⓥ 🌶️ 甜辣小黄瓜,,0.00,0.00,0.00,1.0,false,,
Cupertino,600000034797261231,151,1/18/25 7:38 PM,1/18/25 7:08 PM,600000034797205834,Default Online Ordering,A5,Dining Room,Dinner,Dine In,600000034798919789,600000027692730517,600000027692730518,,,No Green Onion 不要葱花,600000027692581800,Ingredients 原料,600000010081839187,Pan Fried Pork Buns (4) 特色鲜肉煎包,,0.00,0.00,0.00,1.0,false,,
Cupertino,600000034797261231,151,1/18/25 7:38 PM,1/18/25 7:08 PM,600000034797205834,Default Online Ordering,A5,Dining Room,Dinner,Dine In,600000034798919790,600000027692730521,600000027692730522,,,No Sesame 不要芝麻,600000027692581800,Ingredients 原料,600000010081839187,Pan Fried Pork Buns (4) 特色鲜肉煎包,,0.00,0.00,0.00,1.0,false,,
Cupertino,600000034800275254,184,1/18/25 8:09 PM,1/18/25 8:09 PM,600000034800057613,Default Online Ordering,D1,Dining Room,Dinner,Dine In,600000034800275174,,,,,For Affan.,,,600000010081843259,Vegetable Potstickers (6) Ⓥ 素三鲜锅贴,,0.00,0.00,0.00,1.0,false,,
Cupertino,600000034800275254,184,1/18/25 8:09 PM,1/18/25 8:09 PM,600000034800057613,Default Online Ordering,D1,Dining Room,Dinner,Dine In,600000034800275176,,,,,For Affan.,,,600000010081859192,Shrimp & Zucchini Steamed Dumplings (6) 🦐 青瓜鲜虾蒸饺,,0.00,0.00,0.00,1.0,false,,
Cupertino,600000034800275254,184,1/18/25 8:09 PM,1/18/25 8:09 PM,600000034800057613,Default Online Ordering,D1,Dining Room,Dinner,Dine In,600000034800275178,,,,,For Affan.,,,600000010081880028,Dan Dan Noodles Ⓥ🌶️🌶️ 担担面,,0.00,0.00,0.00,1.0,false,,
Cupertino,600000034800275254,184,1/18/25 8:09 PM,1/18/25 8:09 PM,600000034800057613,Default Online Ordering,D1,Dining Room,Dinner,Dine In,600000034800275180,,,,,For Affan.,,,600000010081832227,Pan Fried Chive Dumplings (3) 韭菜盒子,,0.00,0.00,0.00,1.0,false,,
Cupertino,600000034800275254,184,1/18/25 8:09 PM,1/18/25 8:09 PM,600000034800057613,Default Online Ordering,D1,Dining Room,Dinner,Dine In,600000034800275182,,,,,For Affan.,,,600000010081905403,Sweet & Sour Cucumber Ⓥ 🌶️ 甜辣小黄瓜,,0.00,0.00,0.00,1.0,false,,
Cupertino,600000034800275254,184,1/18/25 8:09 PM,1/18/25 8:09 PM,600000034800057613,Default Online Ordering,D1,Dining Room,Dinner,Dine In,600000034800275184,,,,,For Affan.,,,600000010081862679,Vegetable Steamed Dumplings (6) Ⓥ 素三鲜蒸饺,,0.00,0.00,0.00,2.0,false,,
Cupertino,600000034800275254,184,1/18/25 8:09 PM,1/18/25 8:09 PM,600000034800057613,Default Online Ordering,D1,Dining Room,Dinner,Dine In,600000034800275186,,,,,For Rao.,,,600000010081834427,Pork Xiao Long Bao (8) 鲜肉小笼包,,0.00,0.00,0.00,1.0,false,,
Cupertino,600000034800275254,184,1/18/25 8:09 PM,1/18/25 8:09 PM,600000034800057613,Default Online Ordering,D1,Dining Room,Dinner,Dine In,600000034800275188,,,,,For Rao.,,,600000010081880028,Dan Dan Noodles Ⓥ🌶️🌶️ 担担面,,0.00,0.00,0.00,2.0,false,,
Cupertino,600000034800275254,184,1/18/25 8:09 PM,1/18/25 8:09 PM,600000034800057613,Default Online Ordering,D1,Dining Room,Dinner,Dine In,600000034800275190,,,,,For Rao.,,,600000010081864086,Chicken Steamed Dumplings (6) 鸡肉蒸饺,,0.00,0.00,0.00,1.0,false,,
Cupertino,600000034800275254,184,1/18/25 8:09 PM,1/18/25 8:09 PM,600000034800057613,Default Online Ordering,D1,Dining Room,Dinner,Dine In,600000034800275192,,,,,For Rao.,,,600000024922278409,Thai Milk Tea (Cold) 泰式奶茶 (冷),,0.00,0.00,0.00,1.0,false,,
Cupertino,600000034800237529,190,1/18/25 8:21 PM,1/18/25 8:20 PM,600000034800161232,Default Online Ordering,C4,Dining Room,Dinner,Dine In,600000034800503295,,,,,For Yomaira.,,,600000010081921412,Coke 可乐,,0.00,0.00,0.00,1.0,false,,
Cupertino,600000034800237529,190,1/18/25 8:21 PM,1/18/25 8:20 PM,600000034800161232,Default Online Ordering,C4,Dining Room,Dinner,Dine In,600000034800503297,,,,,For Ruby Gutierrez.,,,600000010081921412,Coke 可乐,,0.00,0.00,0.00,1.0,false,,
Cupertino,600000034800237529,190,1/18/25 8:21 PM,1/18/25 8:20 PM,600000034800161232,Default Online Ordering,C4,Dining Room,Dinner,Dine In,600000034800503299,,,,,For Alex Zabalza.,,,600000024922278407,Passion Fruit Green Tea (Cold) 百香果绿茶 (冷),,0.00,0.00,0.00,1.0,false,,
Cupertino,600000034799682430,188,1/18/25 8:17 PM,1/18/25 8:17 PM,600000034799429887,Default Online Ordering,,,Dinner,DoorDash - Delivery,600000034800577111,600000027696251284,600000027696251285,,,No Green Onion 不要葱花,600000010081883484,Ingredients 原料,600000010081883486,Green Onion Soy Sauce Noodles Ⓥ 葱油拌面,,0.00,0.00,0.00,2.0,false,,
Cupertino,600000034800237529,190,1/18/25 8:21 PM,1/18/25 8:20 PM,600000034800161232,Default Online Ordering,C4,Dining Room,Dinner,Dine In,600000034800612988,,,,,For Bianca Duarte.,,,600000010081924409,Diet Coke 健怡可乐,,0.00,0.00,0.00,1.0,false,,
Cupertino,600000034800237529,190,1/18/25 8:20 PM,1/18/25 8:20 PM,600000034800161232,Default Online Ordering,C4,Dining Room,Dinner,Dine In,600000034800631575,,,,,For Yomaira.,,,600000010081834427,Pork Xiao Long Bao (8) 鲜肉小笼包,,0.00,0.00,0.00,1.0,false,,
Cupertino,600000034800237529,190,1/18/25 8:20 PM,1/18/25 8:20 PM,600000034800161232,Default Online Ordering,C4,Dining Room,Dinner,Dine In,600000034800631577,,,,,For Yomaira.,,,600000010081823847,Green Onion Pancake (1) Ⓥ 葱油饼,,0.00,0.00,0.00,1.0,false,,
Cupertino,600000034800237529,190,1/18/25 8:20 PM,1/18/25 8:20 PM,600000034800161232,Default Online Ordering,C4,Dining Room,Dinner,Dine In,600000034800631579,,,,,For Yomaira.,,,600000010081905403,Sweet & Sour Cucumber Ⓥ 🌶️ 甜辣小黄瓜,,0.00,0.00,0.00,1.0,false,,
Cupertino,600000034800237529,190,1/18/25 8:20 PM,1/18/25 8:20 PM,600000034800161232,Default Online Ordering,C4,Dining Room,Dinner,Dine In,600000034800631581,,,,,For Yomaira.,,,600000010081857563,Pork Wontons in Chili Sauce (6) 🌶️ 红油猪肉抄手,,0.00,0.00,0.00,1.0,false,,
Cupertino,600000034800237529,190,1/18/25 8:20 PM,1/18/25 8:20 PM,600000034800161232,Default Online Ordering,C4,Dining Room,Dinner,Dine In,600000034800631583,,,,,For Yomaira.,,,600000010081880028,Dan Dan Noodles Ⓥ🌶️🌶️ 担担面,,0.00,0.00,0.00,1.0,false,,
Cupertino,600000034800237529,190,1/18/25 8:20 PM,1/18/25 8:20 PM,600000034800161232,Default Online Ordering,C4,Dining Room,Dinner,Dine In,600000034800631585,,,,,For Ruby Gutierrez.,,,600000010081905403,Sweet & Sour Cucumber Ⓥ 🌶️ 甜辣小黄瓜,,0.00,0.00,0.00,1.0,false,,
Cupertino,600000034800237529,190,1/18/25 8:20 PM,1/18/25 8:20 PM,600000034800161232,Default Online Ordering,C4,Dining Room,Dinner,Dine In,600000034800631587,,,,,For Ruby Gutierrez.,,,600000010081839187,Pan Fried Pork Buns (4) 特色鲜肉煎包,,0.00,0.00,0.00,1.0,false,,
Cupertino,600000034800237529,190,1/18/25 8:38 PM,1/18/25 8:20 PM,600000034800161232,Default Online Ordering,C4,Dining Room,Dinner,Dine In,600000034801194768,,,,,For Yomaira.,,,600000010081834427,Pork Xiao Long Bao (8) 鲜肉小笼包,,0.00,0.00,0.00,1.0,false,,
Cupertino,600000034800237529,190,1/18/25 8:38 PM,1/18/25 8:20 PM,600000034800161232,Default Online Ordering,C4,Dining Room,Dinner,Dine In,600000034801194770,,,,,For Yomaira.,,,600000010081839187,Pan Fried Pork Buns (4) 特色鲜肉煎包,,0.00,0.00,0.00,1.0,false,,
Cupertino,600000034800237529,190,1/18/25 8:38 PM,1/18/25 8:20 PM,600000034800161232,Default Online Ordering,C4,Dining Room,Dinner,Dine In,600000034801194772,,,,,"For Yomaira.
 ",,,600000010081857563,Pork Wontons in Chili Sauce (6) 🌶️ 红油猪肉抄手,,0.00,0.00,0.00,1.0,false,,
Cupertino,600000034800237529,190,1/18/25 8:38 PM,1/18/25 8:20 PM,600000034800161232,Default Online Ordering,C4,Dining Room,Dinner,Dine In,600000034801194774,,,,,For Yomaira.,,,600000010081834427,Pork Xiao Long Bao (8) 鲜肉小笼包,,0.00,0.00,0.00,1.0,false,,
Cupertino,600000034800237529,190,1/18/25 8:38 PM,1/18/25 8:20 PM,600000034800161232,Default Online Ordering,C4,Dining Room,Dinner,Dine In,600000034801194776,,,,,For Yomaira.,,,600000010081823847,Green Onion Pancake (1) Ⓥ 葱油饼,,0.00,0.00,0.00,1.0,false,,
Cupertino,600000034800237529,190,1/18/25 8:38 PM,1/18/25 8:20 PM,600000034800161232,Default Online Ordering,C4,Dining Room,Dinner,Dine In,600000034801194778,,,,,"For Yomaira.
 ",,,600000010081905403,Sweet & Sour Cucumber Ⓥ 🌶️ 甜辣小黄瓜,,0.00,0.00,0.00,1.0,false,,
Cupertino,600000034800237529,190,1/18/25 8:38 PM,1/18/25 8:20 PM,600000034800161232,Default Online Ordering,C4,Dining Room,Dinner,Dine In,600000034801194780,,,,,"For Yomaira.
 ",,,600000010081857563,Pork Wontons in Chili Sauce (6) 🌶️ 红油猪肉抄手,,0.00,0.00,0.00,1.0,false,,
Cupertino,600000034800877569,191,1/18/25 8:40 PM,1/18/25 8:40 PM,600000034800801973,Default Online Ordering,B1,Dining Room,Dinner,Dine In,600000034801264360,,,,,For Asif Uddin.,,,600000010081905518,Chicken & Vegetable Wontons in Chicken Soup 鸡汤菜肉大馄饨,,0.00,0.00,0.00,1.0,false,,
Cupertino,600000034800877569,191,1/18/25 8:40 PM,1/18/25 8:40 PM,600000034800801973,Default Online Ordering,B1,Dining Room,Dinner,Dine In,600000034801264362,,,,,For Adib Alwani.,,,600000010081837613,Chicken Xiao Long Bao (8) 鸡肉小笼包,,0.00,0.00,0.00,1.0,false,,
Cupertino,600000034800877569,191,1/18/25 8:40 PM,1/18/25 8:40 PM,600000034800801973,Default Online Ordering,B1,Dining Room,Dinner,Dine In,600000034801264364,,,,,For Adib Alwani.,,,600000010081905403,Sweet & Sour Cucumber Ⓥ 🌶️ 甜辣小黄瓜,,0.00,0.00,0.00,1.0,false,,
Cupertino,600000034800877569,191,1/18/25 8:40 PM,1/18/25 8:40 PM,600000034800801973,Default Online Ordering,B1,Dining Room,Dinner,Dine In,600000034801264366,,,,,For Adib Alwani.,,,600000010081845158,Chicken Potstickers (6) 鸡肉锅贴,,0.00,0.00,0.00,1.0,false,,
Cupertino,600000034800877569,191,1/18/25 8:40 PM,1/18/25 8:40 PM,600000034800801973,Default Online Ordering,B1,Dining Room,Dinner,Dine In,600000034801264368,,,,,For Adib Alwani.,,,600000010081886453,Yibin Noodles Ⓥ 🌶️ 宜宾燃面,,0.00,0.00,0.00,1.0,false,,
Cupertino,600000034800877569,191,1/18/25 8:40 PM,1/18/25 8:40 PM,600000034800801973,Default Online Ordering,B1,Dining Room,Dinner,Dine In,600000034801264370,,,,,For Adib Alwani.,,,600000010081852343,Chicken & Vegetable Wontons in Chili Sauce (6) 🌶️ 红油菜肉大馄饨,,0.00,0.00,0.00,1.0,false,,
Cupertino,600000034800988470,195,1/18/25 8:43 PM,1/18/25 8:43 PM,600000034800913323,Default Online Ordering,B3,Dining Room,Dinner,Dine In,600000034801368871,,,,,For BA.,,,600000010081862679,Vegetable Steamed Dumplings (6) Ⓥ 素三鲜蒸饺,,0.00,0.00,0.00,1.0,false,,
Cupertino,600000034800988470,195,1/18/25 8:43 PM,1/18/25 8:43 PM,600000034800913323,Default Online Ordering,B3,Dining Room,Dinner,Dine In,600000034801368873,,,,,For BA.,,,600000010081843259,Vegetable Potstickers (6) Ⓥ 素三鲜锅贴,,0.00,0.00,0.00,1.0,false,,
Cupertino,600000034800988470,195,1/18/25 8:43 PM,1/18/25 8:43 PM,600000034800913323,Default Online Ordering,B3,Dining Room,Dinner,Dine In,600000034801368875,,,,,For D.,,,600000010081880028,Dan Dan Noodles Ⓥ🌶️🌶️ 担担面,,0.00,0.00,0.00,2.0,false,,
Cupertino,600000034800988470,195,1/18/25 8:43 PM,1/18/25 8:43 PM,600000034800913323,Default Online Ordering,B3,Dining Room,Dinner,Dine In,600000034801368877,,,,,For D.,,,600000010081857563,Pork Wontons in Chili Sauce (6) 🌶️ 红油猪肉抄手,,0.00,0.00,0.00,1.0,false,,
Cupertino,600000034800237529,190,1/18/25 8:45 PM,1/18/25 8:20 PM,600000034800161232,Default Online Ordering,C4,Dining Room,Dinner,Dine In,600000034801378091,,,,,For Kiara Mariscal.,,,600000024922278407,Passion Fruit Green Tea (Cold) 百香果绿茶 (冷),,0.00,0.00,0.00,1.0,false,,
Cupertino,600000034800988470,195,1/18/25 8:45 PM,1/18/25 8:43 PM,600000034800913323,Default Online Ordering,B3,Dining Room,Dinner,Dine In,600000034801423158,,,,,For D.,,,600000010081837613,Chicken Xiao Long Bao (8) 鸡肉小笼包,,0.00,0.00,0.00,1.0,false,,
Cupertino,600000034800379841,196,1/18/25 8:58 PM,1/18/25 8:45 PM,600000034800293045,Default Online Ordering,A2,Dining Room,Dinner,Dine In,600000034801640494,600000027696413442,600000027696413443,,,Pickled String Bean On Side 酸豇豆分开,600000010081892478,Ingredients 原料,600000010081890982,Minced Chicken Noodles 🌶️ 鸡肉肉燥小面,,0.00,0.00,0.00,1.0,false,,
Cupertino,600000034801502323,204,1/18/25 9:01 PM,1/18/25 9:01 PM,600000034801475325,Default Online Ordering,B2,Dining Room,Dinner,Dine In,600000034801801379,600000027695721240,600000027695721241,,,Sauce On Side 酱汁分开,600000027695692470,Sauce 酱汁,600000010081857563,Pork Wontons in Chili Sauce (6) 🌶️ 红油猪肉抄手,,0.00,0.00,0.00,1.0,false,,
Cupertino,600000034800988470,195,1/18/25 9:07 PM,1/18/25 8:43 PM,600000034800913323,Default Online Ordering,B3,Dining Room,Dinner,Dine In,600000034801982158,,,,,"For D.
 ",,,600000010081857563,Pork Wontons in Chili Sauce (6) 🌶️ 红油猪肉抄手,,0.00,0.00,0.00,1.0,false,,
Cupertino,600000034800988470,195,1/18/25 9:07 PM,1/18/25 8:43 PM,600000034800913323,Default Online Ordering,B3,Dining Room,Dinner,Dine In,600000034801982160,,,,,For D.,,,600000010081843259,Vegetable Potstickers (6) Ⓥ 素三鲜锅贴,,0.00,0.00,0.00,1.0,false,,
Cupertino,600000034800237529,190,1/18/25 9:14 PM,1/18/25 8:20 PM,600000034800161232,Default Online Ordering,C4,Dining Room,Dinner,Dine In,600000034802187458,,,,,For Yomaira.,,,600000010081839187,Pan Fried Pork Buns (4) 特色鲜肉煎包,,0.00,0.00,0.00,1.0,false,,
Cupertino,600000034800237529,190,1/18/25 9:14 PM,1/18/25 8:20 PM,600000034800161232,Default Online Ordering,C4,Dining Room,Dinner,Dine In,600000034802187460,,,,,"For Yomaira.
 ",,,600000010081880028,Dan Dan Noodles Ⓥ🌶️🌶️ 担担面,,0.00,0.00,0.00,1.0,false,,
Cupertino,600000034800237529,190,1/18/25 9:14 PM,1/18/25 8:20 PM,600000034800161232,Default Online Ordering,C4,Dining Room,Dinner,Dine In,600000034802187462,,,,,"For Yomaira.
 ",,,600000010081857563,Pork Wontons in Chili Sauce (6) 🌶️ 红油猪肉抄手,,0.00,0.00,0.00,1.0,false,,
Cupertino,600000034802223201,209,1/18/25 9:16 PM,1/18/25 9:16 PM,600000034802127956,Default Online Ordering,,,Dinner,DoorDash - Delivery,600000034802200658,,,,,Include plasticware,,,600000010081823847,Green Onion Pancake (1) Ⓥ 葱油饼,,0.00,0.00,0.00,1.0,false,,
Cupertino,600000034802223201,209,1/18/25 9:16 PM,1/18/25 9:16 PM,600000034802127956,Default Online Ordering,,,Dinner,DoorDash - Delivery,600000034802200660,,,,,Include plasticware,,,600000010081857563,Pork Wontons in Chili Sauce (6) 🌶️ 红油猪肉抄手,,0.00,0.00,0.00,1.0,false,,
Cupertino,600000034802223201,209,1/18/25 9:16 PM,1/18/25 9:16 PM,600000034802127956,Default Online Ordering,,,Dinner,DoorDash - Delivery,600000034802200662,,,,,Include plasticware,,,600000010081892480,Beef-Stew Noodles 🌶️ 秘制牛肉小面,,0.00,0.00,0.00,1.0,false,,
Cupertino,600000034802223201,209,1/18/25 9:16 PM,1/18/25 9:16 PM,600000034802127956,Default Online Ordering,,,Dinner,DoorDash - Delivery,600000034802200664,,,,,Include plasticware,,,600000010081840858,Steamed Pork Buns (4) 特色鲜肉蒸包,,0.00,0.00,0.00,1.0,false,,
Cupertino,600000034802223201,209,1/18/25 9:16 PM,1/18/25 9:16 PM,600000034802127956,Default Online Ordering,,,Dinner,DoorDash - Delivery,600000034802200666,,,,,Include plasticware,,,600000010081834427,Pork Xiao Long Bao (8) 鲜肉小笼包,,0.00,0.00,0.00,1.0,false,,
Cupertino,600000034802177672,215,1/18/25 9:27 PM,1/18/25 9:27 PM,600000034802133174,Default Online Ordering,,,Dinner,DoorDash - Takeout,600000034802425762,,,,,Include plasticware,,,600000010081845158,Chicken Potstickers (6) 鸡肉锅贴,,0.00,0.00,0.00,1.0,false,,
Cupertino,600000034802177672,215,1/18/25 9:27 PM,1/18/25 9:27 PM,600000034802133174,Default Online Ordering,,,Dinner,DoorDash - Takeout,600000034802425764,,,,,Include plasticware,,,600000010081880028,Dan Dan Noodles Ⓥ🌶️🌶️ 担担面,,0.00,0.00,0.00,1.0,false,,
Cupertino,600000034802177672,215,1/18/25 9:27 PM,1/18/25 9:27 PM,600000034802133174,Default Online Ordering,,,Dinner,DoorDash - Takeout,600000034802425766,,,,,Include plasticware,,,600000010081834427,Pork Xiao Long Bao (8) 鲜肉小笼包,,0.00,0.00,0.00,1.0,false,,
Cupertino,600000034800237529,190,1/18/25 9:35 PM,1/18/25 8:20 PM,600000034800161232,Default Online Ordering,C4,Dining Room,Dinner,Dine In,600000034802546071,,,,,For Yomaira.,,,600000010081827857,Beef Sandwich (1) 大嘴牛肉包 (不辣),,0.00,0.00,0.00,1.0,false,,
Cupertino,600000034800237529,190,1/18/25 9:35 PM,1/18/25 8:20 PM,600000034800161232,Default Online Ordering,C4,Dining Room,Dinner,Dine In,600000034802546073,,,,,For Yomaira.,,,600000024922278407,Passion Fruit Green Tea (Cold) 百香果绿茶 (冷),,0.00,0.00,0.00,1.0,false,,
Cupertino,600000034800237529,190,1/18/25 9:35 PM,1/18/25 8:20 PM,600000034800161232,Default Online Ordering,C4,Dining Room,Dinner,Dine In,600000034802546075,,,,,For Yomaira.,,,600000010081924409,Diet Coke 健怡可乐,,0.00,0.00,0.00,1.0,false,,
Cupertino,600000034800237529,190,1/18/25 9:35 PM,1/18/25 8:20 PM,600000034800161232,Default Online Ordering,C4,Dining Room,Dinner,Dine In,600000034802546077,,,,,For Yomaira.,,,600000010081840858,Steamed Pork Buns (4) 特色鲜肉蒸包,,0.00,0.00,0.00,1.0,false,,
