Location,Order Id,Order #,Checks,Opened,# of Guests,Tab Names,Server,Table,Revenue Center,Dining Area,Service,Dining Options,Discount Amount,Amount,Tax,Tip,Gratuity,Total,Voided,Paid,Closed,Duration (Opened to Paid),Order Source
Cupertino,600000035267011302,1,1,2/2/25 11:08 AM,1,,Default Online Ordering,A2,Dining Room,Dining Room,Lunch,Dine In,0.00,42.40,3.88,6.94,0.00,53.22,false,2/2/25 11:36 AM,2/2/25 11:36 AM,00:27:56,Order-and-Pay-at-Table
Cupertino,600000035267513950,2,2,2/2/25 11:16 AM,1,DD f0ffa762 PickUp-Eric F,Default Online Ordering,,Doordash,,Lunch,DoorDash - Takeout,0.00,7.30,0.67,0.00,0.00,7.97,false,2/2/25 11:16 AM,2/2/25 11:17 AM,00:00:00,API
Cupertino,600000035267682420,3,3,2/2/25 11:23 AM,1,,Default Online Ordering,A3,Dining Room,Dining Room,Lunch,Dine In,0.00,47.10,4.31,9.25,0.00,60.66,false,2/2/25 12:08 PM,2/2/25 12:08 PM,00:44:56,Order-and-Pay-at-Table
Cupertino,600000035267787271,4,4,2/2/25 11:29 AM,1,DD 1c2b4b04 PickUp-Pearl C,Default Online Ordering,,Doordash,,Lunch,DoorDash - Takeout,0.00,52.40,4.78,0.00,0.00,57.18,false,2/2/25 11:29 AM,2/2/25 11:30 AM,00:00:00,API
Cupertino,600000035268114160,6,6,2/2/25 11:31 AM,1,SF df7f545b PickUp-Woojung H,Default Online Ordering,,Doordash,,Lunch,DoorDash - Takeout,0.00,24.05,2.19,0.00,0.00,26.24,false,2/2/25 11:31 AM,2/2/25 11:32 AM,00:00:00,API
Cupertino,600000035268132805,5,5,2/2/25 11:30 AM,1,Yurui Lam,Default Online Ordering,A5,Dining Room,Dining Room,Lunch,Dine In,0.00,86.70,7.92,18.92,0.00,113.54,false,2/2/25 12:01 PM,2/2/25 12:01 PM,00:31:37,Order-and-Pay-at-Table
Cupertino,600000035268275117,7,7,2/2/25 11:35 AM,1,DD 7d3d3d78 Giancarlo d,Default Online Ordering,,Doordash,,Lunch,DoorDash - Delivery,0.00,49.50,4.06,0.00,0.00,53.56,false,2/2/25 11:35 AM,2/2/25 11:36 AM,00:00:00,API
Cupertino,600000035268297493,9,9,2/2/25 11:41 AM,1,SF 8500488a PickUp-Xin W,Default Online Ordering,,Doordash,,Lunch,DoorDash - Takeout,0.00,9.95,0.91,0.99,0.00,11.85,false,2/2/25 11:41 AM,2/2/25 11:42 AM,00:00:00,API
Cupertino,600000035268338085,8,8,2/2/25 11:41 AM,1,,Default Online Ordering,B4,Dining Room,Dining Room,Lunch,Dine In,0.00,41.80,3.83,10.04,0.00,55.67,false,2/2/25 12:17 PM,2/2/25 12:17 PM,00:36:25,Order-and-Pay-at-Table
Cupertino,600000035268840626,10,10,2/2/25 11:42 AM,4,,andres valencia,A4,Dining Room,Dining Room,Lunch,Dine In,0.00,63.75,5.84,5.00,0.00,74.59,false,2/2/25 12:24 PM,2/2/25 12:24 PM,00:41:54,In Store
Cupertino,600000035268863298,13,13,2/2/25 11:52 AM,1,DD a026e83e PickUp-John S,Default Online Ordering,,Doordash,,Lunch,DoorDash - Takeout,0.00,17.85,1.63,0.00,0.00,19.48,false,2/2/25 11:52 AM,2/2/25 11:53 AM,00:00:00,API
Cupertino,600000035268910057,11,11,2/2/25 11:45 AM,1,,Default Online Ordering,A7,Dining Room,Dining Room,Lunch,Dine In,7.30,52.40,4.79,8.00,0.00,65.19,false,2/2/25 12:36 PM,2/2/25 12:36 PM,00:51:12,Order-and-Pay-at-Table
Cupertino,600000035268947825,12,12,2/2/25 11:50 AM,1,,Default Online Ordering,B1,Dining Room,Dining Room,Lunch,Dine In,0.00,57.00,5.21,12.44,0.00,74.65,false,2/2/25 12:14 PM,2/2/25 12:14 PM,00:24:29,Order-and-Pay-at-Table
Cupertino,600000035269738471,16,16,2/2/25 12:04 PM,1,DD 4e9d785c Eesha J,Default Online Ordering,,Doordash,,Lunch,DoorDash - Delivery,0.00,40.25,3.22,0.00,0.00,43.47,false,2/2/25 12:04 PM,2/2/25 12:05 PM,00:00:00,API
Cupertino,600000035269748572,14,14,2/2/25 12:00 PM,5,,zhengyu chen,A6,Dining Room,Dining Room,Lunch,Dine In,0.00,83.20,7.61,13.62,0.00,104.43,false,2/2/25 12:33 PM,2/2/25 12:33 PM,00:32:53,In Store
Cupertino,600000035269803051,15,15,2/2/25 12:01 PM,1,,Default Online Ordering,B8,Dining Room,Dining Room,Lunch,Dine In,0.00,48.65,4.45,7.96,0.00,61.06,false,2/2/25 12:37 PM,2/2/25 12:37 PM,00:35:57,Order-and-Pay-at-Table
Cupertino,600000035269860205,17,17,2/2/25 12:04 PM,1,,Default Online Ordering,B6,Dining Room,Dining Room,Lunch,Dine In,0.00,61.75,5.65,12.13,0.00,79.53,false,2/2/25 12:25 PM,2/2/25 12:25 PM,00:20:32,Order-and-Pay-at-Table
Cupertino,600000035269871267,18,18,2/2/25 12:08 PM,1,,Default Online Ordering,A2,Dining Room,Dining Room,Lunch,Dine In,0.00,39.45,3.61,8.61,0.00,51.67,false,2/2/25 12:41 PM,2/2/25 12:41 PM,00:33:52,Order-and-Pay-at-Table
Cupertino,600000035269871299,22,22,2/2/25 12:15 PM,1,,Default Online Ordering,B7,Dining Room,Dining Room,Lunch,Dine In,0.00,90.95,8.32,19.85,0.00,119.12,false,2/2/25 1:14 PM,2/2/25 1:14 PM,00:58:18,Order-and-Pay-at-Table
Cupertino,600000035269919980,19,19,2/2/25 12:10 PM,1,DD 898b4d0d Yicun Q,Default Online Ordering,,Doordash,,Lunch,DoorDash - Delivery,0.00,48.10,3.93,0.00,0.00,52.03,false,2/2/25 12:10 PM,2/2/25 12:10 PM,00:00:00,API
Cupertino,600000035270035169,20,20,2/2/25 12:11 PM,1,,Default Online Ordering,B3,Dining Room,Dining Room,Lunch,Dine In,0.00,44.50,4.07,9.71,0.00,58.28,false,2/2/25 12:45 PM,2/2/25 12:45 PM,00:33:09,Order-and-Pay-at-Table
Cupertino,600000035270109838,24,24,2/2/25 12:17 PM,1,,Default Online Ordering,B2,Dining Room,Dining Room,Lunch,Dine In,0.00,42.40,3.88,6.94,0.00,53.22,false,2/2/25 12:41 PM,2/2/25 12:41 PM,00:24:53,Order-and-Pay-at-Table
Cupertino,600000035270118147,26,26,2/2/25 12:18 PM,1,,Default Online Ordering,A1,Dining Room,Dining Room,Lunch,Dine In,0.00,17.25,1.58,2.82,0.00,21.65,false,2/2/25 1:33 PM,2/2/25 1:33 PM,01:14:15,Order-and-Pay-at-Table
Cupertino,600000035270120942,25,25,2/2/25 12:18 PM,1,,Default Online Ordering,A5,Dining Room,Dining Room,Lunch,Dine In,0.00,97.30,8.90,15.93,0.00,122.13,false,2/2/25 1:11 PM,2/2/25 1:11 PM,00:52:33,Order-and-Pay-at-Table
Cupertino,600000035270370332,28,28,2/2/25 12:19 PM,1,,Default Online Ordering,B1,Dining Room,Dining Room,Lunch,Dine In,0.00,39.25,3.59,7.71,0.00,50.55,false,2/2/25 1:04 PM,2/2/25 1:04 PM,00:44:31,Order-and-Pay-at-Table
Cupertino,600000035270484901,21,21,2/2/25 12:15 PM,2,,andres valencia,A3,Dining Room,Dining Room,Lunch,Dine In,0.00,40.45,3.70,6.62,0.00,50.77,false,2/2/25 12:38 PM,2/2/25 12:38 PM,00:23:43,In Store
Cupertino,600000035270487996,30,30,2/2/25 12:26 PM,1,,Default Online Ordering,D1,Dining Room,Dining Room,Lunch,Dine In,0.00,69.65,6.37,11.40,0.00,87.42,false,2/2/25 1:00 PM,2/2/25 1:00 PM,00:34:04,Order-and-Pay-at-Table
Cupertino,600000035270543150,23,23,2/2/25 12:16 PM,1,,Default Online Ordering,A1,Dining Room,Dining Room,Lunch,Dine In,0.00,23.55,2.15,3.00,0.00,28.70,false,2/2/25 1:33 PM,2/2/25 1:33 PM,01:16:59,Order-and-Pay-at-Table
Cupertino,600000035270607804,27,27,2/2/25 12:19 PM,1,,Default Online Ordering,C1,Dining Room,Dining Room,Lunch,Dine In,0.00,49.70,4.55,8.14,0.00,62.39,false,2/2/25 12:53 PM,2/2/25 12:53 PM,00:34:47,Order-and-Pay-at-Table
Cupertino,600000035270755421,29,29,2/2/25 12:26 PM,1,,Default Online Ordering,D2,Dining Room,Dining Room,Lunch,Dine In,0.00,62.20,5.69,10.18,0.00,78.07,false,2/2/25 1:07 PM,2/2/25 1:07 PM,00:41:45,Order-and-Pay-at-Table
Cupertino,600000035271032477,34,34,2/2/25 12:33 PM,1,,Default Online Ordering,C3,Dining Room,Dining Room,Lunch,Dine In,0.00,47.10,4.30,9.25,0.00,60.65,false,2/2/25 12:56 PM,2/2/25 12:56 PM,00:23:11,Order-and-Pay-at-Table
Cupertino,600000035271032480,35,35,2/2/25 12:33 PM,1,,Default Online Ordering,D3,Dining Room,Dining Room,Lunch,Dine In,0.00,53.85,4.93,5.00,0.00,63.78,false,2/2/25 1:04 PM,2/2/25 1:04 PM,00:31:17,Order-and-Pay-at-Table
Cupertino,600000035271067824,31,31,2/2/25 12:31 PM,1,,Default Online Ordering,B5,Dining Room,Dining Room,Lunch,Dine In,0.00,42.40,3.88,0.42,0.00,46.70,false,2/2/25 12:54 PM,2/2/25 12:54 PM,00:23:00,Order-and-Pay-at-Table
Cupertino,600000035271067837,36,36,2/2/25 12:34 PM,1,,Default Online Ordering,A4,Dining Room,Dining Room,Lunch,Dine In,0.00,38.65,3.54,6.33,0.00,48.52,false,2/2/25 1:25 PM,2/2/25 1:25 PM,00:51:27,Order-and-Pay-at-Table
Cupertino,600000035271228913,33,33,2/2/25 12:33 PM,1,,Default Online Ordering,D3,Dining Room,Dining Room,Lunch,Dine In,0.00,55.95,5.12,0.00,0.00,61.07,false,2/2/25 1:04 PM,2/2/25 1:04 PM,00:31:11,Order-and-Pay-at-Table
Cupertino,600000035271306196,32,32,2/2/25 12:32 PM,2,,zhengyu chen,B4,Dining Room,Dining Room,Lunch,Dine In,0.00,48.50,4.43,9.53,0.00,62.46,false,2/2/25 12:56 PM,2/2/25 12:56 PM,00:24:08,In Store
Cupertino,600000035271397818,37,37,2/2/25 12:37 PM,1,,Default Online Ordering,D3,Dining Room,Dining Room,Lunch,Dine In,0.00,51.95,4.75,10.21,0.00,66.91,false,2/2/25 1:05 PM,2/2/25 1:05 PM,00:27:53,Order-and-Pay-at-Table
Cupertino,600000035271414271,38,38,2/2/25 12:39 PM,1,DD c2c2d612 PickUp-James J,Default Online Ordering,,Doordash,,Lunch,DoorDash - Takeout,0.00,47.05,4.29,0.00,0.00,51.34,false,2/2/25 12:39 PM,2/2/25 12:40 PM,00:00:00,API
Cupertino,600000035271933253,39,39,2/2/25 12:47 PM,1,,Default Online Ordering,A3,Dining Room,Dining Room,Lunch,Dine In,0.00,21.90,2.01,3.59,0.00,27.50,false,2/2/25 1:14 PM,2/2/25 1:14 PM,00:27:34,Order-and-Pay-at-Table
Cupertino,600000035271956294,41,41,2/2/25 1:00 PM,1,,Default Online Ordering,B6,Dining Room,Dining Room,Lunch,Dine In,0.00,64.75,5.92,14.13,0.00,84.80,false,2/2/25 1:38 PM,2/2/25 1:38 PM,00:37:42,Order-and-Pay-at-Table
Cupertino,600000035272140745,43,43,2/2/25 1:01 PM,1,,Default Online Ordering,A2,Dining Room,Dining Room,Lunch,Dine In,0.00,20.05,1.83,3.28,0.00,25.16,false,2/2/25 1:26 PM,2/2/25 1:26 PM,00:24:58,Order-and-Pay-at-Table
Cupertino,600000035272228931,42,42,2/2/25 1:01 PM,1,,Default Online Ordering,A7,Dining Room,Dining Room,Lunch,Dine In,0.00,89.85,8.21,13.94,0.00,112.00,false,2/2/25 1:26 PM,2/2/25 1:26 PM,00:25:17,Order-and-Pay-at-Table
Cupertino,600000035272366693,45,45,2/2/25 1:05 PM,1,DD e6cf43cc Brandon V,Default Online Ordering,,Doordash,,Lunch,DoorDash - Delivery,0.00,64.75,5.45,0.00,0.00,70.20,false,2/2/25 1:05 PM,2/2/25 1:06 PM,00:00:00,API
Cupertino,600000035272424167,40,40,2/2/25 12:59 PM,1,,Default Online Ordering,A6,Dining Room,Dining Room,Lunch,Dine In,0.00,76.75,7.02,16.75,0.00,100.52,false,2/2/25 1:52 PM,2/2/25 1:52 PM,00:52:52,Order-and-Pay-at-Table
Cupertino,600000035272476318,44,44,2/2/25 1:03 PM,1,,Default Online Ordering,B5,Dining Room,Dining Room,Lunch,Dine In,0.00,25.75,2.35,4.22,0.00,32.32,false,2/2/25 1:20 PM,2/2/25 1:20 PM,00:17:22,Order-and-Pay-at-Table
Cupertino,600000035272800228,48,48,2/2/25 1:09 PM,1,,Default Online Ordering,C1,Dining Room,Dining Room,Lunch,Dine In,0.00,37.75,3.45,6.18,0.00,47.38,false,2/2/25 1:55 PM,2/2/25 1:55 PM,00:46:21,Order-and-Pay-at-Table
Cupertino,600000035272907955,46,46,2/2/25 1:07 PM,1,,Default Online Ordering,B3,Dining Room,Dining Room,Lunch,Dine In,0.00,75.15,6.86,12.30,0.00,94.31,false,2/2/25 1:48 PM,2/2/25 1:48 PM,00:41:31,Order-and-Pay-at-Table
Cupertino,600000035272955552,47,47,2/2/25 1:07 PM,1,DD d52e64c5 Daisy X,Default Online Ordering,,Doordash,,Lunch,DoorDash - Delivery,0.00,46.95,3.83,0.00,0.00,50.78,false,2/2/25 1:07 PM,2/2/25 1:08 PM,00:00:00,API
Cupertino,600000035273094107,49,49,2/2/25 1:13 PM,1,DD b35f1396 Bre F,Default Online Ordering,,Doordash,,Lunch,DoorDash - Delivery,0.00,14.35,1.31,0.00,0.00,15.66,false,2/2/25 1:14 PM,2/2/25 1:14 PM,00:00:00,API
Cupertino,600000035273094594,55,55,2/2/25 1:21 PM,1,,Default Online Ordering,B1,Dining Room,Dining Room,Lunch,Dine In,0.00,85.75,7.84,18.72,0.00,112.31,false,2/2/25 2:06 PM,2/2/25 2:06 PM,00:45:51,Order-and-Pay-at-Table
Cupertino,600000035273155210,51,51,2/2/25 1:15 PM,1,,Default Online Ordering,B8,Dining Room,Dining Room,Lunch,Dine In,0.00,60.60,5.55,14.55,0.00,80.70,false,2/2/25 1:43 PM,2/2/25 1:43 PM,00:28:18,Order-and-Pay-at-Table
Cupertino,600000035273202567,50,50,2/2/25 1:15 PM,1,DD f1b757d8 Vincent W,Default Online Ordering,,Doordash,,Lunch,DoorDash - Delivery,0.00,32.45,2.96,0.00,0.00,35.41,false,2/2/25 1:15 PM,2/2/25 1:15 PM,00:00:00,API
Cupertino,600000035273240531,58,58,2/2/25 1:24 PM,1,,Default Online Ordering,A3,Dining Room,Dining Room,Lunch,Dine In,0.00,33.50,3.06,5.00,0.00,41.56,false,2/2/25 1:46 PM,2/2/25 1:46 PM,00:22:26,Order-and-Pay-at-Table
Cupertino,600000035273257426,53,53,2/2/25 1:19 PM,1,,Default Online Ordering,A5,Dining Room,Dining Room,Lunch,Dine In,0.00,43.55,3.98,9.51,0.00,57.04,false,2/2/25 1:50 PM,2/2/25 1:50 PM,00:30:47,Order-and-Pay-at-Table
Cupertino,600000035273465708,52,52,2/2/25 1:19 PM,1,,Default Online Ordering,B4,Dining Room,Dining Room,Lunch,Dine In,0.00,30.40,2.78,6.64,0.00,39.82,false,2/2/25 1:36 PM,2/2/25 1:36 PM,00:17:18,Order-and-Pay-at-Table
Cupertino,600000035273465727,57,57,2/2/25 1:23 PM,1,,Default Online Ordering,C3,Dining Room,Dining Room,Lunch,Dine In,0.00,59.20,5.41,12.92,0.00,77.53,false,2/2/25 2:41 PM,2/2/25 2:41 PM,01:18:00,Order-and-Pay-at-Table
Cupertino,600000035273560824,54,54,2/2/25 1:19 PM,1,,chi van,,None,,Lunch,Take Out,0.00,9.95,0.91,0.00,0.00,10.86,false,2/2/25 1:20 PM,2/2/25 1:20 PM,00:00:39,In Store
Cupertino,600000035273702724,56,56,2/2/25 1:22 PM,1,,chi van,E1,Dining Room,Dining Room,Lunch,Dine In,43.05,0.00,0.00,0.00,0.00,0.00,false,2/2/25 9:03 PM,2/2/25 9:03 PM,07:40:47,In Store
Cupertino,600000035273725086,61,61,2/2/25 1:35 PM,1,,Default Online Ordering,B5,Dining Room,Dining Room,Lunch,Dine In,0.00,24.60,2.25,4.03,0.00,30.88,false,2/2/25 2:15 PM,2/2/25 2:15 PM,00:39:47,Order-and-Pay-at-Table
Cupertino,600000035273744288,62,62,2/2/25 1:37 PM,1,SF c3b4dba5 PickUp-Xin L,Default Online Ordering,,Doordash,,Lunch,DoorDash - Takeout,0.00,59.25,5.41,0.00,0.00,64.66,false,2/2/25 1:37 PM,2/2/25 1:38 PM,00:00:00,API
Cupertino,600000035273839826,59,59,2/2/25 1:31 PM,1,,Default Online Ordering,B7,Dining Room,Dining Room,Lunch,Dine In,0.00,57.55,5.26,9.42,0.00,72.23,false,2/2/25 2:13 PM,2/2/25 2:13 PM,00:42:03,Order-and-Pay-at-Table
Cupertino,600000035273885832,60,60,2/2/25 1:34 PM,1,,Default Online Ordering,A7,Dining Room,Dining Room,Lunch,Dine In,0.00,35.10,3.21,5.75,0.00,44.06,false,2/2/25 2:01 PM,2/2/25 2:01 PM,00:27:31,Order-and-Pay-at-Table
Cupertino,600000035274243475,63,63,2/2/25 1:39 PM,1,,Default Online Ordering,A2,Dining Room,Dining Room,Lunch,Dine In,0.00,42.40,3.88,6.94,0.00,53.22,false,2/2/25 2:10 PM,2/2/25 2:10 PM,00:31:17,Order-and-Pay-at-Table
Cupertino,600000035274664015,64,64,2/2/25 1:48 PM,1,,Default Online Ordering,B4,Dining Room,Dining Room,Lunch,Dine In,0.00,48.95,4.47,8.01,0.00,61.43,false,2/2/25 2:19 PM,2/2/25 2:19 PM,00:31:09,Order-and-Pay-at-Table
Cupertino,600000035275209922,67,67,2/2/25 2:00 PM,1,,Default Online Ordering,A4,Dining Room,Dining Room,Lunch,Dine In,0.00,84.25,7.71,18.39,0.00,110.35,false,2/2/25 2:29 PM,2/2/25 2:29 PM,00:28:21,Order-and-Pay-at-Table
Cupertino,600000035275249624,66,66,2/2/25 2:00 PM,1,,Default Online Ordering,A3,Dining Room,Dining Room,Lunch,Dine In,0.00,65.15,5.95,12.80,0.00,83.90,false,2/2/25 2:32 PM,2/2/25 2:32 PM,00:32:25,Order-and-Pay-at-Table
Cupertino,600000035275302863,65,65,2/2/25 2:00 PM,1,,Default Online Ordering,A6,Dining Room,Dining Room,Lunch,Dine In,0.00,37.95,3.47,5.00,0.00,46.42,false,2/2/25 2:23 PM,2/2/25 2:23 PM,00:23:33,Order-and-Pay-at-Table
Cupertino,600000035275302892,68,68,2/2/25 2:07 PM,1,,Default Online Ordering,B3,Dining Room,Dining Room,Lunch,Dine In,0.00,42.40,3.88,6.94,0.00,53.22,false,2/2/25 2:55 PM,2/2/25 2:55 PM,00:48:14,Order-and-Pay-at-Table
Cupertino,600000035275664066,69,69,2/2/25 2:08 PM,1,,Default Online Ordering,A1,Dining Room,Dining Room,Lunch,Dine In,0.00,50.30,4.60,8.24,0.00,63.14,false,2/2/25 3:01 PM,2/2/25 3:01 PM,00:52:57,Order-and-Pay-at-Table
Cupertino,600000035276524348,70,70,2/2/25 2:33 PM,1,DD 5ffd9939 Edward Z,Default Online Ordering,,Doordash,,Lunch,DoorDash - Delivery,0.00,14.35,1.31,0.00,0.00,15.66,false,2/2/25 2:33 PM,2/2/25 2:33 PM,00:00:00,API
Cupertino,600000035277016835,71,71,2/2/25 2:37 PM,1,,Default Online Ordering,B6,Dining Room,Dining Room,Lunch,Dine In,0.00,33.05,3.02,6.49,0.00,42.56,false,2/2/25 2:56 PM,2/2/25 2:56 PM,00:18:39,Order-and-Pay-at-Table
Cupertino,600000035277478340,74,74,2/2/25 2:48 PM,1,,Default Online Ordering,A2,Dining Room,Dining Room,Lunch,Dine In,0.00,14.60,1.34,2.87,0.00,18.81,false,2/2/25 3:12 PM,2/2/25 3:12 PM,00:24:25,Order-and-Pay-at-Table
Cupertino,600000035277598272,73,73,2/2/25 2:47 PM,1,,Default Online Ordering,A5,Dining Room,Dining Room,Lunch,Dine In,0.00,34.50,3.16,7.53,0.00,45.19,false,2/2/25 3:16 PM,2/2/25 3:16 PM,00:28:46,Order-and-Pay-at-Table
Cupertino,600000035277804473,78,78,2/2/25 2:52 PM,1,SF 430675aa PickUp-David C,Default Online Ordering,,Doordash,,Lunch,DoorDash - Takeout,0.00,48.10,4.39,4.81,0.00,57.30,false,2/2/25 2:52 PM,2/2/25 2:53 PM,00:00:00,API
Cupertino,600000035277883551,76,76,2/2/25 2:49 PM,1,,Default Online Ordering,B4,Dining Room,Dining Room,Lunch,Dine In,5.50,42.10,3.85,7.72,0.00,53.67,false,2/2/25 3:37 PM,2/2/25 3:37 PM,00:47:40,Order-and-Pay-at-Table
Cupertino,600000035277901450,75,75,2/2/25 2:49 PM,1,,Default Online Ordering,A3,Dining Room,Dining Room,Lunch,Dine In,0.00,34.50,3.16,2.44,0.00,40.10,false,2/2/25 3:15 PM,2/2/25 3:15 PM,00:26:25,Order-and-Pay-at-Table
Cupertino,600000035277995203,77,77,2/2/25 2:51 PM,2,,Default Online Ordering,A4,Dining Room,Dining Room,Lunch,Dine In,0.00,84.30,7.71,9.00,0.00,101.01,false,2/2/25 3:20 PM,2/2/25 3:20 PM,00:29:18,Order-and-Pay-at-Table
Cupertino,600000035278161247,79,79,2/2/25 2:54 PM,2,,andres valencia,A6,Dining Room,Dining Room,Lunch,Dine In,0.00,45.90,4.21,7.52,0.00,57.63,false,2/2/25 3:23 PM,2/2/25 3:23 PM,00:29:36,In Store
Cupertino,600000035278183553,80,80,2/2/25 2:54 PM,4,,andres valencia,A7,Dining Room,Dining Room,Lunch,Dine In,0.00,59.65,5.46,8.89,0.00,74.00,false,2/2/25 3:39 PM,2/2/25 3:39 PM,00:44:15,In Store
Cupertino,600000035278315661,81,81,2/2/25 3:00 PM,1,DD da266772 PickUp-Jennifer L,Default Online Ordering,,Doordash,,Lunch,DoorDash - Takeout,0.00,15.20,1.39,0.00,0.00,16.59,false,2/2/25 3:00 PM,2/2/25 3:01 PM,00:00:00,API
Cupertino,600000035278532625,82,82,2/2/25 3:05 PM,1,,Default Online Ordering,B3,Dining Room,Dining Room,Lunch,Dine In,0.00,37.95,3.47,8.28,0.00,49.70,false,2/2/25 3:30 PM,2/2/25 3:30 PM,00:24:35,Order-and-Pay-at-Table
Cupertino,600000035278640747,85,85,2/2/25 3:12 PM,1,,Default Online Ordering,A1,Dining Room,Dining Room,Lunch,Dine In,0.00,17.85,1.63,2.92,0.00,22.40,false,2/2/25 3:30 PM,2/2/25 3:30 PM,00:18:17,Order-and-Pay-at-Table
Cupertino,600000035278766922,84,84,2/2/25 3:10 PM,2,,Default Online Ordering,B6,Dining Room,Dining Room,Lunch,Dine In,0.00,43.00,3.93,7.04,0.00,53.97,false,2/2/25 3:42 PM,2/2/25 3:42 PM,00:32:08,Order-and-Pay-at-Table
Cupertino,600000035279090700,86,86,2/2/25 3:12 PM,1,,Default Online Ordering,B1,Dining Room,Dining Room,Lunch,Dine In,0.00,69.60,6.35,13.67,0.00,89.62,false,2/2/25 3:56 PM,2/2/25 3:56 PM,00:43:13,Order-and-Pay-at-Table
Cupertino,600000035279203603,87,87,2/2/25 3:15 PM,1,DD 0268d981 Varun S,Default Online Ordering,,Doordash,,Lunch,DoorDash - Delivery,0.00,35.00,3.19,0.00,0.00,38.19,false,2/2/25 3:15 PM,2/2/25 3:16 PM,00:00:00,API
Cupertino,600000035279734884,90,90,2/2/25 3:32 PM,1,SF 1000fbf3 PickUp-Edward L,Default Online Ordering,,Doordash,,Lunch,DoorDash - Takeout,0.00,209.45,19.11,20.94,0.00,249.50,false,2/2/25 3:32 PM,2/2/25 4:09 PM,00:00:00,API
Cupertino,600000035279852381,91,91,2/2/25 3:32 PM,1,,Default Online Ordering,A3,Dining Room,Dining Room,Lunch,Dine In,0.00,25.15,2.30,4.12,0.00,31.57,false,2/2/25 4:12 PM,2/2/25 4:12 PM,00:39:09,Order-and-Pay-at-Table
Cupertino,600000035279872717,88,88,2/2/25 3:30 PM,1,,Default Online Ordering,A3,Dining Room,Dining Room,Lunch,Dine In,0.00,15.20,1.39,2.49,0.00,19.08,false,2/2/25 4:11 PM,2/2/25 4:11 PM,00:41:45,Order-and-Pay-at-Table
Cupertino,600000035280062114,89,89,2/2/25 3:30 PM,1,,andres valencia,,None,,Lunch,Take Out,0.00,22.15,2.02,4.35,0.00,28.52,false,2/2/25 3:31 PM,2/2/25 3:31 PM,00:00:54,In Store
Cupertino,600000035280261704,92,92,2/2/25 3:35 PM,1,,Default Online Ordering,A2,Dining Room,Dining Room,Lunch,Dine In,0.00,36.60,3.35,7.99,0.00,47.94,false,2/2/25 4:27 PM,2/2/25 4:27 PM,00:52:21,Order-and-Pay-at-Table
Cupertino,600000035280348018,93,93,2/2/25 3:35 PM,1,,xiaoli zheng,,None,,Lunch,Take Out,0.00,7.90,0.72,1.29,0.00,9.91,false,2/2/25 3:49 PM,2/2/25 3:49 PM,00:14:29,In Store
Cupertino,600000035280469414,95,95,2/2/25 3:43 PM,1,,Default Online Ordering,A6,Dining Room,Dining Room,Lunch,Dine In,0.00,45.55,4.16,9.94,0.00,59.65,false,2/2/25 4:29 PM,2/2/25 4:29 PM,00:46:06,Order-and-Pay-at-Table
Cupertino,600000035280661989,97,97,2/2/25 3:51 PM,1,,Default Online Ordering,A1,Dining Room,Dining Room,Lunch,Dine In,0.00,33.30,3.04,5.45,0.00,41.79,false,2/2/25 4:52 PM,2/2/25 4:52 PM,01:00:07,Order-and-Pay-at-Table
Cupertino,600000035281034429,96,96,2/2/25 3:49 PM,3,,xiaoli zheng,A5,Dining Room,Dining Room,Lunch,Dine In,0.00,69.25,6.34,13.61,0.00,89.20,false,2/2/25 4:35 PM,2/2/25 4:35 PM,00:46:32,In Store
Cupertino,600000035281254339,98,98,2/2/25 4:01 PM,1,DD 0e02ea08 Collin M,Default Online Ordering,,Doordash,,Dinner,DoorDash - Delivery,0.00,45.15,3.66,0.00,0.00,48.81,false,2/2/25 4:01 PM,2/2/25 4:02 PM,00:00:00,API
Cupertino,600000035281645395,99,99,2/2/25 4:09 PM,1,,Default Online Ordering,B5,Dining Room,Dining Room,Dinner,Dine In,0.00,99.30,9.08,19.51,0.00,127.89,false,2/2/25 4:40 PM,2/2/25 4:40 PM,00:31:09,Order-and-Pay-at-Table
Cupertino,600000035281893895,100,100,2/2/25 4:14 PM,1,,Default Online Ordering,B4,Dining Room,Dining Room,Dinner,Dine In,0.00,39.70,3.63,0.00,0.00,43.33,false,2/2/25 4:44 PM,2/2/25 4:44 PM,00:29:40,Order-and-Pay-at-Table
Cupertino,600000035282384358,101,101,2/2/25 4:17 PM,1,SF 1a282b96 PickUp-Young J,Default Online Ordering,,Doordash,,Dinner,DoorDash - Takeout,0.00,27.20,2.48,0.00,0.00,29.68,false,2/2/25 4:17 PM,2/2/25 4:18 PM,00:00:00,API
Cupertino,600000035282426642,102,102,2/2/25 4:27 PM,1,,Default Online Ordering,B8,Dining Room,Dining Room,Dinner,Dine In,7.30,68.50,6.27,0.00,0.00,74.77,false,2/2/25 5:02 PM,2/2/25 5:02 PM,00:34:57,Order-and-Pay-at-Table
Cupertino,600000035283157489,104,104,2/2/25 4:43 PM,1,,Default Online Ordering,A4,Dining Room,Dining Room,Dinner,Dine In,0.00,39.75,3.64,6.51,0.00,49.90,false,2/2/25 5:14 PM,2/2/25 5:14 PM,00:30:43,Order-and-Pay-at-Table
Cupertino,600000035283217226,103,103,2/2/25 4:40 PM,1,,Default Online Ordering,A3,Dining Room,Dining Room,Dinner,Dine In,0.00,36.60,3.35,0.00,0.00,39.95,false,2/2/25 5:08 PM,2/2/25 5:08 PM,00:28:08,Order-and-Pay-at-Table
Cupertino,600000035284073294,105,105,2/2/25 5:03 PM,1,,Default Online Ordering,A7,Dining Room,Dining Room,Dinner,Dine In,0.00,71.30,6.52,11.67,0.00,89.49,false,2/2/25 5:43 PM,2/2/25 5:43 PM,00:39:52,Order-and-Pay-at-Table
Cupertino,600000035284402796,108,108,2/2/25 5:10 PM,1,,Default Online Ordering,A2,Dining Room,Dining Room,Dinner,Dine In,0.00,34.50,3.16,5.65,0.00,43.31,false,2/2/25 5:49 PM,2/2/25 5:49 PM,00:38:59,Order-and-Pay-at-Table
Cupertino,600000035284478941,106,106,2/2/25 5:08 PM,1,,Default Online Ordering,B1,Dining Room,Dining Room,Dinner,Dine In,0.00,44.50,4.07,0.00,0.00,48.57,false,2/2/25 5:32 PM,2/2/25 5:32 PM,00:23:30,Order-and-Pay-at-Table
Cupertino,600000035284566374,107,107,2/2/25 5:09 PM,1,,Default Online Ordering,A6,Dining Room,Dining Room,Dinner,Dine In,0.00,49.70,4.55,8.14,0.00,62.39,false,2/2/25 5:59 PM,2/2/25 5:59 PM,00:49:44,Order-and-Pay-at-Table
Cupertino,600000035284572646,109,109,2/2/25 5:14 PM,1,SF 6e857bf0 PickUp-nelly b,Default Online Ordering,,Doordash,,Dinner,DoorDash - Takeout,0.00,21.90,2.00,0.00,0.00,23.90,false,2/2/25 5:14 PM,2/2/25 5:15 PM,00:00:00,API
Cupertino,600000035285143197,118,118,2/2/25 5:32 PM,1,,Default Online Ordering,A4,Dining Room,Dining Room,Dinner,Dine In,0.00,39.75,3.63,9.54,0.00,52.92,false,2/2/25 6:01 PM,2/2/25 6:01 PM,00:29:16,Order-and-Pay-at-Table
Cupertino,600000035285170631,110,110,2/2/25 5:26 PM,1,DD 415a17a4 Marilena R,Default Online Ordering,,Doordash,,Dinner,DoorDash - Delivery,0.00,76.90,7.02,0.00,0.00,83.92,false,2/2/25 5:26 PM,2/2/25 5:27 PM,00:00:00,API
Cupertino,600000035285287475,114,114,2/2/25 5:28 PM,1,,Default Online Ordering,B5,Dining Room,Dining Room,Dinner,Dine In,0.00,9.95,0.91,1.63,0.00,12.49,false,2/2/25 5:49 PM,2/2/25 5:49 PM,00:21:27,Order-and-Pay-at-Table
Cupertino,600000035285398691,120,120,2/2/25 5:33 PM,1,,Default Online Ordering,A3,Dining Room,Dining Room,Dinner,Dine In,0.00,39.75,3.64,7.81,0.00,51.20,false,2/2/25 5:57 PM,2/2/25 5:57 PM,00:23:15,Order-and-Pay-at-Table
Cupertino,600000035285439656,111,111,2/2/25 5:27 PM,1,,Default Online Ordering,B2,Dining Room,Dining Room,Dinner,Dine In,0.00,64.10,5.86,13.99,0.00,83.95,false,2/2/25 5:55 PM,2/2/25 5:55 PM,00:27:56,Order-and-Pay-at-Table
Cupertino,600000035285443263,113,113,2/2/25 5:27 PM,1,,Default Online Ordering,B5,Dining Room,Dining Room,Dinner,Dine In,0.00,21.40,1.96,3.50,0.00,26.86,false,2/2/25 5:49 PM,2/2/25 5:49 PM,00:22:04,Order-and-Pay-at-Table
Cupertino,600000035285509926,112,112,2/2/25 5:27 PM,2,,Jaylan Penney,B4,Dining Room,Dining Room,Dinner,Dine In,0.00,45.05,4.12,9.83,0.00,59.00,false,2/2/25 6:00 PM,2/2/25 6:00 PM,00:32:37,In Store
Cupertino,600000035285554761,119,119,2/2/25 5:32 PM,1,SF 08881d6f PickUp-KSHITIZ G,Default Online Ordering,,Doordash,,Dinner,DoorDash - Takeout,0.00,15.20,1.39,0.00,0.00,16.59,false,2/2/25 5:32 PM,2/2/25 5:33 PM,00:00:00,API
Cupertino,600000035285575752,117,117,2/2/25 5:31 PM,1,DD df9c3fde Ryan L,Default Online Ordering,,Doordash,,Dinner,DoorDash - Delivery,0.00,8.40,0.77,0.00,0.00,9.17,false,2/2/25 5:31 PM,2/2/25 5:32 PM,00:00:00,API
Cupertino,600000035285599102,116,116,2/2/25 5:31 PM,1,,Default Online Ordering,A5,Dining Room,Dining Room,Dinner,Dine In,0.00,60.85,5.56,9.96,0.00,76.37,false,2/2/25 6:01 PM,2/2/25 6:01 PM,00:30:40,Order-and-Pay-at-Table
Cupertino,600000035285615358,115,115,2/2/25 5:30 PM,1,,chi van,,None,,Dinner,Take Out,0.00,46.20,4.22,0.00,0.00,50.42,false,2/2/25 5:31 PM,2/2/25 5:31 PM,00:01:28,In Store
Cupertino,600000035285675618,121,121,2/2/25 5:39 PM,1,DD af2ac3f1 PickUp-David T,Default Online Ordering,,Doordash,,Dinner,DoorDash - Takeout,0.00,64.40,5.88,0.00,0.00,70.28,false,2/2/25 5:39 PM,2/2/25 5:39 PM,00:00:00,API
Cupertino,600000035285954437,123,123,2/2/25 5:50 PM,1,,Default Online Ordering,B1,Dining Room,Dining Room,Dinner,Dine In,0.00,36.85,3.36,6.03,0.00,46.24,false,2/2/25 6:14 PM,2/2/25 6:14 PM,00:24:07,Order-and-Pay-at-Table
Cupertino,600000035286106720,124,124,2/2/25 5:51 PM,1,DD 8e35539a PickUp-Yi-Pai H,Default Online Ordering,,Doordash,,Dinner,DoorDash - Takeout,0.00,22.50,2.05,2.45,0.00,27.00,false,2/2/25 5:51 PM,2/2/25 5:51 PM,00:00:00,API
Cupertino,600000035286188917,125,125,2/2/25 5:51 PM,1,,Default Online Ordering,B8,Dining Room,Dining Room,Dinner,Dine In,0.00,52.25,4.78,8.55,0.00,65.58,false,2/2/25 6:14 PM,2/2/25 6:14 PM,00:22:52,Order-and-Pay-at-Table
Cupertino,600000035286204051,122,122,2/2/25 5:48 PM,1,DD da2abe03 Pamela T,Default Online Ordering,,Doordash,,Dinner,DoorDash - Delivery,0.00,54.30,4.50,0.00,0.00,58.80,false,2/2/25 5:48 PM,2/2/25 5:48 PM,00:00:00,API
Cupertino,600000035286229675,126,126,2/2/25 5:51 PM,1,SF 659433d4 PickUp-Amy W,Default Online Ordering,,Doordash,,Dinner,DoorDash - Takeout,0.00,24.05,2.19,0.00,0.00,26.24,false,2/2/25 5:51 PM,2/2/25 5:52 PM,00:00:00,API
Cupertino,600000035286236247,131,131,2/2/25 6:02 PM,1,,Default Online Ordering,A7,Dining Room,Dining Room,Dinner,Dine In,0.00,64.80,5.93,12.73,0.00,83.46,false,2/2/25 6:32 PM,2/2/25 6:32 PM,00:30:13,Order-and-Pay-at-Table
Cupertino,600000035286330340,128,128,2/2/25 6:01 PM,1,,Default Online Ordering,B6,Dining Room,Dining Room,Dinner,Dine In,0.00,109.35,10.01,23.87,0.00,143.23,false,2/2/25 6:44 PM,2/2/25 6:44 PM,00:43:19,Order-and-Pay-at-Table
Cupertino,600000035286503465,127,127,2/2/25 5:59 PM,1,SF baa035db PickUp-Abhishek S,Default Online Ordering,,Doordash,,Dinner,DoorDash - Takeout,0.00,7.30,0.67,0.00,0.00,7.97,false,2/2/25 5:59 PM,2/2/25 6:00 PM,00:00:00,API
Cupertino,600000035286633204,130,130,2/2/25 6:02 PM,1,DD 17619b6e Jack B,Default Online Ordering,,Doordash,,Dinner,DoorDash - Delivery,0.00,33.60,3.07,0.00,0.00,36.67,false,2/2/25 6:02 PM,2/2/25 6:02 PM,00:00:00,API
Cupertino,600000035286635001,129,129,2/2/25 6:01 PM,1,DD e63b2f39 Benjamin B,Default Online Ordering,,Doordash,,Dinner,DoorDash - Delivery,0.00,79.40,6.79,0.00,0.00,86.19,false,2/2/25 6:01 PM,2/2/25 6:02 PM,00:00:00,API
Cupertino,600000035286757320,134,134,2/2/25 6:09 PM,1,,Default Online Ordering,B2,Dining Room,Dining Room,Dinner,Dine In,0.00,37.70,3.44,7.41,0.00,48.55,false,2/2/25 6:39 PM,2/2/25 6:39 PM,00:29:31,Order-and-Pay-at-Table
Cupertino,600000035286775608,132,132,2/2/25 6:05 PM,3,,chi van,B3,Dining Room,Dining Room,Dinner,Dine In,0.00,59.65,5.46,9.77,0.00,74.88,false,2/2/25 6:38 PM,2/2/25 6:38 PM,00:33:26,In Store
Cupertino,600000035286853402,133,133,2/2/25 6:09 PM,1,SF b0c719f6 PickUp-Rebecca S,Default Online Ordering,,Doordash,,Dinner,DoorDash - Takeout,0.00,69.65,6.36,0.00,0.00,76.01,false,2/2/25 6:09 PM,2/2/25 6:10 PM,00:00:00,API
Cupertino,600000035286927672,135,135,2/2/25 6:10 PM,1,,chi van,,None,,Dinner,Take Out,0.00,7.90,0.72,0.00,0.00,8.62,false,2/2/25 6:11 PM,2/2/25 6:11 PM,00:00:27,In Store
Cupertino,600000035286977037,143,143,2/2/25 6:27 PM,1,,Default Online Ordering,A2,Dining Room,Dining Room,Dinner,Dine In,0.00,23.10,2.11,4.54,0.00,29.75,false,2/2/25 6:47 PM,2/2/25 6:47 PM,00:20:32,Order-and-Pay-at-Table
Cupertino,600000035287072911,136,136,2/2/25 6:11 PM,1,,chi van,,None,,Dinner,Take Out,0.00,15.80,1.44,0.00,0.00,17.24,false,2/2/25 6:19 PM,2/2/25 6:19 PM,00:08:41,In Store
Cupertino,600000035287076859,137,137,2/2/25 6:18 PM,1,,Default Online Ordering,A6,Dining Room,Dining Room,Dinner,Dine In,0.00,57.55,5.26,11.31,0.00,74.12,false,2/2/25 6:47 PM,2/2/25 6:47 PM,00:28:59,Order-and-Pay-at-Table
Cupertino,600000035287135577,146,146,2/2/25 6:28 PM,1,SF 6fbc569f PickUp-Vidya R,Default Online Ordering,,Doordash,,Dinner,DoorDash - Takeout,0.00,42.85,3.91,0.00,0.00,46.76,false,2/2/25 6:28 PM,2/2/25 6:29 PM,00:00:00,API
Cupertino,600000035287160179,145,145,2/2/25 6:28 PM,1,,Default Online Ordering,A5,Dining Room,Dining Room,Dinner,Dine In,0.00,64.40,5.89,10.54,0.00,80.83,false,2/2/25 7:10 PM,2/2/25 7:10 PM,00:41:43,Order-and-Pay-at-Table
Cupertino,600000035287188181,149,149,2/2/25 6:33 PM,1,,Default Online Ordering,A1,Dining Room,Dining Room,Dinner,Dine In,0.00,40.45,3.69,6.62,0.00,50.76,false,2/2/25 7:04 PM,2/2/25 7:04 PM,00:31:38,Order-and-Pay-at-Table
Cupertino,600000035287189573,147,147,2/2/25 6:28 PM,1,DD 46f4a583 Jonathan M,Default Online Ordering,,Doordash,,Dinner,DoorDash - Delivery,0.00,48.20,3.94,0.00,0.00,52.14,false,2/2/25 6:28 PM,2/2/25 6:29 PM,00:00:00,API
Cupertino,600000035287194328,138,138,2/2/25 6:19 PM,2,,zhengyu chen,A3,Dining Room,Dining Room,Dinner,Dine In,0.00,60.45,5.53,9.90,0.00,75.88,false,2/2/25 7:02 PM,2/2/25 7:02 PM,00:43:01,In Store
Cupertino,600000035287207080,148,148,2/2/25 6:30 PM,1,DD dbd2ddf4 Theresa L,Default Online Ordering,,Doordash,,Dinner,DoorDash - Delivery,0.00,106.00,9.67,0.00,0.00,115.67,false,2/2/25 6:30 PM,2/2/25 6:31 PM,00:00:00,API
Cupertino,600000035287263151,139,139,2/2/25 6:21 PM,1,,chi van,,None,,Dinner,Take Out,0.00,19.35,1.77,3.17,0.00,24.29,false,2/2/25 6:41 PM,2/2/25 6:41 PM,00:19:56,In Store
Cupertino,600000035287298454,141,141,2/2/25 6:25 PM,1,DD 44402fd4 Yanming W,Default Online Ordering,,Doordash,,Dinner,DoorDash - Delivery,0.00,49.30,4.04,0.00,0.00,53.34,false,2/2/25 6:25 PM,2/2/25 6:25 PM,00:00:00,API
Cupertino,600000035287363151,142,142,2/2/25 6:26 PM,1,DD ea15c728 Lizzy Z,Default Online Ordering,,Doordash,,Dinner,DoorDash - Delivery,0.00,59.35,5.42,0.00,0.00,64.77,false,2/2/25 6:26 PM,2/2/25 6:27 PM,00:00:00,API
Cupertino,600000035287378153,144,144,2/2/25 6:27 PM,1,DD 959d3675 Jared S,Default Online Ordering,,Doordash,,Dinner,DoorDash - Delivery,0.00,28.95,2.64,0.00,0.00,31.59,false,2/2/25 6:27 PM,2/2/25 6:27 PM,00:00:00,API
Cupertino,600000035287441728,152,152,2/2/25 6:38 PM,1,DD 95ac46e6 PickUp-Ian C,Default Online Ordering,,Doordash,,Dinner,DoorDash - Takeout,0.00,61.15,5.58,0.00,0.00,66.73,false,2/2/25 6:38 PM,2/2/25 6:38 PM,00:00:00,API
Cupertino,600000035287551407,150,150,2/2/25 6:35 PM,1,,Default Online Ordering,B1,Dining Room,Dining Room,Dinner,Dine In,0.00,72.75,6.64,11.91,0.00,91.30,false,2/2/25 7:01 PM,2/2/25 7:01 PM,00:25:53,Order-and-Pay-at-Table
Cupertino,600000035287644916,151,151,2/2/25 6:36 PM,2,,Jaylan Penney,B4,Dining Room,Dining Room,Dinner,Dine In,0.00,47.55,4.34,7.78,0.00,59.67,false,2/2/25 7:11 PM,2/2/25 7:11 PM,00:34:15,In Store
Cupertino,600000035287756288,157,157,2/2/25 6:57 PM,1,,Default Online Ordering,B7,Dining Room,Dining Room,Dinner,Dine In,0.00,14.10,1.29,2.77,0.00,18.16,false,2/2/25 7:20 PM,2/2/25 7:20 PM,00:22:21,Order-and-Pay-at-Table
Cupertino,600000035287834578,155,155,2/2/25 6:55 PM,1,,Default Online Ordering,A2,Dining Room,Dining Room,Dinner,Dine In,0.00,27.25,2.49,4.46,0.00,34.20,false,2/2/25 7:20 PM,2/2/25 7:20 PM,00:25:05,Order-and-Pay-at-Table
Cupertino,600000035287863583,158,158,2/2/25 6:57 PM,1,,Default Online Ordering,B3,Dining Room,Dining Room,Dinner,Dine In,0.00,80.10,7.33,0.00,0.00,87.43,false,2/2/25 7:29 PM,2/2/25 7:29 PM,00:31:58,Order-and-Pay-at-Table
Cupertino,600000035287915081,159,159,2/2/25 6:59 PM,1,,Default Online Ordering,B2,Dining Room,Dining Room,Dinner,Dine In,0.00,34.50,3.16,5.65,0.00,43.31,false,2/2/25 7:35 PM,2/2/25 7:35 PM,00:36:06,Order-and-Pay-at-Table
Cupertino,600000035287923311,154,154,2/2/25 6:52 PM,1,,Default Online Ordering,A4,Dining Room,Dining Room,Dinner,Dine In,0.00,40.80,3.73,5.00,0.00,49.53,false,2/2/25 7:16 PM,2/2/25 7:16 PM,00:23:58,Order-and-Pay-at-Table
Cupertino,600000035287953467,156,156,2/2/25 6:56 PM,1,SF 3582b26f Nikita D,Default Online Ordering,,Doordash,,Dinner,DoorDash - Delivery,0.00,45.95,4.19,0.00,0.00,50.14,false,2/2/25 6:56 PM,2/2/25 6:57 PM,00:00:00,API
Cupertino,600000035287989687,153,153,2/2/25 6:51 PM,2,,Jaylan Penney,B5,Dining Room,Dining Room,Dinner,Dine In,0.00,108.50,9.92,17.76,0.00,136.18,false,2/2/25 8:06 PM,2/2/25 8:06 PM,01:14:55,In Store
Cupertino,600000035288140056,161,161,2/2/25 7:02 PM,1,,Default Online Ordering,B6,Dining Room,Dining Room,Dinner,Dine In,0.00,39.75,3.64,7.81,0.00,51.20,false,2/2/25 7:49 PM,2/2/25 7:49 PM,00:47:22,Order-and-Pay-at-Table
Cupertino,600000035288142871,163,163,2/2/25 7:05 PM,1,DD 375cd81c May M,Default Online Ordering,,Doordash,,Dinner,DoorDash - Delivery,0.00,20.40,1.86,0.00,0.00,22.26,false,2/2/25 7:05 PM,2/2/25 7:06 PM,00:00:00,API
Cupertino,600000035288200910,160,160,2/2/25 7:01 PM,5,,Jaylan Penney,A7,Dining Room,Dining Room,Dinner,Dine In,0.00,90.75,8.29,17.83,0.00,116.87,false,2/2/25 7:40 PM,2/2/25 7:40 PM,00:38:55,In Store
Cupertino,600000035288213210,162,162,2/2/25 7:05 PM,1,,Default Online Ordering,B8,Dining Room,Dining Room,Dinner,Dine In,0.00,31.25,2.85,5.12,0.00,39.22,false,2/2/25 7:51 PM,2/2/25 7:51 PM,00:46:25,Order-and-Pay-at-Table
Cupertino,600000035288293845,165,165,2/2/25 7:26 PM,1,SF cda9a8db Chloe S,Default Online Ordering,,Doordash,,Dinner,DoorDash - Delivery,0.00,22.50,2.05,0.00,0.00,24.55,false,2/2/25 7:26 PM,2/2/25 7:27 PM,00:00:00,API
Cupertino,600000035288474843,168,168,2/2/25 7:36 PM,1,,Default Online Ordering,A6,Dining Room,Dining Room,Dinner,Dine In,0.00,51.50,4.70,4.50,0.00,60.70,false,2/2/25 8:50 PM,2/2/25 8:50 PM,01:13:51,Order-and-Pay-at-Table
Cupertino,600000035288482947,169,169,2/2/25 7:42 PM,1,,Default Online Ordering,A1,Dining Room,Dining Room,Dinner,Dine In,0.00,45.00,4.11,8.84,0.00,57.95,false,2/2/25 8:18 PM,2/2/25 8:18 PM,00:36:31,Order-and-Pay-at-Table
Cupertino,600000035288542259,164,164,2/2/25 7:24 PM,1,SF 61d84e14 PickUp-Veerender S,Default Online Ordering,,Doordash,,Dinner,DoorDash - Takeout,0.00,43.80,4.00,0.00,0.00,47.80,false,2/2/25 7:24 PM,2/2/25 7:25 PM,00:00:00,API
Cupertino,600000035288666257,167,167,2/2/25 7:33 PM,1,,Default Online Ordering,A3,Dining Room,Dining Room,Dinner,Dine In,0.00,47.65,4.36,9.36,0.00,61.37,false,2/2/25 8:05 PM,2/2/25 8:05 PM,00:31:45,Order-and-Pay-at-Table
Cupertino,600000035288678453,166,166,2/2/25 7:30 PM,1,,Default Online Ordering,A2,Dining Room,Dining Room,Dinner,Dine In,0.00,14.60,1.34,2.39,0.00,18.33,false,2/2/25 7:49 PM,2/2/25 7:49 PM,00:18:08,Order-and-Pay-at-Table
Cupertino,600000035288841142,176,176,2/2/25 7:59 PM,1,DD 2abd7013 Shreya S,Default Online Ordering,,Doordash,,Dinner,DoorDash - Delivery,0.00,12.00,1.10,0.00,0.00,13.10,false,2/2/25 7:59 PM,2/2/25 7:59 PM,00:00:00,API
Cupertino,600000035288868446,177,177,2/2/25 8:05 PM,1,,Default Online Ordering,A7,Dining Room,Dining Room,Dinner,Dine In,0.00,36.00,3.30,7.07,0.00,46.37,false,2/2/25 8:25 PM,2/2/25 8:25 PM,00:19:40,Order-and-Pay-at-Table
Cupertino,600000035288898787,170,170,2/2/25 7:43 PM,2,,zhengyu chen,A5,Dining Room,Dining Room,Dinner,Dine In,0.00,50.80,4.64,8.32,0.00,63.76,false,2/2/25 8:35 PM,2/2/25 8:35 PM,00:52:12,In Store
Cupertino,600000035288953704,171,171,2/2/25 7:49 PM,1,DD 9e29e684 Vikas R,Default Online Ordering,,Doordash,,Dinner,DoorDash - Delivery,0.00,37.35,3.41,0.00,0.00,40.76,false,2/2/25 7:49 PM,2/2/25 7:49 PM,00:00:00,API
Cupertino,600000035288973668,174,174,2/2/25 7:55 PM,1,DD 48893ea3 Shinjan B,Default Online Ordering,,Doordash,,Dinner,DoorDash - Delivery,0.00,11.45,1.04,0.00,0.00,12.49,false,2/2/25 7:55 PM,2/2/25 7:55 PM,00:00:00,API
Cupertino,600000035289008940,178,178,2/2/25 8:15 PM,1,,Default Online Ordering,A2,Dining Room,Dining Room,Dinner,Dine In,0.00,47.65,4.36,7.80,0.00,59.81,false,2/2/25 8:59 PM,2/2/25 8:59 PM,00:44:06,Order-and-Pay-at-Table
Cupertino,600000035289029857,175,175,2/2/25 7:55 PM,1,DD 8b58e310 PickUp-Ryan Y,Default Online Ordering,,Doordash,,Dinner,DoorDash - Takeout,0.00,15.20,1.39,0.00,0.00,16.59,false,2/2/25 7:55 PM,2/2/25 7:56 PM,00:00:00,API
Cupertino,600000035289054099,172,172,2/2/25 7:54 PM,1,,chi van,,None,,Dinner,Take Out,0.00,7.30,0.67,0.00,0.00,7.97,false,2/2/25 8:07 PM,2/2/25 8:07 PM,00:12:54,In Store
Cupertino,600000035289235867,182,182,2/2/25 8:24 PM,1,,Default Online Ordering,B1,Dining Room,Dining Room,Dinner,Dine In,0.00,31.10,2.84,5.09,0.00,39.03,false,2/2/25 9:00 PM,2/2/25 9:00 PM,00:35:42,Order-and-Pay-at-Table
Cupertino,600000035289250365,181,181,2/2/25 8:23 PM,1,,Default Online Ordering,B1,Dining Room,Dining Room,Dinner,Dine In,0.00,53.00,4.85,8.68,0.00,66.53,false,2/2/25 9:00 PM,2/2/25 9:00 PM,00:36:26,Order-and-Pay-at-Table
Cupertino,600000035289250391,186,186,2/2/25 8:43 PM,1,,Default Online Ordering,A1,Dining Room,Dining Room,Dinner,Dine In,0.00,19.90,1.82,0.00,0.00,21.72,false,2/2/25 8:58 PM,2/2/25 8:58 PM,00:15:02,Order-and-Pay-at-Table
Cupertino,600000035289303236,179,179,2/2/25 8:17 PM,1,,chi van,,None,,Dinner,Take Out,11.85,11.85,1.08,0.00,0.00,12.93,false,2/2/25 8:18 PM,2/2/25 8:18 PM,00:00:38,In Store
Cupertino,600000035289331454,180,180,2/2/25 8:21 PM,1,,Default Online Ordering,A3,Dining Room,Dining Room,Dinner,Dine In,0.00,29.80,2.73,4.88,0.00,37.41,false,2/2/25 8:41 PM,2/2/25 8:41 PM,00:20:03,Order-and-Pay-at-Table
Cupertino,600000035289362370,185,185,2/2/25 8:38 PM,1,DD 43a507f0 Jeremy M,Default Online Ordering,,Doordash,,Dinner,DoorDash - Delivery,0.00,48.80,4.00,0.00,0.00,52.80,false,2/2/25 8:38 PM,2/2/25 8:39 PM,00:00:00,API
Cupertino,600000035289370004,183,183,2/2/25 8:26 PM,1,,Default Online Ordering,B1,Dining Room,Dining Room,Dinner,Dine In,0.00,27.65,2.53,0.00,0.00,30.18,false,2/2/25 9:00 PM,2/2/25 9:00 PM,00:34:24,Order-and-Pay-at-Table
Cupertino,600000035289444034,184,184,2/2/25 8:32 PM,2,,xin Meng,A4,Dining Room,Dining Room,Dinner,Dine In,0.00,68.00,6.22,0.00,0.00,74.22,false,2/2/25 8:58 PM,2/2/25 8:58 PM,00:26:13,In Store
