Location,Payment Id,Order Id,Order #,Paid Date,Order Date,Check Id,Check #,Tab Name,Server,Table,Dining Area,Service,Dining Option,House Acct #,Amount,Tip,Gratuity,Total,Swiped Card Amount,Keyed Card Amount,Amount Tendered,Refunded,Refund Date,Refund Amount,Refund Tip Amount,Void User,Void Approver,Void Date,Status,Type,Cash Drawer,Card Type,Other Type,Email,Phone,Last 4 Card Digits,V/MC/D Fees,Room Info,Receipt,Source,Last 4 Gift Card Digits,First 5 Gift Card Digits
Cupertino,600000035267504501,600000035267513950,2,2/2/25 11:16 AM,2/2/25 11:16 AM,600000035267454254,2,DD f0ffa762 PickUp-Eric F,Default Online Ordering,,,Lunch,DoorDash - Takeout,,7.97,0.00,0.00,7.97,0.00,0.00,0.00,NONE,,,,,,,CAPTURED,Other,,,DoorDash,,8552228111,,,,CrbxPqnLjLWMm,API,,
Cupertino,600000035267634447,600000035268114160,6,2/2/25 11:31 AM,2/2/25 11:31 AM,600000035268092061,6,SF df7f545b PickUp-Woojung H,Default Online Ordering,,,Lunch,DoorDash - Takeout,,26.24,0.00,0.00,26.24,0.00,0.00,0.00,NONE,,,,,,,CAPTURED,Other,,,DoorDash,,6692463511,,,,TYHhypHFKWWzR,API,,
Cupertino,600000035268161551,600000035267787271,4,2/2/25 11:29 AM,2/2/25 11:29 AM,600000035267749276,4,DD 1c2b4b04 PickUp-Pearl C,Default Online Ordering,,,Lunch,DoorDash - Takeout,,57.18,0.00,0.00,57.18,0.00,0.00,0.00,NONE,,,,,,,CAPTURED,Other,,,DoorDash,,8552228111,,,,s9xnXcx9cxxcF,API,,
Cupertino,600000035268278464,600000035268275117,7,2/2/25 11:35 AM,2/2/25 11:35 AM,600000035268275067,7,DD 7d3d3d78 Giancarlo d,Default Online Ordering,,,Lunch,DoorDash - Delivery,,53.56,0.00,0.00,53.56,0.00,0.00,0.00,NONE,,,,,,,CAPTURED,Other,,,DoorDash,,8552228111,,,,hsrRyncbNcTCL,API,,
Cupertino,600000035268529459,600000035267011302,1,2/2/25 11:36 AM,2/2/25 11:08 AM,600000035267011202,1,,Default Online Ordering,A2,Dining Room,Lunch,Dine In,,46.28,6.94,0.00,53.22,53.22,0.00,0.00,NONE,,,,,,,CAPTURED,Credit,,Visa,,,,3333,0.00,,7jXdrjsgyhCLb,In Store,,
Cupertino,600000035268556470,600000035268297493,9,2/2/25 11:41 AM,2/2/25 11:41 AM,600000035268175946,9,SF 8500488a PickUp-Xin W,Default Online Ordering,,,Lunch,DoorDash - Takeout,,10.86,0.99,0.00,11.85,0.00,0.00,0.00,NONE,,,,,,,CAPTURED,Other,,,DoorDash,,4083323393,,,,yHjj7nLfhtnrx,API,,
Cupertino,600000035268981437,600000035268863298,13,2/2/25 11:52 AM,2/2/25 11:52 AM,600000035268863248,13,DD a026e83e PickUp-John S,Default Online Ordering,,,Lunch,DoorDash - Takeout,,19.48,0.00,0.00,19.48,0.00,0.00,0.00,NONE,,,,,,,CAPTURED,Other,,,DoorDash,,8552228111,,,,gm7mkJr9fWrwp,API,,
Cupertino,600000035269697174,600000035269738471,16,2/2/25 12:04 PM,2/2/25 12:04 PM,600000035269634131,16,DD 4e9d785c Eesha J,Default Online Ordering,,,Lunch,DoorDash - Delivery,,43.47,0.00,0.00,43.47,0.00,0.00,0.00,NONE,,,,,,,CAPTURED,Other,,,DoorDash,,8552228111,,,,rmWfTwNNNjjRT,API,,
Cupertino,600000035269742592,600000035269919980,19,2/2/25 12:10 PM,2/2/25 12:10 PM,600000035269817183,19,DD 898b4d0d Yicun Q,Default Online Ordering,,,Lunch,DoorDash - Delivery,,52.03,0.00,0.00,52.03,0.00,0.00,0.00,NONE,,,,,,,CAPTURED,Other,,,DoorDash,,8552228111,,,,7hHfrKgphJqcj,API,,
Cupertino,600000035269795073,600000035268132805,5,2/2/25 12:01 PM,2/2/25 11:30 AM,600000035268127257,5,Yurui Lam,Default Online Ordering,A5,Dining Room,Lunch,Dine In,,94.62,18.92,0.00,113.54,113.54,0.00,0.00,NONE,,,,,,,CAPTURED,Credit,,Visa,,,,1530,0.00,,rq9mCqsfrYFRW,In Store,,
Cupertino,600000035270138957,600000035267682420,3,2/2/25 12:08 PM,2/2/25 11:23 AM,600000035267607477,3,,Default Online Ordering,A3,Dining Room,Lunch,Dine In,,51.41,9.25,0.00,60.66,0.00,0.00,0.00,NONE,,,,,,,CAPTURED,Credit,,Visa,,,,3615,0.00,,fPwgqMssbbJWc,In Store,,
Cupertino,600000035270431565,600000035268947825,12,2/2/25 12:14 PM,2/2/25 11:50 AM,600000035268868430,12,,Default Online Ordering,B1,Dining Room,Lunch,Dine In,,62.21,12.44,0.00,74.65,74.65,0.00,0.00,NONE,,,,,,,CAPTURED,Credit,,Visa,,,,3163,0.00,,y7dCrgkrLnqJb,In Store,,
Cupertino,600000035270596326,600000035268338085,8,2/2/25 12:17 PM,2/2/25 11:41 AM,600000035268316140,8,,Default Online Ordering,B4,Dining Room,Lunch,Dine In,,45.63,10.04,0.00,55.67,55.67,0.00,0.00,NONE,,,,,,,CAPTURED,Credit,,Amex,,,,5086,0.00,,ngrzpKLKWtgFK,In Store,,
Cupertino,600000035270901633,600000035268840626,10,2/2/25 12:23 PM,2/2/25 11:42 AM,600000035268840625,10,,andres valencia,A4,Dining Room,Lunch,Dine In,,69.59,5.00,0.00,74.59,74.59,0.00,0.00,NONE,,,,,,,CAPTURED,Credit,,Visa,,,,5118,0.00,,TrCX7hHkHTYXp,In Store,,
Cupertino,600000035270957648,600000035269860205,17,2/2/25 12:25 PM,2/2/25 12:04 PM,600000035269860156,17,,Default Online Ordering,B6,Dining Room,Lunch,Dine In,,67.40,12.13,0.00,79.53,79.53,0.00,0.00,NONE,,,,,,,CAPTURED,Credit,,Visa,,,,4221,0.00,,cxbFgdPHkprjW,In Store,,
Cupertino,600000035271318379,600000035271414271,38,2/2/25 12:39 PM,2/2/25 12:39 PM,600000035271414221,38,DD c2c2d612 PickUp-James J,Default Online Ordering,,,Lunch,DoorDash - Takeout,,51.34,0.00,0.00,51.34,0.00,0.00,0.00,NONE,,,,,,,CAPTURED,Other,,,DoorDash,,8552228111,,,,JRdxNt7zYsMmJ,API,,
Cupertino,600000035271331114,600000035269748572,14,2/2/25 12:32 PM,2/2/25 12:00 PM,600000035269748571,14,,zhengyu chen,A6,Dining Room,Lunch,Dine In,,90.81,13.62,0.00,104.43,104.43,0.00,0.00,NONE,,,,,,,CAPTURED,Credit,,Visa,,,,8489,0.00,,LcqmbjCxFTMmc,In Store,,
Cupertino,600000035271494185,600000035268910057,11,2/2/25 12:36 PM,2/2/25 11:45 AM,600000035268910007,11,,Default Online Ordering,A7,Dining Room,Lunch,Dine In,,57.19,8.00,0.00,65.19,65.19,0.00,0.00,NONE,,,,,,,CAPTURED,Credit,,Visa,,,+12069316721,0080,0.00,,CtzrFsnXTsXYw,In Store,,
Cupertino,600000035271563584,600000035269803051,15,2/2/25 12:37 PM,2/2/25 12:01 PM,600000035269797704,15,,Default Online Ordering,B8,Dining Room,Lunch,Dine In,,53.10,7.96,0.00,61.06,61.06,0.00,0.00,NONE,,,,,,,CAPTURED,Credit,,Visa,,,,5998,0.00,,hwjWmntYmqsyC,In Store,,
Cupertino,600000035271609053,600000035270484901,21,2/2/25 12:38 PM,2/2/25 12:15 PM,600000035270484900,21,,andres valencia,A3,Dining Room,Lunch,Dine In,,44.15,6.62,0.00,50.77,50.77,0.00,0.00,NONE,,,,,,,CAPTURED,Credit,,Visa,,,,8148,0.00,,dxCpfcHCmpTPm,In Store,,
Cupertino,600000035271755966,600000035270109838,24,2/2/25 12:41 PM,2/2/25 12:17 PM,600000035270055797,24,,Default Online Ordering,B2,Dining Room,Lunch,Dine In,,46.28,6.94,0.00,53.22,53.22,0.00,0.00,NONE,,,,,,,CAPTURED,Credit,,Visa,,,,1187,0.00,,sKNjzMWLjJxmn,In Store,,
Cupertino,600000035271756051,600000035269871267,18,2/2/25 12:41 PM,2/2/25 12:08 PM,600000035269853518,18,,Default Online Ordering,A2,Dining Room,Lunch,Dine In,,43.06,8.61,0.00,51.67,51.67,0.00,0.00,NONE,,,,,,,CAPTURED,Credit,,Mastercard,,,,1907,0.00,,cnFWbwMyxpNtL,In Store,,
Cupertino,600000035271898484,600000035270035169,20,2/2/25 12:44 PM,2/2/25 12:11 PM,600000035270011220,20,,Default Online Ordering,B3,Dining Room,Lunch,Dine In,,48.57,9.71,0.00,58.28,58.28,0.00,0.00,NONE,,,,,,,CAPTURED,Credit,,Visa,,,,6524,0.00,,kP9FRgcjFHWwR,In Store,,
Cupertino,600000035272323983,600000035270607804,27,2/2/25 12:53 PM,2/2/25 12:19 PM,600000035270590707,27,,Default Online Ordering,C1,Dining Room,Lunch,Dine In,,54.25,8.14,0.00,62.39,62.39,0.00,0.00,NONE,,,,,,,CAPTURED,Credit,,Amex,,,,1009,0.00,,tKC7LM7Rf9Lrr,In Store,,
Cupertino,600000035272367056,600000035271067824,31,2/2/25 12:54 PM,2/2/25 12:31 PM,600000035271057275,31,,Default Online Ordering,B5,Dining Room,Lunch,Dine In,,46.28,0.42,0.00,46.70,46.70,0.00,0.00,NONE,,,,,,,CAPTURED,Credit,,Mastercard,,,,9755,0.00,,YFWn7k9YMPRKq,In Store,,
Cupertino,600000035272420940,600000035271306196,32,2/2/25 12:56 PM,2/2/25 12:32 PM,600000035271306195,32,,zhengyu chen,B4,Dining Room,Lunch,Dine In,,52.93,9.53,0.00,62.46,62.46,0.00,0.00,NONE,,,,,,,CAPTURED,Credit,,Visa,,,,6197,0.00,,tWcR7fPRPmkTr,In Store,,
Cupertino,600000035272430660,600000035271032477,34,2/2/25 12:56 PM,2/2/25 12:33 PM,600000035270998028,34,,Default Online Ordering,C3,Dining Room,Lunch,Dine In,,51.40,9.25,0.00,60.65,60.65,0.00,0.00,NONE,,,,,,,CAPTURED,Credit,,Mastercard,,,,1590,0.00,,THYxbfRTgJ7bm,In Store,,
Cupertino,600000035272614192,600000035270487996,30,2/2/25 1:00 PM,2/2/25 12:26 PM,600000035270459897,30,,Default Online Ordering,D1,Dining Room,Lunch,Dine In,,76.02,11.40,0.00,87.42,87.42,0.00,0.00,NONE,,,,,,,CAPTURED,Credit,,Discover,,,,5769,0.00,,PF7NFRK9ptRXP,In Store,,
Cupertino,600000035272719657,600000035272366693,45,2/2/25 1:05 PM,2/2/25 1:05 PM,600000035272348445,45,DD e6cf43cc Brandon V,Default Online Ordering,,,Lunch,DoorDash - Delivery,,70.20,0.00,0.00,70.20,0.00,0.00,0.00,NONE,,,,,,,CAPTURED,Other,,,DoorDash,,8552228111,,,,d7TCgybLW9fgc,API,,
Cupertino,600000035272799848,600000035271228913,33,2/2/25 1:03 PM,2/2/25 12:33 PM,600000035271228863,33,,Default Online Ordering,D3,Dining Room,Lunch,Dine In,,61.07,0.00,0.00,61.07,61.07,0.00,0.00,NONE,,,,,,,CAPTURED,Credit,,Visa,,,,3072,0.00,,qLKjy9gdRJKcR,In Store,,
Cupertino,600000035272810136,600000035270370332,28,2/2/25 1:04 PM,2/2/25 12:19 PM,600000035270370282,28,,Default Online Ordering,B1,Dining Room,Lunch,Dine In,,42.84,7.71,0.00,50.55,50.55,0.00,0.00,NONE,,,,,,,CAPTURED,Credit,,Amex,,,,5008,0.00,,gjgxYz9bgTxm9,In Store,,
Cupertino,600000035272821508,600000035271032480,35,2/2/25 1:04 PM,2/2/25 12:33 PM,600000035270998031,35,,Default Online Ordering,D3,Dining Room,Lunch,Dine In,,58.78,5.00,0.00,63.78,0.00,0.00,0.00,NONE,,,,,,,CAPTURED,Credit,,Visa,,,,7436,0.00,,xWybWgLbKnrYs,In Store,,
Cupertino,600000035272851168,600000035271397818,37,2/2/25 1:05 PM,2/2/25 12:37 PM,600000035271393119,37,,Default Online Ordering,D3,Dining Room,Lunch,Dine In,,56.70,10.21,0.00,66.91,0.00,0.00,0.00,NONE,,,,,,,CAPTURED,Credit,,Visa,,,,1967,0.00,,MJwKgnRwYp7Lb,In Store,,
Cupertino,600000035272898055,600000035272955552,47,2/2/25 1:07 PM,2/2/25 1:07 PM,600000035272938553,47,DD d52e64c5 Daisy X,Default Online Ordering,,,Lunch,DoorDash - Delivery,,50.78,0.00,0.00,50.78,0.00,0.00,0.00,NONE,,,,,,,CAPTURED,Other,,,DoorDash,,8552228111,,,,yLdzg7cpXN7sC,API,,
Cupertino,600000035272978519,600000035270755421,29,2/2/25 1:07 PM,2/2/25 12:26 PM,600000035270755371,29,,Default Online Ordering,D2,Dining Room,Lunch,Dine In,,67.89,10.18,0.00,78.07,0.00,0.00,0.00,NONE,,,,,,,CAPTURED,Credit,,Amex,,,,9044,0.00,,nTbnLm9Hpknsn,In Store,,
Cupertino,600000035273093656,600000035273094107,49,2/2/25 1:13 PM,2/2/25 1:13 PM,600000035273094057,49,DD b35f1396 Bre F,Default Online Ordering,,,Lunch,DoorDash - Delivery,,15.66,0.00,0.00,15.66,0.00,0.00,0.00,NONE,,,,,,,CAPTURED,Other,,,DoorDash,,8552228111,,,,mynsFsmdnfgpz,API,,
Cupertino,600000035273138440,600000035270120942,25,2/2/25 1:11 PM,2/2/25 12:18 PM,600000035270120892,25,,Default Online Ordering,A5,Dining Room,Lunch,Dine In,,106.20,15.93,0.00,122.13,122.13,0.00,0.00,NONE,,,,,,,CAPTURED,Credit,,Amex,,,,1006,0.00,,RjYWkWXKfMRTL,In Store,,
Cupertino,600000035273206015,600000035273202567,50,2/2/25 1:15 PM,2/2/25 1:15 PM,600000035273101274,50,DD f1b757d8 Vincent W,Default Online Ordering,,,Lunch,DoorDash - Delivery,,35.41,0.00,0.00,35.41,0.00,0.00,0.00,NONE,,,,,,,CAPTURED,Other,,,DoorDash,,8552228111,,,,rPLLsTnxwqgJq,API,,
Cupertino,600000035273278631,600000035269871299,22,2/2/25 1:13 PM,2/2/25 12:15 PM,600000035270503500,22,,Default Online Ordering,B7,Dining Room,Lunch,Dine In,,99.27,19.85,0.00,119.12,119.12,0.00,0.00,NONE,,,,,,,CAPTURED,Credit,,Visa,,,,1586,0.00,,KwRT9bJhxxmgc,In Store,,
Cupertino,600000035273303407,600000035271933253,39,2/2/25 1:14 PM,2/2/25 12:47 PM,600000035271881706,39,,Default Online Ordering,A3,Dining Room,Lunch,Dine In,,23.91,3.59,0.00,27.50,27.50,0.00,0.00,NONE,,,,,,,CAPTURED,Credit,,Visa,,,,4464,0.00,,pXnNwzPKdjWpx,In Store,,
Cupertino,600000035273574832,600000035272476318,44,2/2/25 1:20 PM,2/2/25 1:03 PM,600000035272457270,44,,Default Online Ordering,B5,Dining Room,Lunch,Dine In,,28.10,4.22,0.00,32.32,32.32,0.00,0.00,NONE,,,,,,,CAPTURED,Credit,,Visa,,,,8433,0.00,,pmnyXgXLgXWrr,In Store,,
Cupertino,600000035273575241,600000035273560824,54,2/2/25 1:20 PM,2/2/25 1:19 PM,600000035273560822,54,,chi van,,,Lunch,Take Out,,10.86,0.00,0.00,10.86,10.86,0.00,0.00,NONE,,,,,,,CAPTURED,Credit,,Mastercard,,,,8909,0.00,,WYJ7NHzPmCfkc,In Store,,
Cupertino,600000035273699090,600000035273744288,62,2/2/25 1:37 PM,2/2/25 1:37 PM,600000035273717789,62,SF c3b4dba5 PickUp-Xin L,Default Online Ordering,,,Lunch,DoorDash - Takeout,,64.66,0.00,0.00,64.66,0.00,0.00,0.00,NONE,,,,,,,CAPTURED,Other,,,DoorDash,,6193003119,,,,R9xzRpFntwrcY,API,,
Cupertino,600000035273833505,600000035271067837,36,2/2/25 1:25 PM,2/2/25 12:34 PM,600000035271057288,36,,Default Online Ordering,A4,Dining Room,Lunch,Dine In,,42.19,6.33,0.00,48.52,48.52,0.00,0.00,NONE,,,,,,,CAPTURED,Credit,,Visa,,,,0755,0.00,,RcysJzpCKywdz,In Store,,
Cupertino,600000035273860952,600000035272140745,43,2/2/25 1:26 PM,2/2/25 1:01 PM,600000035272121999,43,,Default Online Ordering,A2,Dining Room,Lunch,Dine In,,21.88,3.28,0.00,25.16,0.00,0.00,0.00,NONE,,,,,,,CAPTURED,Credit,,Mastercard,,,+17138196394,8308,0.00,,gNtRNHHxyHmTF,In Store,,
Cupertino,600000035273862547,600000035272228931,42,2/2/25 1:26 PM,2/2/25 1:01 PM,600000035272217835,42,,Default Online Ordering,A7,Dining Room,Lunch,Dine In,,98.06,13.94,0.00,112.00,112.00,0.00,0.00,NONE,,,,,,,CAPTURED,Credit,,Visa,,,,8881,0.00,,JRycmtMkPdNkm,In Store,,
Cupertino,600000035274176540,600000035270118147,26,2/2/25 1:33 PM,2/2/25 12:18 PM,600000035270118097,26,,Default Online Ordering,A1,Dining Room,Lunch,Dine In,,18.83,2.82,0.00,21.65,21.65,0.00,0.00,NONE,,,,,,,CAPTURED,Credit,,Visa,,,,6376,0.00,,HnsxbtwTrsNTc,In Store,,
Cupertino,600000035274193414,600000035270543150,23,2/2/25 1:33 PM,2/2/25 12:16 PM,600000035270543100,23,,Default Online Ordering,A1,Dining Room,Lunch,Dine In,,25.70,3.00,0.00,28.70,28.70,0.00,0.00,NONE,,,,,,,CAPTURED,Credit,,Visa,,,,2309,0.00,,qpnK7FJwxwMsg,In Store,,
Cupertino,600000035274323763,600000035273465708,52,2/2/25 1:36 PM,2/2/25 1:19 PM,600000035273451010,52,,Default Online Ordering,B4,Dining Room,Lunch,Dine In,,33.18,6.64,0.00,39.82,39.82,0.00,0.00,NONE,,,,,,,CAPTURED,Credit,,Visa,,,,0800,0.00,,wKFbXtLfwqsfb,In Store,,
Cupertino,600000035274405478,600000035271956294,41,2/2/25 1:38 PM,2/2/25 1:00 PM,600000035271952295,41,,Default Online Ordering,B6,Dining Room,Lunch,Dine In,,70.67,14.13,0.00,84.80,84.80,0.00,0.00,NONE,,,,,,,CAPTURED,Credit,,Mastercard,,,,4048,0.00,,rMYg9TWzzMzYb,In Store,,
Cupertino,600000035274627341,600000035273155210,51,2/2/25 1:42 PM,2/2/25 1:15 PM,600000035273152861,51,,Default Online Ordering,B8,Dining Room,Lunch,Dine In,,66.15,14.55,0.00,80.70,80.70,0.00,0.00,NONE,,,,,,,CAPTURED,Credit,,Visa,,leandro.marzulo@gmail.com,,2549,0.00,,zFkWgJ7r7PqzW,In Store,,
Cupertino,600000035274792768,600000035273240531,58,2/2/25 1:46 PM,2/2/25 1:24 PM,600000035273211984,58,,Default Online Ordering,A3,Dining Room,Lunch,Dine In,,36.56,5.00,0.00,41.56,41.56,0.00,0.00,NONE,,,,,,,CAPTURED,Credit,,Visa,,,+16502192680,8956,0.00,,N9fmfXqFWm7Hd,In Store,,
Cupertino,600000035274884645,600000035272907955,46,2/2/25 1:48 PM,2/2/25 1:07 PM,600000035272907905,46,,Default Online Ordering,B3,Dining Room,Lunch,Dine In,,82.01,12.30,0.00,94.31,94.31,0.00,0.00,NONE,,,,,,,CAPTURED,Credit,,Mastercard,,,,8851,0.00,,WwKjdddhNkXTs,In Store,,
Cupertino,600000035274965770,600000035273257426,53,2/2/25 1:50 PM,2/2/25 1:19 PM,600000035273250427,53,,Default Online Ordering,A5,Dining Room,Lunch,Dine In,,47.53,9.51,0.00,57.04,57.04,0.00,0.00,NONE,,,,,,,CAPTURED,Credit,,Visa,,,,0017,0.00,,TtFHwHLFKx7LC,In Store,,
Cupertino,600000035275058677,600000035272424167,40,2/2/25 1:52 PM,2/2/25 12:59 PM,600000035272424117,40,,Default Online Ordering,A6,Dining Room,Lunch,Dine In,,83.77,16.75,0.00,100.52,100.52,0.00,0.00,NONE,,,,,,,CAPTURED,Credit,,Visa,,,,4069,0.00,,CFpmzjfwqbFsc,In Store,,
Cupertino,600000035275234147,600000035272800228,48,2/2/25 1:55 PM,2/2/25 1:09 PM,600000035272739731,48,,Default Online Ordering,C1,Dining Room,Lunch,Dine In,,41.20,6.18,0.00,47.38,47.38,0.00,0.00,NONE,,,,,,,CAPTURED,Credit,,Amex,,,,7106,0.00,,mtHLjwTqXFgCd,In Store,,
Cupertino,600000035275511193,600000035273885832,60,2/2/25 2:01 PM,2/2/25 1:34 PM,600000035273864533,60,,Default Online Ordering,A7,Dining Room,Lunch,Dine In,,38.31,5.75,0.00,44.06,44.06,0.00,0.00,NONE,,,,,,,CAPTURED,Credit,,Mastercard,,,,2698,0.00,,zgpmCt7HqKKcf,In Store,,
Cupertino,600000035275766755,600000035273094594,55,2/2/25 2:06 PM,2/2/25 1:21 PM,600000035273087495,55,,Default Online Ordering,B1,Dining Room,Lunch,Dine In,,93.59,18.72,0.00,112.31,112.31,0.00,0.00,NONE,,,,,,,CAPTURED,Credit,,Visa,,,,1290,0.00,,hMH9dRTYmscMq,In Store,,
Cupertino,600000035275955528,600000035274243475,63,2/2/25 2:10 PM,2/2/25 1:39 PM,600000035274186529,63,,Default Online Ordering,A2,Dining Room,Lunch,Dine In,,46.28,6.94,0.00,53.22,53.22,0.00,0.00,NONE,,,,,,,CAPTURED,Credit,,Visa,,,,5716,0.00,,Yw7xnppYkzgCT,In Store,,
Cupertino,600000035276077264,600000035273839826,59,2/2/25 2:12 PM,2/2/25 1:31 PM,600000035273839776,59,,Default Online Ordering,B7,Dining Room,Lunch,Dine In,,62.81,9.42,0.00,72.23,72.23,0.00,0.00,NONE,,,,,,,CAPTURED,Credit,,Visa,,,,3282,0.00,,bMjLj7wbntKYX,In Store,,
Cupertino,600000035276173255,600000035273725086,61,2/2/25 2:14 PM,2/2/25 1:35 PM,600000035273702689,61,,Default Online Ordering,B5,Dining Room,Lunch,Dine In,,26.85,4.03,0.00,30.88,0.00,0.00,0.00,NONE,,,,,,,CAPTURED,Credit,,Visa,,,,1120,0.00,,PmwNnFCpqzqKt,In Store,,
Cupertino,600000035276376251,600000035274664015,64,2/2/25 2:19 PM,2/2/25 1:48 PM,600000035274663965,64,,Default Online Ordering,B4,Dining Room,Lunch,Dine In,,53.42,8.01,0.00,61.43,61.43,0.00,0.00,NONE,,,,,,,CAPTURED,Credit,,Visa,,,,1063,0.00,,PMLMxtrjThycq,In Store,,
Cupertino,600000035276515447,600000035276524348,70,2/2/25 2:33 PM,2/2/25 2:33 PM,600000035276524298,70,DD 5ffd9939 Edward Z,Default Online Ordering,,,Lunch,DoorDash - Delivery,,15.66,0.00,0.00,15.66,0.00,0.00,0.00,NONE,,,,,,,CAPTURED,Other,,,DoorDash,,8552228111,,,,kNwJrPRhqCdTh,API,,
Cupertino,600000035276586253,600000035275302863,65,2/2/25 2:23 PM,2/2/25 2:00 PM,600000035275289366,65,,Default Online Ordering,A6,Dining Room,Lunch,Dine In,,41.42,5.00,0.00,46.42,46.42,0.00,0.00,NONE,,,,,,,CAPTURED,Credit,,Visa,,,,3486,0.00,,bkdYrgnmkXyWW,In Store,,
Cupertino,600000035276864141,600000035275209922,67,2/2/25 2:28 PM,2/2/25 2:00 PM,600000035275209872,67,,Default Online Ordering,A4,Dining Room,Lunch,Dine In,,91.96,18.39,0.00,110.35,110.35,0.00,0.00,NONE,,,,,,,CAPTURED,Credit,,Visa,,,,8346,0.00,,KJMzr7sLgKCCX,In Store,,
Cupertino,600000035277033135,600000035275249624,66,2/2/25 2:32 PM,2/2/25 2:00 PM,600000035275169728,66,,Default Online Ordering,A3,Dining Room,Lunch,Dine In,,71.10,12.80,0.00,83.90,83.90,0.00,0.00,NONE,,,,,,,DENIED,Credit,,Visa,,,,9891,,,qfPCWPYWyd7km,In Store,,
Cupertino,600000035277045390,600000035275249624,66,2/2/25 2:32 PM,2/2/25 2:00 PM,600000035275169728,66,,Default Online Ordering,A3,Dining Room,Lunch,Dine In,,71.10,12.80,0.00,83.90,83.90,0.00,0.00,NONE,,,,,,,CAPTURED,Credit,,Amex,,,,4007,0.00,,pjJWtch7CRHJk,In Store,,
Cupertino,600000035277505320,600000035273465727,57,2/2/25 2:41 PM,2/2/25 1:23 PM,600000035273451029,57,,Default Online Ordering,C3,Dining Room,Lunch,Dine In,,64.61,12.92,0.00,77.53,77.53,0.00,0.00,NONE,,,,,,,CAPTURED,Credit,,Mastercard,,,,1192,0.00,,MYMFkfbTYfnfJ,In Store,,
Cupertino,600000035277911260,600000035277804473,78,2/2/25 2:52 PM,2/2/25 2:52 PM,600000035277704478,78,SF 430675aa PickUp-David C,Default Online Ordering,,,Lunch,DoorDash - Takeout,,52.49,4.81,0.00,57.30,0.00,0.00,0.00,NONE,,,,,,,CAPTURED,Other,,,DoorDash,,4087684135,,,,qPYLWcYsjmFqc,API,,
Cupertino,600000035277999497,600000035277016835,71,2/2/25 2:51 PM,2/2/25 2:37 PM,600000035276991239,71,,Default Online Ordering,B6,Dining Room,Lunch,Dine In,,36.07,6.49,0.00,42.56,0.00,0.00,0.00,NONE,,,,,,,CAPTURED,Credit,,Mastercard,,,,3219,0.00,,x7PzcYhHdhttk,In Store,,
Cupertino,600000035278207982,600000035275302892,68,2/2/25 2:55 PM,2/2/25 2:07 PM,600000035275289395,68,,Default Online Ordering,B3,Dining Room,Lunch,Dine In,,46.28,6.94,0.00,53.22,53.22,0.00,0.00,NONE,,,,,,,CAPTURED,Credit,,Visa,,,,5552,0.00,,LwCsT9dWLw7hf,In Store,,
Cupertino,600000035278422102,600000035278315661,81,2/2/25 3:00 PM,2/2/25 3:00 PM,600000035278315561,81,DD da266772 PickUp-Jennifer L,Default Online Ordering,,,Lunch,DoorDash - Takeout,,16.59,0.00,0.00,16.59,0.00,0.00,0.00,NONE,,,,,,,CAPTURED,Other,,,DoorDash,,8552228111,,,,kXwXfHmgNYLgT,API,,
Cupertino,600000035278478997,600000035275664066,69,2/2/25 3:00 PM,2/2/25 2:08 PM,600000035275664016,69,,Default Online Ordering,A1,Dining Room,Lunch,Dine In,,54.90,8.24,0.00,63.14,63.14,0.00,0.00,NONE,,,,,,,CAPTURED,Credit,,Visa,,,,1980,0.00,,nW7JyKKPHrxLN,In Store,,
Cupertino,600000035278799136,600000035279203603,87,2/2/25 3:15 PM,2/2/25 3:15 PM,600000035279132857,87,DD 0268d981 Varun S,Default Online Ordering,,,Lunch,DoorDash - Delivery,,38.19,0.00,0.00,38.19,0.00,0.00,0.00,NONE,,,,,,,CAPTURED,Other,,,DoorDash,,8552228111,,,,9cWNTpbfY9Nht,API,,
Cupertino,600000035279075641,600000035277478340,74,2/2/25 3:12 PM,2/2/25 2:48 PM,600000035277471391,74,,Default Online Ordering,A2,Dining Room,Lunch,Dine In,,15.94,2.87,0.00,18.81,18.81,0.00,0.00,NONE,,,,,,,CAPTURED,Credit,,Visa,,,,0752,0.00,,nxdXMwHFCLNCt,In Store,,
Cupertino,600000035279245115,600000035277901450,75,2/2/25 3:15 PM,2/2/25 2:49 PM,600000035277808711,75,,Default Online Ordering,A3,Dining Room,Lunch,Dine In,,37.66,2.44,0.00,40.10,40.10,0.00,0.00,NONE,,,,,,,CAPTURED,Credit,,Visa,,,,0836,0.00,,yfHttMrdbCCry,In Store,,
Cupertino,600000035279273191,600000035277598272,73,2/2/25 3:16 PM,2/2/25 2:47 PM,600000035277531725,73,,Default Online Ordering,A5,Dining Room,Lunch,Dine In,,37.66,7.53,0.00,45.19,45.19,0.00,0.00,NONE,,,,,,,CAPTURED,Credit,,Visa,,,,2229,0.00,,MrN7jLKyjwxYF,In Store,,
Cupertino,600000035279511553,600000035277995203,77,2/2/25 3:20 PM,2/2/25 2:51 PM,600000035277988304,77,,Default Online Ordering,A4,Dining Room,Lunch,Dine In,,92.01,9.00,0.00,101.01,101.01,0.00,0.00,NONE,,,,,,,CAPTURED,Credit,,Visa,,,,6680,0.00,,7sjrjmxTMx7Hb,In Store,,
Cupertino,600000035279667517,600000035278161247,79,2/2/25 3:23 PM,2/2/25 2:54 PM,600000035278161246,79,,andres valencia,A6,Dining Room,Lunch,Dine In,,50.11,7.52,0.00,57.63,57.63,0.00,0.00,NONE,,,,,,,CAPTURED,Credit,,Visa,,,,9368,0.00,,khyjtPdgNdLkF,In Store,,
Cupertino,600000035279916163,600000035279734884,90,2/2/25 3:32 PM,2/2/25 3:32 PM,600000035279703538,90,SF 1000fbf3 PickUp-Edward L,Default Online Ordering,,,Lunch,DoorDash - Takeout,,228.56,20.94,0.00,249.50,0.00,0.00,0.00,NONE,,,,,,,CAPTURED,Other,,,DoorDash,,4158108696,,,,mbnXjLxdptdmr,API,,
Cupertino,600000035280016667,600000035278532625,82,2/2/25 3:30 PM,2/2/25 3:05 PM,600000035278498330,82,,Default Online Ordering,B3,Dining Room,Lunch,Dine In,,41.42,8.28,0.00,49.70,49.70,0.00,0.00,NONE,,,,,,,CAPTURED,Credit,,Visa,,,,1568,0.00,,dyCJ7WsLWhMjs,In Store,,
Cupertino,600000035280041047,600000035278640747,85,2/2/25 3:30 PM,2/2/25 3:12 PM,600000035279058051,85,,Default Online Ordering,A1,Dining Room,Lunch,Dine In,,19.48,2.92,0.00,22.40,22.40,0.00,0.00,NONE,,,,,,,CAPTURED,Credit,,Amex,,,,3676,0.00,,d9zTRLW97yscX,In Store,,
Cupertino,600000035280068877,600000035280062114,89,2/2/25 3:31 PM,2/2/25 3:30 PM,600000035280062113,89,,andres valencia,,,Lunch,Take Out,,24.17,4.35,0.00,28.52,28.52,0.00,0.00,NONE,,,,,,,CAPTURED,Credit,,Mastercard,,,,2498,0.00,,grKhqfRdrynmh,In Store,,
Cupertino,600000035280368743,600000035277883551,76,2/2/25 3:36 PM,2/2/25 2:49 PM,600000035277882852,76,,Default Online Ordering,B4,Dining Room,Lunch,Dine In,,45.95,7.72,0.00,53.67,53.67,0.00,0.00,NONE,,,,,,,CAPTURED,Credit,,Visa,,,,3975,0.00,,fYPhqkwhxzMrP,In Store,,
Cupertino,600000035280410569,600000035278766922,84,2/2/25 3:37 PM,2/2/25 3:10 PM,600000035278635228,84,,Default Online Ordering,B6,Dining Room,Lunch,Dine In,,46.93,7.04,0.00,53.97,53.97,0.00,0.00,NONE,,,,,,,CAPTURED,Credit,,Visa,,,,1748,0.00,,xP9xH9RrrcdNd,In Store,,
Cupertino,600000035280472671,600000035278183553,80,2/2/25 3:38 PM,2/2/25 2:54 PM,600000035278183552,80,,andres valencia,A7,Dining Room,Lunch,Dine In,,65.11,8.89,0.00,74.00,74.00,0.00,0.00,NONE,,,,,,,CAPTURED,Credit,,Visa,,,,7180,0.00,,HzyLY9hwRwfzg,In Store,,
Cupertino,600000035281011264,600000035280348018,93,2/2/25 3:49 PM,2/2/25 3:35 PM,600000035280348016,93,,xiaoli zheng,,,Lunch,Take Out,,8.62,1.29,0.00,9.91,0.00,0.00,0.00,NONE,,,,,,,CAPTURED,Credit,,Amex,,,6502691111,8204,0.00,,wF9KmWTHy9rsk,In Store,,
Cupertino,600000035281353020,600000035279090700,86,2/2/25 3:55 PM,2/2/25 3:12 PM,600000035279040704,86,,Default Online Ordering,B1,Dining Room,Lunch,Dine In,,75.95,13.67,0.00,89.62,89.62,0.00,0.00,NONE,,,,,,,CAPTURED,Credit,,Mastercard,,,,7691,0.00,,dqHbRJsssdMPN,In Store,,
Cupertino,600000035281563660,600000035281254339,98,2/2/25 4:01 PM,2/2/25 4:01 PM,600000035281210043,98,DD 0e02ea08 Collin M,Default Online Ordering,,,Dinner,DoorDash - Delivery,,48.81,0.00,0.00,48.81,0.00,0.00,0.00,NONE,,,,,,,CAPTURED,Other,,,DoorDash,,8552228111,,,,LwfRnpqrYkfsP,API,,
Cupertino,600000035282151839,600000035279872717,88,2/2/25 4:11 PM,2/2/25 3:30 PM,600000035279842869,88,,Default Online Ordering,A3,Dining Room,Lunch,Dine In,,16.59,2.49,0.00,19.08,0.00,0.00,0.00,NONE,,,,,,,CAPTURED,Credit,,Visa,,,,7407,0.00,,LTgXyYJbHRMRt,In Store,,
Cupertino,600000035282167808,600000035279852381,91,2/2/25 4:12 PM,2/2/25 3:32 PM,600000035279817482,91,,Default Online Ordering,A3,Dining Room,Lunch,Dine In,,27.45,4.12,0.00,31.57,0.00,0.00,0.00,NONE,,,,,,,CAPTURED,Credit,,Visa,,,,1951,0.00,,MPmRtJw7Crx9j,In Store,,
Cupertino,600000035282188026,600000035282384358,101,2/2/25 4:17 PM,2/2/25 4:17 PM,600000035282369760,101,SF 1a282b96 PickUp-Young J,Default Online Ordering,,,Dinner,DoorDash - Takeout,,29.68,0.00,0.00,29.68,0.00,0.00,0.00,NONE,,,,,,,CAPTURED,Other,,,DoorDash,,4086939317,,,,Nfsn9x77NkNzg,API,,
Cupertino,600000035282928022,600000035280261704,92,2/2/25 4:27 PM,2/2/25 3:35 PM,600000035280255355,92,,Default Online Ordering,A2,Dining Room,Lunch,Dine In,,39.95,7.99,0.00,47.94,47.94,0.00,0.00,NONE,,,,,,,CAPTURED,Credit,,Visa,,,,7278,0.00,,gJFMcRhCkNXjf,In Store,,
Cupertino,600000035283006744,600000035280469414,95,2/2/25 4:29 PM,2/2/25 3:43 PM,600000035280461715,95,,Default Online Ordering,A6,Dining Room,Lunch,Dine In,,49.71,9.94,0.00,59.65,59.65,0.00,0.00,NONE,,,,,,,CAPTURED,Credit,,Visa,,,,3631,0.00,,Kwgd9FCMWbrgJ,In Store,,
Cupertino,600000035283317128,600000035281034429,96,2/2/25 4:35 PM,2/2/25 3:49 PM,600000035281034428,96,,xiaoli zheng,A5,Dining Room,Lunch,Dine In,,75.59,13.61,0.00,89.20,89.20,0.00,0.00,NONE,,,,,,,CAPTURED,Credit,,Discover,,,,4342,0.00,,LJkL9szjFJqtp,In Store,,
Cupertino,600000035283524461,600000035281645395,99,2/2/25 4:40 PM,2/2/25 4:09 PM,600000035281618597,99,,Default Online Ordering,B5,Dining Room,Dinner,Dine In,,108.38,19.51,0.00,127.89,127.89,0.00,0.00,NONE,,,,,,,CAPTURED,Credit,,Visa,,,,3331,0.00,,CssNjNHwTfJdK,In Store,,
Cupertino,600000035283688929,600000035281893895,100,2/2/25 4:43 PM,2/2/25 4:14 PM,600000035281873698,100,,Default Online Ordering,B4,Dining Room,Dinner,Dine In,,43.33,0.00,0.00,43.33,43.33,0.00,0.00,NONE,,,,,,,CAPTURED,Credit,,Visa,,,,2845,0.00,,7YCdNmnpNTNYP,In Store,,
Cupertino,600000035284037323,600000035280661989,97,2/2/25 4:51 PM,2/2/25 3:51 PM,600000035280629843,97,,Default Online Ordering,A1,Dining Room,Lunch,Dine In,,36.34,5.45,0.00,41.79,41.79,0.00,0.00,NONE,,,,,,,CAPTURED,Credit,,Mastercard,,,,5734,0.00,,TWnrPWwYsMwxd,In Store,,
Cupertino,600000035284473936,600000035282426642,102,2/2/25 5:02 PM,2/2/25 4:27 PM,600000035282420343,102,,Default Online Ordering,B8,Dining Room,Dinner,Dine In,,74.77,0.00,0.00,74.77,74.77,0.00,0.00,NONE,,,,,,,CAPTURED,Credit,,Visa,,,,2287,0.00,,sLqYh9wsTj7gt,In Store,,
Cupertino,600000035284575791,600000035284572646,109,2/2/25 5:14 PM,2/2/25 5:14 PM,600000035284572546,109,SF 6e857bf0 PickUp-nelly b,Default Online Ordering,,,Dinner,DoorDash - Takeout,,23.90,0.00,0.00,23.90,0.00,0.00,0.00,NONE,,,,,,,CAPTURED,Other,,,DoorDash,,6692461222,,,,dKWLjnXpqNMkm,API,,
Cupertino,600000035284726111,600000035283217226,103,2/2/25 5:08 PM,2/2/25 4:40 PM,600000035283198329,103,,Default Online Ordering,A3,Dining Room,Dinner,Dine In,,39.95,0.00,0.00,39.95,0.00,0.00,40.00,NONE,,,,,,,CAPTURED,Cash,,,,,,,,,kHH7wmsbmcFTj,In Store,,
Cupertino,600000035284968730,600000035283157489,104,2/2/25 5:14 PM,2/2/25 4:43 PM,600000035283126043,104,,Default Online Ordering,A4,Dining Room,Dinner,Dine In,,43.39,6.51,0.00,49.90,49.90,0.00,0.00,NONE,,,,,,,CAPTURED,Credit,,Discover,,,+14248883383,3380,0.00,,JMKNXCdbPxqxs,In Store,,
Cupertino,600000035285215880,600000035285170631,110,2/2/25 5:26 PM,2/2/25 5:26 PM,600000035285138534,110,DD 415a17a4 Marilena R,Default Online Ordering,,,Dinner,DoorDash - Delivery,,83.92,0.00,0.00,83.92,0.00,0.00,0.00,NONE,,,,,,,CAPTURED,Other,,,DoorDash,,8552228111,,,,RTy7gHptKkKtF,API,,
Cupertino,600000035285410012,600000035285575752,117,2/2/25 5:31 PM,2/2/25 5:31 PM,600000035285543804,117,DD df9c3fde Ryan L,Default Online Ordering,,,Dinner,DoorDash - Delivery,,9.17,0.00,0.00,9.17,0.00,0.00,0.00,NONE,,,,,,,CAPTURED,Other,,,DoorDash,,8552228111,,,,zRkXbKjjddbsr,API,,
Cupertino,600000035285410631,600000035285554761,119,2/2/25 5:32 PM,2/2/25 5:32 PM,600000035285500867,119,SF 08881d6f PickUp-KSHITIZ G,Default Online Ordering,,,Dinner,DoorDash - Takeout,,16.59,0.00,0.00,16.59,0.00,0.00,0.00,NONE,,,,,,,CAPTURED,Other,,,DoorDash,,7657759424,,,,nsfNh99qWRgHb,API,,
Cupertino,600000035285507782,600000035285675618,121,2/2/25 5:39 PM,2/2/25 5:39 PM,600000035285675568,121,DD af2ac3f1 PickUp-David T,Default Online Ordering,,,Dinner,DoorDash - Takeout,,70.28,0.00,0.00,70.28,0.00,0.00,0.00,NONE,,,,,,,CAPTURED,Other,,,DoorDash,,8552228111,,,,TyNzzFnbsLrqJ,API,,
Cupertino,600000035285628659,600000035285615358,115,2/2/25 5:31 PM,2/2/25 5:30 PM,600000035285615357,115,,chi van,,,Dinner,Take Out,,50.42,0.00,0.00,50.42,50.42,0.00,0.00,NONE,,,,,,,CAPTURED,Credit,,Mastercard,,,,5341,0.00,,mjMdLhMhrcqnK,In Store,,
Cupertino,600000035285654178,600000035284478941,106,2/2/25 5:32 PM,2/2/25 5:08 PM,600000035284453794,106,,Default Online Ordering,B1,Dining Room,Dinner,Dine In,,48.57,0.00,0.00,48.57,48.57,0.00,0.00,NONE,,,,,,,CAPTURED,Credit,,Amex,,,,1002,0.00,,kLNwWYPcLYHRJ,In Store,,
Cupertino,600000035285832238,600000035286204051,122,2/2/25 5:48 PM,2/2/25 5:48 PM,600000035286160556,122,DD da2abe03 Pamela T,Default Online Ordering,,,Dinner,DoorDash - Delivery,,58.80,0.00,0.00,58.80,0.00,0.00,0.00,NONE,,,,,,,CAPTURED,Other,,,DoorDash,,8552228111,,,,9JJy7Mgnx9FCX,API,,
Cupertino,600000035285949148,600000035286229675,126,2/2/25 5:51 PM,2/2/25 5:51 PM,600000035286218476,126,SF 659433d4 PickUp-Amy W,Default Online Ordering,,,Dinner,DoorDash - Takeout,,26.24,0.00,0.00,26.24,0.00,0.00,0.00,NONE,,,,,,,CAPTURED,Other,,,DoorDash,,4084785475,,,,whRfsf9pzyLsd,API,,
Cupertino,600000035286065609,600000035284073294,105,2/2/25 5:43 PM,2/2/25 5:03 PM,600000035284068446,105,,Default Online Ordering,A7,Dining Room,Dinner,Dine In,,77.82,11.67,0.00,89.49,89.49,0.00,0.00,NONE,,,,,,,CAPTURED,Credit,,Visa,,,,4988,0.00,,szMcykNwFdykK,In Store,,
Cupertino,600000035286149944,600000035286635001,129,2/2/25 6:01 PM,2/2/25 6:01 PM,600000035286634951,129,DD e63b2f39 Benjamin B,Default Online Ordering,,,Dinner,DoorDash - Delivery,,86.19,0.00,0.00,86.19,0.00,0.00,0.00,NONE,,,,,,,CAPTURED,Other,,,DoorDash,,8552228111,,,,TFXtmkKzspjgb,API,,
Cupertino,600000035286245109,600000035284402796,108,2/2/25 5:48 PM,2/2/25 5:10 PM,600000035284351899,108,,Default Online Ordering,A2,Dining Room,Dinner,Dine In,,37.66,5.65,0.00,43.31,43.31,0.00,0.00,NONE,,,,,,,CAPTURED,Credit,,Visa,,,,1663,0.00,,Nd9XqY7fmCRzw,In Store,,
Cupertino,600000035286264489,600000035285287475,114,2/2/25 5:49 PM,2/2/25 5:28 PM,600000035285241179,114,,Default Online Ordering,B5,Dining Room,Dinner,Dine In,,10.86,1.63,0.00,12.49,12.49,0.00,0.00,NONE,,,,,,,CAPTURED,Credit,,Visa,,,,4058,0.00,,xHtCmrfLzRChh,In Store,,
Cupertino,600000035286274229,600000035285443263,113,2/2/25 5:49 PM,2/2/25 5:27 PM,600000035285438264,113,,Default Online Ordering,B5,Dining Room,Dinner,Dine In,,23.36,3.50,0.00,26.86,26.86,0.00,0.00,NONE,,,,,,,CAPTURED,Credit,,Visa,,,,4628,0.00,,PKsRmpxqtbWj9,In Store,,
Cupertino,600000035286312050,600000035286106720,124,2/2/25 5:51 PM,2/2/25 5:51 PM,600000035286099271,124,DD 8e35539a PickUp-Yi-Pai H,Default Online Ordering,,,Dinner,DoorDash - Takeout,,24.55,2.45,0.00,27.00,0.00,0.00,0.00,NONE,,,,,,,CAPTURED,Other,,,DoorDash,,8552228111,,,,fywP7RbmPgkjf,API,,
Cupertino,600000035286454951,600000035285439656,111,2/2/25 5:55 PM,2/2/25 5:27 PM,600000035285433109,111,,Default Online Ordering,B2,Dining Room,Dinner,Dine In,,69.96,13.99,0.00,83.95,83.95,0.00,0.00,NONE,,,,,,,CAPTURED,Credit,,Visa,,,,1018,0.00,,bfTbLLwywnpwF,In Store,,
Cupertino,600000035286491218,600000035286503465,127,2/2/25 5:59 PM,2/2/25 5:59 PM,600000035286390624,127,SF baa035db PickUp-Abhishek S,Default Online Ordering,,,Dinner,DoorDash - Takeout,,7.97,0.00,0.00,7.97,0.00,0.00,0.00,NONE,,,,,,,CAPTURED,Other,,,DoorDash,,3103579359,,,,rjLgwjxLWsFMm,API,,
Cupertino,600000035286500029,600000035285398691,120,2/2/25 5:56 PM,2/2/25 5:33 PM,600000035285353246,120,,Default Online Ordering,A3,Dining Room,Dinner,Dine In,,43.39,7.81,0.00,51.20,51.20,0.00,0.00,NONE,,,,,,,CAPTURED,Credit,,Visa,,,,0162,0.00,,wCLpKHCcCpRXh,In Store,,
Cupertino,600000035286560749,600000035286853402,133,2/2/25 6:09 PM,2/2/25 6:09 PM,600000035286826361,133,SF b0c719f6 PickUp-Rebecca S,Default Online Ordering,,,Dinner,DoorDash - Takeout,,76.01,0.00,0.00,76.01,0.00,0.00,0.00,NONE,,,,,,,CAPTURED,Other,,,DoorDash,,2068509953,,,,CfXkpPysLqWgK,API,,
Cupertino,600000035286565457,600000035286633204,130,2/2/25 6:02 PM,2/2/25 6:02 PM,600000035286526010,130,DD 17619b6e Jack B,Default Online Ordering,,,Dinner,DoorDash - Delivery,,36.67,0.00,0.00,36.67,0.00,0.00,0.00,NONE,,,,,,,CAPTURED,Other,,,DoorDash,,8552228111,,,,KpnP7YWkCwTpq,API,,
Cupertino,600000035286576933,600000035284566374,107,2/2/25 5:59 PM,2/2/25 5:09 PM,600000035284566324,107,,Default Online Ordering,A6,Dining Room,Dinner,Dine In,,54.25,8.14,0.00,62.39,62.39,0.00,0.00,NONE,,,,,,,CAPTURED,Credit,,Visa,,,,0431,0.00,,rhFJFn7dXY9F7,In Store,,
Cupertino,600000035286606675,600000035285509926,112,2/2/25 6:00 PM,2/2/25 5:27 PM,600000035285509925,112,,Jaylan Penney,B4,Dining Room,Dinner,Dine In,,49.17,9.83,0.00,59.00,59.00,0.00,0.00,NONE,,,,,,,CAPTURED,Credit,,Amex,,,,2002,0.00,,MJt9FrqzXkKnH,In Store,,
Cupertino,600000035286623148,600000035285143197,118,2/2/25 6:00 PM,2/2/25 5:32 PM,600000035285135449,118,,Default Online Ordering,A4,Dining Room,Dinner,Dine In,,43.38,9.54,0.00,52.92,52.92,0.00,0.00,NONE,,,,,,,CAPTURED,Credit,,Visa,,deannarjd@hotmail.com,,3768,0.00,,TyqJg7pNwJWKF,In Store,,
Cupertino,600000035286648261,600000035285599102,116,2/2/25 6:01 PM,2/2/25 5:31 PM,600000035285546655,116,,Default Online Ordering,A5,Dining Room,Dinner,Dine In,,66.41,9.96,0.00,76.37,76.37,0.00,0.00,NONE,,,,,,,CAPTURED,Credit,,Visa,,jameshalpern@gmail.com,,7684,0.00,,w7rYnxxF79Jyq,In Store,,
Cupertino,600000035286931342,600000035286927672,135,2/2/25 6:11 PM,2/2/25 6:10 PM,600000035286927671,135,,chi van,,,Dinner,Take Out,,8.62,0.00,0.00,8.62,8.62,0.00,0.00,NONE,,,,,,,CAPTURED,Credit,,Visa,,,,3521,0.00,,PnpHjFdjgksRK,In Store,,
Cupertino,600000035286955548,600000035287378153,144,2/2/25 6:27 PM,2/2/25 6:27 PM,600000035287324207,144,DD 959d3675 Jared S,Default Online Ordering,,,Dinner,DoorDash - Delivery,,31.59,0.00,0.00,31.59,0.00,0.00,0.00,NONE,,,,,,,CAPTURED,Other,,,DoorDash,,8552228111,,,,FLcs7XzmTNLhw,API,,
Cupertino,600000035287019315,600000035285954437,123,2/2/25 6:13 PM,2/2/25 5:50 PM,600000035285954387,123,,Default Online Ordering,B1,Dining Room,Dinner,Dine In,,40.21,6.03,0.00,46.24,46.24,0.00,0.00,NONE,,,,,,,CAPTURED,Credit,,Visa,,,,7845,0.00,,tfKLPzRPtgNwn,In Store,,
Cupertino,600000035287035168,600000035286188917,125,2/2/25 6:14 PM,2/2/25 5:51 PM,600000035286175819,125,,Default Online Ordering,B8,Dining Room,Dinner,Dine In,,57.03,8.55,0.00,65.58,65.58,0.00,0.00,NONE,,,,,,,CAPTURED,Credit,,Mastercard,,,,2535,0.00,,XRNtqrwWzbscJ,In Store,,
Cupertino,600000035287080712,600000035287072911,136,2/2/25 6:16 PM,2/2/25 6:11 PM,600000035287072910,136,,chi van,,,Dinner,Take Out,,17.24,0.00,0.00,17.24,17.24,0.00,0.00,NONE,,,,,,,DENIED,Credit,,Visa,,,,9821,,,xsyhXYKLbHnyY,In Store,,
Cupertino,600000035287087731,600000035287298454,141,2/2/25 6:25 PM,2/2/25 6:25 PM,600000035287296855,141,DD 44402fd4 Yanming W,Default Online Ordering,,,Dinner,DoorDash - Delivery,,53.34,0.00,0.00,53.34,0.00,0.00,0.00,NONE,,,,,,,CAPTURED,Other,,,DoorDash,,8552228111,,,,swpyrswqcWF7R,API,,
Cupertino,600000035287088272,600000035287363151,142,2/2/25 6:26 PM,2/2/25 6:26 PM,600000035287345403,142,DD ea15c728 Lizzy Z,Default Online Ordering,,,Dinner,DoorDash - Delivery,,64.77,0.00,0.00,64.77,0.00,0.00,0.00,NONE,,,,,,,CAPTURED,Other,,,DoorDash,,8552228111,,,,hLJyJWRfYzCmh,API,,
Cupertino,600000035287107785,600000035287135577,146,2/2/25 6:28 PM,2/2/25 6:28 PM,600000035287129681,146,SF 6fbc569f PickUp-Vidya R,Default Online Ordering,,,Dinner,DoorDash - Takeout,,46.76,0.00,0.00,46.76,0.00,0.00,0.00,NONE,,,,,,,CAPTURED,Other,,,DoorDash,,4087075051,,,,JzyT9JPFNzmWW,API,,
Cupertino,600000035287113904,600000035287072911,136,2/2/25 6:17 PM,2/2/25 6:11 PM,600000035287072910,136,,chi van,,,Dinner,Take Out,,17.24,0.00,0.00,17.24,17.24,0.00,0.00,NONE,,,,,,,DENIED,Credit,,Visa,,,,9821,,,jtnKwJhkMjsYF,In Store,,
Cupertino,600000035287125143,600000035287072911,136,2/2/25 6:17 PM,2/2/25 6:11 PM,600000035287072910,136,,chi van,,,Dinner,Take Out,,17.24,0.00,0.00,17.24,17.24,0.00,0.00,NONE,,,,,,,DENIED,Credit,,Visa,,,,9821,,,hytkkXqCyFwbp,In Store,,
Cupertino,600000035287186352,600000035287072911,136,2/2/25 6:19 PM,2/2/25 6:11 PM,600000035287072910,136,,chi van,,,Dinner,Take Out,,17.24,0.00,0.00,17.24,17.24,0.00,0.00,NONE,,,,,,,CAPTURED,Credit,,Visa,,,,8548,0.00,,xyz9LKsshMxpr,In Store,,
Cupertino,600000035287200231,600000035287207080,148,2/2/25 6:30 PM,2/2/25 6:30 PM,600000035287191735,148,DD dbd2ddf4 Theresa L,Default Online Ordering,,,Dinner,DoorDash - Delivery,,115.67,0.00,0.00,115.67,0.00,0.00,0.00,NONE,,,,,,,CAPTURED,Other,,,DoorDash,,8552228111,,,,zdkgc9LPbtJTb,API,,
Cupertino,600000035287292340,600000035287441728,152,2/2/25 6:38 PM,2/2/25 6:38 PM,600000035287409780,152,DD 95ac46e6 PickUp-Ian C,Default Online Ordering,,,Dinner,DoorDash - Takeout,,66.73,0.00,0.00,66.73,0.00,0.00,0.00,NONE,,,,,,,CAPTURED,Other,,,DoorDash,,8552228111,,,,mqXRqpmpNPJbT,API,,
Cupertino,600000035287343107,600000035287189573,147,2/2/25 6:28 PM,2/2/25 6:28 PM,600000035287181824,147,DD 46f4a583 Jonathan M,Default Online Ordering,,,Dinner,DoorDash - Delivery,,52.14,0.00,0.00,52.14,0.00,0.00,0.00,NONE,,,,,,,CAPTURED,Other,,,DoorDash,,8552228111,,,,sJpdqkJKkhCHp,API,,
Cupertino,600000035287526564,600000035286236247,131,2/2/25 6:32 PM,2/2/25 6:02 PM,600000035286668901,131,,Default Online Ordering,A7,Dining Room,Dinner,Dine In,,70.73,12.73,0.00,83.46,83.46,0.00,0.00,NONE,,,,,,,CAPTURED,Credit,,Visa,,,,6187,0.00,,wwxjcdRqM7HRT,In Store,,
Cupertino,600000035287669224,600000035286775608,132,2/2/25 6:38 PM,2/2/25 6:05 PM,600000035286775605,132,,chi van,B3,Dining Room,Dinner,Dine In,,65.11,9.77,0.00,74.88,74.88,0.00,0.00,NONE,,,,,,,CAPTURED,Credit,,Visa,,,,5536,0.00,,9dyRhXhqdNrLb,In Store,,
Cupertino,600000035287690894,600000035286757320,134,2/2/25 6:39 PM,2/2/25 6:09 PM,600000035286733773,134,,Default Online Ordering,B2,Dining Room,Dinner,Dine In,,41.14,7.41,0.00,48.55,48.55,0.00,0.00,NONE,,,,,,,CAPTURED,Credit,,Visa,,,+14088876731,8689,0.00,,dKYPnX77RXChp,In Store,,
Cupertino,600000035287745054,600000035287263151,139,2/2/25 6:41 PM,2/2/25 6:21 PM,600000035287263150,139,,chi van,,,Dinner,Take Out,,21.12,3.17,0.00,24.29,24.29,0.00,0.00,NONE,,,,,,,CAPTURED,Credit,,Visa,,,6092771916,9180,0.00,,zkbgmhxmktgmr,In Store,,
Cupertino,600000035287817611,600000035286330340,128,2/2/25 6:44 PM,2/2/25 6:01 PM,600000035286293444,128,,Default Online Ordering,B6,Dining Room,Dinner,Dine In,,119.36,23.87,0.00,143.23,143.23,0.00,0.00,NONE,,,,,,,CAPTURED,Credit,,Visa,,lamfalus@gmail.com,,0004,0.00,,WqfxPmqFnPYYd,In Store,,
Cupertino,600000035287881033,600000035287076859,137,2/2/25 6:47 PM,2/2/25 6:18 PM,600000035287076810,137,,Default Online Ordering,A6,Dining Room,Dinner,Dine In,,62.81,11.31,0.00,74.12,74.12,0.00,0.00,NONE,,,,,,,CAPTURED,Credit,,Visa,,,,5350,0.00,,knzsXdjKkkHPf,In Store,,
Cupertino,600000035287888610,600000035286977037,143,2/2/25 6:47 PM,2/2/25 6:27 PM,600000035286904793,143,,Default Online Ordering,A2,Dining Room,Dinner,Dine In,,25.21,4.54,0.00,29.75,29.75,0.00,0.00,NONE,,,,,,,CAPTURED,Credit,,Visa,,,,3530,0.00,,xWJydhbMdyknj,In Store,,
Cupertino,600000035288022544,600000035288142871,163,2/2/25 7:05 PM,2/2/25 7:05 PM,600000035288123174,163,DD 375cd81c May M,Default Online Ordering,,,Dinner,DoorDash - Delivery,,22.26,0.00,0.00,22.26,0.00,0.00,0.00,NONE,,,,,,,CAPTURED,Other,,,DoorDash,,8552228111,,,,97JgPrgzfWxpp,API,,
Cupertino,600000035288059304,600000035287953467,156,2/2/25 6:56 PM,2/2/25 6:56 PM,600000035287925318,156,SF 3582b26f Nikita D,Default Online Ordering,,,Dinner,DoorDash - Delivery,,50.14,0.00,0.00,50.14,0.00,0.00,0.00,NONE,,,,,,,CAPTURED,Other,,,DoorDash,,4087227940,,,,9cRxgbwwdPWsF,API,,
Cupertino,600000035288187308,600000035287551407,150,2/2/25 7:01 PM,2/2/25 6:35 PM,600000035287538460,150,,Default Online Ordering,B1,Dining Room,Dinner,Dine In,,79.39,11.91,0.00,91.30,91.30,0.00,0.00,NONE,,,,,,,CAPTURED,Credit,,Mastercard,,,,2025,0.00,,WPb9p7gPXTwML,In Store,,
Cupertino,600000035288207819,600000035287194328,138,2/2/25 7:02 PM,2/2/25 6:19 PM,600000035287194327,138,,zhengyu chen,A3,Dining Room,Dinner,Dine In,,65.98,9.90,0.00,75.88,75.88,0.00,0.00,NONE,,,,,,,CAPTURED,Credit,,Visa,,,,2276,0.00,,gXxkL7H9PNy7K,In Store,,
Cupertino,600000035288243891,600000035287188181,149,2/2/25 7:04 PM,2/2/25 6:33 PM,600000035287182884,149,,Default Online Ordering,A1,Dining Room,Dinner,Dine In,,44.14,6.62,0.00,50.76,50.76,0.00,0.00,NONE,,,,,,,CAPTURED,Credit,,Visa,,,,3651,0.00,,rcqPgLgknJfrJ,In Store,,
Cupertino,600000035288326195,600000035288542259,164,2/2/25 7:24 PM,2/2/25 7:24 PM,600000035288541860,164,SF 61d84e14 PickUp-Veerender S,Default Online Ordering,,,Dinner,DoorDash - Takeout,,47.80,0.00,0.00,47.80,0.00,0.00,0.00,NONE,,,,,,,CAPTURED,Other,,,DoorDash,,6692410333,,,,rJ9HqfMtYsrnf,API,,
Cupertino,600000035288351085,600000035287160179,145,2/2/25 7:10 PM,2/2/25 6:28 PM,600000035287156831,145,,Default Online Ordering,A5,Dining Room,Dinner,Dine In,,70.29,10.54,0.00,80.83,80.83,0.00,0.00,NONE,,,,,,,CAPTURED,Credit,,Visa,,,,4175,0.00,,YpxTnmTyfhfmj,In Store,,
Cupertino,600000035288365694,600000035287644916,151,2/2/25 7:10 PM,2/2/25 6:36 PM,600000035287644915,151,,Jaylan Penney,B4,Dining Room,Dinner,Dine In,,51.89,7.78,0.00,59.67,59.67,0.00,0.00,NONE,,,,,,,CAPTURED,Credit,,Visa,,,,3767,0.00,,fwwtdtyndnphh,In Store,,
Cupertino,600000035288473977,600000035287923311,154,2/2/25 7:16 PM,2/2/25 6:52 PM,600000035287883663,154,,Default Online Ordering,A4,Dining Room,Dinner,Dine In,,44.53,5.00,0.00,49.53,49.53,0.00,0.00,NONE,,,,,,,CAPTURED,Credit,,Amex,,,,1009,0.00,,jkPTCFHyfJ77h,In Store,,
Cupertino,600000035288530786,600000035287756288,157,2/2/25 7:19 PM,2/2/25 6:57 PM,600000035287726943,157,,Default Online Ordering,B7,Dining Room,Dinner,Dine In,,15.39,2.77,0.00,18.16,18.16,0.00,0.00,NONE,,,,,,,CAPTURED,Credit,,Visa,,,,5213,0.00,,bRpCyyxzFKhtY,In Store,,
Cupertino,600000035288534219,600000035287834578,155,2/2/25 7:20 PM,2/2/25 6:55 PM,600000035287817532,155,,Default Online Ordering,A2,Dining Room,Dinner,Dine In,,29.74,4.46,0.00,34.20,0.00,0.00,0.00,NONE,,,,,,,CAPTURED,Credit,,Visa,,,,9288,0.00,,fJnC7sR7cpdWt,In Store,,
Cupertino,600000035288538311,600000035288293845,165,2/2/25 7:26 PM,2/2/25 7:26 PM,600000035288293795,165,SF cda9a8db Chloe S,Default Online Ordering,,,Dinner,DoorDash - Delivery,,24.55,0.00,0.00,24.55,0.00,0.00,0.00,NONE,,,,,,,CAPTURED,Other,,,DoorDash,,4126067505,,,,KRnPtfPFXrfTN,API,,
Cupertino,600000035288539837,600000035288953704,171,2/2/25 7:49 PM,2/2/25 7:49 PM,600000035288903857,171,DD 9e29e684 Vikas R,Default Online Ordering,,,Dinner,DoorDash - Delivery,,40.76,0.00,0.00,40.76,0.00,0.00,0.00,NONE,,,,,,,CAPTURED,Other,,,DoorDash,,8552228111,,,,tpkfxTzkxTNyq,API,,
Cupertino,600000035288690350,600000035287863583,158,2/2/25 7:29 PM,2/2/25 6:57 PM,600000035287822140,158,,Default Online Ordering,B3,Dining Room,Dinner,Dine In,,87.43,0.00,0.00,87.43,87.43,0.00,0.00,NONE,,,,,,,CAPTURED,Credit,,Visa,,,,8735,0.00,,YCttmftjRRKjq,In Store,,
Cupertino,600000035288785786,600000035287915081,159,2/2/25 7:35 PM,2/2/25 6:59 PM,600000035287883385,159,,Default Online Ordering,B2,Dining Room,Dinner,Dine In,,37.66,5.65,0.00,43.31,43.31,0.00,0.00,NONE,,,,,,,CAPTURED,Credit,,Visa,,,,3124,0.00,,NRTmLtY7mdtPc,In Store,,
Cupertino,600000035288858155,600000035288200910,160,2/2/25 7:40 PM,2/2/25 7:01 PM,600000035288200909,160,,Jaylan Penney,A7,Dining Room,Dinner,Dine In,,99.04,17.83,0.00,116.87,116.87,0.00,0.00,NONE,,,,,,,CAPTURED,Credit,,Visa,,,,3074,0.00,,gXC9tbJTW9Xjx,In Store,,
Cupertino,600000035288977602,600000035288678453,166,2/2/25 7:48 PM,2/2/25 7:30 PM,600000035288584060,166,,Default Online Ordering,A2,Dining Room,Dinner,Dine In,,15.94,2.39,0.00,18.33,0.00,0.00,0.00,NONE,,,,,,,CAPTURED,Credit,,Visa,,,,4128,0.00,,FmppNF9RXpmqR,In Store,,
Cupertino,600000035288977913,600000035289029857,175,2/2/25 7:55 PM,2/2/25 7:55 PM,600000035288974163,175,DD 8b58e310 PickUp-Ryan Y,Default Online Ordering,,,Dinner,DoorDash - Takeout,,16.59,0.00,0.00,16.59,0.00,0.00,0.00,NONE,,,,,,,CAPTURED,Other,,,DoorDash,,8552228111,,,,zgnTFsd7gW7dY,API,,
Cupertino,600000035288985840,600000035288140056,161,2/2/25 7:49 PM,2/2/25 7:02 PM,600000035288139457,161,,Default Online Ordering,B6,Dining Room,Dinner,Dine In,,43.39,7.81,0.00,51.20,51.20,0.00,0.00,NONE,,,,,,,CAPTURED,Credit,,Visa,,,,8497,0.00,,d9TJrqfHyzcWN,In Store,,
Cupertino,600000035289016464,600000035288213210,162,2/2/25 7:51 PM,2/2/25 7:05 PM,600000035288213161,162,,Default Online Ordering,B8,Dining Room,Dinner,Dine In,,34.10,5.12,0.00,39.22,39.22,0.00,0.00,NONE,,,,,,,CAPTURED,Credit,,Visa,,,,3255,0.00,,rfJTHPkTsMJjT,In Store,,
Cupertino,600000035289056350,600000035288973668,174,2/2/25 7:55 PM,2/2/25 7:55 PM,600000035288972569,174,DD 48893ea3 Shinjan B,Default Online Ordering,,,Dinner,DoorDash - Delivery,,12.49,0.00,0.00,12.49,0.00,0.00,0.00,NONE,,,,,,,CAPTURED,Other,,,DoorDash,,8552228111,,,,mdpXdyWgKjykL,API,,
Cupertino,600000035289078109,600000035288841142,176,2/2/25 7:59 PM,2/2/25 7:59 PM,600000035288829595,176,DD 2abd7013 Shreya S,Default Online Ordering,,,Dinner,DoorDash - Delivery,,13.10,0.00,0.00,13.10,0.00,0.00,0.00,NONE,,,,,,,CAPTURED,Other,,,DoorDash,,8552228111,,,,LnHrJC9FyRMgd,API,,
Cupertino,600000035289178428,600000035288666257,167,2/2/25 8:05 PM,2/2/25 7:33 PM,600000035288666207,167,,Default Online Ordering,A3,Dining Room,Dinner,Dine In,,52.01,9.36,0.00,61.37,61.37,0.00,0.00,NONE,,,,,,,CAPTURED,Credit,,Visa,,,,8293,0.00,,Wb9mrt79fLzxL,In Store,,
Cupertino,600000035289191074,600000035287989687,153,2/2/25 8:06 PM,2/2/25 6:51 PM,600000035287989686,153,,Jaylan Penney,B5,Dining Room,Dinner,Dine In,,118.42,17.76,0.00,136.18,136.18,0.00,0.00,NONE,,,,,,,CAPTURED,Credit,,Visa,,,,2265,0.00,,tYYxKXFJftTst,In Store,,
Cupertino,600000035289195313,600000035289054099,172,2/2/25 8:06 PM,2/2/25 7:54 PM,600000035289054098,172,,chi van,,,Dinner,Take Out,,7.97,0.00,0.00,7.97,0.00,0.00,0.00,NONE,,,,,,,CAPTURED,Credit,,Visa,,,973-902-1758,6488,0.00,,pLkkXsynCJJch,In Store,,
Cupertino,600000035289291980,600000035289362370,185,2/2/25 8:38 PM,2/2/25 8:38 PM,600000035289323476,185,DD 43a507f0 Jeremy M,Default Online Ordering,,,Dinner,DoorDash - Delivery,,52.80,0.00,0.00,52.80,0.00,0.00,0.00,NONE,,,,,,,CAPTURED,Other,,,DoorDash,,8552228111,,,,KwqqcJqHXCrdX,API,,
Cupertino,600000035289309381,600000035289303236,179,2/2/25 8:18 PM,2/2/25 8:17 PM,600000035289303235,179,,chi van,,,Dinner,Take Out,,12.93,0.00,0.00,12.93,12.93,0.00,0.00,NONE,,,,,,,CAPTURED,Credit,,Discover,,,,7475,0.00,,pPfzcx7Tm9sLR,In Store,,
Cupertino,600000035289311551,600000035288482947,169,2/2/25 8:18 PM,2/2/25 7:42 PM,600000035288879950,169,,Default Online Ordering,A1,Dining Room,Dinner,Dine In,,49.11,8.84,0.00,57.95,57.95,0.00,0.00,NONE,,,,,,,CAPTURED,Credit,,Visa,,,,1624,0.00,,ycnbcKTYJCcNy,In Store,,
Cupertino,600000035289373965,600000035288868446,177,2/2/25 8:24 PM,2/2/25 8:05 PM,600000035289159703,177,,Default Online Ordering,A7,Dining Room,Dinner,Dine In,,39.30,7.07,0.00,46.37,46.37,0.00,0.00,NONE,,,,,,,CAPTURED,Credit,,Amex,,,,2009,0.00,,wPscyfyWJdFgf,In Store,,
Cupertino,600000035289462113,600000035288898787,170,2/2/25 8:34 PM,2/2/25 7:43 PM,600000035288898786,170,,zhengyu chen,A5,Dining Room,Dinner,Dine In,,55.44,8.32,0.00,63.76,63.76,0.00,0.00,NONE,,,,,,,CAPTURED,Credit,,Amex,,,,1006,0.00,,MJjcXR9gXp7x9,In Store,,
Cupertino,600000035289513644,600000035289331454,180,2/2/25 8:41 PM,2/2/25 8:21 PM,600000035289327305,180,,Default Online Ordering,A3,Dining Room,Dinner,Dine In,,32.53,4.88,0.00,37.41,37.41,0.00,0.00,NONE,,,,,,,CAPTURED,Credit,,Visa,,,,1676,0.00,,qqLPhLPmdJknT,In Store,,
Cupertino,600000035289580469,600000035288474843,168,2/2/25 8:50 PM,2/2/25 7:36 PM,600000035288452996,168,,Default Online Ordering,A6,Dining Room,Dinner,Dine In,,56.20,4.50,0.00,60.70,60.70,0.00,0.00,NONE,,,,,,,CAPTURED,Credit,,Discover,,,,5298,0.00,,bzWkw7WppjnxM,In Store,,
Cupertino,600000035289635393,600000035289444034,184,2/2/25 8:58 PM,2/2/25 8:32 PM,600000035289444033,184,,xin Meng,A4,Dining Room,Dinner,Dine In,,74.22,0.00,0.00,74.22,74.22,0.00,0.00,NONE,,,,,,,CAPTURED,Credit,,Visa,,,,5985,0.00,,ngcJWjbYdxXpf,In Store,,
Cupertino,600000035289639169,600000035289250391,186,2/2/25 8:58 PM,2/2/25 8:43 PM,600000035289241345,186,,Default Online Ordering,A1,Dining Room,Dinner,Dine In,,21.72,0.00,0.00,21.72,0.00,0.00,0.00,NONE,,,,,,,CAPTURED,Credit,,Visa,,,,3309,0.00,,YPzKwsMKyKXHf,In Store,,
Cupertino,600000035289642589,600000035289008940,178,2/2/25 8:59 PM,2/2/25 8:15 PM,600000035289004641,178,,Default Online Ordering,A2,Dining Room,Dinner,Dine In,,52.01,7.80,0.00,59.81,59.81,0.00,0.00,NONE,,,,,,,CAPTURED,Credit,,Visa,,,,0430,0.00,,WmjgWYHH7WmmW,In Store,,
Cupertino,600000035289645596,600000035289250365,181,2/2/25 8:59 PM,2/2/25 8:23 PM,600000035289241319,181,,Default Online Ordering,B1,Dining Room,Dinner,Dine In,,57.85,8.68,0.00,66.53,66.53,0.00,0.00,NONE,,,,,,,DENIED,Credit,,Mastercard,,,,5000,,,hPWPJgqYbdgMH,In Store,,
Cupertino,600000035289649467,600000035289250365,181,2/2/25 9:00 PM,2/2/25 8:23 PM,600000035289241319,181,,Default Online Ordering,B1,Dining Room,Dinner,Dine In,,57.85,8.68,0.00,66.53,66.53,0.00,0.00,NONE,,,,,,,CAPTURED,Credit,,Mastercard,,,,3821,0.00,,x7fWhNXtqPtL9,In Store,,
Cupertino,600000035289651508,600000035289235867,182,2/2/25 9:00 PM,2/2/25 8:24 PM,600000035289231770,182,,Default Online Ordering,B1,Dining Room,Dinner,Dine In,,33.94,5.09,0.00,39.03,39.03,0.00,0.00,NONE,,,,,,,CAPTURED,Credit,,Discover,,,,8146,0.00,,MjTqwTpjJdPJc,In Store,,
Cupertino,600000035289652490,600000035289370004,183,2/2/25 9:00 PM,2/2/25 8:26 PM,600000035289360208,183,,Default Online Ordering,B1,Dining Room,Dinner,Dine In,,30.18,0.00,0.00,30.18,30.18,0.00,0.00,NONE,,,,,,,CAPTURED,Credit,,Visa,,,,8456,0.00,,xwPK7mRqCpRwx,In Store,,
