Location,Location Code,Id,GUID,Employee Id,Employee GUID,Employee External Id,Employee,Job Id,Job GUID,Job Code,Job Title,In Date,Out Date,Auto Clock-out,Total Hours,Unpaid Break Time,Paid Break Time,Payable Hours,Cash Tips Declared,Non Cash Tips,Total Gratuity,Total Tips,Tips Withheld,Wage,Regular Hours,Overtime Hours,Regular Pay,Overtime Pay,Total Pay
Cupertino,CA02,600000035264864076,485280ad-9d0d-4054-b554-623b004bb645,600000000608460755,8071979d-6aad-42ef-b00c-aed77da86d69,115,"van, chi",600000009837655739,df2bae65-6ee0-429d-bf33-119c20d1f5b4,,Server 6,2/2/25 10:26 AM,2/2/25 2:31 PM,No,4.10,0.00,0.00,4.10,,0.00,0.00,0.00,0.00,,4.10,0.00,,,
Cupertino,CA02,600000035266635990,03e3dc81-3ecd-41ac-9ebb-92ea89cf921e,600000000344509975,c50645a8-3e20-418c-928f-7ac3dda7b7e9,105,"Lu, Bao Shen",600000009837655732,8da883cf-e8ea-42ff-bf5b-442b9645ff7c,,Server 3,2/2/25 11:00 AM,2/2/25 3:30 PM,No,4.51,0.00,0.00,4.51,,0.00,0.00,0.00,0.00,,4.51,0.00,,,
Cupertino,CA02,600000035268076268,ac039291-8d80-44c1-a4aa-c3fd34ac9024,600000016712824343,8bf71451-c969-4797-91d3-3b69f9fa6e56,,"valencia, andres",600000009837616047,12e7cd3e-23e3-487f-b74e-a9e2a6192aa1,,Server 1,2/2/25 11:27 AM,2/3/25 4:00 AM,Yes,16.54,0.00,0.00,16.54,0.00,32.38,0.00,32.38,0.00,,8.00,8.54,,,
Cupertino,CA02,600000035269440115,cad3c536-26e3-4add-8a7b-9e7e912a64b0,600000001251302471,926dca98-bd07-4351-b441-2634bdc824ca,131,"chen, zhengyu",600000009837655739,df2bae65-6ee0-429d-bf33-119c20d1f5b4,,Server 6,2/2/25 11:54 AM,2/3/25 4:00 AM,Yes,16.09,0.00,0.00,16.09,0.00,41.37,0.00,41.37,0.00,,8.00,8.09,,,
Cupertino,CA02,600000035270022619,4a6f324c-43be-49e9-9ac8-ea23ab64fe5d,600000013299861140,7e784155-4add-4038-bc80-2d8405905c9c,,"zheng, xiaoli",600000000187953261,1f27dffe-ff3d-4db7-810c-764b9b917d57,,Server,2/2/25 12:06 PM,2/3/25 4:00 AM,Yes,15.90,0.00,0.00,15.90,0.00,14.90,0.00,14.90,0.00,,8.00,7.90,,,
Cupertino,CA02,600000035284198929,cff66029-94ac-4fed-8c87-531827efc06b,600000000608460755,8071979d-6aad-42ef-b00c-aed77da86d69,115,"van, chi",600000009837655739,df2bae65-6ee0-429d-bf33-119c20d1f5b4,,Server 6,2/2/25 4:55 PM,2/2/25 9:19 PM,No,4.39,0.00,0.00,4.39,,0.00,0.00,0.00,0.00,,3.90,0.49,,,
Cupertino,CA02,600000035284623640,ff12953a-dbfe-4c67-8ecb-b9be07c149f6,600000012430196065,4a50cb9e-0329-4d5b-b44f-f5013df5ea6a,,"Penney, Jaylan",600000000187953261,1f27dffe-ff3d-4db7-810c-764b9b917d57,,Server,2/2/25 5:05 PM,2/3/25 4:00 AM,Yes,10.90,0.00,0.00,10.90,0.00,53.20,0.00,53.20,0.00,,8.00,2.90,,,
Cupertino,CA02,600000035285495456,83922b0b-5c74-4130-959a-841f62ea0a78,600000000344509975,c50645a8-3e20-418c-928f-7ac3dda7b7e9,105,"Lu, Bao Shen",600000009837655732,8da883cf-e8ea-42ff-bf5b-442b9645ff7c,,Server 3,2/2/25 5:27 PM,2/2/25 9:00 PM,No,3.54,0.00,0.00,3.54,,0.00,0.00,0.00,0.00,,3.49,0.05,,,
