Customer Id,Customer,Customer Phone,Customer Email,Location Code,Opened Date,Opened Time,Item Description,Server,Tax,Tender,Check Id,Check #,Total,Customer Family,Table Size,Discount,Reason of Discount,Link
600000035447969233,PickUp-Jonathan C.,5166551838,dd.toast.orders+orders_d5126549-758e-4c8b-a6cf-b650b1b8f7c9@gmail.com,CA02,2/8/25,11:03 AM,"Romaine Lettuce Salad with Sesame Dressing Ⓥ 麻酱生菜沙拉, Sweet & Sour Cucumber Ⓥ 🌶️ 甜辣小黄瓜, Pork & Shrimp Potstickers (6) 🦐 猪肉三鲜锅贴, Pork Wontons in Chili Sauce (6) 🌶️ 红油猪肉抄手, Zha Jiang Mian 京味炸酱面, Beef-Stew Noodles 🌶️ 秘制牛肉小面, Pork Xiao Long Bao (8) 鲜肉小笼包",Default Online Ordering,5.68,Other,600000035448208426,2,67.93,,1,0.00,,http://www.toasttab.com/receipts/33eiUG9RSnqR9vgz4YmOIA/c9WntJxfbfwxn
600000035448333560,PickUp-xianxian z.,8588883874,dd.toast.orders+orders_587f4ee4-26d6-4d25-8e52-38a625bcd590@gmail.com,CA02,2/8/25,11:03 AM,"Green Onion Pancake (1) Ⓥ 葱油饼, Romaine Lettuce Salad with Sesame Dressing Ⓥ 麻酱生菜沙拉, Sweet & Sour Cucumber Ⓥ 🌶️ 甜辣小黄瓜, Spicy (Ma La) Noodles 🌶️🌶️ 麻辣小面, Beef-Stew Noodles 🌶️ 秘制牛肉小面, Spicy Beef Shank 🌶️🌶️ 麻辣牛腱, Pork Xiao Long Bao (8) 鲜肉小笼包",Default Online Ordering,5.73,Other,600000035448257569,1,68.53,,1,0.00,,http://www.toasttab.com/receipts/33eiUG9RSnqR9vgz4YmOIA/xMsTnfmNLqFPq
600000035448191641,PickUp-Richard ..,4088772699,dd.toast.orders+orders_f9242d8c-8ac5-4570-9555-9c95f7cc37c5@gmail.com,CA02,2/8/25,11:09 AM,"Green Onion Pancake (1) Ⓥ 葱油饼, Pan Fried Chive Dumplings (3) 韭菜盒子, Pork & Shrimp Potstickers (6) 🦐 猪肉三鲜锅贴",Default Online Ordering,1.71,Other,600000035448394991,4,20.46,,1,0.00,,http://www.toasttab.com/receipts/33eiUG9RSnqR9vgz4YmOIA/fxphTnrR9brWx
,,,,CA02,2/8/25,11:08 AM,"Pork & Crab Meat Xiao Long Bao (8) 🦐 蟹肉小笼包, Pork & Shrimp Potstickers (6) 🦐 猪肉三鲜锅贴, Beef-Stew Noodle Soup 🌶️ 秘制牛肉汤面, Green Onion Soy Sauce Noodles Ⓥ 葱油拌面, Beef-Stew Noodle Soup 🌶️ 秘制牛肉汤面, Beef-Stew Noodle Soup 🌶️ 秘制牛肉汤面, Pan Fried Beef Pies (2) 牛肉馅饼, Beef-Stew Noodle Soup 🌶️ 秘制牛肉汤面",Default Online Ordering,6.61,Visa,600000035448577012,3,90.69,,1,0.00,,http://www.toasttab.com/receipts/33eiUG9RSnqR9vgz4YmOIA/tWFWbNR7XkMry
,,,,CA02,2/8/25,11:20 AM,"Pork & Crab Meat Xiao Long Bao (8) 🦐 蟹肉小笼包, Minced Chicken Noodles 🌶️ 鸡肉肉燥小面, Romaine Lettuce Salad with Sesame Dressing Ⓥ 麻酱生菜沙拉, Pork & Shrimp Potstickers (6) 🦐 猪肉三鲜锅贴, Five Spice Beef Shank 五香牛腱",Default Online Ordering,3.73,Mastercard,600000035449315855,6,52.55,,1,0.00,,http://www.toasttab.com/receipts/33eiUG9RSnqR9vgz4YmOIA/MWnkTbt9FwWTN
,,,,CA02,2/8/25,11:21 AM,"Pork & Shrimp Potstickers (6) 🦐 猪肉三鲜锅贴, Pork & Shrimp Potstickers (6) 🦐 猪肉三鲜锅贴, Beef Potstickers (6) 牛肉锅贴, Beef Potstickers (6) 牛肉锅贴, Vegetable Steamed Dumplings (6) Ⓥ 素三鲜蒸饺, Vegetable Steamed Dumplings (6) Ⓥ 素三鲜蒸饺, Chicken Steamed Dumplings (6) 鸡肉蒸饺, Chicken Steamed Dumplings (6) 鸡肉蒸饺",Yafang Chen,5.36,Visa,600000035449466469,5,68.76,,1,0.00,,http://www.toasttab.com/receipts/33eiUG9RSnqR9vgz4YmOIA/bxCksdtJNwgrn
600000035449344376,PickUp-KC L.,6692438284,dd.toast.orders+orders_0f8b083a-781a-4cdf-a856-1a267a5ca17f@gmail.com,CA02,2/8/25,11:27 AM,"Green Onion Pancake (1) Ⓥ 葱油饼, Vegetarian Spicy (Ma La) Noodles Ⓥ 🌶️🌶️ 素麻辣小面, Pork Xiao Long Bao (8) 鲜肉小笼包",Default Online Ordering,2.01,Other,600000035449509266,9,24.01,,1,0.00,,http://www.toasttab.com/receipts/33eiUG9RSnqR9vgz4YmOIA/hpfCkFjnXHTMh
,,,,CA02,2/8/25,11:24 AM,"Pork Xiao Long Bao (8) 鲜肉小笼包, Pork Xiao Long Bao (8) 鲜肉小笼包, Pork Wontons in Chicken Soup 鸡汤小馄饨, Spicy (Ma La) Noodles 🌶️🌶️ 麻辣小面, Beef-Stew Noodle Soup 🌶️ 秘制牛肉汤面, Banana Naan Bread (1) Ⓥ 香蕉飞饼",Yafang Chen,4.80,Visa,600000035449595336,8,66.01,,4,0.00,,http://www.toasttab.com/receipts/33eiUG9RSnqR9vgz4YmOIA/cMMnJ7g7Wkp7N
,,,,CA02,2/8/25,11:29 AM,"Pork Xiao Long Bao (8) 鲜肉小笼包, Pork & Crab Meat Xiao Long Bao (8) 🦐 蟹肉小笼包, Dan Dan Noodles Ⓥ🌶️🌶️ 担担面, Green Onion Pancake (1) Ⓥ 葱油饼, Green Onion Soy Sauce Noodles Ⓥ 葱油拌面, Pork Xiao Long Bao (8) 鲜肉小笼包, Pork & Crab Meat Xiao Long Bao (8) 🦐 蟹肉小笼包, Green Onion Pancake (1) Ⓥ 葱油饼",Default Online Ordering,5.84,Visa,600000035449666872,10,83.69,,1,0.00,,http://www.toasttab.com/receipts/33eiUG9RSnqR9vgz4YmOIA/9wPwWLmpwhtWy
,,,,CA02,2/8/25,11:36 AM,"Pork Xiao Long Bao (8) 鲜肉小笼包, Chicken & Vegetable Wontons in Chili Sauce (6) 🌶️ 红油菜肉大馄饨, Chicken Potstickers (6) 鸡肉锅贴, Sweet & Sour Cucumber Ⓥ 🌶️ 甜辣小黄瓜",Default Online Ordering,2.92,Visa,600000035449719843,11,40.86,,1,0.00,,http://www.toasttab.com/receipts/33eiUG9RSnqR9vgz4YmOIA/LnfRgq9YKMTjg
,,,,CA02,2/8/25,11:39 AM,"Pork & Crab Meat Xiao Long Bao (8) 🦐 蟹肉小笼包, Shrimp & Zucchini Steamed Dumplings (6) 🦐 青瓜鲜虾蒸饺, Yibin Noodles Ⓥ 🌶️ 宜宾燃面",Yafang Chen,2.39,Amex,600000035450442707,12,28.59,,1,0.00,,http://www.toasttab.com/receipts/33eiUG9RSnqR9vgz4YmOIA/Wq7gHdyWpJqLW
,,,,CA02,2/8/25,11:51 AM,"Green Onion Pancake (1) Ⓥ 葱油饼, Pan Fried Chive Dumplings (3) 韭菜盒子, Pan Fried Beef Pies (2) 牛肉馅饼, Pork Xiao Long Bao (8) 鲜肉小笼包, Pork Xiao Long Bao (8) 鲜肉小笼包, Pork Xiao Long Bao (8) 鲜肉小笼包, Pork Xiao Long Bao (8) 鲜肉小笼包",Yafang Chen,5.36,Visa,600000035451112702,14,83.91,,2,0.00,,http://www.toasttab.com/receipts/33eiUG9RSnqR9vgz4YmOIA/9wjxhnXdwsgfc
,,,,CA02,2/8/25,11:53 AM,"Jasmine Tea (Hot) 茉莉花茶 (热), Sweet & Sour Cucumber Ⓥ 🌶️ 甜辣小黄瓜, Steamed Pork Buns (4) 特色鲜肉蒸包, Pan Fried Beef Pies (2) 牛肉馅饼, Pork Xiao Long Bao (8) 鲜肉小笼包",Yafang Chen,3.66,Mastercard,600000035451211341,15,52.39,,1,0.00,,http://www.toasttab.com/receipts/33eiUG9RSnqR9vgz4YmOIA/ybgsnbqmXyyt7
,,,,CA02,2/8/25,12:03 PM,"Pork Xiao Long Bao (8) 鲜肉小笼包, Dan Dan Noodles Ⓥ🌶️🌶️ 担担面, Green Onion Pancake (1) Ⓥ 葱油饼, Chinese Crepe 煎饼果子 (薄脆), Beef Sandwich (1) 大嘴牛肉包 (不辣), Broccoli with Seafood Sauce 蚝油西兰花, Chicken & Vegetable Wontons in Chicken Soup 鸡汤菜肉大馄饨",Default Online Ordering,4.74,Visa,600000035451212686,19,65.02,,1,0.00,,http://www.toasttab.com/receipts/33eiUG9RSnqR9vgz4YmOIA/wLgngX7TYJXCb
,,,,CA02,2/8/25,12:02 PM,"Dan Dan Noodles Ⓥ🌶️🌶️ 担担面, Sweet & Sour Cucumber Ⓥ 🌶️ 甜辣小黄瓜, Pork Xiao Long Bao (8) 鲜肉小笼包, Green Onion Pancake (1) Ⓥ 葱油饼, Pork Wontons in Chili Sauce (6) 🌶️ 红油猪肉抄手",Default Online Ordering,3.35,Amex,600000035451294835,17,47.14,,1,0.00,,http://www.toasttab.com/receipts/33eiUG9RSnqR9vgz4YmOIA/rzj7PhNH9CJMT
,,,,CA02,2/8/25,12:00 PM,"Oolong Tea (Hot) 乌龙茶 (热), Sweet & Sour Cucumber Ⓥ 🌶️ 甜辣小黄瓜, Pork & Shrimp Potstickers (6) 🦐 猪肉三鲜锅贴, Pork Xiao Long Bao (8) 鲜肉小笼包, Pork & Crab Meat Xiao Long Bao (8) 🦐 蟹肉小笼包, Five Spice Beef Shank 五香牛腱, Green Onion Soy Sauce Noodles Ⓥ 葱油拌面, Dan Dan Noodles Ⓥ🌶️🌶️ 担担面, Chinese Crepe 煎饼果子 (薄脆), Beef Sandwich (1) 大嘴牛肉包 (不辣), Pan Fried Pork Buns (4) 特色鲜肉煎包, Beef Potstickers (6) 牛肉锅贴, High Tail Shrimp & Pork Steamed Dumplings (6) 🦐 翘尾鲜虾蒸饺, Broccoli with Seafood Sauce 蚝油西兰花, Kale Salad with Sesame Dressing Ⓥ 麻酱羽衣甘蓝沙拉, Banana Naan Bread (1) Ⓥ 香蕉飞饼",Yafang Chen,19.02,Visa,600000035451568315,16,268.36,,9,0.00,,http://www.toasttab.com/receipts/33eiUG9RSnqR9vgz4YmOIA/YpMr9JywMhyqq
,,,,CA02,2/8/25,12:03 PM,"Green Onion Pancake (1) Ⓥ 葱油饼, Pork Xiao Long Bao (8) 鲜肉小笼包, Pan Fried Pork Buns (4) 特色鲜肉煎包, Sweet & Sour Cucumber Ⓥ 🌶️ 甜辣小黄瓜, Green Onion Soy Sauce Noodles Ⓥ 葱油拌面",Yafang Chen,3.59,Visa,600000035451734534,18,50.55,,2,0.00,,http://www.toasttab.com/receipts/33eiUG9RSnqR9vgz4YmOIA/PTTMkJ7bbNHrT
,,,,CA02,2/8/25,12:05 PM,"Pork Xiao Long Bao (8) 鲜肉小笼包, Cold Noodles with Sesame Dressing Ⓥ 麻酱凉面",Default Online Ordering,1.63,Discover,600000035451793607,20,19.48,,1,0.00,,http://www.toasttab.com/receipts/33eiUG9RSnqR9vgz4YmOIA/cwLdNHpbsW77q
,,,,CA02,2/8/25,12:11 PM,"Pan Fried Pork Buns (4) 特色鲜肉煎包, Pork Xiao Long Bao (8) 鲜肉小笼包, Pork Xiao Long Bao (8) 鲜肉小笼包, Braised Pig Ears 🌶️ 凉拌猪耳, Beef-Stew Noodles 🌶️ 秘制牛肉小面, Pork Wontons in Chili Sauce (6) 🌶️ 红油猪肉抄手, Beef-Stew Noodles 🌶️ 秘制牛肉小面",Default Online Ordering,6.42,Visa,600000035451865670,21,90.41,,1,0.00,,http://www.toasttab.com/receipts/33eiUG9RSnqR9vgz4YmOIA/sWHcRwXyrJWhs
600000035452658856,PickUp-Gilbert V.,4087610711,dd.toast.orders+orders_3d6ddc1d-f4cc-4c96-abae-3b4dd825d460@gmail.com,CA02,2/8/25,12:21 PM,"Pork Wontons in Chicken Soup 鸡汤小馄饨, Pork Xiao Long Bao (8) 鲜肉小笼包, Steamed Pork Buns (4) 特色鲜肉蒸包, Beef-Stew Noodle Soup 🌶️ 秘制牛肉汤面",Default Online Ordering,7.98,Other,600000035452195298,27,95.48,,1,0.00,,http://www.toasttab.com/receipts/33eiUG9RSnqR9vgz4YmOIA/NsXxHYnMxzjdT
600000035452236262,PickUp-John L,8552228111,dd.toast.orders+orders_f1f09758-3599-4bb7-9282-04bfa6a4d409@gmail.com,CA02,2/8/25,12:15 PM,"Pan Fried Beef Pies (2) 牛肉馅饼, Pan Fried Chive Dumplings (3) 韭菜盒子, Chicken Potstickers (6) 鸡肉锅贴",Default Online Ordering,2.00,Other,600000035452376702,23,23.90,,1,0.00,,http://www.toasttab.com/receipts/33eiUG9RSnqR9vgz4YmOIA/7sYRy99xLbbNm
600000035451893845,PickUp-Fei X.,4253226007,dd.toast.orders+orders_a486003c-5799-4115-9884-a5d0dcd894ba@gmail.com,CA02,2/8/25,12:20 PM,"Beef-Stew Noodle Soup 🌶️ 秘制牛肉汤面, Pork Xiao Long Bao (8) 鲜肉小笼包",Default Online Ordering,2.72,Other,600000035452433022,26,32.57,,1,0.00,,http://www.toasttab.com/receipts/33eiUG9RSnqR9vgz4YmOIA/PsfWtJpgNXRrP
,,,,CA02,2/8/25,12:22 PM,"Sweet & Sour Cucumber Ⓥ 🌶️ 甜辣小黄瓜, Dan Dan Noodles Ⓥ🌶️🌶️ 担担面, Green Onion Pancake (1) Ⓥ 葱油饼, Chinese Crepe 煎饼果子 (薄脆), Pork Xiao Long Bao (8) 鲜肉小笼包, Vegetable Potstickers (6) Ⓥ 素三鲜锅贴, Braised Pig Ears 🌶️ 凉拌猪耳, Pork Wontons in Chili Sauce (6) 🌶️ 红油猪肉抄手, Kale Salad with Sweet & Spicy Garlic Dressing Ⓥ 🌶️ 甜辣羽衣甘蓝沙拉, Banana Naan Bread (1) Ⓥ 香蕉飞饼, Green Onion Soy Sauce Noodles Ⓥ 葱油拌面",Default Online Ordering,7.38,Visa,600000035452540179,29,105.64,,1,0.00,,http://www.toasttab.com/receipts/33eiUG9RSnqR9vgz4YmOIA/jRkkHRXnnJLjr
600000034992890962,Vi,4085056874,,CA02,2/8/25,12:18 PM,"Pork Xiao Long Bao (8) 鲜肉小笼包, Pork Xiao Long Bao (8) 鲜肉小笼包, Pork & Shrimp Potstickers (6) 🦐 猪肉三鲜锅贴, Pork & Shrimp Potstickers (6) 🦐 猪肉三鲜锅贴, Green Onion Soy Sauce Noodles Ⓥ 葱油拌面, Thai Milk Tea (Cold) 泰式奶茶 (冷)",Yun Juan Huang,4.42,Mastercard,600000035452586275,24,60.69,,1,0.00,,http://www.toasttab.com/receipts/33eiUG9RSnqR9vgz4YmOIA/KXxCJPcHpjzgq
,,,,CA02,2/8/25,12:19 PM,"Pork & Shrimp Potstickers (6) 🦐 猪肉三鲜锅贴, Green Onion Soy Sauce Noodles Ⓥ 葱油拌面, Beef-Stew Noodle Soup 🌶️ 秘制牛肉汤面",Yafang Chen,2.30,Mastercard,600000035452592401,25,31.57,,4,0.00,,http://www.toasttab.com/receipts/33eiUG9RSnqR9vgz4YmOIA/ghdkFbMPPXRfK
,,,,CA02,2/8/25,12:26 PM,"Pork Xiao Long Bao (8) 鲜肉小笼包, Beef Pancake Roll (1) 酱香牛肉卷饼 (不辣), Chicken & Vegetable Wontons in Chicken Soup 鸡汤菜肉大馄饨, Zha Jiang Mian 京味炸酱面",Default Online Ordering,3.21,Mastercard,600000035452595135,31,44.11,,1,0.00,,http://www.toasttab.com/receipts/33eiUG9RSnqR9vgz4YmOIA/7yKnHgYFLpxKJ
,,,,CA02,2/8/25,12:26 PM,"Vegetable Potstickers (6) Ⓥ 素三鲜锅贴, Braised Pig Ears 🌶️ 凉拌猪耳, Dan Dan Noodles Ⓥ🌶️🌶️ 担担面, Sweet & Sour Cucumber Ⓥ 🌶️ 甜辣小黄瓜, Pork Xiao Long Bao (8) 鲜肉小笼包, Dan Dan Noodles Ⓥ🌶️🌶️ 担担面, Braised Pig Ears 🌶️ 凉拌猪耳, Pork Xiao Long Bao (8) 鲜肉小笼包",Default Online Ordering,6.85,Visa,600000035452666470,30,93.96,,1,0.00,,http://www.toasttab.com/receipts/33eiUG9RSnqR9vgz4YmOIA/gngkjsJhk9thn
,,,,CA02,2/8/25,12:29 PM,"Pork Xiao Long Bao (8) 鲜肉小笼包, Dan Dan Noodles Ⓥ🌶️🌶️ 担担面, Pork & Shrimp Potstickers (6) 🦐 猪肉三鲜锅贴, Pan Fried Wontons with Sweet & Spicy Garlic Sauce (6) 甜辣香煎大馄饨, Passion Fruit Green Tea (Cold) 百香果绿茶 (冷), Add Boba 珍珠, Spicy (Ma La) Noodles 🌶️🌶️ 麻辣小面",Default Online Ordering,4.96,Visa,600000035452675144,33,69.87,,1,0.00,,http://www.toasttab.com/receipts/33eiUG9RSnqR9vgz4YmOIA/qX9KkFfnNCH7w
,,,,CA02,2/8/25,12:22 PM,"Vegetable Potstickers (6) Ⓥ 素三鲜锅贴, Dan Dan Noodles Ⓥ🌶️🌶️ 担担面, Yibin Noodles Ⓥ 🌶️ 宜宾燃面",Yafang Chen,2.11,Visa,600000035452786310,28,29.75,,1,0.00,,http://www.toasttab.com/receipts/33eiUG9RSnqR9vgz4YmOIA/FCTw7kxzpbhNH
,,,,CA02,2/8/25,12:28 PM,"Chinese Crepe 煎饼果子 (薄脆), Chicken Xiao Long Bao (8) 鸡肉小笼包, Chicken Potstickers (6) 鸡肉锅贴",Default Online Ordering,2.25,Visa,600000035453075952,32,31.62,,1,0.00,,http://www.toasttab.com/receipts/33eiUG9RSnqR9vgz4YmOIA/CsxPYJNnmxxMy
600000035453565411,PickUp-Abhishek S.,3103579359,dd.toast.orders+orders_4c247295-71f3-4c9a-b58f-15628be64b57@gmail.com,CA02,2/8/25,12:41 PM,"Chicken & Vegetable Wontons in Chili Sauce (6) 🌶️ 红油菜肉大馄饨, Chicken Xiao Long Bao (8) 鸡肉小笼包",Default Online Ordering,1.57,Other,600000035453350982,35,18.82,,1,0.00,,http://www.toasttab.com/receipts/33eiUG9RSnqR9vgz4YmOIA/NqXWykHqWfNwn
,,,,CA02,2/8/25,12:42 PM,"Dan Dan Noodles Ⓥ🌶️🌶️ 担担面, Yibin Noodles Ⓥ 🌶️ 宜宾燃面, Pork Xiao Long Bao (8) 鲜肉小笼包, Pork & Crab Meat Xiao Long Bao (8) 🦐 蟹肉小笼包, Braised Pig Ears 🌶️ 凉拌猪耳",Default Online Ordering,5.75,Visa,600000035453361042,36,78.95,,1,0.00,,http://www.toasttab.com/receipts/33eiUG9RSnqR9vgz4YmOIA/gsPPhWnMkqybL
600000035453090440,Crystal H,8552228111,dd.toast.orders+orders_8f192c25-e104-440b-a157-4d443741ea31@gmail.com,CA02,2/8/25,12:38 PM,"Pan Fried Chive Dumplings (3) 韭菜盒子, Beef Pancake Roll (1) 酱香牛肉卷饼 (不辣), Sweet & Sour Cucumber Ⓥ 🌶️ 甜辣小黄瓜",Default Online Ordering,2.52,Other,600000035453574557,34,30.17,,1,0.00,,http://www.toasttab.com/receipts/33eiUG9RSnqR9vgz4YmOIA/JCFbXWrLcrPXy
,,,,CA02,2/8/25,12:53 PM,"Pan Fried Pork Buns (4) 特色鲜肉煎包, Pork & Crab Meat Xiao Long Bao (8) 🦐 蟹肉小笼包, Romaine Lettuce Salad with Sesame Dressing Ⓥ 麻酱生菜沙拉, Beef-Stew Noodles 🌶️ 秘制牛肉小面, Jasmine Tea (Hot) 茉莉花茶 (热), High Tail Shrimp & Pork Steamed Dumplings (6) 🦐 翘尾鲜虾蒸饺",Default Online Ordering,4.57,Visa,600000035454001733,42,64.39,,1,0.00,,http://www.toasttab.com/receipts/33eiUG9RSnqR9vgz4YmOIA/X9ctHfwyFyWYy
,,,,CA02,2/8/25,12:46 PM,"Chicken Xiao Long Bao (8) 鸡肉小笼包, Chicken Xiao Long Bao (8) 鸡肉小笼包, Dan Dan Noodles Ⓥ🌶️🌶️ 担担面, Green Onion Pancake (1) Ⓥ 葱油饼, Shrimp & Zucchini Steamed Dumplings (6) 🦐 青瓜鲜虾蒸饺, Spicy (Ma La) Noodles 🌶️🌶️ 麻辣小面",Yun Juan Huang,4.40,Visa,600000035454067396,37,57.60,,4,0.00,,http://www.toasttab.com/receipts/33eiUG9RSnqR9vgz4YmOIA/Ckz9xMjqzrRXW
,,,,CA02,2/8/25,12:48 PM,"Oolong Tea (Hot) 乌龙茶 (热), Pork Xiao Long Bao (8) 鲜肉小笼包, Vegetable Potstickers (6) Ⓥ 素三鲜锅贴, Pan Fried Pork Buns (4) 特色鲜肉煎包, Sweet & Sour Cucumber Ⓥ 🌶️ 甜辣小黄瓜",Yun Juan Huang,3.66,Visa,600000035454146813,38,50.21,,7,0.00,,http://www.toasttab.com/receipts/33eiUG9RSnqR9vgz4YmOIA/FF7XrzJrhKhbY
,,,,CA02,2/8/25,12:49 PM,"Dan Dan Noodles Ⓥ🌶️🌶️ 担担面, Broccoli with Seafood Sauce 蚝油西兰花, Vegetable Potstickers (6) Ⓥ 素三鲜锅贴, Steamed Pork Buns (4) 特色鲜肉蒸包, Chicken Xiao Long Bao (8) 鸡肉小笼包, Chicken & Vegetable Wontons in Chili Sauce (6) 🌶️ 红油菜肉大馄饨, Shrimp & Zucchini Steamed Dumplings (6) 🦐 青瓜鲜虾蒸饺, Green Onion Pancake (1) Ⓥ 葱油饼",Default Online Ordering,5.69,Visa,600000035454185756,39,79.00,,1,0.00,,http://www.toasttab.com/receipts/33eiUG9RSnqR9vgz4YmOIA/THxn79YTb7ppM
600000035454180922,Michael C,8552228111,dd.toast.orders+orders_71f675c4-976e-4fbc-8363-b908f5b08fa1@gmail.com,CA02,2/8/25,12:57 PM,"Green Onion Pancake (1) Ⓥ 葱油饼, Broccoli with Seafood Sauce 蚝油西兰花, Pork Xiao Long Bao (8) 鲜肉小笼包, Beef-Stew Noodle Soup 🌶️ 秘制牛肉汤面",Default Online Ordering,3.29,Other,600000035454201238,46,39.39,,1,0.00,,http://www.toasttab.com/receipts/33eiUG9RSnqR9vgz4YmOIA/KKzmkCHmzFwNm
,,,,CA02,2/8/25,12:50 PM,"Chinese Crepe 煎饼果子 (薄脆), Pan Fried Chive Dumplings (3) 韭菜盒子, Pork Xiao Long Bao (8) 鲜肉小笼包, Chicken Steamed Dumplings (6) 鸡肉蒸饺, Chicken & Vegetable Wontons in Chicken Soup 鸡汤菜肉大馄饨",Yafang Chen,3.64,Amex,600000035454287534,40,51.20,,3,0.00,,http://www.toasttab.com/receipts/33eiUG9RSnqR9vgz4YmOIA/kYX7TkxYbgLLX
,,,,CA02,2/8/25,12:50 PM,"Jasmine Tea (Hot) 茉莉花茶 (热), Pork Wontons in Chicken Soup 鸡汤小馄饨, Dan Dan Noodles Ⓥ🌶️🌶️ 担担面, Pan Fried Pork Buns (4) 特色鲜肉煎包, Pork & Shrimp Potstickers (6) 🦐 猪肉三鲜锅贴, Romaine Lettuce Salad with Sesame Dressing Ⓥ 麻酱生菜沙拉, Beef Pancake Roll (1) 酱香牛肉卷饼 (不辣)",Yafang Chen,5.05,Visa,600000035454298672,41,69.34,,4,0.00,,http://www.toasttab.com/receipts/33eiUG9RSnqR9vgz4YmOIA/nCmjFrxbyxfnY
,,,,CA02,2/8/25,1:00 PM,"Chinese Crepe 煎饼果子 (薄脆), Pork & Crab Meat Xiao Long Bao (8) 🦐 蟹肉小笼包, Chicken & Vegetable Wontons in Chicken Soup 鸡汤菜肉大馄饨",Default Online Ordering,2.30,Visa,600000035454413141,48,31.57,,1,0.00,,http://www.toasttab.com/receipts/33eiUG9RSnqR9vgz4YmOIA/rRmrbM7JMJ99d
,,,,CA02,2/8/25,12:59 PM,"Kale Salad with Sesame Dressing Ⓥ 麻酱羽衣甘蓝沙拉, Sweet & Sour Cucumber Ⓥ 🌶️ 甜辣小黄瓜, Romaine Lettuce Salad with Sesame Dressing Ⓥ 麻酱生菜沙拉, Pork Xiao Long Bao (8) 鲜肉小笼包, Ube Milk Tea (Cold) 紫薯奶茶 (冷), Minced Chicken Noodles 🌶️ 鸡肉肉燥小面",Default Online Ordering,4.18,Mastercard,600000035454436929,47,59.86,,1,0.00,,http://www.toasttab.com/receipts/33eiUG9RSnqR9vgz4YmOIA/y7sxhCfxtWsh9
600000015381689789,Maggie Yen,4088398644,myen33@gmail.com,CA02,2/8/25,12:57 PM,"Green Onion Pancake (1) Ⓥ 葱油饼, Pork & Crab Meat Xiao Long Bao (8) 🦐 蟹肉小笼包, Pork Xiao Long Bao (8) 鲜肉小笼包, Pork & Shrimp Potstickers (6) 🦐 猪肉三鲜锅贴, Braised Pig Ears 🌶️ 凉拌猪耳, Green Onion Soy Sauce Noodles Ⓥ 葱油拌面, Spicy Beef Pancake Roll (1) 🌶️🌶️ 麻辣牛肉卷饼, Pan Fried Chive Dumplings (3) 韭菜盒子",Default Online Ordering,6.70,Amex,600000035454497867,44,94.28,,1,0.00,,http://www.toasttab.com/receipts/33eiUG9RSnqR9vgz4YmOIA/PyPJXkcNcbtL7
,,,,CA02,2/8/25,12:58 PM,"Green Onion Pancake (1) Ⓥ 葱油饼, Pork & Shrimp Boiled Dumplings (6) 🦐 猪肉三鲜水饺, Beef Steamed Dumplings (6) 牛肉蒸饺, Braised Pig Ears 🌶️ 凉拌猪耳, Spicy Beef Shank 🌶️🌶️ 麻辣牛腱, Kale Salad with Sesame Dressing Ⓥ 麻酱羽衣甘蓝沙拉, Dan Dan Noodles Ⓥ🌶️🌶️ 担担面, Beef-Stew Noodles 🌶️ 秘制牛肉小面",Yafang Chen,5.26,Visa,600000035454673532,45,67.76,,4,0.00,,http://www.toasttab.com/receipts/33eiUG9RSnqR9vgz4YmOIA/pb79ckwwrkFCF
,,,,CA02,2/8/25,1:00 PM,"Pan Fried Pork Buns (4) 特色鲜肉煎包, Pork & Shrimp Potstickers (6) 🦐 猪肉三鲜锅贴, Pork Wontons in Chili Sauce (6) 🌶️ 红油猪肉抄手, Spicy Beef Shank 🌶️🌶️ 麻辣牛腱, Romaine Lettuce Salad with Sesame Dressing Ⓥ 麻酱生菜沙拉, Dan Dan Noodles Ⓥ🌶️🌶️ 担担面, Braised Pig Ears 🌶️ 凉拌猪耳, Pork & Shrimp Boiled Dumplings (6) 🦐 猪肉三鲜水饺, Pork Wontons in Chicken Soup 鸡汤小馄饨, Pork & Shrimp Boiled Dumplings (6) 🦐 猪肉三鲜水饺",Yafang Chen,5.03,Visa,600000035454813933,49,74.91,,2,22.95,"Operation Management (100.00%), Operation Management (100.00%), Operation Management (100.00%)",http://www.toasttab.com/receipts/33eiUG9RSnqR9vgz4YmOIA/W79HxWXKNxK9m
,,,,CA02,2/8/25,1:09 PM,"Spicy Beef Pancake Roll (1) 🌶️🌶️ 麻辣牛肉卷饼, Pork Xiao Long Bao (8) 鲜肉小笼包, Spicy Beef Shank 🌶️🌶️ 麻辣牛腱, Sweet & Sour Cucumber Ⓥ 🌶️ 甜辣小黄瓜, Beef-Stew Noodles 🌶️ 秘制牛肉小面, Beef-Stew Noodle Soup 🌶️ 秘制牛肉汤面, Beef-Stew Noodle Soup 🌶️ 秘制牛肉汤面, Spicy Beef Pancake Roll (1) 🌶️🌶️ 麻辣牛肉卷饼",Yafang Chen,6.60,Discover,600000035455285254,50,90.62,,4,0.00,,http://www.toasttab.com/receipts/33eiUG9RSnqR9vgz4YmOIA/HmWmTJghRTPqx
,,,,CA02,2/8/25,1:12 PM,"Pork & Crab Meat Xiao Long Bao (8) 🦐 蟹肉小笼包, Beef-Stew Noodles 🌶️ 秘制牛肉小面, Banana Naan Bread (1) Ⓥ 香蕉飞饼, Pork & Shrimp Boiled Dumplings (6) 🦐 猪肉三鲜水饺",Yafang Chen,2.35,Visa,600000035455456516,51,34.23,,2,6.42,Open % Check (20.00%),http://www.toasttab.com/receipts/33eiUG9RSnqR9vgz4YmOIA/7PHjYKxyzxXxd
,,,,CA02,2/8/25,1:15 PM,"Beef Pancake Roll (1) 酱香牛肉卷饼 (不辣), Pork Xiao Long Bao (8) 鲜肉小笼包, Beef Potstickers (6) 牛肉锅贴, Pork Wontons in Chili Sauce (6) 🌶️ 红油猪肉抄手, Green Onion Soy Sauce Noodles Ⓥ 葱油拌面",Yafang Chen,3.83,Visa,600000035455639665,52,53.90,,2,0.00,,http://www.toasttab.com/receipts/33eiUG9RSnqR9vgz4YmOIA/kLHzdgpjkwCrx
,,,,CA02,2/8/25,1:24 PM,"Sweet & Sour Cucumber Ⓥ 🌶️ 甜辣小黄瓜, Chicken Xiao Long Bao (8) 鸡肉小笼包, Dan Dan Noodles Ⓥ🌶️🌶️ 担担面, Pan Fried Wontons with Chili Sauce (6) 红油香煎大馄饨",Default Online Ordering,2.97,Discover,600000035455801633,54,40.73,,1,0.00,,http://www.toasttab.com/receipts/33eiUG9RSnqR9vgz4YmOIA/tqMptXKnLPXwk
,,,,CA02,2/8/25,1:21 PM,"Beef-Stew Noodle Soup 🌶️ 秘制牛肉汤面, Pork Wontons in Chili Sauce (6) 🌶️ 红油猪肉抄手",Default Online Ordering,1.58,Visa,600000035455935501,53,21.65,,1,0.00,,http://www.toasttab.com/receipts/33eiUG9RSnqR9vgz4YmOIA/hCsHcqJXzkKfk
,,,,CA02,2/8/25,1:24 PM,"Dan Dan Noodles Ⓥ🌶️🌶️ 担担面, Vegetable Steamed Dumplings (6) Ⓥ 素三鲜蒸饺, Yibin Noodles Ⓥ 🌶️ 宜宾燃面, Pan Fried Chive Dumplings (3) 韭菜盒子",Default Online Ordering,3.50,Visa,600000035456027608,55,45.80,,1,0.00,,http://www.toasttab.com/receipts/33eiUG9RSnqR9vgz4YmOIA/fWTbprcNJ9qkT
600000035456157919,PickUp-Alex W.,4087811618,dd.toast.orders+orders_0dd756cd-5efa-46ef-a4a5-1ff28c087678@gmail.com,CA02,2/8/25,1:31 PM,"Beef Sandwich (1) 大嘴牛肉包 (不辣), Spicy Beef Sandwich (1) 🌶️🌶️大嘴牛肉包 (辣), Pork Wontons in Chili Sauce (6) 🌶️ 红油猪肉抄手, Pan Fried Pork Buns (4) 特色鲜肉煎包",Default Online Ordering,2.91,Other,600000035456066384,57,34.76,,1,0.00,,http://www.toasttab.com/receipts/33eiUG9RSnqR9vgz4YmOIA/HNKKdqKtHyhRb
,,,,CA02,2/8/25,1:39 PM,"Chicken & Vegetable Wontons in Chicken Soup 鸡汤菜肉大馄饨, Steamed Pork Buns (4) 特色鲜肉蒸包, Pork Xiao Long Bao (8) 鲜肉小笼包, Jasmine Tea (Hot) 茉莉花茶 (热)",Default Online Ordering,3.76,Amex,600000035456415490,59,53.05,,1,0.00,,http://www.toasttab.com/receipts/33eiUG9RSnqR9vgz4YmOIA/yqkhLfhPhpntL
,,,,CA02,2/8/25,1:38 PM,"Pan Fried Pork Buns (4) 特色鲜肉煎包, Spicy Beef Pancake Roll (1) 🌶️🌶️ 麻辣牛肉卷饼, Pork Xiao Long Bao (8) 鲜肉小笼包, Beef Potstickers (6) 牛肉锅贴, Pan Fried Wontons with Chili Sauce (6) 红油香煎大馄饨, Beef-Stew Noodle Soup 🌶️ 秘制牛肉汤面",Default Online Ordering,4.93,Visa,600000035456416199,58,70.54,,1,0.00,,http://www.toasttab.com/receipts/33eiUG9RSnqR9vgz4YmOIA/dFzmWYygxfJfF
,,,,CA02,2/8/25,1:30 PM,"Green Onion Pancake (1) Ⓥ 葱油饼, Chicken Xiao Long Bao (8) 鸡肉小笼包, Vegetable Potstickers (6) Ⓥ 素三鲜锅贴, Sweet & Sour Cucumber Ⓥ 🌶️ 甜辣小黄瓜",Yafang Chen,2.08,Mastercard,600000035456458989,56,29.50,,2,5.90,Reward Dollars,http://www.toasttab.com/receipts/33eiUG9RSnqR9vgz4YmOIA/mrRCCCmHwCd97
,,,,CA02,2/8/25,1:43 PM,"Dan Dan Noodles Ⓥ🌶️🌶️ 担担面, Pan Fried Chive Dumplings (3) 韭菜盒子, Pork Xiao Long Bao (8) 鲜肉小笼包, Green Onion Pancake (1) Ⓥ 葱油饼, Pork Wontons in Chili Sauce (6) 🌶️ 红油猪肉抄手, Broccoli with Seafood Sauce 蚝油西兰花",Default Online Ordering,3.11,Visa,600000035456973212,60,45.52,,1,9.95,Customer Service Discount (100.00%),http://www.toasttab.com/receipts/33eiUG9RSnqR9vgz4YmOIA/wMMnCpqrPzRqh
,,,,CA02,2/8/25,1:50 PM,"Pan Fried Pork Buns (4) 特色鲜肉煎包, Beef-Stew Noodle Soup 🌶️ 秘制牛肉汤面, Minced Chicken Noodles 🌶️ 鸡肉肉燥小面",Default Online Ordering,2.54,Mastercard,600000035457275329,62,34.89,,1,0.00,,http://www.toasttab.com/receipts/33eiUG9RSnqR9vgz4YmOIA/FqmMFsmHFyPXw
,,,,CA02,2/8/25,1:51 PM,"Sweet & Sour Cucumber Ⓥ 🌶️ 甜辣小黄瓜, Green Onion Pancake (1) Ⓥ 葱油饼, Chicken Xiao Long Bao (8) 鸡肉小笼包, Chicken Potstickers (6) 鸡肉锅贴, Yibin Noodles Ⓥ 🌶️ 宜宾燃面, Add Boba 珍珠, Passion Fruit Green Tea (Cold) 百香果绿茶 (冷)",Default Online Ordering,3.98,Visa,600000035457322668,64,54.66,,1,0.00,,http://www.toasttab.com/receipts/33eiUG9RSnqR9vgz4YmOIA/jdtyLNRTRzFRX
,,,,CA02,2/8/25,1:52 PM,"Green Onion Pancake (1) Ⓥ 葱油饼, Five Spice Beef Shank 五香牛腱, Kale Salad with Sesame Dressing Ⓥ 麻酱羽衣甘蓝沙拉, Spicy (Ma La) Noodles 🌶️🌶️ 麻辣小面, Pork Xiao Long Bao (8) 鲜肉小笼包, Vegetable Steamed Dumplings (6) Ⓥ 素三鲜蒸饺, Zha Jiang Mian 京味炸酱面",Default Online Ordering,4.83,Amex,600000035457385475,66,66.33,,1,0.00,,http://www.toasttab.com/receipts/33eiUG9RSnqR9vgz4YmOIA/YHpXpCgdfFgmb
,,,,CA02,2/8/25,1:52 PM,"Diet Coke 健怡可乐, Ube Milk Tea (Cold) 紫薯奶茶 (冷), Thai Milk Tea (Cold) 泰式奶茶 (冷), Sweet & Sour Cucumber Ⓥ 🌶️ 甜辣小黄瓜, Green Onion Pancake (1) Ⓥ 葱油饼, Jasmine Tea (Hot) 茉莉花茶 (热), Green Onion Soy Sauce Noodles Ⓥ 葱油拌面, Chinese Crepe 煎饼果子 (薄脆), Pan Fried Pork Buns (4) 特色鲜肉煎包, Hot & Sour Glass Noodles 🌶️🌶️ 酸辣粉, Pork Xiao Long Bao (8) 鲜肉小笼包, Beef Potstickers (6) 牛肉锅贴, Hot & Sour Glass Noodles 🌶️🌶️ 酸辣粉, Beef Potstickers (6) 牛肉锅贴, Sprite 雪碧",Default Online Ordering,9.08,Mastercard,600000035457402671,68,130.12,,3,0.00,,http://www.toasttab.com/receipts/33eiUG9RSnqR9vgz4YmOIA/W7PpsykhWgf9s
600000035457615217,Miho,9495543790,,CA02,2/8/25,1:52 PM,"Green Onion Pancake (1) Ⓥ 葱油饼, Vegetarian Hot & Sour Glass Noodles Ⓥ 🌶️🌶️ 素酸辣粉, Dan Dan Noodles Ⓥ🌶️🌶️ 担担面",Yan Xu,1.82,Visa,600000035457625927,65,25.04,,1,0.00,,http://www.toasttab.com/receipts/33eiUG9RSnqR9vgz4YmOIA/yhgkdHgPsjqR9
,,,,CA02,2/8/25,1:54 PM,"Chicken Steamed Dumplings (6) 鸡肉蒸饺, Chicken Steamed Dumplings (6) 鸡肉蒸饺, Chicken & Vegetable Wontons in Hot & Sour Sauce (6) 🌶️ 酸辣菜肉大馄饨, Sweet & Sour Cucumber Ⓥ 🌶️ 甜辣小黄瓜, Beef-Stew Noodles 🌶️ 秘制牛肉小面, Beef-Stew Noodles 🌶️ 秘制牛肉小面, Banana Naan Bread (1) Ⓥ 香蕉飞饼, Passion Fruit Green Tea (Cold) 百香果绿茶 (冷), Passion Fruit Green Tea (Cold) 百香果绿茶 (冷)",Yafang Chen,5.83,Visa,600000035457750577,69,69.68,,2,0.00,,http://www.toasttab.com/receipts/33eiUG9RSnqR9vgz4YmOIA/7RwhrLMJdxtLc
600000035457735771,Crystal,4088266111,,CA02,2/8/25,1:55 PM,Kale Salad with Sweet & Spicy Garlic Dressing Ⓥ 🌶️ 甜辣羽衣甘蓝沙拉,Yan Xu,0.67,Cash,600000035457803242,67,7.97,,1,0.00,,http://www.toasttab.com/receipts/33eiUG9RSnqR9vgz4YmOIA/7xHWwrXfk7gwY
,,,,CA02,2/8/25,2:06 PM,"Green Onion Pancake (1) Ⓥ 葱油饼, Pan Fried Chive Dumplings (3) 韭菜盒子, Vegetable Steamed Dumplings (6) Ⓥ 素三鲜蒸饺, Pork Wontons in Chicken Soup 鸡汤小馄饨, Chicken Steamed Dumplings (6) 鸡肉蒸饺, Pork & Shrimp Boiled Dumplings (6) 🦐 猪肉三鲜水饺, Pan Fried Beef Pies (2) 牛肉馅饼",Default Online Ordering,4.45,Visa,600000035458039690,73,60.95,,1,0.00,,http://www.toasttab.com/receipts/33eiUG9RSnqR9vgz4YmOIA/hYCcCJYxdnhw9
,,,,CA02,2/8/25,2:05 PM,"Sweet & Sour Cucumber Ⓥ 🌶️ 甜辣小黄瓜, Vegetarian Spicy (Ma La) Noodles Ⓥ 🌶️🌶️ 素麻辣小面, Dan Dan Noodles Ⓥ🌶️🌶️ 担担面, Chicken & Vegetable Wontons in Chili Sauce (6) 🌶️ 红油菜肉大馄饨",Default Online Ordering,2.78,Visa,600000035458152276,71,36.18,,1,0.00,,http://www.toasttab.com/receipts/33eiUG9RSnqR9vgz4YmOIA/WxyqHkbmNK7qX
,,,,CA02,2/8/25,2:06 PM,"Diet Coke 健怡可乐, Romaine Lettuce Salad with Sesame Dressing Ⓥ 麻酱生菜沙拉, Broccoli with Seafood Sauce 蚝油西兰花, Chicken & Vegetable Wontons in Chicken Soup 鸡汤菜肉大馄饨, Dan Dan Noodles Ⓥ🌶️🌶️ 担担面, Chicken Xiao Long Bao (8) 鸡肉小笼包, Chicken Potstickers (6) 鸡肉锅贴, Shrimp & Zucchini Steamed Dumplings (6) 🦐 青瓜鲜虾蒸饺, Green Onion Soy Sauce Noodles Ⓥ 葱油拌面",Yun Juan Huang,7.70,Visa,600000035458443932,72,110.34,,4,0.00,,http://www.toasttab.com/receipts/33eiUG9RSnqR9vgz4YmOIA/wbbcdJX77NWmW
,,,,CA02,2/8/25,2:08 PM,"Chicken Potstickers (6) 鸡肉锅贴, Beef Potstickers (6) 牛肉锅贴, High Tail Shrimp & Pork Steamed Dumplings (6) 🦐 翘尾鲜虾蒸饺",Default Online Ordering,2.20,Visa,600000035458481215,74,30.92,,1,0.00,,http://www.toasttab.com/receipts/33eiUG9RSnqR9vgz4YmOIA/trWLLndTt7kWX
,,,,CA02,2/8/25,2:09 PM,"Coke 可乐, Diet Coke 健怡可乐, Diet Coke 健怡可乐, Pork Xiao Long Bao (8) 鲜肉小笼包, Dan Dan Noodles Ⓥ🌶️🌶️ 担担面, Sweet & Sour Cucumber Ⓥ 🌶️ 甜辣小黄瓜, Green Onion Pancake (1) Ⓥ 葱油饼, Pan Fried Pork Buns (4) 特色鲜肉煎包, Pork Wontons in Chili Sauce (6) 🌶️ 红油猪肉抄手, Pork Xiao Long Bao (8) 鲜肉小笼包, Chicken & Vegetable Wontons in Hot & Sour Sauce (6) 🌶️ 酸辣菜肉大馄饨, Pork Xiao Long Bao (8) 鲜肉小笼包, Dan Dan Noodles Ⓥ🌶️🌶️ 担担面",Yun Juan Huang,9.26,Visa,600000035458645108,75,127.03,,3,0.00,,http://www.toasttab.com/receipts/33eiUG9RSnqR9vgz4YmOIA/kdWsWtqkkYXbL
600000001413384178,Teresa Tse,4087504871,goforthebest888@yahoo.com,CA02,2/8/25,2:17 PM,"Chicken Xiao Long Bao (8) 鸡肉小笼包, Pork Xiao Long Bao (8) 鲜肉小笼包, Passion Fruit Green Tea (Cold) 百香果绿茶 (冷)",Yun Juan Huang,1.82,Visa,600000035459131893,76,23.72,,1,5.95,Customer Service Discount (100.00%),http://www.toasttab.com/receipts/33eiUG9RSnqR9vgz4YmOIA/ddLJjw7HrRstW
,,,,CA02,2/8/25,2:27 PM,"Sweet & Sour Cucumber Ⓥ 🌶️ 甜辣小黄瓜, Pork Xiao Long Bao (8) 鲜肉小笼包, Dan Dan Noodles Ⓥ🌶️🌶️ 担担面, Jasmine Tea (Hot) 茉莉花茶 (热), Pan Fried Beef Pies (2) 牛肉馅饼",Default Online Ordering,3.47,Visa,600000035459346793,79,48.88,,1,0.00,,http://www.toasttab.com/receipts/33eiUG9RSnqR9vgz4YmOIA/nMTJsrmYPtgCd
,,,,CA02,2/8/25,2:27 PM,"Pork Xiao Long Bao (8) 鲜肉小笼包, Cold Noodles with Sesame Dressing Ⓥ 麻酱凉面, Pan Fried Pork Buns (4) 特色鲜肉煎包, Pork Wontons in Chili Sauce (6) 🌶️ 红油猪肉抄手",Default Online Ordering,3.21,Visa,600000035459367380,78,44.63,,1,0.00,,http://www.toasttab.com/receipts/33eiUG9RSnqR9vgz4YmOIA/b9scwsP9gzmTW
,,,,CA02,2/8/25,2:26 PM,"Sweet & Sour Cucumber Ⓥ 🌶️ 甜辣小黄瓜, Chicken Xiao Long Bao (8) 鸡肉小笼包, Shrimp & Zucchini Steamed Dumplings (6) 🦐 青瓜鲜虾蒸饺, Beef-Stew Noodle Soup 🌶️ 秘制牛肉汤面",Default Online Ordering,3.25,Visa,600000035459404175,77,44.62,,1,0.00,,http://www.toasttab.com/receipts/33eiUG9RSnqR9vgz4YmOIA/yTwtbMXccXNqn
,,,,CA02,2/8/25,2:33 PM,"Jasmine Tea (Hot) 茉莉花茶 (热), Pork Xiao Long Bao (8) 鲜肉小笼包, Dan Dan Noodles Ⓥ🌶️🌶️ 担担面, Pan Fried Pork Buns (4) 特色鲜肉煎包, Chicken Potstickers (6) 鸡肉锅贴, Spicy (Ma La) Noodles 🌶️🌶️ 麻辣小面, Banana Naan Bread (1) Ⓥ 香蕉飞饼, Spicy Beef Pancake Roll (1) 🌶️🌶️ 麻辣牛肉卷饼",Yafang Chen,5.92,Visa,600000035460202195,80,83.51,,2,0.00,,http://www.toasttab.com/receipts/33eiUG9RSnqR9vgz4YmOIA/gndxzcHtgJpXf
,,,,CA02,2/8/25,2:44 PM,"Chinese Crepe 煎饼果子 (薄脆), Yibin Noodles Ⓥ 🌶️ 宜宾燃面, Spicy Beef Shank 🌶️🌶️ 麻辣牛腱",Default Online Ordering,2.15,Visa,600000035460527630,84,29.10,,1,0.00,,http://www.toasttab.com/receipts/33eiUG9RSnqR9vgz4YmOIA/mXRsddwT7LRR7
,,,,CA02,2/8/25,2:41 PM,"Beef Pancake Roll (1) 酱香牛肉卷饼 (不辣), Pork & Shrimp Potstickers (6) 🦐 猪肉三鲜锅贴, Pork Wontons in Chicken Soup 鸡汤小馄饨, Pork Xiao Long Bao (8) 鲜肉小笼包",Default Online Ordering,3.82,Visa,600000035460530119,82,52.52,,1,0.00,,http://www.toasttab.com/receipts/33eiUG9RSnqR9vgz4YmOIA/CCrLqfNMjW9Mf
,,,,CA02,2/8/25,2:41 PM,"Chicken Potstickers (6) 鸡肉锅贴, Dan Dan Noodles Ⓥ🌶️🌶️ 担担面",Yun Juan Huang,1.11,Visa,600000035460715235,81,16.53,,1,3.04,Open % Check (20.00%),http://www.toasttab.com/receipts/33eiUG9RSnqR9vgz4YmOIA/RhRbswYgcddWw
,,,,CA02,2/8/25,2:44 PM,"Chicken Xiao Long Bao (8) 鸡肉小笼包, Beef Steamed Dumplings (6) 牛肉蒸饺, Pan Fried Wontons with Chili Sauce (6) 红油香煎大馄饨, Pork Wontons in Chili Sauce (6) 🌶️ 红油猪肉抄手, Dan Dan Noodles Ⓥ🌶️🌶️ 担担面, Spicy (Ma La) Noodles 🌶️🌶️ 麻辣小面, Jasmine Tea (Hot) 茉莉花茶 (热), Coke 可乐",Yafang Chen,5.09,Mastercard,600000035460881640,83,69.85,,2,0.00,,http://www.toasttab.com/receipts/33eiUG9RSnqR9vgz4YmOIA/LfHJHs7JRgTbq
,,,,CA02,2/8/25,3:02 PM,"Pork & Crab Meat Xiao Long Bao (8) 🦐 蟹肉小笼包, Sweet & Sour Cucumber Ⓥ 🌶️ 甜辣小黄瓜, Steamed Pork Buns (4) 特色鲜肉蒸包, Pork Wontons in Chicken Soup 鸡汤小馄饨, Spicy Beef Shank 🌶️🌶️ 麻辣牛腱",Default Online Ordering,3.97,Visa,600000035461810282,85,54.53,,1,0.00,,http://www.toasttab.com/receipts/33eiUG9RSnqR9vgz4YmOIA/qtxyMHqhTrKpY
,,,,CA02,2/8/25,3:02 PM,"Beef Potstickers (6) 牛肉锅贴, Dan Dan Noodles Ⓥ🌶️🌶️ 担担面, Pork Xiao Long Bao (8) 鲜肉小笼包, Green Onion Pancake (1) Ⓥ 葱油饼, Pan Fried Pork Buns (4) 特色鲜肉煎包, Spicy Beef Shank 🌶️🌶️ 麻辣牛腱, Beef-Stew Noodles 🌶️ 秘制牛肉小面",Default Online Ordering,5.07,Visa,600000035461914322,86,69.66,,1,0.00,,http://www.toasttab.com/receipts/33eiUG9RSnqR9vgz4YmOIA/pzjCx7bybJKNW
,,,,CA02,2/8/25,3:17 PM,"Chicken Xiao Long Bao (8) 鸡肉小笼包, Chicken Potstickers (6) 鸡肉锅贴, Chicken & Vegetable Wontons in Hot & Sour Sauce (6) 🌶️ 酸辣菜肉大馄饨",xin Meng,2.25,Visa,600000035463288911,87,26.80,,4,0.00,,http://www.toasttab.com/receipts/33eiUG9RSnqR9vgz4YmOIA/7CXfpwpbWCFJt
,,,,CA02,2/8/25,3:25 PM,"Vegetable Steamed Dumplings (6) Ⓥ 素三鲜蒸饺, Vegetarian Hot & Sour Glass Noodles Ⓥ 🌶️🌶️ 素酸辣粉",Default Online Ordering,1.39,Visa,600000035463356285,89,19.08,,1,0.00,,http://www.toasttab.com/receipts/33eiUG9RSnqR9vgz4YmOIA/rHWPYtTWYmbcR
,,,,CA02,2/8/25,3:27 PM,"Vegetable Potstickers (6) Ⓥ 素三鲜锅贴, Vegetable Steamed Dumplings (6) Ⓥ 素三鲜蒸饺, Chicken & Vegetable Wontons in Hot & Sour Sauce (6) 🌶️ 酸辣菜肉大馄饨, Minced Chicken Noodles 🌶️ 鸡肉肉燥小面",Default Online Ordering,2.73,Mastercard,600000035463448598,90,39.04,,1,0.00,,http://www.toasttab.com/receipts/33eiUG9RSnqR9vgz4YmOIA/WNN7TN7sMcWyH
600000035463245586,Dan C,8552228111,dd.toast.orders+orders_0b962d0e-7cc1-4e25-93b1-436a85c9b8d5@gmail.com,CA02,2/8/25,3:25 PM,"Pork & Shrimp Potstickers (6) 🦐 猪肉三鲜锅贴, Sweet & Sour Cucumber Ⓥ 🌶️ 甜辣小黄瓜, Beef-Stew Noodles 🌶️ 秘制牛肉小面",Default Online Ordering,2.36,Other,600000035463870450,88,28.26,,1,0.00,,http://www.toasttab.com/receipts/33eiUG9RSnqR9vgz4YmOIA/XywybHCWdKzjC
600000035464548064,PickUp-Angela T.,4088138576,dd.toast.orders+orders_b13235aa-4cdb-4a2c-b45d-4fd431f1d308@gmail.com,CA02,2/8/25,3:37 PM,"Pan Fried Beef Pies (2) 牛肉馅饼, Pan Fried Chive Dumplings (3) 韭菜盒子, Sweet & Sour Cucumber Ⓥ 🌶️ 甜辣小黄瓜, Dan Dan Noodles Ⓥ🌶️🌶️ 担担面, Shrimp & Zucchini Steamed Dumplings (6) 🦐 青瓜鲜虾蒸饺",Default Online Ordering,3.48,Other,600000035464250489,94,41.63,,1,0.00,,http://www.toasttab.com/receipts/33eiUG9RSnqR9vgz4YmOIA/wczm7pxywgLRM
,,,,CA02,2/8/25,3:33 PM,"Pork Xiao Long Bao (8) 鲜肉小笼包, Sweet & Sour Cucumber Ⓥ 🌶️ 甜辣小黄瓜, Pan Fried Pork Buns (4) 特色鲜肉煎包, Chinese Crepe 煎饼果子 (薄脆)",Default Online Ordering,3.16,Visa,600000035464339263,91,43.31,,1,0.00,,http://www.toasttab.com/receipts/33eiUG9RSnqR9vgz4YmOIA/xnn7mRRxssdFR
,,,,CA02,2/8/25,3:37 PM,"Pork Xiao Long Bao (8) 鲜肉小笼包, Dan Dan Noodles Ⓥ🌶️🌶️ 担担面, Pork Wontons in Chili Sauce (6) 🌶️ 红油猪肉抄手, Beef Steamed Dumplings (6) 牛肉蒸饺",Default Online Ordering,2.97,Mastercard,600000035464575128,93,40.73,,1,0.00,,http://www.toasttab.com/receipts/33eiUG9RSnqR9vgz4YmOIA/rwjkgtqgntWtd
,,,,CA02,2/8/25,3:36 PM,"Green Onion Pancake (1) Ⓥ 葱油饼, Pan Fried Chive Dumplings (3) 韭菜盒子, Pan Fried Chive Dumplings (3) 韭菜盒子, Pork Xiao Long Bao (8) 鲜肉小笼包, Pork Xiao Long Bao (8) 鲜肉小笼包, Pan Fried Pork Buns (4) 特色鲜肉煎包, Pan Fried Pork Buns (4) 特色鲜肉煎包, Pan Fried Pork Buns (4) 特色鲜肉煎包, Pork & Shrimp Potstickers (6) 🦐 猪肉三鲜锅贴, Shrimp & Zucchini Steamed Dumplings (6) 🦐 青瓜鲜虾蒸饺, Pork Wontons in Chili Sauce (6) 🌶️ 红油猪肉抄手, Pork Wontons in Chili Sauce (6) 🌶️ 红油猪肉抄手, Sweet & Sour Cucumber Ⓥ 🌶️ 甜辣小黄瓜, Sweet & Sour Cucumber Ⓥ 🌶️ 甜辣小黄瓜, Green Onion Soy Sauce Noodles Ⓥ 葱油拌面, Spicy (Ma La) Noodles 🌶️🌶️ 麻辣小面, Beef-Stew Noodles 🌶️ 秘制牛肉小面",xiaoli zheng,12.54,Visa,600000035464742920,92,172.03,,1,0.00,,http://www.toasttab.com/receipts/33eiUG9RSnqR9vgz4YmOIA/gcTm9bCxJFKwX
600000035466555162,PickUp-Arshay R.,4089304891,dd.toast.orders+orders_eb4acbb3-33d8-44aa-b8d2-0c31c00a7691@gmail.com,CA02,2/8/25,4:03 PM,"Green Onion Pancake (1) Ⓥ 葱油饼, Vegetable Potstickers (6) Ⓥ 素三鲜锅贴, Green Onion Soy Sauce Noodles Ⓥ 葱油拌面",Default Online Ordering,1.77,Other,600000035466214946,95,23.05,,1,0.00,,http://www.toasttab.com/receipts/33eiUG9RSnqR9vgz4YmOIA/RTtNwKKwrWTdx
,,,,CA02,2/8/25,4:17 PM,"Pork Wontons in Chili Sauce (6) 🌶️ 红油猪肉抄手, Sweet & Sour Cucumber Ⓥ 🌶️ 甜辣小黄瓜, Chicken Xiao Long Bao (8) 鸡肉小笼包, Pan Fried Wontons with Sweet & Spicy Garlic Sauce (6) 甜辣香煎大馄饨, Green Onion Soy Sauce Noodles Ⓥ 葱油拌面, Sprite 雪碧, Chinese Crepe 煎饼果子 (薄脆)",Default Online Ordering,5.86,Visa,600000035467451189,96,82.61,,1,0.00,,http://www.toasttab.com/receipts/33eiUG9RSnqR9vgz4YmOIA/YnsdsqPjngpFm
600000035467207449,PickUp-Phu D.,4083865165,dd.toast.orders+orders_18ad633b-4741-4a73-a92b-838051015e36@gmail.com,CA02,2/8/25,4:20 PM,"Sweet & Sour Cucumber Ⓥ 🌶️ 甜辣小黄瓜, Beef-Stew Noodles 🌶️ 秘制牛肉小面, Pan Fried Pork Buns (4) 特色鲜肉煎包",Default Online Ordering,2.29,Other,600000035467626091,98,29.95,,1,0.00,,http://www.toasttab.com/receipts/33eiUG9RSnqR9vgz4YmOIA/W7HxhHwYqRMtP
600000035468071803,Alex G,8552228111,dd.toast.orders+orders_3e1dee72-d113-47e6-8d4b-6d707745412f@gmail.com,CA02,2/8/25,4:19 PM,"Green Onion Pancake (1) Ⓥ 葱油饼, Beef Pancake Roll (1) 酱香牛肉卷饼 (不辣), Sour Plum Juice (Cold) 酸梅汁 (冷), Pan Fried Pork Buns (4) 特色鲜肉煎包, Pork Xiao Long Bao (8) 鲜肉小笼包",Default Online Ordering,8.86,Other,600000035467839322,97,106.01,,1,0.00,,http://www.toasttab.com/receipts/33eiUG9RSnqR9vgz4YmOIA/Cw7YMjrNsTxJc
,,,,CA02,2/8/25,4:32 PM,"Pork Xiao Long Bao (8) 鲜肉小笼包, Green Onion Soy Sauce Noodles Ⓥ 葱油拌面, Dan Dan Noodles Ⓥ🌶️🌶️ 担担面, Banana Naan Bread (1) Ⓥ 香蕉飞饼, Passion Fruit Green Tea (Cold) 百香果绿茶 (冷), Sprite 雪碧, Pork & Shrimp Potstickers (6) 🦐 猪肉三鲜锅贴, Pork Xiao Long Bao (8) 鲜肉小笼包",Default Online Ordering,5.33,Visa,600000035469004421,99,73.29,,1,0.00,,http://www.toasttab.com/receipts/33eiUG9RSnqR9vgz4YmOIA/nHyrHnHz7mHLc
,,,,CA02,2/8/25,4:36 PM,"Shrimp & Zucchini Steamed Dumplings (6) 🦐 青瓜鲜虾蒸饺, Chicken & Vegetable Wontons in Chili Sauce (6) 🌶️ 红油菜肉大馄饨, Pork Xiao Long Bao (8) 鲜肉小笼包",Default Online Ordering,2.34,Mastercard,600000035469166422,100,32.13,,1,0.00,,http://www.toasttab.com/receipts/33eiUG9RSnqR9vgz4YmOIA/hwmnxYgKWWsKt
,,,,CA02,2/8/25,4:45 PM,"Pork & Crab Meat Xiao Long Bao (8) 🦐 蟹肉小笼包, Pan Fried Pork Buns (4) 特色鲜肉煎包",Default Online Ordering,1.82,Visa,600000035469436445,102,21.72,,1,0.00,,http://www.toasttab.com/receipts/33eiUG9RSnqR9vgz4YmOIA/rx7CRmHJX7XkR
,,,,CA02,2/8/25,4:48 PM,"Pork & Crab Meat Xiao Long Bao (8) 🦐 蟹肉小笼包, Beef-Stew Noodles 🌶️ 秘制牛肉小面, Pan Fried Pork Buns (4) 特色鲜肉煎包, Pork & Shrimp Potstickers (6) 🦐 猪肉三鲜锅贴",Default Online Ordering,3.21,Discover,600000035469939036,103,44.06,,1,0.00,,http://www.toasttab.com/receipts/33eiUG9RSnqR9vgz4YmOIA/JJXHmJwRg79FN
,,,,CA02,2/8/25,4:43 PM,"Green Onion Pancake (1) Ⓥ 葱油饼, Pork Xiao Long Bao (8) 鲜肉小笼包, Pan Fried Pork Buns (4) 特色鲜肉煎包, Pork & Shrimp Potstickers (6) 🦐 猪肉三鲜锅贴, Beef-Stew Noodles 🌶️ 秘制牛肉小面, Pork & Shrimp Potstickers (6) 🦐 猪肉三鲜锅贴",Yun Juan Huang,4.26,Visa,600000035470083167,101,58.43,,4,0.00,,http://www.toasttab.com/receipts/33eiUG9RSnqR9vgz4YmOIA/qMxPpFTF7cJdb
,,,,CA02,2/8/25,4:55 PM,"Sweet & Sour Cucumber Ⓥ 🌶️ 甜辣小黄瓜, Chicken Xiao Long Bao (8) 鸡肉小笼包, Pork Wontons in Chicken Soup 鸡汤小馄饨, Pork Xiao Long Bao (8) 鲜肉小笼包, Beef Pancake Roll (1) 酱香牛肉卷饼 (不辣), Hot & Sour Glass Noodles 🌶️🌶️ 酸辣粉, Passion Fruit Green Tea (Cold) 百香果绿茶 (冷), Milk Tea (Cold) 奶茶 (冷), Add Boba 珍珠, Coke 可乐, Jasmine Tea (Hot) 茉莉花茶 (热), Steamed Pork Buns (4) 特色鲜肉蒸包, Beef Potstickers (6) 牛肉锅贴",Default Online Ordering,10.99,Visa,600000035470211948,104,151.10,,1,0.00,,http://www.toasttab.com/receipts/33eiUG9RSnqR9vgz4YmOIA/RbCKyfCHywnjW
,,,,CA02,2/8/25,5:06 PM,"Pork Xiao Long Bao (8) 鲜肉小笼包, Pork & Crab Meat Xiao Long Bao (8) 🦐 蟹肉小笼包, Chinese Crepe 煎饼果子 (薄脆)",Default Online Ordering,2.49,Visa,600000035471384133,105,35.03,,1,0.00,,http://www.toasttab.com/receipts/33eiUG9RSnqR9vgz4YmOIA/rHHsxPhmMxpwn
600000035471548872,PickUp-Pauline H.,7148240340,dd.toast.orders+orders_3b0f8f96-72bd-4e7a-b53e-f84ab956683e@gmail.com,CA02,2/8/25,5:10 PM,"Sweet & Sour Cucumber Ⓥ 🌶️ 甜辣小黄瓜, Pork Xiao Long Bao (8) 鲜肉小笼包, Pan Fried Pork Buns (4) 特色鲜肉煎包",Default Online Ordering,2.48,Other,600000035471748571,108,32.40,,1,0.00,,http://www.toasttab.com/receipts/33eiUG9RSnqR9vgz4YmOIA/WyLXyWXpCcdCJ
600000035471859660,PickUp-Andrea R.,6507145699,dd.toast.orders+orders_80728536-60ed-4a17-a99c-1afd17e8c299@gmail.com,CA02,2/8/25,5:09 PM,"Green Onion Pancake (1) Ⓥ 葱油饼, Beef Pancake Roll (1) 酱香牛肉卷饼 (不辣), Sweet & Sour Cucumber Ⓥ 🌶️ 甜辣小黄瓜, Green Onion Soy Sauce Noodles Ⓥ 葱油拌面, Zha Jiang Mian 京味炸酱面, Steamed Pork Buns (4) 特色鲜肉蒸包",Default Online Ordering,4.63,Other,600000035472024254,107,55.38,,1,0.00,,http://www.toasttab.com/receipts/33eiUG9RSnqR9vgz4YmOIA/WJkjWfCnh9Cwq
,,,,CA02,2/8/25,5:09 PM,"Green Onion Pancake (1) Ⓥ 葱油饼, Chicken Xiao Long Bao (8) 鸡肉小笼包, Vegetable Potstickers (6) Ⓥ 素三鲜锅贴, Pan Fried Wontons with Sweet & Spicy Garlic Sauce (6) 甜辣香煎大馄饨, Sweet & Sour Cucumber Ⓥ 🌶️ 甜辣小黄瓜, Spicy (Ma La) Noodles 🌶️🌶️ 麻辣小面, Banana Naan Bread (1) Ⓥ 香蕉飞饼, Sapporo, Ozeki Sake Dry (375 ml / 12.68 fl.oz.), Sapporo",Yafang Chen,6.74,Visa,600000035472097629,106,91.00,,2,0.00,,http://www.toasttab.com/receipts/33eiUG9RSnqR9vgz4YmOIA/YCdpsRqwsCFpJ
,,,,CA02,2/8/25,5:30 PM,"Pork Xiao Long Bao (8) 鲜肉小笼包, Dan Dan Noodles Ⓥ🌶️🌶️ 担担面, Sweet & Sour Cucumber Ⓥ 🌶️ 甜辣小黄瓜, Green Onion Pancake (1) Ⓥ 葱油饼, Pan Fried Pork Buns (4) 特色鲜肉煎包, Beef Pancake Roll (1) 酱香牛肉卷饼 (不辣), Chicken Steamed Dumplings (6) 鸡肉蒸饺, Passion Fruit Green Tea (Cold) 百香果绿茶 (冷), Add Boba 珍珠",Default Online Ordering,5.75,Amex,600000035472916639,111,83.75,,1,0.00,,http://www.toasttab.com/receipts/33eiUG9RSnqR9vgz4YmOIA/j9fXwYHhxksTH
,,,,CA02,2/8/25,5:33 PM,"Dan Dan Noodles Ⓥ🌶️🌶️ 担担面, Pan Fried Pork Buns (4) 特色鲜肉煎包, Beef Pancake Roll (1) 酱香牛肉卷饼 (不辣), Beef Potstickers (6) 牛肉锅贴, Green Onion Soy Sauce Noodles Ⓥ 葱油拌面, Diet Coke 健怡可乐",Default Online Ordering,4.11,Visa,600000035473105643,113,59.62,,1,0.00,,http://www.toasttab.com/receipts/33eiUG9RSnqR9vgz4YmOIA/LbWFcYjsdtzHj
,,,,CA02,2/8/25,5:27 PM,"Dan Dan Noodles Ⓥ🌶️🌶️ 担担面, Beef-Stew Noodle Soup 🌶️ 秘制牛肉汤面, Kale Salad with Sesame Dressing Ⓥ 麻酱羽衣甘蓝沙拉, Chicken & Vegetable Wontons in Chicken Soup 鸡汤菜肉大馄饨, Chicken & Vegetable Wontons in Hot & Sour Sauce (6) 🌶️ 酸辣菜肉大馄饨",Default Online Ordering,3.69,Visa,600000035473445801,109,50.65,,1,0.00,,http://www.toasttab.com/receipts/33eiUG9RSnqR9vgz4YmOIA/hcjkLmkdWmwd9
,,,,CA02,2/8/25,5:32 PM,"Pork Xiao Long Bao (8) 鲜肉小笼包, Pork & Shrimp Potstickers (6) 🦐 猪肉三鲜锅贴, Pork Wontons in Hot & Sour Sauce (6) 🌶️ 酸辣猪肉抄手, Yibin Noodles Ⓥ 🌶️ 宜宾燃面, Pork & Crab Meat Xiao Long Bao (8) 🦐 蟹肉小笼包",Default Online Ordering,3.88,Mastercard,600000035473658615,112,52.28,,1,0.00,,http://www.toasttab.com/receipts/33eiUG9RSnqR9vgz4YmOIA/yfwJpRqRmTxyY
,,,,CA02,2/8/25,5:31 PM,"Beef Sandwich (1) 大嘴牛肉包 (不辣), Pork Xiao Long Bao (8) 鲜肉小笼包, Pork Xiao Long Bao (8) 鲜肉小笼包, Chicken Xiao Long Bao (8) 鸡肉小笼包, Pan Fried Pork Buns (4) 特色鲜肉煎包, Steamed Pork Buns (4) 特色鲜肉蒸包, Chicken Steamed Dumplings (6) 鸡肉蒸饺, Pan Fried Wontons with Sweet & Spicy Garlic Sauce (6) 甜辣香煎大馄饨, Pork Wontons in Hot & Sour Sauce (6) 🌶️ 酸辣猪肉抄手, Sweet & Sour Cucumber Ⓥ 🌶️ 甜辣小黄瓜, Sweet & Sour Cucumber Ⓥ 🌶️ 甜辣小黄瓜, Sweet & Sour Cucumber Ⓥ 🌶️ 甜辣小黄瓜, Romaine Lettuce Salad with Sesame Dressing Ⓥ 麻酱生菜沙拉, Romaine Lettuce Salad with Sesame Dressing Ⓥ 麻酱生菜沙拉, Dan Dan Noodles Ⓥ🌶️🌶️ 担担面, Dan Dan Noodles Ⓥ🌶️🌶️ 担担面, Ube Milk Tea (Cold) 紫薯奶茶 (冷), Add Boba 珍珠, Ube Milk Tea (Cold) 紫薯奶茶 (冷), Add Boba 珍珠, Ube Milk Tea (Cold) 紫薯奶茶 (冷), Ube Milk Tea (Cold) 紫薯奶茶 (冷), Add Boba 珍珠",Yafang Chen,14.45,Mastercard,600000035473742455,110,202.50,,8,0.00,,http://www.toasttab.com/receipts/33eiUG9RSnqR9vgz4YmOIA/9Ry99TNMgqp9P
,,,,CA02,2/8/25,5:42 PM,"Chicken Xiao Long Bao (8) 鸡肉小笼包, Chicken Potstickers (6) 鸡肉锅贴, Chicken Steamed Dumplings (6) 鸡肉蒸饺, Yibin Noodles Ⓥ 🌶️ 宜宾燃面, Diet Coke 健怡可乐, Pork Xiao Long Bao (8) 鲜肉小笼包, Kale Salad with Sweet & Spicy Garlic Dressing Ⓥ 🌶️ 甜辣羽衣甘蓝沙拉, Dan Dan Noodles Ⓥ🌶️🌶️ 担担面",Default Online Ordering,10.74,Amex,600000035473885042,118,154.13,,1,0.00,,http://www.toasttab.com/receipts/33eiUG9RSnqR9vgz4YmOIA/McH7MnhzwTHzp
,,,,CA02,2/8/25,5:40 PM,"Pork & Shrimp Potstickers (6) 🦐 猪肉三鲜锅贴, Pork Wontons in Chili Sauce (6) 🌶️ 红油猪肉抄手, Green Onion Soy Sauce Noodles Ⓥ 葱油拌面, Pork Xiao Long Bao (8) 鲜肉小笼包, Green Onion Pancake (1) Ⓥ 葱油饼",Default Online Ordering,3.35,Visa,600000035474148964,117,47.95,,1,0.00,,http://www.toasttab.com/receipts/33eiUG9RSnqR9vgz4YmOIA/Tfgp9WzHgqypL
,,,,CA02,2/8/25,5:37 PM,"Dan Dan Noodles Ⓥ🌶️🌶️ 担担面, Beef Pancake Roll (1) 酱香牛肉卷饼 (不辣), Chicken Potstickers (6) 鸡肉锅贴, Green Onion Soy Sauce Noodles Ⓥ 葱油拌面, Kale Salad with Sesame Dressing Ⓥ 麻酱羽衣甘蓝沙拉, Broccoli with Seafood Sauce 蚝油西兰花",Yafang Chen,4.31,Amex,600000035474181055,114,59.12,,1,0.00,,http://www.toasttab.com/receipts/33eiUG9RSnqR9vgz4YmOIA/q7nzbwbnTd9Xn
,,,,CA02,2/8/25,5:45 PM,"Dan Dan Noodles Ⓥ🌶️🌶️ 担担面, Chicken Xiao Long Bao (8) 鸡肉小笼包, Vegetable Potstickers (6) Ⓥ 素三鲜锅贴, Green Onion Pancake (1) Ⓥ 葱油饼, Pan Fried Chive Dumplings (3) 韭菜盒子, Jasmine Tea (Hot) 茉莉花茶 (热)",Default Online Ordering,3.85,Visa,600000035474264137,119,54.22,,1,0.00,,http://www.toasttab.com/receipts/33eiUG9RSnqR9vgz4YmOIA/bTxJhNsbdhfrK
,,,,CA02,2/8/25,5:40 PM,"Pork Xiao Long Bao (8) 鲜肉小笼包, Sweet & Sour Cucumber Ⓥ 🌶️ 甜辣小黄瓜, Dan Dan Noodles Ⓥ🌶️🌶️ 担担面, Beef-Stew Noodles 🌶️ 秘制牛肉小面, Beef-Stew Noodle Soup 🌶️ 秘制牛肉汤面, Pork Xiao Long Bao (8) 鲜肉小笼包, Pork Wontons in Chili Sauce (6) 🌶️ 红油猪肉抄手, Sweet & Sour Cucumber Ⓥ 🌶️ 甜辣小黄瓜, Kale Salad with Sesame Dressing Ⓥ 麻酱羽衣甘蓝沙拉, Dan Dan Noodles Ⓥ🌶️🌶️ 担担面, Dan Dan Noodles Ⓥ🌶️🌶️ 担担面, Pork & Shrimp Potstickers (6) 🦐 猪肉三鲜锅贴, Dan Dan Noodles Ⓥ🌶️🌶️ 担担面",Yafang Chen,9.68,Visa,600000035474401670,116,132.86,,3,0.00,,http://www.toasttab.com/receipts/33eiUG9RSnqR9vgz4YmOIA/gmsHmsRY9xysx
,,,,CA02,2/8/25,5:58 PM,"Pork Xiao Long Bao (8) 鲜肉小笼包, Pan Fried Pork Buns (4) 特色鲜肉煎包, Dan Dan Noodles Ⓥ🌶️🌶️ 担担面",Default Online Ordering,3.26,Visa,600000035474918941,125,45.97,,1,0.00,,http://www.toasttab.com/receipts/33eiUG9RSnqR9vgz4YmOIA/ttzcJznYXCFsY
600000035475134776,Julia L,8552228111,dd.toast.orders+orders_1e758758-4e82-4502-8880-27dc3d9c6542@gmail.com,CA02,2/8/25,5:58 PM,"Vegetable Potstickers (6) Ⓥ 素三鲜锅贴, Beef Potstickers (6) 牛肉锅贴, Vegetarian Spicy (Ma La) Noodles Ⓥ 🌶️🌶️ 素麻辣小面, Chicken Xiao Long Bao (8) 鸡肉小笼包, Pan Fried Pork Buns (4) 特色鲜肉煎包",Default Online Ordering,4.00,Other,600000035475123881,126,52.80,,1,0.00,,http://www.toasttab.com/receipts/33eiUG9RSnqR9vgz4YmOIA/rmR7srXPrPJcc
,,,,CA02,2/8/25,6:04 PM,"Beef-Stew Noodle Soup 🌶️ 秘制牛肉汤面, Pork Wontons in Chili Sauce (6) 🌶️ 红油猪肉抄手, Pork Xiao Long Bao (8) 鲜肉小笼包",Default Online Ordering,2.49,Mastercard,600000035475244746,128,34.14,,1,0.00,,http://www.toasttab.com/receipts/33eiUG9RSnqR9vgz4YmOIA/LsnYhHnHgYthh
,,,,CA02,2/8/25,5:58 PM,"Pork Xiao Long Bao (8) 鲜肉小笼包, Sweet & Sour Cucumber Ⓥ 🌶️ 甜辣小黄瓜, Chicken & Vegetable Wontons in Chili Sauce (6) 🌶️ 红油菜肉大馄饨",Default Online Ordering,1.58,Visa,600000035475331975,123,22.75,,1,7.30,Customer Service Discount (100.00%),http://www.toasttab.com/receipts/33eiUG9RSnqR9vgz4YmOIA/PHxFc7wPfyHdH
,,,,CA02,2/8/25,6:07 PM,"Chicken Xiao Long Bao (8) 鸡肉小笼包, Beef-Stew Noodles 🌶️ 秘制牛肉小面, Pan Fried Wontons with Chili Sauce (6) 红油香煎大馄饨, Kale Salad with Sesame Dressing Ⓥ 麻酱羽衣甘蓝沙拉",Default Online Ordering,2.97,Visa,600000035475332045,131,40.73,,1,0.00,,http://www.toasttab.com/receipts/33eiUG9RSnqR9vgz4YmOIA/zsRgbqmjTbCqw
600000035474122048,PickUp-Wayne K.,4084603603,dd.toast.orders+orders_bf9e41da-2212-4d04-8d78-c138c24ac011@gmail.com,CA02,2/8/25,5:56 PM,"Pork Wontons in Chili Sauce (6) 🌶️ 红油猪肉抄手, Chicken & Vegetable Wontons in Chicken Soup 鸡汤菜肉大馄饨",Default Online Ordering,2.11,Other,600000035475493700,120,26.21,,1,0.00,,http://www.toasttab.com/receipts/33eiUG9RSnqR9vgz4YmOIA/jnTtNj7cjkskh
,,,,CA02,2/8/25,5:57 PM,"Pork & Crab Meat Xiao Long Bao (8) 🦐 蟹肉小笼包, Spicy Beef Pancake Roll (1) 🌶️🌶️ 麻辣牛肉卷饼, Kale Salad with Sesame Dressing Ⓥ 麻酱羽衣甘蓝沙拉, Beef-Stew Noodle Soup 🌶️ 秘制牛肉汤面, Beef-Stew Noodles 🌶️ 秘制牛肉小面, Chinese Crepe 煎饼果子 (薄脆)",Default Online Ordering,4.74,Visa,600000035475493704,121,65.02,,1,0.00,,http://www.toasttab.com/receipts/33eiUG9RSnqR9vgz4YmOIA/RY7ybhkcs7CKx
,,,,CA02,2/8/25,6:06 PM,"Sweet & Sour Cucumber Ⓥ 🌶️ 甜辣小黄瓜, Pork Xiao Long Bao (8) 鲜肉小笼包, Pork & Crab Meat Xiao Long Bao (8) 🦐 蟹肉小笼包, Pork & Shrimp Potstickers (6) 🦐 猪肉三鲜锅贴, Pork Wontons in Chili Sauce (6) 🌶️ 红油猪肉抄手, Chicken & Vegetable Wontons in Chicken Soup 鸡汤菜肉大馄饨, Chicken Xiao Long Bao (8) 鸡肉小笼包, Pan Fried Wontons with Chili Sauce (6) 红油香煎大馄饨, Ozeki Sake Dry (375 ml / 12.68 fl.oz.), Sapporo, Banana Naan Bread (1) Ⓥ 香蕉飞饼",Default Online Ordering,10.36,Visa,600000035475513344,130,142.21,,1,0.00,,http://www.toasttab.com/receipts/33eiUG9RSnqR9vgz4YmOIA/mLnmRckRqkwK9
,,,,CA02,2/8/25,5:57 PM,"Chrysanthemum Tea (Hot) 菊花茶 (热), Beef Pancake Roll (1) 酱香牛肉卷饼 (不辣), Pork Xiao Long Bao (8) 鲜肉小笼包, Pork Xiao Long Bao (8) 鲜肉小笼包, Pork & Shrimp Potstickers (6) 🦐 猪肉三鲜锅贴, Pork Wontons in Chili Sauce (6) 🌶️ 红油猪肉抄手, Pork Wontons in Chili Sauce (6) 🌶️ 红油猪肉抄手, Broccoli with Seafood Sauce 蚝油西兰花, Dan Dan Noodles Ⓥ🌶️🌶️ 担担面, Green Onion Soy Sauce Noodles Ⓥ 葱油拌面, Beef Pancake Roll (1) 酱香牛肉卷饼 (不辣)",Yafang Chen,8.16,Visa,600000035475590344,122,114.88,,3,0.00,,http://www.toasttab.com/receipts/33eiUG9RSnqR9vgz4YmOIA/RPqRPHwHjywkr
,,,,CA02,2/8/25,6:04 PM,"Pork Xiao Long Bao (8) 鲜肉小笼包, Green Onion Soy Sauce Noodles Ⓥ 葱油拌面, Pan Fried Pork Buns (4) 特色鲜肉煎包, Green Onion Pancake (1) Ⓥ 葱油饼, Minced Chicken Noodles 🌶️ 鸡肉肉燥小面",Default Online Ordering,3.64,Visa,600000035475615479,129,50.01,,1,0.00,,http://www.toasttab.com/receipts/33eiUG9RSnqR9vgz4YmOIA/FFKWFLXWHTkp7
600000035475095375,PickUp-Hehui Z.,5124965085,dd.toast.orders+orders_8303b971-686f-4d9e-97ac-1fa2150f1d4c@gmail.com,CA02,2/8/25,5:58 PM,"Braised Pig Ears 🌶️ 凉拌猪耳, Five Spice Beef Shank 五香牛腱, Pork Wontons in Chili Sauce (6) 🌶️ 红油猪肉抄手, Beef Sandwich (1) 大嘴牛肉包 (不辣), Pan Fried Chive Dumplings (3) 韭菜盒子, Kale Salad with Sesame Dressing Ⓥ 麻酱羽衣甘蓝沙拉, Vegetable Potstickers (6) Ⓥ 素三鲜锅贴, Chicken Potstickers (6) 鸡肉锅贴, Dan Dan Noodles Ⓥ🌶️🌶️ 担担面, Pork & Crab Meat Xiao Long Bao (8) 🦐 蟹肉小笼包, Pork Xiao Long Bao (8) 鲜肉小笼包",Default Online Ordering,8.63,Other,600000035475648400,124,103.18,,1,0.00,,http://www.toasttab.com/receipts/33eiUG9RSnqR9vgz4YmOIA/WfxTThcmxryLs
,,,,CA02,2/8/25,6:02 PM,"Chinese Crepe 煎饼果子 (薄脆), Hot & Sour Glass Noodles 🌶️🌶️ 酸辣粉, Sweet & Sour Cucumber Ⓥ 🌶️ 甜辣小黄瓜, Spicy (Ma La) Noodles 🌶️🌶️ 麻辣小面, Pan Fried Pork Buns (4) 特色鲜肉煎包, Chicken & Vegetable Wontons in Chili Sauce (6) 🌶️ 红油菜肉大馄饨",Default Online Ordering,5.27,Amex,600000035475893600,127,72.30,,1,0.00,,http://www.toasttab.com/receipts/33eiUG9RSnqR9vgz4YmOIA/KjrHWgJLxNrrn
,,,,CA02,2/8/25,6:13 PM,"Pork Xiao Long Bao (8) 鲜肉小笼包, Pork & Shrimp Potstickers (6) 🦐 猪肉三鲜锅贴, Romaine Lettuce Salad with Sweet & Spicy Garlic Dressing Ⓥ 🌶️ 甜辣生菜沙拉, Sapporo, Hot & Sour Glass Noodles 🌶️🌶️ 酸辣粉",Default Online Ordering,4.16,Mastercard,600000035476240222,133,57.05,,1,0.00,,http://www.toasttab.com/receipts/33eiUG9RSnqR9vgz4YmOIA/FF9wqzqwrc7yk
600000035466904475,Alecia Chen,6509379447,webberplatypus@yahoo.com,CA02,2/8/25,6:20 PM,"Pan Fried Pork Buns (4) 特色鲜肉煎包, Pork Xiao Long Bao (8) 鲜肉小笼包, Sweet & Sour Cucumber Ⓥ 🌶️ 甜辣小黄瓜, Pork Wontons in Chili Sauce (6) 🌶️ 红油猪肉抄手, Beef-Stew Noodle Soup 🌶️ 秘制牛肉汤面, Cold Noodles with Sesame Dressing Ⓥ 麻酱凉面, Green Onion Pancake (1) Ⓥ 葱油饼",Default Online Ordering,5.55,Visa,600000035476555578,134,76.13,,1,0.00,,http://www.toasttab.com/receipts/33eiUG9RSnqR9vgz4YmOIA/R9R7gpKjHxgjt
,,,,CA02,2/8/25,6:12 PM,"Pork Xiao Long Bao (8) 鲜肉小笼包, Pork & Crab Meat Xiao Long Bao (8) 🦐 蟹肉小笼包, Sweet & Sour Cucumber Ⓥ 🌶️ 甜辣小黄瓜, Beef-Stew Noodle Soup 🌶️ 秘制牛肉汤面, Zha Jiang Mian 京味炸酱面, Beef Pancake Roll (1) 酱香牛肉卷饼 (不辣), Chicken Potstickers (6) 鸡肉锅贴, Beef-Stew Noodles 🌶️ 秘制牛肉小面",Yafang Chen,6.37,Visa,600000035476567287,132,89.70,,8,0.00,,http://www.toasttab.com/receipts/33eiUG9RSnqR9vgz4YmOIA/dRzCNwkLmMyby
600000035476459628,Leah C,8552228111,dd.toast.orders+orders_ad45258e-2045-4714-96bc-28d48f33b59a@gmail.com,CA02,2/8/25,6:21 PM,"Pork Xiao Long Bao (8) 鲜肉小笼包, Steamed Pork Buns (4) 特色鲜肉蒸包",Default Online Ordering,2.09,Other,600000035476716374,135,24.99,,1,0.00,,http://www.toasttab.com/receipts/33eiUG9RSnqR9vgz4YmOIA/mXnCRNMYnMcXL
,,,,CA02,2/8/25,6:25 PM,"Sweet & Sour Cucumber Ⓥ 🌶️ 甜辣小黄瓜, Green Onion Pancake (1) Ⓥ 葱油饼, Jasmine Tea (Hot) 茉莉花茶 (热), Vegetarian Hot & Sour Glass Noodles Ⓥ 🌶️🌶️ 素酸辣粉, Vegetable Steamed Dumplings (6) Ⓥ 素三鲜蒸饺, Vegetarian Spicy (Ma La) Noodles Ⓥ 🌶️🌶️ 素麻辣小面",Default Online Ordering,3.66,Visa,600000035476789186,139,50.27,,1,0.00,,http://www.toasttab.com/receipts/33eiUG9RSnqR9vgz4YmOIA/PKJFRYRhCxxzf
,,,,CA02,2/8/25,6:30 PM,"Pork Xiao Long Bao (8) 鲜肉小笼包, Beef Sandwich (1) 大嘴牛肉包 (不辣), Green Onion Soy Sauce Noodles Ⓥ 葱油拌面",Default Online Ordering,1.39,Visa,600000035476789840,143,20.57,,1,9.95,Operation Management (100.00%),http://www.toasttab.com/receipts/33eiUG9RSnqR9vgz4YmOIA/FX9mpCkLWCRtH
,,,,CA02,2/8/25,6:34 PM,"Beef-Stew Noodle Soup 🌶️ 秘制牛肉汤面, Cold Noodles with Sesame Dressing Ⓥ 麻酱凉面, Pan Fried Pork Buns (4) 特色鲜肉煎包, Pork Wontons in Chicken Soup 鸡汤小馄饨, Banana Naan Bread (1) Ⓥ 香蕉飞饼, Beef Pancake Roll (1) 酱香牛肉卷饼 (不辣)",Default Online Ordering,4.75,Visa,600000035476926097,146,67.02,,1,0.00,,http://www.toasttab.com/receipts/33eiUG9RSnqR9vgz4YmOIA/TLCrCfKNYzhTR
600000035476744581,Nina M,8552228111,dd.toast.orders+orders_4d3475ce-0266-4290-bdce-fc3ee398fb9b@gmail.com,CA02,2/8/25,6:29 PM,"Green Onion Pancake (1) Ⓥ 葱油饼, Chicken Potstickers (6) 鸡肉锅贴, Shrimp & Zucchini Steamed Dumplings (6) 🦐 青瓜鲜虾蒸饺, Dan Dan Noodles Ⓥ🌶️🌶️ 担担面, Chicken Xiao Long Bao (8) 鸡肉小笼包",Default Online Ordering,4.33,Other,600000035476952534,140,56.78,,1,0.00,,http://www.toasttab.com/receipts/33eiUG9RSnqR9vgz4YmOIA/YsTKJxXHNdJdT
,,,,CA02,2/8/25,6:31 PM,"Pork Xiao Long Bao (8) 鲜肉小笼包, Pan Fried Pork Buns (4) 特色鲜肉煎包, Dan Dan Noodles Ⓥ🌶️🌶️ 担担面, Pork Wontons in Chicken Soup 鸡汤小馄饨, Kale Salad with Sesame Dressing Ⓥ 麻酱羽衣甘蓝沙拉, Ube Milk Tea (Cold) 紫薯奶茶 (冷), Pork Xiao Long Bao (8) 鲜肉小笼包",Default Online Ordering,7.20,Visa,600000035477081842,145,103.20,,2,0.00,,http://www.toasttab.com/receipts/33eiUG9RSnqR9vgz4YmOIA/sTNgWHMwmjfWj
600000035477049863,Davin T,8552228111,dd.toast.orders+orders_81c1be2b-a3e9-4b13-a025-42c904c7e83c@gmail.com,CA02,2/8/25,6:23 PM,"Chicken Potstickers (6) 鸡肉锅贴, Pork Xiao Long Bao (8) 鲜肉小笼包, Chicken Xiao Long Bao (8) 鸡肉小笼包",Default Online Ordering,3.44,Other,600000035477128806,136,46.19,,1,0.00,,http://www.toasttab.com/receipts/33eiUG9RSnqR9vgz4YmOIA/gkXCxyfysXw97
,,,,CA02,2/8/25,6:24 PM,"Oolong Tea (Hot) 乌龙茶 (热), Pork Xiao Long Bao (8) 鲜肉小笼包, Pan Fried Pork Buns (4) 特色鲜肉煎包, Pan Fried Wontons with Sweet & Spicy Garlic Sauce (6) 甜辣香煎大馄饨, Sweet & Sour Cucumber Ⓥ 🌶️ 甜辣小黄瓜, Green Onion Soy Sauce Noodles Ⓥ 葱油拌面",Yafang Chen,4.38,Visa,600000035477301668,138,61.69,,2,0.00,,http://www.toasttab.com/receipts/33eiUG9RSnqR9vgz4YmOIA/yCpgWsckkfYRq
,,,,CA02,2/8/25,6:37 PM,"Sweet & Sour Cucumber Ⓥ 🌶️ 甜辣小黄瓜, Chicken Xiao Long Bao (8) 鸡肉小笼包, Beef Potstickers (6) 牛肉锅贴, Pork Wontons in Chili Sauce (6) 🌶️ 红油猪肉抄手, Steamed Pork Buns (4) 特色鲜肉蒸包, Ube Milk Tea (Cold) 紫薯奶茶 (冷), Banana Naan Bread (1) Ⓥ 香蕉飞饼, Chicken & Vegetable Wontons in Chili Sauce (6) 🌶️ 红油菜肉大馄饨",Default Online Ordering,5.67,Visa,600000035477434878,150,77.82,,1,0.00,,http://www.toasttab.com/receipts/33eiUG9RSnqR9vgz4YmOIA/97fHcTMycqpTF
600000035476583330,PickUp-Lian S,8552228111,dd.toast.orders+orders_4a588e9c-f5be-43ea-a32c-37538811dc0b@gmail.com,CA02,2/8/25,6:30 PM,"Chicken Potstickers (6) 鸡肉锅贴, Pork Wontons in Chili Sauce (6) 🌶️ 红油猪肉抄手, Sweet & Sour Cucumber Ⓥ 🌶️ 甜辣小黄瓜, Green Onion Soy Sauce Noodles Ⓥ 葱油拌面, Pork & Crab Meat Xiao Long Bao (8) 🦐 蟹肉小笼包, Pork Xiao Long Bao (8) 鲜肉小笼包, Chicken Xiao Long Bao (8) 鸡肉小笼包",Default Online Ordering,5.44,Other,600000035477536452,142,71.59,,1,0.00,,http://www.toasttab.com/receipts/33eiUG9RSnqR9vgz4YmOIA/pJYdqFnKRTjyd
,,,,CA02,2/8/25,6:30 PM,"Oolong Tea (Hot) 乌龙茶 (热), Minced Chicken Noodles 🌶️ 鸡肉肉燥小面, Beef Pancake Roll (1) 酱香牛肉卷饼 (不辣)",Yafang Chen,2.08,Visa,600000035477615040,141,26.88,,2,0.00,,http://www.toasttab.com/receipts/33eiUG9RSnqR9vgz4YmOIA/9CpcXmkbYcqbc
,,,,CA02,2/8/25,6:31 PM,"Pork Xiao Long Bao (8) 鲜肉小笼包, Pork Xiao Long Bao (8) 鲜肉小笼包, Chicken Potstickers (6) 鸡肉锅贴, Pan Fried Wontons with Chili Sauce (6) 红油香煎大馄饨, Dan Dan Noodles Ⓥ🌶️🌶️ 担担面, Green Onion Soy Sauce Noodles Ⓥ 葱油拌面, Jasmine Tea (Hot) 茉莉花茶 (热), Diet Coke 健怡可乐",Yafang Chen,5.33,Visa,600000035477684212,144,76.36,,2,0.00,,http://www.toasttab.com/receipts/33eiUG9RSnqR9vgz4YmOIA/nwLKtHtdpJHHm
,,,,CA02,2/8/25,6:35 PM,Beef-Stew Noodles 🌶️ 秘制牛肉小面,Default Online Ordering,0.72,Mastercard,600000035477859554,147,8.62,,1,0.00,,http://www.toasttab.com/receipts/33eiUG9RSnqR9vgz4YmOIA/bTLcLPwT97xg9
,,,,CA02,2/8/25,6:36 PM,"Green Onion Pancake (1) Ⓥ 葱油饼, Sweet & Sour Cucumber Ⓥ 🌶️ 甜辣小黄瓜, Sweet & Sour Cucumber Ⓥ 🌶️ 甜辣小黄瓜, Dan Dan Noodles Ⓥ🌶️🌶️ 担担面, Pan Fried Chive Dumplings (3) 韭菜盒子, Chicken Steamed Dumplings (6) 鸡肉蒸饺, Spicy (Ma La) Noodles 🌶️🌶️ 麻辣小面, Chicken Xiao Long Bao (8) 鸡肉小笼包, Vegetable Potstickers (6) Ⓥ 素三鲜锅贴, Pan Fried Pork Buns (4) 特色鲜肉煎包, Passion Fruit Green Tea (Cold) 百香果绿茶 (冷), Add Boba 珍珠, Milk Tea (Cold) 奶茶 (冷), Add Boba 珍珠, Tsingtao, Chicken Potstickers (6) 鸡肉锅贴, Shrimp & Zucchini Steamed Dumplings (6) 🦐 青瓜鲜虾蒸饺, Chicken & Vegetable Wontons in Chili Sauce (6) 🌶️ 红油菜肉大馄饨",Default Online Ordering,11.60,Visa,600000035478001800,149,159.39,,1,0.00,,http://www.toasttab.com/receipts/33eiUG9RSnqR9vgz4YmOIA/hxPdtdwXtsnpT
,,,,CA02,2/8/25,6:40 PM,"Sweet & Sour Cucumber Ⓥ 🌶️ 甜辣小黄瓜, Green Onion Pancake (1) Ⓥ 葱油饼, Pan Fried Pork Buns (4) 特色鲜肉煎包, Chicken Potstickers (6) 鸡肉锅贴, Dan Dan Noodles Ⓥ🌶️🌶️ 担担面, Ozeki Sake Dry (375 ml / 12.68 fl.oz.)",Default Online Ordering,4.98,Visa,600000035478025966,151,71.32,,1,0.00,,http://www.toasttab.com/receipts/33eiUG9RSnqR9vgz4YmOIA/PfMqKXnpRzTd9
600000035478889900,Kiran K,8552228111,dd.toast.orders+orders_069364e4-82b1-4400-a0f5-8cbb45425f4f@gmail.com,CA02,2/8/25,6:53 PM,"Pork & Shrimp Potstickers (6) 🦐 猪肉三鲜锅贴, Beef Potstickers (6) 牛肉锅贴, Pork Xiao Long Bao (8) 鲜肉小笼包, Green Onion Soy Sauce Noodles Ⓥ 葱油拌面, Green Onion Soy Sauce Noodles Ⓥ 葱油拌面",Default Online Ordering,4.24,Other,600000035478495275,152,50.69,,1,0.00,,http://www.toasttab.com/receipts/33eiUG9RSnqR9vgz4YmOIA/qbsrWWgsRxtwk
,,,,CA02,2/8/25,7:00 PM,"Dan Dan Noodles Ⓥ🌶️🌶️ 担担面, Zha Jiang Mian 京味炸酱面, Milk Tea (Cold) 奶茶 (冷), Add Boba 珍珠, Pan Fried Chive Dumplings (3) 韭菜盒子, Pork Xiao Long Bao (8) 鲜肉小笼包, Chicken Potstickers (6) 鸡肉锅贴, Banana Naan Bread (1) Ⓥ 香蕉飞饼, Pan Fried Pork Buns (4) 特色鲜肉煎包, Pan Fried Beef Pies (2) 牛肉馅饼, Green Onion Pancake (1) Ⓥ 葱油饼, Yibin Noodles Ⓥ 🌶️ 宜宾燃面, Chinese Crepe 煎饼果子 (薄脆)",Default Online Ordering,8.30,Visa,600000035478536183,157,117.00,,1,0.00,,http://www.toasttab.com/receipts/33eiUG9RSnqR9vgz4YmOIA/9TXP9RsTsyNyF
,,,,CA02,2/8/25,6:54 PM,"Green Onion Pancake (1) Ⓥ 葱油饼, Sweet & Sour Cucumber Ⓥ 🌶️ 甜辣小黄瓜, Pork Xiao Long Bao (8) 鲜肉小笼包, Zha Jiang Mian 京味炸酱面, Chicken & Vegetable Wontons in Chili Sauce (6) 🌶️ 红油菜肉大馄饨, Coke 可乐",Default Online Ordering,3.58,Visa,600000035478626618,153,49.08,,1,0.00,,http://www.toasttab.com/receipts/33eiUG9RSnqR9vgz4YmOIA/mkFkTdNLChRFx
,,,,CA02,2/8/25,7:06 PM,"Pan Fried Pork Buns (4) 特色鲜肉煎包, Beef Pancake Roll (1) 酱香牛肉卷饼 (不辣), Braised Pig Ears 🌶️ 凉拌猪耳, Sweet & Sour Cucumber Ⓥ 🌶️ 甜辣小黄瓜",Default Online Ordering,3.11,Visa,600000035478652187,162,42.62,,1,0.00,,http://www.toasttab.com/receipts/33eiUG9RSnqR9vgz4YmOIA/K9pjCzkkFcFzc
,,,,CA02,2/8/25,7:02 PM,"Pork Xiao Long Bao (8) 鲜肉小笼包, Green Onion Pancake (1) Ⓥ 葱油饼, Pork Wontons in Chili Sauce (6) 🌶️ 红油猪肉抄手, Sweet & Sour Cucumber Ⓥ 🌶️ 甜辣小黄瓜, Passion Fruit Green Tea (Cold) 百香果绿茶 (冷), Pork Xiao Long Bao (8) 鲜肉小笼包, Pan Fried Beef Pies (2) 牛肉馅饼",Default Online Ordering,5.96,Visa,600000035478672098,158,86.75,,1,0.00,,http://www.toasttab.com/receipts/33eiUG9RSnqR9vgz4YmOIA/TcssRYCTMTyjR
,,,,CA02,2/8/25,6:54 PM,"Sweet & Sour Cucumber Ⓥ 🌶️ 甜辣小黄瓜, Chicken Xiao Long Bao (8) 鸡肉小笼包, Pan Fried Wontons with Chili Sauce (6) 红油香煎大馄饨, Chicken & Vegetable Wontons in Chili Sauce (6) 🌶️ 红油菜肉大馄饨",Default Online Ordering,4.91,Visa,600000035478725062,154,64.66,,1,0.00,,http://www.toasttab.com/receipts/33eiUG9RSnqR9vgz4YmOIA/fhjWrtcqt9Ynq
,,,,CA02,2/8/25,6:54 PM,"Chicken & Vegetable Wontons in Chili Sauce (6) 🌶️ 红油菜肉大馄饨, Pork & Crab Meat Xiao Long Bao (8) 🦐 蟹肉小笼包, Green Onion Pancake (1) Ⓥ 葱油饼, Vegetable Steamed Dumplings (6) Ⓥ 素三鲜蒸饺, Steamed Pork Buns (4) 特色鲜肉蒸包, Chicken & Vegetable Wontons in Chili Sauce (6) 🌶️ 红油菜肉大馄饨, Spicy Beef Pancake Roll (1) 🌶️🌶️ 麻辣牛肉卷饼",Default Online Ordering,7.30,Visa,600000035478947502,155,102.90,,1,0.00,,http://www.toasttab.com/receipts/33eiUG9RSnqR9vgz4YmOIA/sXxfYMPbf7qKd
,,,,CA02,2/8/25,7:05 PM,"Vegetable Potstickers (6) Ⓥ 素三鲜锅贴, Pork Xiao Long Bao (8) 鲜肉小笼包",Default Online Ordering,1.58,Visa,600000035479036725,160,19.33,,1,0.00,,http://www.toasttab.com/receipts/33eiUG9RSnqR9vgz4YmOIA/ctxFRHYbthckx
,,,,CA02,2/8/25,6:59 PM,"Pork Xiao Long Bao (8) 鲜肉小笼包, Pan Fried Pork Buns (4) 特色鲜肉煎包, Beef Pancake Roll (1) 酱香牛肉卷饼 (不辣), Braised Pig Ears 🌶️ 凉拌猪耳, Beef-Stew Noodle Soup 🌶️ 秘制牛肉汤面, Beef Potstickers (6) 牛肉锅贴, Beef-Stew Noodle Soup 🌶️ 秘制牛肉汤面, Braised Pig Ears 🌶️ 凉拌猪耳",Default Online Ordering,6.51,Mastercard,600000035479128458,156,89.25,,1,0.00,,http://www.toasttab.com/receipts/33eiUG9RSnqR9vgz4YmOIA/rNxkyC7JzWftk
600000035479133971,PickUp-Marvin L.,9192659326,dd.toast.orders+orders_e4bb8973-a1ed-4916-b563-66a55b523299@gmail.com,CA02,2/8/25,7:10 PM,"Broccoli with Seafood Sauce 蚝油西兰花, Pork Xiao Long Bao (8) 鲜肉小笼包",Default Online Ordering,1.57,Other,600000035479134027,164,18.82,,1,0.00,,http://www.toasttab.com/receipts/33eiUG9RSnqR9vgz4YmOIA/KrmrbH7pRhrYn
,,,,CA02,2/8/25,7:07 PM,"Sweet & Sour Cucumber Ⓥ 🌶️ 甜辣小黄瓜, Green Onion Pancake (1) Ⓥ 葱油饼, Vegetable Potstickers (6) Ⓥ 素三鲜锅贴, Vegetarian Hot & Sour Glass Noodles Ⓥ 🌶️🌶️ 素酸辣粉, Dan Dan Noodles Ⓥ🌶️🌶️ 担担面",Default Online Ordering,3.16,Visa,600000035479170513,163,43.37,,1,0.00,,http://www.toasttab.com/receipts/33eiUG9RSnqR9vgz4YmOIA/zLkwtCfLfPCKF
600000035478739926,PickUp-Jessica C,8552228111,dd.toast.orders+orders_96d61436-7f6c-43a7-9380-a6eeab097bde@gmail.com,CA02,2/8/25,7:06 PM,"Chicken & Vegetable Wontons in Chili Sauce (6) 🌶️ 红油菜肉大馄饨, Pork Wontons in Chili Sauce (6) 🌶️ 红油猪肉抄手, Green Onion Soy Sauce Noodles Ⓥ 葱油拌面, Chicken Xiao Long Bao (8) 鸡肉小笼包, Steamed Pork Buns (4) 特色鲜肉蒸包",Default Online Ordering,3.87,Other,600000035479382211,161,46.27,,1,0.00,,http://www.toasttab.com/receipts/33eiUG9RSnqR9vgz4YmOIA/dbKTzThTXPkKP
,,,,CA02,2/8/25,7:04 PM,"Jasmine Tea (Hot) 茉莉花茶 (热), Dan Dan Noodles Ⓥ🌶️🌶️ 担担面, Chicken Xiao Long Bao (8) 鸡肉小笼包, Pan Fried Pork Buns (4) 特色鲜肉煎包, Chicken & Vegetable Wontons in Chili Sauce (6) 🌶️ 红油菜肉大馄饨, Sprite 雪碧",Yafang Chen,4.85,Visa,600000035479489540,159,68.32,,2,0.00,,http://www.toasttab.com/receipts/33eiUG9RSnqR9vgz4YmOIA/FqFjLqfrt9xpj
,,,,CA02,2/8/25,7:18 PM,"Pork Xiao Long Bao (8) 鲜肉小笼包, Dan Dan Noodles Ⓥ🌶️🌶️ 担担面, Sweet & Sour Cucumber Ⓥ 🌶️ 甜辣小黄瓜, Chicken Potstickers (6) 鸡肉锅贴, Beef-Stew Noodles 🌶️ 秘制牛肉小面, Beef-Stew Noodle Soup 🌶️ 秘制牛肉汤面",Default Online Ordering,4.60,Visa,600000035479571630,166,64.78,,1,0.00,,http://www.toasttab.com/receipts/33eiUG9RSnqR9vgz4YmOIA/hcxMckrYYYjzT
,,,,CA02,2/8/25,7:15 PM,"Pork Xiao Long Bao (8) 鲜肉小笼包, Green Onion Pancake (1) Ⓥ 葱油饼, Beef Pancake Roll (1) 酱香牛肉卷饼 (不辣), Chinese Crepe 煎饼果子 (薄脆), Pork Wontons in Chili Sauce (6) 🌶️ 红油猪肉抄手",Default Online Ordering,3.49,Visa,600000035479694210,165,49.59,,1,0.00,,http://www.toasttab.com/receipts/33eiUG9RSnqR9vgz4YmOIA/XzYCwfdMbjNdT
,,,,CA02,2/8/25,7:20 PM,"Dan Dan Noodles Ⓥ🌶️🌶️ 担担面, Sweet & Sour Cucumber Ⓥ 🌶️ 甜辣小黄瓜, Green Onion Pancake (1) Ⓥ 葱油饼, Spicy Beef Sandwich (1) 🌶️🌶️大嘴牛肉包 (辣), Pork Xiao Long Bao (8) 鲜肉小笼包, Pan Fried Wontons with Chili Sauce (6) 红油香煎大馄饨, Yibin Noodles Ⓥ 🌶️ 宜宾燃面, Spicy (Ma La) Noodles 🌶️🌶️ 麻辣小面, Yibin Noodles Ⓥ 🌶️ 宜宾燃面, Pan Fried Pork Buns (4) 特色鲜肉煎包",Default Online Ordering,7.09,Amex,600000035479873665,168,97.34,,1,0.00,,http://www.toasttab.com/receipts/33eiUG9RSnqR9vgz4YmOIA/kfCccTsYjscH7
,,,,CA02,2/8/25,7:19 PM,"Chicken Xiao Long Bao (8) 鸡肉小笼包, Chicken & Vegetable Wontons in Chicken Soup 鸡汤菜肉大馄饨, Sweet & Sour Cucumber Ⓥ 🌶️ 甜辣小黄瓜, Green Onion Soy Sauce Noodles Ⓥ 葱油拌面",Default Online Ordering,3.74,Visa,600000035479966905,167,51.39,,1,0.00,,http://www.toasttab.com/receipts/33eiUG9RSnqR9vgz4YmOIA/LsdswgqKjgnTs
,,,,CA02,2/8/25,7:41 PM,"Sweet & Sour Cucumber Ⓥ 🌶️ 甜辣小黄瓜, Sweet & Sour Cucumber Ⓥ 🌶️ 甜辣小黄瓜, Pan Fried Pork Buns (4) 特色鲜肉煎包, Pork Xiao Long Bao (8) 鲜肉小笼包, Chicken & Vegetable Wontons in Chili Sauce (6) 🌶️ 红油菜肉大馄饨, Chicken & Vegetable Wontons in Chicken Soup 鸡汤菜肉大馄饨, Chicken Potstickers (6) 鸡肉锅贴, Dan Dan Noodles Ⓥ🌶️🌶️ 担担面, Passion Fruit Green Tea (Cold) 百香果绿茶 (冷), Thai Milk Tea (Cold) 泰式奶茶 (冷), Ube Milk Tea (Cold) 紫薯奶茶 (冷), Dan Dan Noodles Ⓥ🌶️🌶️ 担担面, Chicken & Vegetable Wontons in Chili Sauce (6) 🌶️ 红油菜肉大馄饨",Default Online Ordering,9.50,Cash,600000035479983446,175,113.40,,1,0.00,,http://www.toasttab.com/receipts/33eiUG9RSnqR9vgz4YmOIA/syYCncnwHtHbc
,,,,CA02,2/8/25,7:31 PM,"Pork Wontons in Chicken Soup 鸡汤小馄饨, Pork & Shrimp Boiled Dumplings (6) 🦐 猪肉三鲜水饺, Green Onion Soy Sauce Noodles Ⓥ 葱油拌面, Steamed Pork Buns (4) 特色鲜肉蒸包",Default Online Ordering,3.02,Mastercard,600000035480151284,171,36.07,,1,0.00,,http://www.toasttab.com/receipts/33eiUG9RSnqR9vgz4YmOIA/KcNbxyKnwfnTz
600000035479755034,Asmita G,8552228111,dd.toast.orders+orders_897546ce-8235-4e30-9ea9-ea69092da229@gmail.com,CA02,2/8/25,7:34 PM,"Chicken & Vegetable Wontons in Chicken Soup 鸡汤菜肉大馄饨, Dan Dan Noodles Ⓥ🌶️🌶️ 担担面",Default Online Ordering,1.66,Other,600000035480240475,173,19.86,,1,0.00,,http://www.toasttab.com/receipts/33eiUG9RSnqR9vgz4YmOIA/zWfRR9WstCNLb
,,,,CA02,2/8/25,7:22 PM,"Oolong Tea (Hot) 乌龙茶 (热), Sweet & Sour Cucumber Ⓥ 🌶️ 甜辣小黄瓜, Pan Fried Pork Buns (4) 特色鲜肉煎包, Chicken Potstickers (6) 鸡肉锅贴, Pork Xiao Long Bao (8) 鲜肉小笼包, Green Onion Soy Sauce Noodles Ⓥ 葱油拌面, Pan Fried Wontons with Sweet & Spicy Garlic Sauce (6) 甜辣香煎大馄饨",xiaoli zheng,5.96,Visa,600000035480314072,169,81.11,,2,0.00,,http://www.toasttab.com/receipts/33eiUG9RSnqR9vgz4YmOIA/rR7XtPRszjCmM
,,,,CA02,2/8/25,7:29 PM,"Pork Xiao Long Bao (8) 鲜肉小笼包, Green Onion Pancake (1) Ⓥ 葱油饼, Pork & Shrimp Potstickers (6) 🦐 猪肉三鲜锅贴, Beef-Stew Noodle Soup 🌶️ 秘制牛肉汤面, Pan Fried Pork Buns (4) 特色鲜肉煎包",Default Online Ordering,3.78,Visa,600000035480383412,170,51.84,,1,0.00,,http://www.toasttab.com/receipts/33eiUG9RSnqR9vgz4YmOIA/JKjhzqmLyLfkL
,,,,CA02,2/8/25,7:36 PM,"Pork Xiao Long Bao (8) 鲜肉小笼包, Dan Dan Noodles Ⓥ🌶️🌶️ 担担面, Sweet & Sour Cucumber Ⓥ 🌶️ 甜辣小黄瓜, Chicken Steamed Dumplings (6) 鸡肉蒸饺, Chicken & Vegetable Wontons in Chili Sauce (6) 🌶️ 红油菜肉大馄饨, Pork Wontons in Chili Sauce (6) 🌶️ 红油猪肉抄手, Passion Fruit Green Tea (Cold) 百香果绿茶 (冷), Pork Xiao Long Bao (8) 鲜肉小笼包, Dan Dan Noodles Ⓥ🌶️🌶️ 担担面, Sweet & Sour Cucumber Ⓥ 🌶️ 甜辣小黄瓜",Default Online Ordering,7.81,Visa,600000035480498966,174,101.26,,1,0.00,,http://www.toasttab.com/receipts/33eiUG9RSnqR9vgz4YmOIA/HCLgzNKLc7Hdc
,,,,CA02,2/8/25,7:42 PM,"Pork Xiao Long Bao (8) 鲜肉小笼包, Dan Dan Noodles Ⓥ🌶️🌶️ 担担面, Sweet & Sour Cucumber Ⓥ 🌶️ 甜辣小黄瓜, Green Onion Pancake (1) Ⓥ 葱油饼, Pan Fried Pork Buns (4) 特色鲜肉煎包, Chicken Potstickers (6) 鸡肉锅贴, Pork Wontons in Chili Sauce (6) 🌶️ 红油猪肉抄手, Green Onion Soy Sauce Noodles Ⓥ 葱油拌面, Tsingtao, Diet Coke 健怡可乐, Pork Xiao Long Bao (8) 鲜肉小笼包, Dan Dan Noodles Ⓥ🌶️🌶️ 担担面, Tsingtao",Default Online Ordering,9.96,Visa,600000035480519929,176,145.19,,1,0.00,,http://www.toasttab.com/receipts/33eiUG9RSnqR9vgz4YmOIA/kwPM7KHtKkRmr
,,,,CA02,2/8/25,7:45 PM,"Green Onion Soy Sauce Noodles Ⓥ 葱油拌面, Sprite 雪碧, Chicken Potstickers (6) 鸡肉锅贴",Default Online Ordering,1.62,Visa,600000035480687128,180,22.22,,1,0.00,,http://www.toasttab.com/receipts/33eiUG9RSnqR9vgz4YmOIA/hmtRKMrPLMm9P
600000025862825783,,4082345850,,CA02,2/8/25,7:48 PM,"Pork Xiao Long Bao (8) 鲜肉小笼包, Dan Dan Noodles Ⓥ🌶️🌶️ 担担面, Green Onion Pancake (1) Ⓥ 葱油饼, Pan Fried Pork Buns (4) 特色鲜肉煎包, Pork & Shrimp Potstickers (6) 🦐 猪肉三鲜锅贴, Chicken Potstickers (6) 鸡肉锅贴",Default Online Ordering,7.45,Visa,600000035480687133,183,102.46,,1,0.00,,http://www.toasttab.com/receipts/33eiUG9RSnqR9vgz4YmOIA/gxqsNkwHJyXLq
,,,,CA02,2/8/25,7:32 PM,Pan Fried Pork Buns (4) 特色鲜肉煎包,Default Online Ordering,0.91,Visa,600000035480753951,172,10.86,,1,0.00,,http://www.toasttab.com/receipts/33eiUG9RSnqR9vgz4YmOIA/NhqbhnyP7WLwg
,,,,CA02,2/8/25,7:52 PM,"Pork Xiao Long Bao (8) 鲜肉小笼包, Pork & Crab Meat Xiao Long Bao (8) 🦐 蟹肉小笼包, Sweet & Sour Cucumber Ⓥ 🌶️ 甜辣小黄瓜, Spicy Beef Pancake Roll (1) 🌶️🌶️ 麻辣牛肉卷饼, Hot & Sour Glass Noodles 🌶️🌶️ 酸辣粉, Banana Naan Bread (1) Ⓥ 香蕉飞饼",Default Online Ordering,4.70,Amex,600000035480869970,188,62.00,,1,0.00,,http://www.toasttab.com/receipts/33eiUG9RSnqR9vgz4YmOIA/sCRTcPJjXgN9h
,,,,CA02,2/8/25,8:03 PM,"Green Onion Pancake (1) Ⓥ 葱油饼, Pan Fried Chive Dumplings (3) 韭菜盒子, Chicken Potstickers (6) 鸡肉锅贴, Dan Dan Noodles Ⓥ🌶️🌶️ 担担面, Vegetable Potstickers (6) Ⓥ 素三鲜锅贴",Default Online Ordering,3.11,Visa,600000035480869987,196,43.73,,1,0.00,,http://www.toasttab.com/receipts/33eiUG9RSnqR9vgz4YmOIA/XxLpwMRtpJLLd
,,,,CA02,2/8/25,7:57 PM,"Dan Dan Noodles Ⓥ🌶️🌶️ 担担面, Chicken & Vegetable Wontons in Chili Sauce (6) 🌶️ 红油菜肉大馄饨, Coke 可乐",Default Online Ordering,1.62,Cash,600000035480878935,192,19.32,,1,0.00,,http://www.toasttab.com/receipts/33eiUG9RSnqR9vgz4YmOIA/gFxFprtFrqLNc
,,,,CA02,2/8/25,7:44 PM,"Pork Xiao Long Bao (8) 鲜肉小笼包, Pan Fried Pork Buns (4) 特色鲜肉煎包, Green Onion Pancake (1) Ⓥ 葱油饼, Beef Sandwich (1) 大嘴牛肉包 (不辣), Chicken Potstickers (6) 鸡肉锅贴",Default Online Ordering,4.87,Visa,600000035480916421,178,66.84,,1,0.00,,http://www.toasttab.com/receipts/33eiUG9RSnqR9vgz4YmOIA/LfgskWNFpwWt7
,,,,CA02,2/8/25,7:50 PM,"Chicken Potstickers (6) 鸡肉锅贴, Dan Dan Noodles Ⓥ🌶️🌶️ 担担面, Coke 可乐",Default Online Ordering,1.62,Visa,600000035480953869,185,22.22,,1,0.00,,http://www.toasttab.com/receipts/33eiUG9RSnqR9vgz4YmOIA/sPw9pNzkdnsjX
600000035480586033,PickUp-shanky s.,4086607281,dd.toast.orders+orders_0d1de3e4-acff-498c-b23f-a5017f73489e@gmail.com,CA02,2/8/25,7:59 PM,"Chicken Steamed Dumplings (6) 鸡肉蒸饺, Chicken & Vegetable Wontons in Chili Sauce (6) 🌶️ 红油菜肉大馄饨, Chicken & Vegetable Wontons in Chicken Soup 鸡汤菜肉大馄饨, Vegetarian Spicy (Ma La) Noodles Ⓥ 🌶️🌶️ 素麻辣小面, Dan Dan Noodles Ⓥ🌶️🌶️ 担担面",Default Online Ordering,4.22,Other,600000035481071336,194,55.04,,1,0.00,,http://www.toasttab.com/receipts/33eiUG9RSnqR9vgz4YmOIA/cbrWMwzwjhbmT
600000035479940389,PickUp-Nancy C.,4087211221,dd.toast.orders+orders_6afc8ddb-aabf-40c2-a519-6368dacb3124@gmail.com,CA02,2/8/25,7:44 PM,"Pork & Shrimp Potstickers (6) 🦐 猪肉三鲜锅贴, Yibin Noodles Ⓥ 🌶️ 宜宾燃面, Dan Dan Noodles Ⓥ🌶️🌶️ 担担面",Default Online Ordering,2.83,Other,600000035481152953,177,33.83,,1,0.00,,http://www.toasttab.com/receipts/33eiUG9RSnqR9vgz4YmOIA/jcpWwwpYfzsNr
,,,,CA02,2/8/25,8:03 PM,"Pork & Crab Meat Xiao Long Bao (8) 🦐 蟹肉小笼包, Braised Pig Ears 🌶️ 凉拌猪耳, Five Spice Beef Shank 五香牛腱, Green Onion Soy Sauce Noodles Ⓥ 葱油拌面, Chicken & Vegetable Wontons in Hot & Sour Sauce (6) 🌶️ 酸辣菜肉大馄饨, Shrimp & Zucchini Steamed Dumplings (6) 🦐 青瓜鲜虾蒸饺, Pan Fried Pork Buns (4) 特色鲜肉煎包, Beef Potstickers (6) 牛肉锅贴",Default Online Ordering,6.07,Mastercard,600000035481152992,197,85.51,,1,0.00,,http://www.toasttab.com/receipts/33eiUG9RSnqR9vgz4YmOIA/XwPgKHk7qrXJY
,,,,CA02,2/8/25,7:48 PM,"Coke 可乐, Chicken & Vegetable Wontons in Chili Sauce (6) 🌶️ 红油菜肉大馄饨, Green Onion Soy Sauce Noodles Ⓥ 葱油拌面",Default Online Ordering,1.62,Visa,600000035481238507,184,22.22,,1,0.00,,http://www.toasttab.com/receipts/33eiUG9RSnqR9vgz4YmOIA/WfdMXsqCfkgff
,,,,CA02,2/8/25,7:45 PM,"Oolong Tea (Hot) 乌龙茶 (热), Pork Xiao Long Bao (8) 鲜肉小笼包, Pork & Shrimp Potstickers (6) 🦐 猪肉三鲜锅贴, Kale Salad with Sesame Dressing Ⓥ 麻酱羽衣甘蓝沙拉, Oolong Tea (Hot) 乌龙茶 (热), Dan Dan Noodles Ⓥ🌶️🌶️ 担担面",Yafang Chen,3.47,Amex,600000035481261488,179,50.80,,2,5.50,Operation Management (100.00%),http://www.toasttab.com/receipts/33eiUG9RSnqR9vgz4YmOIA/d7zbWzdwPhWKc
,,,,CA02,2/8/25,7:46 PM,"Pork Xiao Long Bao (8) 鲜肉小笼包, Pork Wontons in Chili Sauce (6) 🌶️ 红油猪肉抄手, Sweet & Sour Cucumber Ⓥ 🌶️ 甜辣小黄瓜, Dan Dan Noodles Ⓥ🌶️🌶️ 担担面",Yafang Chen,2.97,Mastercard,600000035481317368,182,40.73,,2,0.00,,http://www.toasttab.com/receipts/33eiUG9RSnqR9vgz4YmOIA/RTsLpnNtMRLqk
,,,,CA02,2/8/25,7:47 PM,"Pork Xiao Long Bao (8) 鲜肉小笼包, Pork Xiao Long Bao (8) 鲜肉小笼包, Chicken Steamed Dumplings (6) 鸡肉蒸饺, Beef Steamed Dumplings (6) 牛肉蒸饺, Chicken & Vegetable Wontons in Hot & Sour Sauce (6) 🌶️ 酸辣菜肉大馄饨, Pork Wontons in Chili Sauce (6) 🌶️ 红油猪肉抄手, Beef-Stew Noodles 🌶️ 秘制牛肉小面, Coke 可乐, Diet Coke 健怡可乐, Ozeki Sake Dry (375 ml / 12.68 fl.oz.)",Yun Juan Huang,6.59,Visa,600000035481339095,181,92.68,,2,0.00,,http://www.toasttab.com/receipts/33eiUG9RSnqR9vgz4YmOIA/rdKFqTChjzrkd
,,,,CA02,2/8/25,7:50 PM,"Dan Dan Noodles Ⓥ🌶️🌶️ 担担面, Pork & Crab Meat Xiao Long Bao (8) 🦐 蟹肉小笼包, Shrimp & Zucchini Steamed Dumplings (6) 🦐 青瓜鲜虾蒸饺, Vegetable Steamed Dumplings (6) Ⓥ 素三鲜蒸饺, Spicy Beef Sandwich (1) 🌶️🌶️大嘴牛肉包 (辣), Green Onion Pancake (1) Ⓥ 葱油饼, Vegetable Potstickers (6) Ⓥ 素三鲜锅贴",Default Online Ordering,4.78,Mastercard,600000035481377454,186,65.58,,1,0.00,,http://www.toasttab.com/receipts/33eiUG9RSnqR9vgz4YmOIA/gRjfdLNccprwf
600000035481855261,PickUp-David W.,4087811145,dd.toast.orders+orders_0934e7ed-39b5-43f9-b964-4306ce3fc708@gmail.com,CA02,2/8/25,8:06 PM,"Pan Fried Wontons with Sweet & Spicy Garlic Sauce (6) 甜辣香煎大馄饨, Shrimp & Zucchini Steamed Dumplings (6) 🦐 青瓜鲜虾蒸饺, Pan Fried Pork Buns (4) 特色鲜肉煎包, Pork Xiao Long Bao (8) 鲜肉小笼包",Default Online Ordering,3.24,Other,600000035481412531,198,44.12,,1,0.00,,http://www.toasttab.com/receipts/33eiUG9RSnqR9vgz4YmOIA/PrWjHzkFmKyKt
,,,,CA02,2/8/25,7:52 PM,"Sweet & Sour Cucumber Ⓥ 🌶️ 甜辣小黄瓜, Spicy (Ma La) Noodles 🌶️🌶️ 麻辣小面, Pan Fried Wontons with Sweet & Spicy Garlic Sauce (6) 甜辣香煎大馄饨, Coke 可乐",Default Online Ordering,2.29,Visa,600000035481529601,187,31.38,,1,0.00,,http://www.toasttab.com/receipts/33eiUG9RSnqR9vgz4YmOIA/7XcJNRkbgppbk
600000035481203868,Rhian B,8552228111,dd.toast.orders+orders_60c1d720-b4bd-4690-89f9-38dba6de0f9b@gmail.com,CA02,2/8/25,7:55 PM,"Green Onion Pancake (1) Ⓥ 葱油饼, Chicken Potstickers (6) 鸡肉锅贴, Dan Dan Noodles Ⓥ🌶️🌶️ 担担面",Default Online Ordering,2.03,Other,600000035481529611,189,24.33,,1,0.00,,http://www.toasttab.com/receipts/33eiUG9RSnqR9vgz4YmOIA/wdPXgmNdmzKjP
,,,,CA02,2/8/25,7:56 PM,"Green Onion Pancake (1) Ⓥ 葱油饼, Beef Pancake Roll (1) 酱香牛肉卷饼 (不辣), Pan Fried Pork Buns (4) 特色鲜肉煎包, Pork & Shrimp Potstickers (6) 🦐 猪肉三鲜锅贴, Pan Fried Wontons with Sweet & Spicy Garlic Sauce (6) 甜辣香煎大馄饨, Pork Wontons in Chili Sauce (6) 🌶️ 红油猪肉抄手, Dan Dan Noodles Ⓥ🌶️🌶️ 担担面, Dan Dan Noodles Ⓥ🌶️🌶️ 担担面, Zha Jiang Mian 京味炸酱面, Pork & Crab Meat Xiao Long Bao (8) 🦐 蟹肉小笼包, Pork & Crab Meat Xiao Long Bao (8) 🦐 蟹肉小笼包",Yafang Chen,8.14,Visa,600000035481713024,190,114.63,,2,0.00,,http://www.toasttab.com/receipts/33eiUG9RSnqR9vgz4YmOIA/drNKxJgYn9znR
,,,,CA02,2/8/25,7:58 PM,"Pan Fried Chive Dumplings (3) 韭菜盒子, Pan Fried Pork Buns (4) 特色鲜肉煎包, Chicken Steamed Dumplings (6) 鸡肉蒸饺, Chicken & Vegetable Wontons in Chili Sauce (6) 🌶️ 红油菜肉大馄饨, Sweet & Sour Cucumber Ⓥ 🌶️ 甜辣小黄瓜, Dan Dan Noodles Ⓥ🌶️🌶️ 担担面, Chrysanthemum Tea (Hot) 菊花茶 (热), Thai Milk Tea (Cold) 泰式奶茶 (冷), Add Boba 珍珠",Yafang Chen,5.44,Amex,600000035481774978,191,74.68,,3,0.00,,http://www.toasttab.com/receipts/33eiUG9RSnqR9vgz4YmOIA/rrwyFChLyccWW
,,,,CA02,2/8/25,7:59 PM,"Pork Xiao Long Bao (8) 鲜肉小笼包, Pork Xiao Long Bao (8) 鲜肉小笼包, Pork & Shrimp Potstickers (6) 🦐 猪肉三鲜锅贴, Pork Wontons in Chili Sauce (6) 🌶️ 红油猪肉抄手, Sweet & Sour Cucumber Ⓥ 🌶️ 甜辣小黄瓜, Kale Salad with Sesame Dressing Ⓥ 麻酱羽衣甘蓝沙拉, Kale Salad with Sesame Dressing Ⓥ 麻酱羽衣甘蓝沙拉, Dan Dan Noodles Ⓥ🌶️🌶️ 担担面",Yafang Chen,5.89,Visa,600000035481798302,193,82.82,,3,0.00,,http://www.toasttab.com/receipts/33eiUG9RSnqR9vgz4YmOIA/9wn9tNWdzwWdc
,,,,CA02,2/8/25,8:02 PM,"Pork Xiao Long Bao (8) 鲜肉小笼包, Pan Fried Wontons with Sweet & Spicy Garlic Sauce (6) 甜辣香煎大馄饨, Pork Wontons in Chili Sauce (6) 🌶️ 红油猪肉抄手, Coke 可乐, Beef-Stew Noodles 🌶️ 秘制牛肉小面",Default Online Ordering,5.43,Discover,600000035481843356,195,76.62,,1,0.00,,http://www.toasttab.com/receipts/33eiUG9RSnqR9vgz4YmOIA/cd9F9ffHzXkwm
,,,,CA02,2/8/25,8:17 PM,"Dan Dan Noodles Ⓥ🌶️🌶️ 担担面, Green Onion Pancake (1) Ⓥ 葱油饼, Pork Xiao Long Bao (8) 鲜肉小笼包, Beef Steamed Dumplings (6) 牛肉蒸饺, Pan Fried Pork Buns (4) 特色鲜肉煎包, Chicken & Vegetable Wontons in Hot & Sour Sauce (6) 🌶️ 酸辣菜肉大馄饨, Ube Milk Tea (Cold) 紫薯奶茶 (冷), Add Boba 珍珠, Sapporo, Spicy Beef Pancake Roll (1) 🌶️🌶️ 麻辣牛肉卷饼",Default Online Ordering,6.34,Discover,600000035481988369,200,87.10,,1,0.00,,http://www.toasttab.com/receipts/33eiUG9RSnqR9vgz4YmOIA/CqXkLsX9qJdqq
,,,,CA02,2/8/25,8:34 PM,"Pork Xiao Long Bao (8) 鲜肉小笼包, Chicken Potstickers (6) 鸡肉锅贴, Spicy (Ma La) Noodles 🌶️🌶️ 麻辣小面, Add Boba 珍珠, Passion Fruit Green Tea (Cold) 百香果绿茶 (冷), Passion Fruit Green Tea (Cold) 百香果绿茶 (冷), Pork & Crab Meat Xiao Long Bao (8) 🦐 蟹肉小笼包",Default Online Ordering,4.38,Mastercard,600000035482118688,210,62.86,,1,0.00,,http://www.toasttab.com/receipts/33eiUG9RSnqR9vgz4YmOIA/TqkWbFkMKNmny
,,,,CA02,2/8/25,8:09 PM,"Green Onion Pancake (1) Ⓥ 葱油饼, Pork & Crab Meat Xiao Long Bao (8) 🦐 蟹肉小笼包, Chicken Potstickers (6) 鸡肉锅贴, Pan Fried Wontons with Chili Sauce (6) 红油香煎大馄饨, Spicy (Ma La) Noodles 🌶️🌶️ 麻辣小面, Passion Fruit Green Tea (Cold) 百香果绿茶 (冷), Passion Fruit Green Tea (Cold) 百香果绿茶 (冷)",xiaoli zheng,4.43,Amex,600000035482152823,199,62.46,,2,0.00,,http://www.toasttab.com/receipts/33eiUG9RSnqR9vgz4YmOIA/TzXpYkRsFKYfx
600000014400644167,Gina Tran,6693332866,ginangoc@gmail.com,CA02,2/8/25,8:18 PM,"Pork & Crab Meat Xiao Long Bao (8) 🦐 蟹肉小笼包, Dan Dan Noodles Ⓥ🌶️🌶️ 担担面, Sweet & Sour Cucumber Ⓥ 🌶️ 甜辣小黄瓜, Pork Xiao Long Bao (8) 鲜肉小笼包, Minced Chicken Noodles 🌶️ 鸡肉肉燥小面",Default Online Ordering,4.65,Mastercard,600000035482274911,201,63.88,,1,0.00,,http://www.toasttab.com/receipts/33eiUG9RSnqR9vgz4YmOIA/sdrbK9LXxWMN7
,,,,CA02,2/8/25,8:18 PM,"Green Onion Pancake (1) Ⓥ 葱油饼, Pork Xiao Long Bao (8) 鲜肉小笼包, Pork Wontons in Chicken Soup 鸡汤小馄饨, Dan Dan Noodles Ⓥ🌶️🌶️ 担担面, Beef Potstickers (6) 牛肉锅贴",Default Online Ordering,4.31,Visa,600000035482324509,202,61.75,,1,0.00,,http://www.toasttab.com/receipts/33eiUG9RSnqR9vgz4YmOIA/WYrpxsK7qsRdh
600000035481108039,PickUp-Danielle F,8552228111,dd.toast.orders+orders_910abe02-e300-452a-a982-710ba12940d2@gmail.com,CA02,2/8/25,8:23 PM,"Pan Fried Chive Dumplings (3) 韭菜盒子, Chicken Potstickers (6) 鸡肉锅贴, Dan Dan Noodles Ⓥ🌶️🌶️ 担担面, Green Onion Soy Sauce Noodles Ⓥ 葱油拌面, Pork Xiao Long Bao (8) 鲜肉小笼包",Default Online Ordering,3.68,Other,600000035482328060,204,44.03,,1,0.00,,http://www.toasttab.com/receipts/33eiUG9RSnqR9vgz4YmOIA/M9FxnftHkpypc
600000035482413761,Sibi A,8552228111,dd.toast.orders+orders_2e9b19b0-2a7b-463c-9558-7c9a132becc3@gmail.com,CA02,2/8/25,8:25 PM,"Chicken Potstickers (6) 鸡肉锅贴, Dan Dan Noodles Ⓥ🌶️🌶️ 担担面",Default Online Ordering,1.60,Other,600000035482413812,205,19.10,,1,0.00,,http://www.toasttab.com/receipts/33eiUG9RSnqR9vgz4YmOIA/kjNfKwyn7hRsY
,,,,CA02,2/8/25,8:48 PM,"Chicken Steamed Dumplings (6) 鸡肉蒸饺, Chicken Potstickers (6) 鸡肉锅贴, Beef Steamed Dumplings (6) 牛肉蒸饺, Chicken & Vegetable Wontons in Chili Sauce (6) 🌶️ 红油菜肉大馄饨, Dan Dan Noodles Ⓥ🌶️🌶️ 担担面, Steamed Pork Buns (4) 特色鲜肉蒸包, Minced Chicken Noodles 🌶️ 鸡肉肉燥小面, Shrimp & Zucchini Steamed Dumplings (6) 🦐 青瓜鲜虾蒸饺",Default Online Ordering,6.51,Visa,600000035482451735,213,89.37,,1,0.00,,http://www.toasttab.com/receipts/33eiUG9RSnqR9vgz4YmOIA/TczCkPcNnz9b9
,,,,CA02,2/8/25,8:44 PM,"Pork Xiao Long Bao (8) 鲜肉小笼包, Dan Dan Noodles Ⓥ🌶️🌶️ 担担面, Pork Wontons in Chili Sauce (6) 🌶️ 红油猪肉抄手, Sweet & Sour Cucumber Ⓥ 🌶️ 甜辣小黄瓜, Thai Milk Tea (Cold) 泰式奶茶 (冷), Chicken Potstickers (6) 鸡肉锅贴",Default Online Ordering,4.18,Visa,600000035482456894,212,57.36,,1,0.00,,http://www.toasttab.com/receipts/33eiUG9RSnqR9vgz4YmOIA/x9nsywwKXHWms
,,,,CA02,2/8/25,8:32 PM,"Sweet & Sour Cucumber Ⓥ 🌶️ 甜辣小黄瓜, Dan Dan Noodles Ⓥ🌶️🌶️ 担担面, Dan Dan Noodles Ⓥ🌶️🌶️ 担担面, Beef Steamed Dumplings (6) 牛肉蒸饺, Shrimp & Zucchini Steamed Dumplings (6) 🦐 青瓜鲜虾蒸饺, Pork & Shrimp Boiled Dumplings (6) 🦐 猪肉三鲜水饺, Chicken & Vegetable Wontons in Chili Sauce (6) 🌶️ 红油菜肉大馄饨, Coke 可乐, Banana Naan Bread (1) Ⓥ 香蕉飞饼",Default Online Ordering,5.97,Discover,600000035482512767,208,81.96,,1,0.00,,http://www.toasttab.com/receipts/33eiUG9RSnqR9vgz4YmOIA/xyJpCpmHtnXkn
,,,,CA02,2/8/25,8:20 PM,"Beef-Stew Noodle Soup 🌶️ 秘制牛肉汤面, Beef Pancake Roll (1) 酱香牛肉卷饼 (不辣), Pork & Crab Meat Xiao Long Bao (8) 🦐 蟹肉小笼包, Pork Wontons in Chicken Soup 鸡汤小馄饨, Five Spice Beef Shank 五香牛腱",Yafang Chen,4.16,Visa,600000035482523106,203,60.65,,2,0.00,,http://www.toasttab.com/receipts/33eiUG9RSnqR9vgz4YmOIA/jYggFRhhdcpNb
600000035483250766,Rahul A,8552228111,dd.toast.orders+orders_c1fe1a93-21df-4518-9ab6-2fda484a1faf@gmail.com,CA02,2/8/25,9:02 PM,"Green Onion Pancake (1) Ⓥ 葱油饼, Pork Wontons in Chili Sauce (6) 🌶️ 红油猪肉抄手, Pork Xiao Long Bao (8) 鲜肉小笼包",Default Online Ordering,2.25,Other,600000035482567744,217,26.90,,1,0.00,,http://www.toasttab.com/receipts/33eiUG9RSnqR9vgz4YmOIA/zkyMM7ryh7qjm
,,,,CA02,2/8/25,8:28 PM,"Sweet & Sour Cucumber Ⓥ 🌶️ 甜辣小黄瓜, Chicken Potstickers (6) 鸡肉锅贴, Beef Potstickers (6) 牛肉锅贴, Chicken Steamed Dumplings (6) 鸡肉蒸饺, Beef Steamed Dumplings (6) 牛肉蒸饺, Green Onion Pancake (1) Ⓥ 葱油饼, Pork Xiao Long Bao (8) 鲜肉小笼包, Dan Dan Noodles Ⓥ🌶️🌶️ 担担面",Default Online Ordering,4.45,Visa,600000035482700903,206,64.33,,1,9.95,Customer Service Discount (100.00%),http://www.toasttab.com/receipts/33eiUG9RSnqR9vgz4YmOIA/PcLPwrtKmhMCy
,,,,CA02,2/8/25,8:30 PM,"Green Onion Pancake (1) Ⓥ 葱油饼, Pork Xiao Long Bao (8) 鲜肉小笼包, Chicken Potstickers (6) 鸡肉锅贴, Pan Fried Wontons with Chili Sauce (6) 红油香煎大馄饨, Sweet & Sour Cucumber Ⓥ 🌶️ 甜辣小黄瓜, Dan Dan Noodles Ⓥ🌶️🌶️ 担担面, Vegetarian Spicy (Ma La) Noodles Ⓥ 🌶️🌶️ 素麻辣小面, Jasmine Tea (Hot) 茉莉花茶 (热), Pork Xiao Long Bao (8) 鲜肉小笼包, Chicken Potstickers (6) 鸡肉锅贴, Pork Wontons in Chili Sauce (6) 🌶️ 红油猪肉抄手",Yafang Chen,7.49,Visa,600000035482834903,207,102.74,,4,0.00,,http://www.toasttab.com/receipts/33eiUG9RSnqR9vgz4YmOIA/rHPTjztpLTWyj
,,,,CA02,2/8/25,8:58 PM,"Sweet & Sour Cucumber Ⓥ 🌶️ 甜辣小黄瓜, Pan Fried Wontons with Chili Sauce (6) 红油香煎大馄饨, Chicken Potstickers (6) 鸡肉锅贴, Chicken Steamed Dumplings (6) 鸡肉蒸饺, Chicken & Vegetable Wontons in Hot & Sour Sauce (6) 🌶️ 酸辣菜肉大馄饨, Coke 可乐",Default Online Ordering,4.47,Visa,600000035482910535,215,64.99,,1,0.00,,http://www.toasttab.com/receipts/33eiUG9RSnqR9vgz4YmOIA/qtqyWMPHJnpqk
,,,,CA02,2/8/25,8:34 PM,"Oolong Tea (Hot) 乌龙茶 (热), Sweet & Sour Cucumber Ⓥ 🌶️ 甜辣小黄瓜, Dan Dan Noodles Ⓥ🌶️🌶️ 担担面, Pork & Crab Meat Xiao Long Bao (8) 🦐 蟹肉小笼包",Yafang Chen,2.80,Visa,600000035482973986,209,38.47,,2,0.00,,http://www.toasttab.com/receipts/33eiUG9RSnqR9vgz4YmOIA/dxzhcnkYPTJ7p
,,,,CA02,2/8/25,8:58 PM,"Pork Xiao Long Bao (8) 鲜肉小笼包, Pork & Shrimp Potstickers (6) 🦐 猪肉三鲜锅贴, Beef-Stew Noodles 🌶️ 秘制牛肉小面",Default Online Ordering,3.21,Visa,600000035483031136,216,44.06,,1,0.00,,http://www.toasttab.com/receipts/33eiUG9RSnqR9vgz4YmOIA/RhYWM7dkKc7yg
,,,,CA02,2/8/25,8:36 PM,"Pork Xiao Long Bao (8) 鲜肉小笼包, Pork Xiao Long Bao (8) 鲜肉小笼包, Sweet & Sour Cucumber Ⓥ 🌶️ 甜辣小黄瓜, Dan Dan Noodles Ⓥ🌶️🌶️ 担担面, Minced Chicken Noodles 🌶️ 鸡肉肉燥小面",Yafang Chen,3.32,Mastercard,600000035483038591,211,39.72,,1,6.60,Reward Dollars,http://www.toasttab.com/receipts/33eiUG9RSnqR9vgz4YmOIA/mY9RxwqFNrtdy
,,,,CA02,2/8/25,8:52 PM,"Pan Fried Pork Buns (4) 特色鲜肉煎包, Pork Xiao Long Bao (8) 鲜肉小笼包, Green Onion Pancake (1) Ⓥ 葱油饼",Default Online Ordering,2.20,Mastercard,600000035483083072,214,30.19,,1,0.00,,http://www.toasttab.com/receipts/33eiUG9RSnqR9vgz4YmOIA/bqmRkqxNrHmyc
,,,,CA02,2/8/25,9:20 PM,"Pork Wontons in Chicken Soup 鸡汤小馄饨, Beef Potstickers (6) 牛肉锅贴, Shrimp & Zucchini Steamed Dumplings (6) 🦐 青瓜鲜虾蒸饺",Default Online Ordering,2.15,Visa,600000035483477433,221,29.56,,1,0.00,,http://www.toasttab.com/receipts/33eiUG9RSnqR9vgz4YmOIA/sXLktKCYdKRxC
,,,,CA02,2/8/25,9:16 PM,"Thai Milk Tea (Cold) 泰式奶茶 (冷), Shrimp & Zucchini Steamed Dumplings (6) 🦐 青瓜鲜虾蒸饺, Pork Xiao Long Bao (8) 鲜肉小笼包",Default Online Ordering,2.21,Visa,600000035483510733,220,30.43,,1,0.00,,http://www.toasttab.com/receipts/33eiUG9RSnqR9vgz4YmOIA/NYWgXN7WzRYYF
600000035484097154,Tasleem S,8552228111,dd.toast.orders+orders_adde3281-4a3e-4c73-8994-16a8e76c1fe9@gmail.com,CA02,2/8/25,9:21 PM,"Chicken & Vegetable Wontons in Chili Sauce (6) 🌶️ 红油菜肉大馄饨, Sweet & Sour Cucumber Ⓥ 🌶️ 甜辣小黄瓜",Default Online Ordering,2.30,Other,600000035483634379,222,27.50,,1,0.00,,http://www.toasttab.com/receipts/33eiUG9RSnqR9vgz4YmOIA/nqTcmJNRJzfJH
,,,,CA02,2/8/25,9:16 PM,"Chicken & Vegetable Wontons in Chicken Soup 鸡汤菜肉大馄饨, Sprite 雪碧, Pork Xiao Long Bao (8) 鲜肉小笼包",Default Online Ordering,1.86,Visa,600000035483823071,219,25.54,,1,0.00,,http://www.toasttab.com/receipts/33eiUG9RSnqR9vgz4YmOIA/pRYC7hxngdPhb
600000035483743011,Priyansha S,8552228111,dd.toast.orders+orders_e6837485-14e9-4f4e-b787-38fe654cf584@gmail.com,CA02,2/8/25,9:09 PM,"Chicken & Vegetable Wontons in Chili Sauce (6) 🌶️ 红油菜肉大馄饨, Pork & Crab Meat Xiao Long Bao (8) 🦐 蟹肉小笼包",Default Online Ordering,1.81,Other,600000035483840105,218,21.66,,1,0.00,,http://www.toasttab.com/receipts/33eiUG9RSnqR9vgz4YmOIA/CMrMkWwNJFPjq
600000035483963272,Surendra  R,8552228111,dd.toast.orders+orders_10c4f302-d377-4bd1-aa4e-87bd45cf5637@gmail.com,CA02,2/8/25,9:38 PM,"Pan Fried Pork Buns (4) 特色鲜肉煎包, Steamed Pork Buns (4) 特色鲜肉蒸包, Pork Xiao Long Bao (8) 鲜肉小笼包",Default Online Ordering,3.13,Other,600000035483873082,224,37.48,,1,0.00,,http://www.toasttab.com/receipts/33eiUG9RSnqR9vgz4YmOIA/KhbzgNbxjqxLT
,,,,CA02,2/8/25,9:25 PM,"Shrimp & Zucchini Steamed Dumplings (6) 🦐 青瓜鲜虾蒸饺, Spicy Beef Shank 🌶️🌶️ 麻辣牛腱",xiaoli zheng,1.52,Mastercard,600000035484257041,223,21.86,,1,0.00,,http://www.toasttab.com/receipts/33eiUG9RSnqR9vgz4YmOIA/CXRL7nsPjjqNd
,,,,CA02,2/8/25,9:56 PM,"Thai Milk Tea (Cold) 泰式奶茶 (冷), Thai Milk Tea (Cold) 泰式奶茶 (冷), Passion Fruit Green Tea (Cold) 百香果绿茶 (冷), Passion Fruit Green Tea (Cold) 百香果绿茶 (冷), Passion Fruit Green Tea (Cold) 百香果绿茶 (冷), Milk Tea (Cold) 奶茶 (冷), Milk Tea (Cold) 奶茶 (冷), Milk Tea (Cold) 奶茶 (冷)",Yun Juan Huang,0.00,,600000035484841703,225,0.00,,1,47.60,Open % Check (100.00%),
