Location,Order Id,Order #,Sent Date,Order Date,Check Id,Server,Table,Dining Area,Service,Dining Option,Item Selection Id,Modifier Id,Master Id,Modifier SKU,Modifier PLU,Modifier,Option Group ID,Option Group Name,Parent Menu Selection Item ID,Parent Menu Selection,Sales Category,Gross Price,Discount,Net Price,Qty,Void?,Void Reason ID,Void Reason
Cupertino,600000035448213824,2,2/8/25 11:03 AM,2/8/25 11:03 AM,600000035448208426,Default Online Ordering,,,Lunch,DoorDash - Takeout,600000035448452752,,,,,Include plasticware,,,600000010081902976,Romaine Lettuce Salad with Sesame Dressing Ⓥ 麻酱生菜沙拉,,0.00,0.00,0.00,1.0,false,,
Cupertino,600000035448213824,2,2/8/25 11:03 AM,2/8/25 11:03 AM,600000035448208426,Default Online Ordering,,,Lunch,DoorDash - Takeout,600000035448452754,,,,,Include plasticware,,,600000010081905403,Sweet & Sour Cucumber Ⓥ 🌶️ 甜辣小黄瓜,,0.00,0.00,0.00,1.0,false,,
Cupertino,600000035448213824,2,2/8/25 11:03 AM,2/8/25 11:03 AM,600000035448208426,Default Online Ordering,,,Lunch,DoorDash - Takeout,600000035448452756,,,,,Include plasticware,,,600000010081846333,Pork & Shrimp Potstickers (6) 🦐 猪肉三鲜锅贴,,0.00,0.00,0.00,2.0,false,,
Cupertino,600000035448213824,2,2/8/25 11:03 AM,2/8/25 11:03 AM,600000035448208426,Default Online Ordering,,,Lunch,DoorDash - Takeout,600000035448452758,,,,,Include plasticware,,,600000010081857563,Pork Wontons in Chili Sauce (6) 🌶️ 红油猪肉抄手,,0.00,0.00,0.00,1.0,false,,
Cupertino,600000035448213824,2,2/8/25 11:03 AM,2/8/25 11:03 AM,600000035448208426,Default Online Ordering,,,Lunch,DoorDash - Takeout,600000035448452760,,,,,Include plasticware,,,600000010081895396,Zha Jiang Mian 京味炸酱面,,0.00,0.00,0.00,1.0,false,,
Cupertino,600000035448213824,2,2/8/25 11:03 AM,2/8/25 11:03 AM,600000035448208426,Default Online Ordering,,,Lunch,DoorDash - Takeout,600000035448452762,,,,,Include plasticware,,,600000010081892480,Beef-Stew Noodles 🌶️ 秘制牛肉小面,,0.00,0.00,0.00,1.0,false,,
Cupertino,600000035448213824,2,2/8/25 11:03 AM,2/8/25 11:03 AM,600000035448208426,Default Online Ordering,,,Lunch,DoorDash - Takeout,600000035448452764,,,,,Include plasticware,,,600000010081834427,Pork Xiao Long Bao (8) 鲜肉小笼包,,0.00,0.00,0.00,1.0,false,,
Cupertino,600000035448640260,3,2/8/25 11:08 AM,2/8/25 11:08 AM,600000035448577012,Default Online Ordering,A4,Dining Room,Lunch,Dine In,600000035448685982,600000027696485469,600000027696485470,,,No Green Onion 不要葱花,600000010081895394,Ingredients 原料,600000010081895356,Beef-Stew Noodle Soup 🌶️ 秘制牛肉汤面,,0.00,0.00,0.00,1.0,false,,
Cupertino,600000035451794206,20,2/8/25 12:05 PM,2/8/25 12:05 PM,600000035451793607,Default Online Ordering,A5,Dining Room,Lunch,Dine In,600000035451823654,600000028482322730,600000028482322731,,,No Yibin Sprouts 不要宜宾芽菜,600000028482272477,Ingredients 原料,600000028210151889,Cold Noodles with Sesame Dressing Ⓥ 麻酱凉面,,0.00,0.00,0.00,1.0,false,,
Cupertino,600000035451568316,16,2/8/25 12:14 PM,2/8/25 12:00 PM,600000035451568315,Yafang Chen,B3,Dining Room,Lunch,Dine In,600000035452229924,,,,,For evelyn.,,,600000010081905403,Sweet & Sour Cucumber Ⓥ 🌶️ 甜辣小黄瓜,,0.00,0.00,0.00,2.0,false,,
Cupertino,600000035451568316,16,2/8/25 12:14 PM,2/8/25 12:00 PM,600000035451568315,Yafang Chen,B3,Dining Room,Lunch,Dine In,600000035452229926,,,,,For evelyn.,,,600000010081846333,Pork & Shrimp Potstickers (6) 🦐 猪肉三鲜锅贴,,0.00,0.00,0.00,1.0,false,,
Cupertino,600000035451568316,16,2/8/25 12:14 PM,2/8/25 12:00 PM,600000035451568315,Yafang Chen,B3,Dining Room,Lunch,Dine In,600000035452229928,,,,,For evelyn.,,,600000010081834427,Pork Xiao Long Bao (8) 鲜肉小笼包,,0.00,0.00,0.00,2.0,false,,
Cupertino,600000035451568316,16,2/8/25 12:14 PM,2/8/25 12:00 PM,600000035451568315,Yafang Chen,B3,Dining Room,Lunch,Dine In,600000035452229930,,,,,For evelyn.,,,600000010081835786,Pork & Crab Meat Xiao Long Bao (8) 🦐 蟹肉小笼包,,0.00,0.00,0.00,1.0,false,,
Cupertino,600000035451568316,16,2/8/25 12:14 PM,2/8/25 12:00 PM,600000035451568315,Yafang Chen,B3,Dining Room,Lunch,Dine In,600000035452229932,,,,,For evelyn.,,,600000010081873109,Five Spice Beef Shank 五香牛腱,,0.00,0.00,0.00,2.0,false,,
Cupertino,600000035451568316,16,2/8/25 12:14 PM,2/8/25 12:00 PM,600000035451568315,Yafang Chen,B3,Dining Room,Lunch,Dine In,600000035452229934,,,,,For evelyn.,,,600000010081883486,Green Onion Soy Sauce Noodles Ⓥ 葱油拌面,,0.00,0.00,0.00,1.0,false,,
Cupertino,600000035451568316,16,2/8/25 12:14 PM,2/8/25 12:00 PM,600000035451568315,Yafang Chen,B3,Dining Room,Lunch,Dine In,600000035452229936,,,,,For evelyn.,,,600000010081880028,Dan Dan Noodles Ⓥ🌶️🌶️ 担担面,,0.00,0.00,0.00,1.0,false,,
Cupertino,600000035451568316,16,2/8/25 12:14 PM,2/8/25 12:00 PM,600000035451568315,Yafang Chen,B3,Dining Room,Lunch,Dine In,600000035452229938,,,,,For evelyn.,,,600000031726935734,Chinese Crepe 煎饼果子 (薄脆),,0.00,0.00,0.00,2.0,false,,
Cupertino,600000035451568316,16,2/8/25 12:14 PM,2/8/25 12:00 PM,600000035451568315,Yafang Chen,B3,Dining Room,Lunch,Dine In,600000035452229940,,,,,For evelyn.,,,600000010081827857,Beef Sandwich (1) 大嘴牛肉包 (不辣),,0.00,0.00,0.00,3.0,false,,
Cupertino,600000035451568316,16,2/8/25 12:14 PM,2/8/25 12:00 PM,600000035451568315,Yafang Chen,B3,Dining Room,Lunch,Dine In,600000035452229942,,,,,For evelyn.,,,600000010081839187,Pan Fried Pork Buns (4) 特色鲜肉煎包,,0.00,0.00,0.00,2.0,false,,
Cupertino,600000035451568316,16,2/8/25 12:14 PM,2/8/25 12:00 PM,600000035451568315,Yafang Chen,B3,Dining Room,Lunch,Dine In,600000035452229944,,,,,For evelyn.,,,600000010081847463,Beef Potstickers (6) 牛肉锅贴,,0.00,0.00,0.00,1.0,false,,
Cupertino,600000035451568316,16,2/8/25 12:14 PM,2/8/25 12:00 PM,600000035451568315,Yafang Chen,B3,Dining Room,Lunch,Dine In,600000035452229946,,,,,For evelyn.,,,600000026820238595,High Tail Shrimp & Pork Steamed Dumplings (6) 🦐 翘尾鲜虾蒸饺,,0.00,0.00,0.00,2.0,false,,
Cupertino,600000035452570427,29,2/8/25 12:22 PM,2/8/25 12:22 PM,600000035452540179,Default Online Ordering,B6,Dining Room,Lunch,Dine In,600000035452699370,,,,,For Kuangji.,,,600000010081905403,Sweet & Sour Cucumber Ⓥ 🌶️ 甜辣小黄瓜,,0.00,0.00,0.00,1.0,false,,
Cupertino,600000035452570427,29,2/8/25 12:22 PM,2/8/25 12:22 PM,600000035452540179,Default Online Ordering,B6,Dining Room,Lunch,Dine In,600000035452699372,,,,,For Kuangji.,,,600000010081880028,Dan Dan Noodles Ⓥ🌶️🌶️ 担担面,,0.00,0.00,0.00,1.0,false,,
Cupertino,600000035452570427,29,2/8/25 12:22 PM,2/8/25 12:22 PM,600000035452540179,Default Online Ordering,B6,Dining Room,Lunch,Dine In,600000035452699374,,,,,For Kuangji.,,,600000010081823847,Green Onion Pancake (1) Ⓥ 葱油饼,,0.00,0.00,0.00,1.0,false,,
Cupertino,600000035452570427,29,2/8/25 12:22 PM,2/8/25 12:22 PM,600000035452540179,Default Online Ordering,B6,Dining Room,Lunch,Dine In,600000035452699376,,,,,For Kuangji.,,,600000031726935734,Chinese Crepe 煎饼果子 (薄脆),,0.00,0.00,0.00,1.0,false,,
Cupertino,600000035452570427,29,2/8/25 12:22 PM,2/8/25 12:22 PM,600000035452540179,Default Online Ordering,B6,Dining Room,Lunch,Dine In,600000035452699378,,,,,For Kuangji.,,,600000010081834427,Pork Xiao Long Bao (8) 鲜肉小笼包,,0.00,0.00,0.00,1.0,false,,
Cupertino,600000035452570427,29,2/8/25 12:22 PM,2/8/25 12:22 PM,600000035452540179,Default Online Ordering,B6,Dining Room,Lunch,Dine In,600000035452699380,,,,,For Kuangji.,,,600000010081843259,Vegetable Potstickers (6) Ⓥ 素三鲜锅贴,,0.00,0.00,0.00,1.0,false,,
Cupertino,600000035452570427,29,2/8/25 12:22 PM,2/8/25 12:22 PM,600000035452540179,Default Online Ordering,B6,Dining Room,Lunch,Dine In,600000035452699382,,,,,For Kuangji.,,,600000010081870624,Braised Pig Ears 🌶️ 凉拌猪耳,,0.00,0.00,0.00,1.0,false,,
Cupertino,600000035452570427,29,2/8/25 12:22 PM,2/8/25 12:22 PM,600000035452540179,Default Online Ordering,B6,Dining Room,Lunch,Dine In,600000035452699384,,,,,For Wen Cai.,,,600000010081857563,Pork Wontons in Chili Sauce (6) 🌶️ 红油猪肉抄手,,0.00,0.00,0.00,1.0,false,,
Cupertino,600000035452570427,29,2/8/25 12:22 PM,2/8/25 12:22 PM,600000035452540179,Default Online Ordering,B6,Dining Room,Lunch,Dine In,600000035452699386,,,,,For Wen Cai.,,,600000010081902105,Kale Salad with Sweet & Spicy Garlic Dressing Ⓥ 🌶️ 甜辣羽衣甘蓝沙拉,,0.00,0.00,0.00,1.0,false,,
Cupertino,600000035452570427,29,2/8/25 12:22 PM,2/8/25 12:22 PM,600000035452540179,Default Online Ordering,B6,Dining Room,Lunch,Dine In,600000035452699388,,,,,For Wen Cai.,,,600000010081907948,Banana Naan Bread (1) Ⓥ 香蕉飞饼,,0.00,0.00,0.00,1.0,false,,
Cupertino,600000035452570427,29,2/8/25 12:22 PM,2/8/25 12:22 PM,600000035452540179,Default Online Ordering,B6,Dining Room,Lunch,Dine In,600000035452699390,,,,,For Meena.,,,600000010081883486,Green Onion Soy Sauce Noodles Ⓥ 葱油拌面,,0.00,0.00,0.00,1.0,false,,
Cupertino,600000035451568316,16,2/8/25 12:27 PM,2/8/25 12:00 PM,600000035451568315,Yafang Chen,B3,Dining Room,Lunch,Dine In,600000035452979714,,,,,For Fei.,,,600000010081897528,Broccoli with Seafood Sauce 蚝油西兰花,,0.00,0.00,0.00,2.0,false,,
Cupertino,600000035451568316,16,2/8/25 12:27 PM,2/8/25 12:00 PM,600000035451568315,Yafang Chen,B3,Dining Room,Lunch,Dine In,600000035452979716,,,,,For Fei.,,,600000010081899532,Kale Salad with Sesame Dressing Ⓥ 麻酱羽衣甘蓝沙拉,,0.00,0.00,0.00,2.0,false,,
Cupertino,600000035453094300,32,2/8/25 12:28 PM,2/8/25 12:28 PM,600000035453075952,Default Online Ordering,D3,Dining Room,Lunch,Dine In,600000035453075928,600000031727085237,600000031727085238,,,No Spicy 不要辣,600000031727019038,Sauce 酱汁,600000031726935734,Chinese Crepe 煎饼果子 (薄脆),,0.00,0.00,0.00,1.0,false,,
Cupertino,600000035451568316,16,2/8/25 12:36 PM,2/8/25 12:00 PM,600000035451568315,Yafang Chen,B3,Dining Room,Lunch,Dine In,600000035453516168,,,,,For evelyn.,,,600000010081907948,Banana Naan Bread (1) Ⓥ 香蕉飞饼,,0.00,0.00,0.00,1.0,false,,
Cupertino,600000035453580205,34,2/8/25 12:38 PM,2/8/25 12:38 PM,600000035453574557,Default Online Ordering,,,Lunch,DoorDash - Delivery,600000035453573028,,,,,Include plasticware,,,600000010081832227,Pan Fried Chive Dumplings (3) 韭菜盒子,,0.00,0.00,0.00,1.0,false,,
Cupertino,600000035453580205,34,2/8/25 12:38 PM,2/8/25 12:38 PM,600000035453574557,Default Online Ordering,,,Lunch,DoorDash - Delivery,600000035453573030,,,,,Include plasticware,,,600000010081831015,Beef Pancake Roll (1) 酱香牛肉卷饼 (不辣),,0.00,0.00,0.00,1.0,false,,
Cupertino,600000035453580205,34,2/8/25 12:38 PM,2/8/25 12:38 PM,600000035453574557,Default Online Ordering,,,Lunch,DoorDash - Delivery,600000035453573032,,,,,Include plasticware,,,600000010081905403,Sweet & Sour Cucumber Ⓥ 🌶️ 甜辣小黄瓜,,0.00,0.00,0.00,1.0,false,,
Cupertino,600000035454262934,46,2/8/25 12:57 PM,2/8/25 12:57 PM,600000035454201238,Default Online Ordering,,,Lunch,DoorDash - Delivery,600000035454617675,,,,,Include plasticware,,,600000010081823847,Green Onion Pancake (1) Ⓥ 葱油饼,,0.00,0.00,0.00,1.0,false,,
Cupertino,600000035454262934,46,2/8/25 12:57 PM,2/8/25 12:57 PM,600000035454201238,Default Online Ordering,,,Lunch,DoorDash - Delivery,600000035454617677,,,,,Include plasticware,,,600000010081897528,Broccoli with Seafood Sauce 蚝油西兰花,,0.00,0.00,0.00,1.0,false,,
Cupertino,600000035454262934,46,2/8/25 12:57 PM,2/8/25 12:57 PM,600000035454201238,Default Online Ordering,,,Lunch,DoorDash - Delivery,600000035454617679,,,,,Include plasticware,,,600000010081834427,Pork Xiao Long Bao (8) 鲜肉小笼包,,0.00,0.00,0.00,1.0,false,,
Cupertino,600000035454262934,46,2/8/25 12:57 PM,2/8/25 12:57 PM,600000035454201238,Default Online Ordering,,,Lunch,DoorDash - Delivery,600000035454617681,,,,,Include plasticware,,,600000010081895356,Beef-Stew Noodle Soup 🌶️ 秘制牛肉汤面,,0.00,0.00,0.00,1.0,false,,
Cupertino,600000035454481077,47,2/8/25 12:59 PM,2/8/25 12:59 PM,600000035454436929,Default Online Ordering,D5,Dining Room,Lunch,Dine In,600000035454757617,600000027695817041,600000027695817042,,,No Chili Oil 不要红油,600000027695801376,Sauce 酱汁,600000010081905403,Sweet & Sour Cucumber Ⓥ 🌶️ 甜辣小黄瓜,,0.00,0.00,0.00,1.0,false,,
Cupertino,600000035456066434,57,2/8/25 1:31 PM,2/8/25 1:31 PM,600000035456066384,Default Online Ordering,,,Lunch,DoorDash - Takeout,600000035456432621,600000027692292275,600000027692292276,,,No Lettuce 不要生菜,600000010081827850,Ingredients 原料,600000010081827857,Beef Sandwich (1) 大嘴牛肉包 (不辣),,0.00,0.00,0.00,1.0,false,,
Cupertino,600000035456066434,57,2/8/25 1:31 PM,2/8/25 1:31 PM,600000035456066384,Default Online Ordering,,,Lunch,DoorDash - Takeout,600000035456432623,600000027692292275,600000027692292276,,,No Lettuce 不要生菜,600000010081827850,Ingredients 原料,600000010081826450,Spicy Beef Sandwich (1) 🌶️🌶️大嘴牛肉包 (辣),,0.00,0.00,0.00,1.0,false,,
Cupertino,600000035456996560,60,2/8/25 1:43 PM,2/8/25 1:43 PM,600000035456973212,Default Online Ordering,B8,Dining Room,Lunch,Dine In,600000035457069322,,,,,For ximingchen.,,,600000010081880028,Dan Dan Noodles Ⓥ🌶️🌶️ 担担面,,0.00,0.00,0.00,1.0,false,,
Cupertino,600000035456996560,60,2/8/25 1:43 PM,2/8/25 1:43 PM,600000035456973212,Default Online Ordering,B8,Dining Room,Lunch,Dine In,600000035457069324,,,,,For ximingchen.,,,600000010081832227,Pan Fried Chive Dumplings (3) 韭菜盒子,,0.00,0.00,0.00,1.0,false,,
Cupertino,600000035456996560,60,2/8/25 1:43 PM,2/8/25 1:43 PM,600000035456973212,Default Online Ordering,B8,Dining Room,Lunch,Dine In,600000035457069326,,,,,For Siyi Luo.,,,600000010081834427,Pork Xiao Long Bao (8) 鲜肉小笼包,,0.00,0.00,0.00,1.0,false,,
Cupertino,600000035456996560,60,2/8/25 1:43 PM,2/8/25 1:43 PM,600000035456973212,Default Online Ordering,B8,Dining Room,Lunch,Dine In,600000035457069328,,,,,For Siyi Luo.,,,600000010081823847,Green Onion Pancake (1) Ⓥ 葱油饼,,0.00,0.00,0.00,1.0,false,,
Cupertino,600000035456996560,60,2/8/25 1:43 PM,2/8/25 1:43 PM,600000035456973212,Default Online Ordering,B8,Dining Room,Lunch,Dine In,600000035457069330,600000027695721240,600000027695721241,,,Sauce On Side 酱汁分开,600000027695692470,Sauce 酱汁,600000010081857563,Pork Wontons in Chili Sauce (6) 🌶️ 红油猪肉抄手,,0.00,0.00,0.00,1.0,false,,
Cupertino,600000035456996560,60,2/8/25 1:43 PM,2/8/25 1:43 PM,600000035456973212,Default Online Ordering,B8,Dining Room,Lunch,Dine In,600000035457069331,,,,,For Siyi Luo.,,,600000010081857563,Pork Wontons in Chili Sauce (6) 🌶️ 红油猪肉抄手,,0.00,0.00,0.00,1.0,false,,
Cupertino,600000035456996560,60,2/8/25 1:43 PM,2/8/25 1:43 PM,600000035456973212,Default Online Ordering,B8,Dining Room,Lunch,Dine In,600000035457069333,,,,,For Siyi Luo.,,,600000010081897528,Broccoli with Seafood Sauce 蚝油西兰花,,0.00,0.00,0.00,1.0,false,,
Cupertino,600000035457313224,62,2/8/25 1:50 PM,2/8/25 1:50 PM,600000035457275329,Default Online Ordering,B7,Dining Room,Lunch,Dine In,600000035457525615,,,,,For Aaron Kwong.,,,600000010081839187,Pan Fried Pork Buns (4) 特色鲜肉煎包,,0.00,0.00,0.00,1.0,false,,
Cupertino,600000035457313224,62,2/8/25 1:50 PM,2/8/25 1:50 PM,600000035457275329,Default Online Ordering,B7,Dining Room,Lunch,Dine In,600000035457525617,,,,,For Aaron Kwong.,,,600000010081895356,Beef-Stew Noodle Soup 🌶️ 秘制牛肉汤面,,0.00,0.00,0.00,1.0,false,,
Cupertino,600000035457313224,62,2/8/25 1:50 PM,2/8/25 1:50 PM,600000035457275329,Default Online Ordering,B7,Dining Room,Lunch,Dine In,600000035457525619,,,,,For Aaron Kwong.,,,600000010081890982,Minced Chicken Noodles 🌶️ 鸡肉肉燥小面,,0.00,0.00,0.00,1.0,false,,
Cupertino,600000035457324067,64,2/8/25 1:51 PM,2/8/25 1:51 PM,600000035457322668,Default Online Ordering,B1,Dining Room,Lunch,Dine In,600000035457534977,600000027695817041,600000027695817042,,,No Chili Oil 不要红油,600000027695801376,Sauce 酱汁,600000010081905403,Sweet & Sour Cucumber Ⓥ 🌶️ 甜辣小黄瓜,,0.00,0.00,0.00,1.0,false,,
Cupertino,600000035457324067,64,2/8/25 1:51 PM,2/8/25 1:51 PM,600000035457322668,Default Online Ordering,B1,Dining Room,Lunch,Dine In,600000035457534982,600000027697792518,600000027697792519,,,No Peanut 不要花生,600000010081888850,Ingredients 原料,600000010081886453,Yibin Noodles Ⓥ 🌶️ 宜宾燃面,,0.00,0.00,0.00,1.0,false,,
Cupertino,600000035457399674,66,2/8/25 1:52 PM,2/8/25 1:52 PM,600000035457385475,Default Online Ordering,A4,Dining Room,Lunch,Dine In,600000035457625701,,,,,For Ralph Brunner.,,,600000010081823847,Green Onion Pancake (1) Ⓥ 葱油饼,,0.00,0.00,0.00,1.0,false,,
Cupertino,600000035457399674,66,2/8/25 1:52 PM,2/8/25 1:52 PM,600000035457385475,Default Online Ordering,A4,Dining Room,Lunch,Dine In,600000035457625703,,,,,For Ralph Brunner.,,,600000010081873109,Five Spice Beef Shank 五香牛腱,,0.00,0.00,0.00,1.0,false,,
Cupertino,600000035457399674,66,2/8/25 1:52 PM,2/8/25 1:52 PM,600000035457385475,Default Online Ordering,A4,Dining Room,Lunch,Dine In,600000035457625705,,,,,For Joseph.,,,600000010081899532,Kale Salad with Sesame Dressing Ⓥ 麻酱羽衣甘蓝沙拉,,0.00,0.00,0.00,1.0,false,,
Cupertino,600000035457399674,66,2/8/25 1:52 PM,2/8/25 1:52 PM,600000035457385475,Default Online Ordering,A4,Dining Room,Lunch,Dine In,600000035457625707,,,,,For Joseph.,,,600000010081888852,Spicy (Ma La) Noodles 🌶️🌶️ 麻辣小面,,0.00,0.00,0.00,1.0,false,,
Cupertino,600000035457399674,66,2/8/25 1:52 PM,2/8/25 1:52 PM,600000035457385475,Default Online Ordering,A4,Dining Room,Lunch,Dine In,600000035457625709,,,,,For VH.,,,600000010081834427,Pork Xiao Long Bao (8) 鲜肉小笼包,,0.00,0.00,0.00,1.0,false,,
Cupertino,600000035457399674,66,2/8/25 1:52 PM,2/8/25 1:52 PM,600000035457385475,Default Online Ordering,A4,Dining Room,Lunch,Dine In,600000035457625711,,,,,For VH.,,,600000010081862679,Vegetable Steamed Dumplings (6) Ⓥ 素三鲜蒸饺,,0.00,0.00,0.00,1.0,false,,
Cupertino,600000035457399674,66,2/8/25 1:52 PM,2/8/25 1:52 PM,600000035457385475,Default Online Ordering,A4,Dining Room,Lunch,Dine In,600000035457625713,,,,,For VH.,,,600000010081895396,Zha Jiang Mian 京味炸酱面,,0.00,0.00,0.00,1.0,false,,
Cupertino,600000035459428823,77,2/8/25 2:26 PM,2/8/25 2:26 PM,600000035459404175,Default Online Ordering,A2,Dining Room,Lunch,Dine In,600000035459667574,600000027695817041,600000027695817042,,,No Chili Oil 不要红油,600000027695801376,Sauce 酱汁,600000010081905403,Sweet & Sour Cucumber Ⓥ 🌶️ 甜辣小黄瓜,,0.00,0.00,0.00,1.0,false,,
Cupertino,600000035459378877,78,2/8/25 2:27 PM,2/8/25 2:27 PM,600000035459367380,Default Online Ordering,B4,Dining Room,Lunch,Dine In,600000035459722921,,,,,For Emily Song.,,,600000010081834427,Pork Xiao Long Bao (8) 鲜肉小笼包,,0.00,0.00,0.00,1.0,false,,
Cupertino,600000035459378877,78,2/8/25 2:27 PM,2/8/25 2:27 PM,600000035459367380,Default Online Ordering,B4,Dining Room,Lunch,Dine In,600000035459722923,,,,,For John john.,,,600000028210151889,Cold Noodles with Sesame Dressing Ⓥ 麻酱凉面,,0.00,0.00,0.00,1.0,false,,
Cupertino,600000035459378877,78,2/8/25 2:27 PM,2/8/25 2:27 PM,600000035459367380,Default Online Ordering,B4,Dining Room,Lunch,Dine In,600000035459722925,,,,,For John john.,,,600000010081839187,Pan Fried Pork Buns (4) 特色鲜肉煎包,,0.00,0.00,0.00,1.0,false,,
Cupertino,600000035459378877,78,2/8/25 2:27 PM,2/8/25 2:27 PM,600000035459367380,Default Online Ordering,B4,Dining Room,Lunch,Dine In,600000035459722927,,,,,For John john.,,,600000010081857563,Pork Wontons in Chili Sauce (6) 🌶️ 红油猪肉抄手,,0.00,0.00,0.00,1.0,false,,
Cupertino,600000035461843129,85,2/8/25 3:02 PM,2/8/25 3:02 PM,600000035461810282,Default Online Ordering,A6,Dining Room,Lunch,Dine In,600000035462101725,600000027695817041,600000027695817042,,,No Chili Oil 不要红油,600000027695801376,Sauce 酱汁,600000010081905403,Sweet & Sour Cucumber Ⓥ 🌶️ 甜辣小黄瓜,,0.00,0.00,0.00,1.0,false,,
Cupertino,600000035461843129,85,2/8/25 3:02 PM,2/8/25 3:02 PM,600000035461810282,Default Online Ordering,A6,Dining Room,Lunch,Dine In,600000035462101728,600000027693016533,600000027693016534,,,No Sesame 不要芝麻,600000010081850664,Ingredients 原料,600000010081905431,Pork Wontons in Chicken Soup 鸡汤小馄饨,,0.00,0.00,0.00,1.0,false,,
Cupertino,600000035461922120,86,2/8/25 3:02 PM,2/8/25 3:02 PM,600000035461914322,Default Online Ordering,A1,Dining Room,Lunch,Dine In,600000035462124311,,,,,For Justin Vo.,,,600000010081847463,Beef Potstickers (6) 牛肉锅贴,,0.00,0.00,0.00,1.0,false,,
Cupertino,600000035461922120,86,2/8/25 3:02 PM,2/8/25 3:02 PM,600000035461914322,Default Online Ordering,A1,Dining Room,Lunch,Dine In,600000035462124313,,,,,For josh.,,,600000010081880028,Dan Dan Noodles Ⓥ🌶️🌶️ 担担面,,0.00,0.00,0.00,1.0,false,,
Cupertino,600000035461922120,86,2/8/25 3:02 PM,2/8/25 3:02 PM,600000035461914322,Default Online Ordering,A1,Dining Room,Lunch,Dine In,600000035462124315,,,,,For josh.,,,600000010081834427,Pork Xiao Long Bao (8) 鲜肉小笼包,,0.00,0.00,0.00,1.0,false,,
Cupertino,600000035461922120,86,2/8/25 3:02 PM,2/8/25 3:02 PM,600000035461914322,Default Online Ordering,A1,Dining Room,Lunch,Dine In,600000035462124317,,,,,For josh.,,,600000010081823847,Green Onion Pancake (1) Ⓥ 葱油饼,,0.00,0.00,0.00,1.0,false,,
Cupertino,600000035461922120,86,2/8/25 3:02 PM,2/8/25 3:02 PM,600000035461914322,Default Online Ordering,A1,Dining Room,Lunch,Dine In,600000035462124319,,,,,For josh.,,,600000010081839187,Pan Fried Pork Buns (4) 特色鲜肉煎包,,0.00,0.00,0.00,1.0,false,,
Cupertino,600000035461922120,86,2/8/25 3:03 PM,2/8/25 3:02 PM,600000035461914322,Default Online Ordering,A1,Dining Room,Lunch,Dine In,600000035462136368,,,,,For Justin Vo.,,,600000010081874216,Spicy Beef Shank 🌶️🌶️ 麻辣牛腱,,0.00,0.00,0.00,1.0,false,,
Cupertino,600000035461922120,86,2/8/25 3:03 PM,2/8/25 3:02 PM,600000035461914322,Default Online Ordering,A1,Dining Room,Lunch,Dine In,600000035462136370,,,,,For josh.,,,600000010081892480,Beef-Stew Noodles 🌶️ 秘制牛肉小面,,0.00,0.00,0.00,1.0,false,,
Cupertino,600000035463485446,90,2/8/25 3:27 PM,2/8/25 3:27 PM,600000035463448598,Default Online Ordering,A2,Dining Room,Lunch,Dine In,600000035464026661,600000027695660822,600000027695660823,,,Sauce On Side 酱汁分开,600000027695617666,Sauce 酱汁,600000010081854624,Chicken & Vegetable Wontons in Hot & Sour Sauce (6) 🌶️ 酸辣菜肉大馄饨,,0.00,0.00,0.00,1.0,false,,
Cupertino,600000035463485446,90,2/8/25 3:27 PM,2/8/25 3:27 PM,600000035463448598,Default Online Ordering,A2,Dining Room,Lunch,Dine In,600000035464026663,600000027696413438,600000027696413439,,,No Pickled String Bean 不要酸豇豆,600000010081892478,Ingredients 原料,600000010081890982,Minced Chicken Noodles 🌶️ 鸡肉肉燥小面,,0.00,0.00,0.00,1.0,false,,
Cupertino,600000035466214996,95,2/8/25 4:03 PM,2/8/25 4:03 PM,600000035466214946,Default Online Ordering,,,Dinner,DoorDash - Takeout,600000035466790879,,,,,Include plasticware,,,600000010081823847,Green Onion Pancake (1) Ⓥ 葱油饼,,0.00,0.00,0.00,1.0,false,,
Cupertino,600000035466214996,95,2/8/25 4:03 PM,2/8/25 4:03 PM,600000035466214946,Default Online Ordering,,,Dinner,DoorDash - Takeout,600000035466790881,,,,,Include plasticware,,,600000010081843259,Vegetable Potstickers (6) Ⓥ 素三鲜锅贴,,0.00,0.00,0.00,1.0,false,,
Cupertino,600000035466214996,95,2/8/25 4:03 PM,2/8/25 4:03 PM,600000035466214946,Default Online Ordering,,,Dinner,DoorDash - Takeout,600000035466790883,,,,,Include plasticware,,,600000010081883486,Green Onion Soy Sauce Noodles Ⓥ 葱油拌面,,0.00,0.00,0.00,1.0,false,,
Cupertino,600000035467916418,97,2/8/25 4:19 PM,2/8/25 4:19 PM,600000035467839322,Default Online Ordering,,,Dinner,DoorDash - Delivery,600000035468068280,600000026414807141,600000026414807142,,,Add Boba 珍珠,600000026414975698,Ingredients 原料,600000010081922546,Sour Plum Juice (Cold) 酸梅汁 (冷),,1.15,0.00,1.15,1.0,false,,
Cupertino,600000035467682740,98,2/8/25 4:20 PM,2/8/25 4:20 PM,600000035467626091,Default Online Ordering,,,Dinner,DoorDash - Takeout,600000035468271875,,,,,Include plasticware,,,600000010081905403,Sweet & Sour Cucumber Ⓥ 🌶️ 甜辣小黄瓜,,0.00,0.00,0.00,1.0,false,,
Cupertino,600000035467682740,98,2/8/25 4:20 PM,2/8/25 4:20 PM,600000035467626091,Default Online Ordering,,,Dinner,DoorDash - Takeout,600000035468271877,,,,,Include plasticware,,,600000010081892480,Beef-Stew Noodles 🌶️ 秘制牛肉小面,,0.00,0.00,0.00,1.0,false,,
Cupertino,600000035467682740,98,2/8/25 4:20 PM,2/8/25 4:20 PM,600000035467626091,Default Online Ordering,,,Dinner,DoorDash - Takeout,600000035468271879,,,,,Include plasticware,,,600000010081839187,Pan Fried Pork Buns (4) 特色鲜肉煎包,,0.00,0.00,0.00,1.0,false,,
Cupertino,600000035469939735,103,2/8/25 4:48 PM,2/8/25 4:48 PM,600000035469939036,Default Online Ordering,A4,Dining Room,Dinner,Dine In,600000035470371389,,,,,For Mimi Tran.,,,600000010081835786,Pork & Crab Meat Xiao Long Bao (8) 🦐 蟹肉小笼包,,0.00,0.00,0.00,1.0,false,,
Cupertino,600000035469939735,103,2/8/25 4:48 PM,2/8/25 4:48 PM,600000035469939036,Default Online Ordering,A4,Dining Room,Dinner,Dine In,600000035470371391,,,,,For Mimi Tran.,,,600000010081892480,Beef-Stew Noodles 🌶️ 秘制牛肉小面,,0.00,0.00,0.00,1.0,false,,
Cupertino,600000035469939735,103,2/8/25 4:49 PM,2/8/25 4:48 PM,600000035469939036,Default Online Ordering,A4,Dining Room,Dinner,Dine In,600000035470526439,,,,,For Blake Messer.,,,600000010081839187,Pan Fried Pork Buns (4) 特色鲜肉煎包,,0.00,0.00,0.00,1.0,false,,
Cupertino,600000035469939735,103,2/8/25 4:49 PM,2/8/25 4:48 PM,600000035469939036,Default Online Ordering,A4,Dining Room,Dinner,Dine In,600000035470526441,,,,,For Blake Messer.,,,600000010081846333,Pork & Shrimp Potstickers (6) 🦐 猪肉三鲜锅贴,,0.00,0.00,0.00,1.0,false,,
Cupertino,600000035471355645,107,2/8/25 5:09 PM,2/8/25 5:09 PM,600000035472024254,Default Online Ordering,,,Dinner,DoorDash - Takeout,600000035472025967,,,,,Include plasticware,,,600000010081823847,Green Onion Pancake (1) Ⓥ 葱油饼,,0.00,0.00,0.00,2.0,false,,
Cupertino,600000035471355645,107,2/8/25 5:09 PM,2/8/25 5:09 PM,600000035472024254,Default Online Ordering,,,Dinner,DoorDash - Takeout,600000035472025969,,,,,Include plasticware,,,600000010081831015,Beef Pancake Roll (1) 酱香牛肉卷饼 (不辣),,0.00,0.00,0.00,1.0,false,,
Cupertino,600000035471355645,107,2/8/25 5:09 PM,2/8/25 5:09 PM,600000035472024254,Default Online Ordering,,,Dinner,DoorDash - Takeout,600000035472025971,,,,,Include plasticware,,,600000010081905403,Sweet & Sour Cucumber Ⓥ 🌶️ 甜辣小黄瓜,,0.00,0.00,0.00,1.0,false,,
Cupertino,600000035471355645,107,2/8/25 5:09 PM,2/8/25 5:09 PM,600000035472024254,Default Online Ordering,,,Dinner,DoorDash - Takeout,600000035472025973,,,,,Include plasticware,,,600000010081883486,Green Onion Soy Sauce Noodles Ⓥ 葱油拌面,,0.00,0.00,0.00,1.0,false,,
Cupertino,600000035471355645,107,2/8/25 5:09 PM,2/8/25 5:09 PM,600000035472024254,Default Online Ordering,,,Dinner,DoorDash - Takeout,600000035472025975,,,,,Include plasticware,,,600000010081895396,Zha Jiang Mian 京味炸酱面,,0.00,0.00,0.00,1.0,false,,
Cupertino,600000035471355645,107,2/8/25 5:09 PM,2/8/25 5:09 PM,600000035472024254,Default Online Ordering,,,Dinner,DoorDash - Takeout,600000035472025977,,,,,Include plasticware,,,600000010081840858,Steamed Pork Buns (4) 特色鲜肉蒸包,,0.00,0.00,0.00,1.0,false,,
Cupertino,600000035472935488,111,2/8/25 5:30 PM,2/8/25 5:30 PM,600000035472916639,Default Online Ordering,B8,Dining Room,Dinner,Dine In,600000035473605864,600000027695817041,600000027695817042,,,No Chili Oil 不要红油,600000027695801376,Sauce 酱汁,600000010081905403,Sweet & Sour Cucumber Ⓥ 🌶️ 甜辣小黄瓜,,0.00,0.00,0.00,1.0,false,,
Cupertino,600000035474181058,114,2/8/25 5:37 PM,2/8/25 5:36 PM,600000035474181055,Yafang Chen,,,Dinner,Take Out,600000035474180241,600000027696251284,600000027696251285,,,No Green Onion 不要葱花,600000010081883484,Ingredients 原料,600000010081883486,Green Onion Soy Sauce Noodles Ⓥ 葱油拌面,,0.00,0.00,0.00,1.0,false,,
Cupertino,600000035474401672,116,2/8/25 5:40 PM,2/8/25 5:40 PM,600000035474401670,Yafang Chen,A5,Dining Room,Dinner,Dine In,600000035474401667,600000027696485469,600000027696485470,,,No Green Onion 不要葱花,600000010081895394,Ingredients 原料,600000010081895356,Beef-Stew Noodle Soup 🌶️ 秘制牛肉汤面,,0.00,0.00,0.00,1.0,false,,
Cupertino,600000035473903589,118,2/8/25 5:42 PM,2/8/25 5:42 PM,600000035473885042,Default Online Ordering,C2,Dining Room,Dinner,Dine In,600000035474511013,,,,,For Dinner Club ‘25.,,,600000010081837613,Chicken Xiao Long Bao (8) 鸡肉小笼包,,0.00,0.00,0.00,3.0,false,,
Cupertino,600000035473903589,118,2/8/25 5:42 PM,2/8/25 5:42 PM,600000035473885042,Default Online Ordering,C2,Dining Room,Dinner,Dine In,600000035474511015,,,,,For Dinner Club ‘25.,,,600000010081845158,Chicken Potstickers (6) 鸡肉锅贴,,0.00,0.00,0.00,3.0,false,,
Cupertino,600000035473903589,118,2/8/25 5:42 PM,2/8/25 5:42 PM,600000035473885042,Default Online Ordering,C2,Dining Room,Dinner,Dine In,600000035474511017,,,,,For Dinner Club ‘25.,,,600000010081864086,Chicken Steamed Dumplings (6) 鸡肉蒸饺,,0.00,0.00,0.00,2.0,false,,
Cupertino,600000035473903589,118,2/8/25 5:42 PM,2/8/25 5:42 PM,600000035473885042,Default Online Ordering,C2,Dining Room,Dinner,Dine In,600000035474511019,,,,,For Dinner Club ‘25.,,,600000010081886453,Yibin Noodles Ⓥ 🌶️ 宜宾燃面,,0.00,0.00,0.00,2.0,false,,
Cupertino,600000035474401672,116,2/8/25 5:51 PM,2/8/25 5:40 PM,600000035474401670,Yafang Chen,A5,Dining Room,Dinner,Dine In,600000035475189764,,,,,To Go,,,600000010081834427,Pork Xiao Long Bao (8) 鲜肉小笼包,,0.00,0.00,0.00,1.0,false,,
Cupertino,600000035474401672,116,2/8/25 5:51 PM,2/8/25 5:40 PM,600000035474401670,Yafang Chen,A5,Dining Room,Dinner,Dine In,600000035475189768,,,,,To Go,,,600000010081857563,Pork Wontons in Chili Sauce (6) 🌶️ 红油猪肉抄手,,0.00,0.00,0.00,1.0,false,,
Cupertino,600000035474401672,116,2/8/25 5:51 PM,2/8/25 5:40 PM,600000035474401670,Yafang Chen,A5,Dining Room,Dinner,Dine In,600000035475189771,,,,,To Go,,,600000010081905403,Sweet & Sour Cucumber Ⓥ 🌶️ 甜辣小黄瓜,,0.00,0.00,0.00,1.0,false,,
Cupertino,600000035474401672,116,2/8/25 5:51 PM,2/8/25 5:40 PM,600000035474401670,Yafang Chen,A5,Dining Room,Dinner,Dine In,600000035475189774,,,,,To Go,,,600000010081899532,Kale Salad with Sesame Dressing Ⓥ 麻酱羽衣甘蓝沙拉,,0.00,0.00,0.00,1.0,false,,
Cupertino,600000035474401672,116,2/8/25 5:51 PM,2/8/25 5:40 PM,600000035474401670,Yafang Chen,A5,Dining Room,Dinner,Dine In,600000035475189777,,,,,To Go,,,600000010081880028,Dan Dan Noodles Ⓥ🌶️🌶️ 担担面,,0.00,0.00,0.00,1.0,false,,
Cupertino,600000035474401672,116,2/8/25 5:51 PM,2/8/25 5:40 PM,600000035474401670,Yafang Chen,A5,Dining Room,Dinner,Dine In,600000035475189780,,,,,To Go,,,600000010081880028,Dan Dan Noodles Ⓥ🌶️🌶️ 担担面,,0.00,0.00,0.00,1.0,false,,
Cupertino,600000035474920096,127,2/8/25 6:02 PM,2/8/25 6:02 PM,600000035475893600,Default Online Ordering,A2,Dining Room,Dinner,Dine In,600000035475728398,600000031727053414,600000031727053415,,,No Green Onion 不要葱花,600000031727019036,Ingredients 原料,600000031726935734,Chinese Crepe 煎饼果子 (薄脆),,0.00,0.00,0.00,1.0,false,,
Cupertino,600000035474920096,127,2/8/25 6:02 PM,2/8/25 6:02 PM,600000035475893600,Default Online Ordering,A2,Dining Room,Dinner,Dine In,600000035475893550,600000027696097195,600000027696097196,,,No Green Onion 不要葱花,600000010081878294,Ingredients 原料,600000010081875664,Hot & Sour Glass Noodles 🌶️🌶️ 酸辣粉,,0.00,0.00,0.00,1.0,false,,
Cupertino,600000035474920096,127,2/8/25 6:02 PM,2/8/25 6:02 PM,600000035475893600,Default Online Ordering,A2,Dining Room,Dinner,Dine In,600000035475893552,600000027695817041,600000027695817042,,,No Chili Oil 不要红油,600000027695801376,Sauce 酱汁,600000010081905403,Sweet & Sour Cucumber Ⓥ 🌶️ 甜辣小黄瓜,,0.00,0.00,0.00,1.0,false,,
Cupertino,600000035475684176,129,2/8/25 6:04 PM,2/8/25 6:04 PM,600000035475615479,Default Online Ordering,D2,Dining Room,Dinner,Dine In,600000035475920032,600000027692730521,600000027692730522,,,No Sesame 不要芝麻,600000027692581800,Ingredients 原料,600000010081839187,Pan Fried Pork Buns (4) 特色鲜肉煎包,,0.00,0.00,0.00,1.0,false,,
Cupertino,600000035473903589,118,2/8/25 6:05 PM,2/8/25 5:42 PM,600000035473885042,Default Online Ordering,C2,Dining Room,Dinner,Dine In,600000035476046580,,,,,For Rich Bennion.,,,600000010081834427,Pork Xiao Long Bao (8) 鲜肉小笼包,,0.00,0.00,0.00,1.0,false,,
Cupertino,600000035473903589,118,2/8/25 6:05 PM,2/8/25 5:42 PM,600000035473885042,Default Online Ordering,C2,Dining Room,Dinner,Dine In,600000035476046582,,,,,For Lund Smith.,,,600000010081902105,Kale Salad with Sweet & Spicy Garlic Dressing Ⓥ 🌶️ 甜辣羽衣甘蓝沙拉,,0.00,0.00,0.00,1.0,false,,
Cupertino,600000035473903589,118,2/8/25 6:05 PM,2/8/25 5:42 PM,600000035473885042,Default Online Ordering,C2,Dining Room,Dinner,Dine In,600000035476046584,600000027696170230,600000027696170231,,,No Green Onion 不要葱花,600000027696127047,Ingredients 原料,600000010081880028,Dan Dan Noodles Ⓥ🌶️🌶️ 担担面,,0.00,0.00,0.00,2.0,false,,
Cupertino,600000035473903589,118,2/8/25 6:05 PM,2/8/25 5:42 PM,600000035473885042,Default Online Ordering,C2,Dining Room,Dinner,Dine In,600000035476046585,,,,,For Dinner Club ‘25.,,,600000010081880028,Dan Dan Noodles Ⓥ🌶️🌶️ 担担面,,0.00,0.00,0.00,2.0,false,,
Cupertino,600000035475537542,130,2/8/25 6:06 PM,2/8/25 6:06 PM,600000035475513344,Default Online Ordering,B5,Dining Room,Dinner,Dine In,600000035476083489,,,,,For David Sam.,,,600000010081905403,Sweet & Sour Cucumber Ⓥ 🌶️ 甜辣小黄瓜,,0.00,0.00,0.00,1.0,false,,
Cupertino,600000035475537542,130,2/8/25 6:06 PM,2/8/25 6:06 PM,600000035475513344,Default Online Ordering,B5,Dining Room,Dinner,Dine In,600000035476083491,,,,,For David Sam.,,,600000010081834427,Pork Xiao Long Bao (8) 鲜肉小笼包,,0.00,0.00,0.00,1.0,false,,
Cupertino,600000035475537542,130,2/8/25 6:06 PM,2/8/25 6:06 PM,600000035475513344,Default Online Ordering,B5,Dining Room,Dinner,Dine In,600000035476083493,,,,,For David Sam.,,,600000010081835786,Pork & Crab Meat Xiao Long Bao (8) 🦐 蟹肉小笼包,,0.00,0.00,0.00,1.0,false,,
Cupertino,600000035475537542,130,2/8/25 6:06 PM,2/8/25 6:06 PM,600000035475513344,Default Online Ordering,B5,Dining Room,Dinner,Dine In,600000035476083495,,,,,For David Sam.,,,600000010081846333,Pork & Shrimp Potstickers (6) 🦐 猪肉三鲜锅贴,,0.00,0.00,0.00,1.0,false,,
Cupertino,600000035475537542,130,2/8/25 6:06 PM,2/8/25 6:06 PM,600000035475513344,Default Online Ordering,B5,Dining Room,Dinner,Dine In,600000035476083497,,,,,For David Sam.,,,600000010081857563,Pork Wontons in Chili Sauce (6) 🌶️ 红油猪肉抄手,,0.00,0.00,0.00,1.0,false,,
Cupertino,600000035475537542,130,2/8/25 6:06 PM,2/8/25 6:06 PM,600000035475513344,Default Online Ordering,B5,Dining Room,Dinner,Dine In,600000035476083499,,,,,For David Sam.,,,600000010081905518,Chicken & Vegetable Wontons in Chicken Soup 鸡汤菜肉大馄饨,,0.00,0.00,0.00,1.0,false,,
Cupertino,600000035475537542,130,2/8/25 6:06 PM,2/8/25 6:06 PM,600000035475513344,Default Online Ordering,B5,Dining Room,Dinner,Dine In,600000035476136051,,,,,For David Sam.,,,600000010081837613,Chicken Xiao Long Bao (8) 鸡肉小笼包,,0.00,0.00,0.00,1.0,false,,
Cupertino,600000035475537542,130,2/8/25 6:06 PM,2/8/25 6:06 PM,600000035475513344,Default Online Ordering,B5,Dining Room,Dinner,Dine In,600000035476136053,,,,,For Kevin Brasil.,,,600000010081849365,Pan Fried Wontons with Chili Sauce (6) 红油香煎大馄饨,,0.00,0.00,0.00,1.0,false,,
Cupertino,600000035475537542,130,2/8/25 6:06 PM,2/8/25 6:06 PM,600000035475513344,Default Online Ordering,B5,Dining Room,Dinner,Dine In,600000035476136055,,,,,For Kevin Brasil.,,,600000010081928291,Ozeki Sake Dry (375 ml / 12.68 fl.oz.),,0.00,0.00,0.00,2.0,false,,
Cupertino,600000035475537542,130,2/8/25 6:06 PM,2/8/25 6:06 PM,600000035475513344,Default Online Ordering,B5,Dining Room,Dinner,Dine In,600000035476136057,,,,,For Kevin Brasil.,,,600000010081928287,Sapporo,,0.00,0.00,0.00,3.0,false,,
Cupertino,600000035476580875,134,2/8/25 6:20 PM,2/8/25 6:20 PM,600000035476555578,Default Online Ordering,B2,Dining Room,Dinner,Dine In,600000035477055304,600000027696485473,600000027696485474,,,No Romaine Lettuce 不要罗马生菜,600000010081895394,Ingredients 原料,600000010081895356,Beef-Stew Noodle Soup 🌶️ 秘制牛肉汤面,,0.00,0.00,0.00,1.0,false,,
Cupertino,600000035477084940,145,2/8/25 6:24 PM,2/8/25 6:31 PM,600000035477081842,Default Online Ordering,B3,Dining Room,Dinner,Dine In,600000035477216458,600000027692730517,600000027692730518,,,No Green Onion 不要葱花,600000027692581800,Ingredients 原料,600000010081839187,Pan Fried Pork Buns (4) 特色鲜肉煎包,,0.00,0.00,0.00,2.0,false,,
Cupertino,600000035477084940,145,2/8/25 6:24 PM,2/8/25 6:31 PM,600000035477081842,Default Online Ordering,B3,Dining Room,Dinner,Dine In,600000035477216460,600000027696170230,600000027696170231,,,No Green Onion 不要葱花,600000027696127047,Ingredients 原料,600000010081880028,Dan Dan Noodles Ⓥ🌶️🌶️ 担担面,,0.00,0.00,0.00,1.0,false,,
Cupertino,600000035477050527,140,2/8/25 6:29 PM,2/8/25 6:29 PM,600000035476952534,Default Online Ordering,,,Dinner,DoorDash - Delivery,600000035477508920,,,,,Include plasticware,,,600000010081823847,Green Onion Pancake (1) Ⓥ 葱油饼,,0.00,0.00,0.00,1.0,false,,
Cupertino,600000035477050527,140,2/8/25 6:29 PM,2/8/25 6:29 PM,600000035476952534,Default Online Ordering,,,Dinner,DoorDash - Delivery,600000035477508922,,,,,Include plasticware,,,600000010081845158,Chicken Potstickers (6) 鸡肉锅贴,,0.00,0.00,0.00,1.0,false,,
Cupertino,600000035477050527,140,2/8/25 6:29 PM,2/8/25 6:29 PM,600000035476952534,Default Online Ordering,,,Dinner,DoorDash - Delivery,600000035477508924,,,,,Include plasticware,,,600000010081859192,Shrimp & Zucchini Steamed Dumplings (6) 🦐 青瓜鲜虾蒸饺,,0.00,0.00,0.00,1.0,false,,
Cupertino,600000035477050527,140,2/8/25 6:29 PM,2/8/25 6:29 PM,600000035476952534,Default Online Ordering,,,Dinner,DoorDash - Delivery,600000035477508926,,,,,Include plasticware,,,600000010081880028,Dan Dan Noodles Ⓥ🌶️🌶️ 担担面,,0.00,0.00,0.00,2.0,false,,
Cupertino,600000035477050527,140,2/8/25 6:29 PM,2/8/25 6:29 PM,600000035476952534,Default Online Ordering,,,Dinner,DoorDash - Delivery,600000035477508928,,,,,Include plasticware,,,600000010081837613,Chicken Xiao Long Bao (8) 鸡肉小笼包,,0.00,0.00,0.00,1.0,false,,
Cupertino,600000035476945594,146,2/8/25 6:34 PM,2/8/25 6:34 PM,600000035476926097,Default Online Ordering,A4,Dining Room,Dinner,Dine In,600000035477849920,600000027696714731,600000027696714732,,,No Cream 不要奶油,600000027696704081,Ingredients 原料,600000010081907948,Banana Naan Bread (1) Ⓥ 香蕉飞饼,,0.00,0.00,0.00,1.0,false,,
Cupertino,600000035475537542,130,2/8/25 6:38 PM,2/8/25 6:06 PM,600000035475513344,Default Online Ordering,B5,Dining Room,Dinner,Dine In,600000035478062408,,,,,For Kevin Brasil.,,,600000010081907948,Banana Naan Bread (1) Ⓥ 香蕉飞饼,,0.00,0.00,0.00,1.0,false,,
Cupertino,600000035478682115,153,2/8/25 6:54 PM,2/8/25 6:54 PM,600000035478626618,Default Online Ordering,A2,Dining Room,Dinner,Dine In,600000035478741648,600000027695817041,600000027695817042,,,No Chili Oil 不要红油,600000027695801376,Sauce 酱汁,600000010081905403,Sweet & Sour Cucumber Ⓥ 🌶️ 甜辣小黄瓜,,0.00,0.00,0.00,1.0,false,,
Cupertino,600000035478962000,155,2/8/25 6:54 PM,2/8/25 6:54 PM,600000035478947502,Default Online Ordering,B1,Dining Room,Dinner,Dine In,600000035478845128,,,,,For Cole Baker.,,,600000010081852343,Chicken & Vegetable Wontons in Chili Sauce (6) 🌶️ 红油菜肉大馄饨,,0.00,0.00,0.00,2.0,false,,
Cupertino,600000035478962000,155,2/8/25 6:54 PM,2/8/25 6:54 PM,600000035478947502,Default Online Ordering,B1,Dining Room,Dinner,Dine In,600000035478845130,,,,,For Cole Baker.,,,600000010081835786,Pork & Crab Meat Xiao Long Bao (8) 🦐 蟹肉小笼包,,0.00,0.00,0.00,2.0,false,,
Cupertino,600000035478962000,155,2/8/25 6:54 PM,2/8/25 6:54 PM,600000035478947502,Default Online Ordering,B1,Dining Room,Dinner,Dine In,600000035478845132,,,,,For Ali.,,,600000010081823847,Green Onion Pancake (1) Ⓥ 葱油饼,,0.00,0.00,0.00,1.0,false,,
Cupertino,600000035478962000,155,2/8/25 6:54 PM,2/8/25 6:54 PM,600000035478947502,Default Online Ordering,B1,Dining Room,Dinner,Dine In,600000035478845134,,,,,For Ali.,,,600000010081862679,Vegetable Steamed Dumplings (6) Ⓥ 素三鲜蒸饺,,0.00,0.00,0.00,1.0,false,,
Cupertino,600000035478962000,155,2/8/25 6:54 PM,2/8/25 6:54 PM,600000035478947502,Default Online Ordering,B1,Dining Room,Dinner,Dine In,600000035478845136,,,,,For Ali.,,,600000010081840858,Steamed Pork Buns (4) 特色鲜肉蒸包,,0.00,0.00,0.00,1.0,false,,
Cupertino,600000035478559472,152,2/8/25 6:53 PM,2/8/25 6:53 PM,600000035478495275,Default Online Ordering,,,Dinner,DoorDash - Delivery,600000035478876853,,,,,Ramaneek,,,600000010081846333,Pork & Shrimp Potstickers (6) 🦐 猪肉三鲜锅贴,,0.00,0.00,0.00,1.0,false,,
Cupertino,600000035478559472,152,2/8/25 6:53 PM,2/8/25 6:53 PM,600000035478495275,Default Online Ordering,,,Dinner,DoorDash - Delivery,600000035478876855,,,,,Krishen,,,600000010081847463,Beef Potstickers (6) 牛肉锅贴,,0.00,0.00,0.00,1.0,false,,
Cupertino,600000035478559472,152,2/8/25 6:53 PM,2/8/25 6:53 PM,600000035478495275,Default Online Ordering,,,Dinner,DoorDash - Delivery,600000035478876857,,,,,Ramaneek,,,600000010081834427,Pork Xiao Long Bao (8) 鲜肉小笼包,,0.00,0.00,0.00,1.0,false,,
Cupertino,600000035478559472,152,2/8/25 6:53 PM,2/8/25 6:53 PM,600000035478495275,Default Online Ordering,,,Dinner,DoorDash - Delivery,600000035478876859,,,,,Kiran,,,600000010081883486,Green Onion Soy Sauce Noodles Ⓥ 葱油拌面,,0.00,0.00,0.00,1.0,false,,
Cupertino,600000035478559472,152,2/8/25 6:53 PM,2/8/25 6:53 PM,600000035478495275,Default Online Ordering,,,Dinner,DoorDash - Delivery,600000035478876861,,,,,Krishen,,,600000010081883486,Green Onion Soy Sauce Noodles Ⓥ 葱油拌面,,0.00,0.00,0.00,1.0,false,,
Cupertino,600000035478657876,157,2/8/25 7:00 PM,2/8/25 7:00 PM,600000035478536183,Default Online Ordering,A6,Dining Room,Dinner,Dine In,600000035479199741,,,,,For Elaine.,,,600000010081880028,Dan Dan Noodles Ⓥ🌶️🌶️ 担担面,,0.00,0.00,0.00,1.0,false,,
Cupertino,600000035478657876,157,2/8/25 7:00 PM,2/8/25 7:00 PM,600000035478536183,Default Online Ordering,A6,Dining Room,Dinner,Dine In,600000035479199743,,,,,For Elaine.,,,600000010081895396,Zha Jiang Mian 京味炸酱面,,0.00,0.00,0.00,1.0,false,,
Cupertino,600000035478657876,157,2/8/25 7:00 PM,2/8/25 7:00 PM,600000035478536183,Default Online Ordering,A6,Dining Room,Dinner,Dine In,600000035479199745,,,,,For Elaine.,,,600000010081918799,Milk Tea (Cold) 奶茶 (冷),,0.00,0.00,0.00,1.0,false,,
Cupertino,600000035478657876,157,2/8/25 7:00 PM,2/8/25 7:00 PM,600000035478536183,Default Online Ordering,A6,Dining Room,Dinner,Dine In,600000035479199747,,,,,For Elaine.,,,600000027797414680,Add Boba 珍珠,,0.00,0.00,0.00,1.0,false,,
Cupertino,600000035478657876,157,2/8/25 7:00 PM,2/8/25 7:00 PM,600000035478536183,Default Online Ordering,A6,Dining Room,Dinner,Dine In,600000035479199749,,,,,For Elaine.,,,600000010081832227,Pan Fried Chive Dumplings (3) 韭菜盒子,,0.00,0.00,0.00,1.0,false,,
Cupertino,600000035478657876,157,2/8/25 7:00 PM,2/8/25 7:00 PM,600000035478536183,Default Online Ordering,A6,Dining Room,Dinner,Dine In,600000035479275801,,,,,For Yan Wang.,,,600000010081834427,Pork Xiao Long Bao (8) 鲜肉小笼包,,0.00,0.00,0.00,1.0,false,,
Cupertino,600000035478657876,157,2/8/25 7:00 PM,2/8/25 7:00 PM,600000035478536183,Default Online Ordering,A6,Dining Room,Dinner,Dine In,600000035479275803,,,,,For Yan Wang.,,,600000010081845158,Chicken Potstickers (6) 鸡肉锅贴,,0.00,0.00,0.00,1.0,false,,
Cupertino,600000035478657876,157,2/8/25 7:00 PM,2/8/25 7:00 PM,600000035478536183,Default Online Ordering,A6,Dining Room,Dinner,Dine In,600000035479275805,,,,,For Yan Wang.,,,600000010081907948,Banana Naan Bread (1) Ⓥ 香蕉飞饼,,0.00,0.00,0.00,1.0,false,,
Cupertino,600000035478657876,157,2/8/25 7:00 PM,2/8/25 7:00 PM,600000035478536183,Default Online Ordering,A6,Dining Room,Dinner,Dine In,600000035479275807,,,,,For Yan Wang.,,,600000010081839187,Pan Fried Pork Buns (4) 特色鲜肉煎包,,0.00,0.00,0.00,1.0,false,,
Cupertino,600000035478657876,157,2/8/25 7:00 PM,2/8/25 7:00 PM,600000035478536183,Default Online Ordering,A6,Dining Room,Dinner,Dine In,600000035479275809,,,,,For Yan Wang.,,,600000010081833954,Pan Fried Beef Pies (2) 牛肉馅饼,,0.00,0.00,0.00,1.0,false,,
Cupertino,600000035479393010,161,2/8/25 7:06 PM,2/8/25 7:06 PM,600000035479382211,Default Online Ordering,,,Dinner,DoorDash - Takeout,600000035479543204,,,,,Include plasticware,,,600000010081852343,Chicken & Vegetable Wontons in Chili Sauce (6) 🌶️ 红油菜肉大馄饨,,0.00,0.00,0.00,1.0,false,,
Cupertino,600000035479393010,161,2/8/25 7:06 PM,2/8/25 7:06 PM,600000035479382211,Default Online Ordering,,,Dinner,DoorDash - Takeout,600000035479543206,,,,,Include plasticware,,,600000010081857563,Pork Wontons in Chili Sauce (6) 🌶️ 红油猪肉抄手,,0.00,0.00,0.00,1.0,false,,
Cupertino,600000035479393010,161,2/8/25 7:06 PM,2/8/25 7:06 PM,600000035479382211,Default Online Ordering,,,Dinner,DoorDash - Takeout,600000035479543208,,,,,Include plasticware,,,600000010081883486,Green Onion Soy Sauce Noodles Ⓥ 葱油拌面,,0.00,0.00,0.00,1.0,false,,
Cupertino,600000035479393010,161,2/8/25 7:06 PM,2/8/25 7:06 PM,600000035479382211,Default Online Ordering,,,Dinner,DoorDash - Takeout,600000035479543210,,,,,Include plasticware,,,600000010081837613,Chicken Xiao Long Bao (8) 鸡肉小笼包,,0.00,0.00,0.00,1.0,false,,
Cupertino,600000035479393010,161,2/8/25 7:06 PM,2/8/25 7:06 PM,600000035479382211,Default Online Ordering,,,Dinner,DoorDash - Takeout,600000035479543212,,,,,Include plasticware,,,600000010081840858,Steamed Pork Buns (4) 特色鲜肉蒸包,,0.00,0.00,0.00,1.0,false,,
Cupertino,600000035478657876,157,2/8/25 7:27 PM,2/8/25 7:00 PM,600000035478536183,Default Online Ordering,A6,Dining Room,Dinner,Dine In,600000035480407713,,,,,For Yan Wang.,,,600000010081823847,Green Onion Pancake (1) Ⓥ 葱油饼,,0.00,0.00,0.00,1.0,false,,
Cupertino,600000035478657876,157,2/8/25 7:27 PM,2/8/25 7:00 PM,600000035478536183,Default Online Ordering,A6,Dining Room,Dinner,Dine In,600000035480407715,,,,,For Yan Wang.,,,600000010081886453,Yibin Noodles Ⓥ 🌶️ 宜宾燃面,,0.00,0.00,0.00,1.0,false,,
Cupertino,600000035478657876,157,2/8/25 7:27 PM,2/8/25 7:00 PM,600000035478536183,Default Online Ordering,A6,Dining Room,Dinner,Dine In,600000035480407717,,,,,For Yan Wang.,,,600000031726935734,Chinese Crepe 煎饼果子 (薄脆),,0.00,0.00,0.00,1.0,false,,
Cupertino,600000035478962000,155,2/8/25 7:30 PM,2/8/25 6:54 PM,600000035478947502,Default Online Ordering,B1,Dining Room,Dinner,Dine In,600000035480620590,,,,,For Ali.,,,600000010081852343,Chicken & Vegetable Wontons in Chili Sauce (6) 🌶️ 红油菜肉大馄饨,,0.00,0.00,0.00,2.0,false,,
Cupertino,600000035478962000,155,2/8/25 7:30 PM,2/8/25 6:54 PM,600000035478947502,Default Online Ordering,B1,Dining Room,Dinner,Dine In,600000035480620592,,,,,For Ali.,,,600000010081829146,Spicy Beef Pancake Roll (1) 🌶️🌶️ 麻辣牛肉卷饼,,0.00,0.00,0.00,1.0,false,,
Cupertino,600000035480281623,173,2/8/25 7:34 PM,2/8/25 7:34 PM,600000035480240475,Default Online Ordering,,,Dinner,DoorDash - Delivery,600000035480787252,600000027696170230,600000027696170231,,,No Green Onion 不要葱花,600000027696127047,Ingredients 原料,600000010081880028,Dan Dan Noodles Ⓥ🌶️🌶️ 担担面,,0.00,0.00,0.00,1.0,false,,
Cupertino,600000035480281623,173,2/8/25 7:34 PM,2/8/25 7:34 PM,600000035480240475,Default Online Ordering,,,Dinner,DoorDash - Delivery,600000035480787253,600000027696170234,600000027696170235,,,No Yibin Sprouts 不要宜宾芽菜,600000027696127047,Ingredients 原料,600000010081880028,Dan Dan Noodles Ⓥ🌶️🌶️ 担担面,,0.00,0.00,0.00,1.0,false,,
Cupertino,600000035480072342,175,2/8/25 7:41 PM,2/8/25 7:41 PM,600000035479983446,Default Online Ordering,D2,Dining Room,Dinner,Dine In,600000035481041705,600000027695817041,600000027695817042,,,No Chili Oil 不要红油,600000027695801376,Sauce 酱汁,600000010081905403,Sweet & Sour Cucumber Ⓥ 🌶️ 甜辣小黄瓜,,0.00,0.00,0.00,1.0,false,,
Cupertino,600000035480072342,175,2/8/25 7:41 PM,2/8/25 7:41 PM,600000035479983446,Default Online Ordering,D2,Dining Room,Dinner,Dine In,600000035481041706,,,,,For khely vega.,,,600000010081905403,Sweet & Sour Cucumber Ⓥ 🌶️ 甜辣小黄瓜,,0.00,0.00,0.00,1.0,false,,
Cupertino,600000035480072342,175,2/8/25 7:41 PM,2/8/25 7:41 PM,600000035479983446,Default Online Ordering,D2,Dining Room,Dinner,Dine In,600000035481041708,600000027695817041,600000027695817042,,,No Chili Oil 不要红油,600000027695801376,Sauce 酱汁,600000010081905403,Sweet & Sour Cucumber Ⓥ 🌶️ 甜辣小黄瓜,,0.00,0.00,0.00,1.0,false,,
Cupertino,600000035480072342,175,2/8/25 7:41 PM,2/8/25 7:41 PM,600000035479983446,Default Online Ordering,D2,Dining Room,Dinner,Dine In,600000035481041709,,,,,For khely vega.,,,600000010081905403,Sweet & Sour Cucumber Ⓥ 🌶️ 甜辣小黄瓜,,0.00,0.00,0.00,1.0,false,,
Cupertino,600000035480072342,175,2/8/25 7:41 PM,2/8/25 7:41 PM,600000035479983446,Default Online Ordering,D2,Dining Room,Dinner,Dine In,600000035481041711,,,,,For khely vega.,,,600000010081839187,Pan Fried Pork Buns (4) 特色鲜肉煎包,,0.00,0.00,0.00,1.0,false,,
Cupertino,600000035480072342,175,2/8/25 7:41 PM,2/8/25 7:41 PM,600000035479983446,Default Online Ordering,D2,Dining Room,Dinner,Dine In,600000035481041713,,,,,For khely vega.,,,600000010081834427,Pork Xiao Long Bao (8) 鲜肉小笼包,,0.00,0.00,0.00,1.0,false,,
Cupertino,600000035480072342,175,2/8/25 7:41 PM,2/8/25 7:41 PM,600000035479983446,Default Online Ordering,D2,Dining Room,Dinner,Dine In,600000035481041715,,,,,For khely vega.,,,600000010081852343,Chicken & Vegetable Wontons in Chili Sauce (6) 🌶️ 红油菜肉大馄饨,,0.00,0.00,0.00,1.0,false,,
Cupertino,600000035480072342,175,2/8/25 7:41 PM,2/8/25 7:41 PM,600000035479983446,Default Online Ordering,D2,Dining Room,Dinner,Dine In,600000035481041717,,,,,For khely vega.,,,600000010081905518,Chicken & Vegetable Wontons in Chicken Soup 鸡汤菜肉大馄饨,,0.00,0.00,0.00,1.0,false,,
Cupertino,600000035480072342,175,2/8/25 7:41 PM,2/8/25 7:41 PM,600000035479983446,Default Online Ordering,D2,Dining Room,Dinner,Dine In,600000035481041719,,,,,For khely vega.,,,600000010081845158,Chicken Potstickers (6) 鸡肉锅贴,,0.00,0.00,0.00,1.0,false,,
Cupertino,600000035480072342,175,2/8/25 7:41 PM,2/8/25 7:41 PM,600000035479983446,Default Online Ordering,D2,Dining Room,Dinner,Dine In,600000035481041721,,,,,For khely vega.,,,600000010081880028,Dan Dan Noodles Ⓥ🌶️🌶️ 担担面,,0.00,0.00,0.00,1.0,false,,
Cupertino,600000035480072342,175,2/8/25 7:41 PM,2/8/25 7:41 PM,600000035479983446,Default Online Ordering,D2,Dining Room,Dinner,Dine In,600000035481041723,,,,,For khely vega.,,,600000024922278407,Passion Fruit Green Tea (Cold) 百香果绿茶 (冷),,0.00,0.00,0.00,1.0,false,,
Cupertino,600000035480072342,175,2/8/25 7:41 PM,2/8/25 7:41 PM,600000035479983446,Default Online Ordering,D2,Dining Room,Dinner,Dine In,600000035481041725,,,,,For khely vega.,,,600000024922278409,Thai Milk Tea (Cold) 泰式奶茶 (冷),,0.00,0.00,0.00,2.0,false,,
Cupertino,600000035480072342,175,2/8/25 7:41 PM,2/8/25 7:41 PM,600000035479983446,Default Online Ordering,D2,Dining Room,Dinner,Dine In,600000035481041727,,,,,For khely vega.,,,600000024922278411,Ube Milk Tea (Cold) 紫薯奶茶 (冷),,0.00,0.00,0.00,1.0,false,,
Cupertino,600000035480818724,180,2/8/25 7:45 PM,2/8/25 7:45 PM,600000035480687128,Default Online Ordering,A7,Dining Room,Dinner,Dine In,600000035481216823,600000027696251284,600000027696251285,,,No Green Onion 不要葱花,600000010081883484,Ingredients 原料,600000010081883486,Green Onion Soy Sauce Noodles Ⓥ 葱油拌面,,0.00,0.00,0.00,1.0,false,,
Cupertino,600000035480072342,175,2/8/25 7:49 PM,2/8/25 7:41 PM,600000035479983446,Default Online Ordering,D2,Dining Room,Dinner,Dine In,600000035481333993,,,,,"For khely vega.
 ",,,600000010081880028,Dan Dan Noodles Ⓥ🌶️🌶️ 担担面,,0.00,0.00,0.00,1.0,false,,
Cupertino,600000035480072342,175,2/8/25 8:00 PM,2/8/25 7:41 PM,600000035479983446,Default Online Ordering,D2,Dining Room,Dinner,Dine In,600000035481821304,,,,,For khely vega.,,,600000010081852343,Chicken & Vegetable Wontons in Chili Sauce (6) 🌶️ 红油菜肉大馄饨,,0.00,0.00,0.00,1.0,false,,
Cupertino,600000035481158191,197,2/8/25 8:03 PM,2/8/25 8:03 PM,600000035481152992,Default Online Ordering,B7,Dining Room,Dinner,Dine In,600000035481860926,600000027695660822,600000027695660823,,,Sauce On Side 酱汁分开,600000027695617666,Sauce 酱汁,600000010081854624,Chicken & Vegetable Wontons in Hot & Sour Sauce (6) 🌶️ 酸辣菜肉大馄饨,,0.00,0.00,0.00,1.0,false,,
Cupertino,600000035482274961,201,2/8/25 8:18 PM,2/8/25 8:18 PM,600000035482274911,Default Online Ordering,B3,Dining Room,Dinner,Dine In,600000035482352567,600000027696413442,600000027696413443,,,Pickled String Bean On Side 酸豇豆分开,600000010081892478,Ingredients 原料,600000010081890982,Minced Chicken Noodles 🌶️ 鸡肉肉燥小面,,0.00,0.00,0.00,1.0,false,,
Cupertino,600000035481570249,206,2/8/25 8:28 PM,2/8/25 8:28 PM,600000035482700903,Default Online Ordering,A2,Dining Room,Dinner,Dine In,600000035482700865,,,,,For Jane Fernandez.,,,600000010081905403,Sweet & Sour Cucumber Ⓥ 🌶️ 甜辣小黄瓜,,0.00,0.00,0.00,1.0,false,,
Cupertino,600000035481570249,206,2/8/25 8:28 PM,2/8/25 8:28 PM,600000035482700903,Default Online Ordering,A2,Dining Room,Dinner,Dine In,600000035482700867,,,,,For Jane Fernandez.,,,600000010081845158,Chicken Potstickers (6) 鸡肉锅贴,,0.00,0.00,0.00,1.0,false,,
Cupertino,600000035481570249,206,2/8/25 8:28 PM,2/8/25 8:28 PM,600000035482700903,Default Online Ordering,A2,Dining Room,Dinner,Dine In,600000035482700869,,,,,For Jane Fernandez.,,,600000010081847463,Beef Potstickers (6) 牛肉锅贴,,0.00,0.00,0.00,1.0,false,,
Cupertino,600000035481570249,206,2/8/25 8:28 PM,2/8/25 8:28 PM,600000035482700903,Default Online Ordering,A2,Dining Room,Dinner,Dine In,600000035482700871,,,,,For Jane Fernandez.,,,600000010081864086,Chicken Steamed Dumplings (6) 鸡肉蒸饺,,0.00,0.00,0.00,1.0,false,,
Cupertino,600000035481570249,206,2/8/25 8:28 PM,2/8/25 8:28 PM,600000035482700903,Default Online Ordering,A2,Dining Room,Dinner,Dine In,600000035482700873,,,,,For Jane Fernandez.,,,600000010081865189,Beef Steamed Dumplings (6) 牛肉蒸饺,,0.00,0.00,0.00,1.0,false,,
Cupertino,600000035481570249,206,2/8/25 8:28 PM,2/8/25 8:28 PM,600000035482700903,Default Online Ordering,A2,Dining Room,Dinner,Dine In,600000035482700875,,,,,For Jane Fernandez.,,,600000010081823847,Green Onion Pancake (1) Ⓥ 葱油饼,,0.00,0.00,0.00,1.0,false,,
Cupertino,600000035481570249,206,2/8/25 8:28 PM,2/8/25 8:28 PM,600000035482700903,Default Online Ordering,A2,Dining Room,Dinner,Dine In,600000035482700877,,,,,For Alfred Veluya.,,,600000010081834427,Pork Xiao Long Bao (8) 鲜肉小笼包,,0.00,0.00,0.00,1.0,false,,
Cupertino,600000035481570249,206,2/8/25 8:28 PM,2/8/25 8:28 PM,600000035482700903,Default Online Ordering,A2,Dining Room,Dinner,Dine In,600000035482700879,,,,,For Alfred Veluya.,,,600000010081880028,Dan Dan Noodles Ⓥ🌶️🌶️ 担担面,,0.00,0.00,0.00,1.0,false,,
Cupertino,600000035482608913,208,2/8/25 8:32 PM,2/8/25 8:32 PM,600000035482512767,Default Online Ordering,D1,Dining Room,Dinner,Dine In,600000035482755487,600000027695817041,600000027695817042,,,No Chili Oil 不要红油,600000027695801376,Sauce 酱汁,600000010081905403,Sweet & Sour Cucumber Ⓥ 🌶️ 甜辣小黄瓜,,0.00,0.00,0.00,1.0,false,,
Cupertino,600000035482478733,213,2/8/25 8:48 PM,2/8/25 8:48 PM,600000035482451735,Default Online Ordering,A5,Dining Room,Dinner,Dine In,600000035483141236,600000027696413442,600000027696413443,,,Pickled String Bean On Side 酸豇豆分开,600000010081892478,Ingredients 原料,600000010081890982,Minced Chicken Noodles 🌶️ 鸡肉肉燥小面,,0.00,0.00,0.00,2.0,false,,
Cupertino,600000035483242715,214,2/8/25 8:52 PM,2/8/25 8:52 PM,600000035483083072,Default Online Ordering,A1,Dining Room,Dinner,Dine In,600000035483448355,,,,,For Sbeve Chen.,,,600000010081839187,Pan Fried Pork Buns (4) 特色鲜肉煎包,,0.00,0.00,0.00,1.0,false,,
Cupertino,600000035483242715,214,2/8/25 8:52 PM,2/8/25 8:52 PM,600000035483083072,Default Online Ordering,A1,Dining Room,Dinner,Dine In,600000035483448357,,,,,For Sbeve Chen.,,,600000010081834427,Pork Xiao Long Bao (8) 鲜肉小笼包,,0.00,0.00,0.00,1.0,false,,
Cupertino,600000035483242715,214,2/8/25 8:52 PM,2/8/25 8:52 PM,600000035483083072,Default Online Ordering,A1,Dining Room,Dinner,Dine In,600000035483448359,,,,,For Sbeve Chen.,,,600000010081823847,Green Onion Pancake (1) Ⓥ 葱油饼,,0.00,0.00,0.00,1.0,false,,
Cupertino,600000035483069849,218,2/8/25 9:09 PM,2/8/25 9:09 PM,600000035483840105,Default Online Ordering,,,Dinner,DoorDash - Delivery,600000035483871422,,,,,Include plasticware,,,600000010081852343,Chicken & Vegetable Wontons in Chili Sauce (6) 🌶️ 红油菜肉大馄饨,,0.00,0.00,0.00,1.0,false,,
Cupertino,600000035483069849,218,2/8/25 9:09 PM,2/8/25 9:09 PM,600000035483840105,Default Online Ordering,,,Dinner,DoorDash - Delivery,600000035483871424,,,,,Include plasticware,,,600000010081835786,Pork & Crab Meat Xiao Long Bao (8) 🦐 蟹肉小笼包,,0.00,0.00,0.00,1.0,false,,
