Location,Payment Id,Order Id,Order #,Paid Date,Order Date,Check Id,Check #,Tab Name,Server,Table,Dining Area,Service,Dining Option,House Acct #,Amount,Tip,Gratuity,Total,Swiped Card Amount,Keyed Card Amount,Amount Tendered,Refunded,Refund Date,Refund Amount,Refund Tip Amount,Void User,Void Approver,Void Date,Status,Type,Cash Drawer,Card Type,Other Type,Email,Phone,Last 4 Card Digits,V/MC/D Fees,Room Info,Receipt,Source,Last 4 Gift Card Digits,First 5 Gift Card Digits
Cupertino,600000034483698234,600000034483710730,1,1/9/25 11:06 AM,1/9/25 11:06 AM,600000034483710680,1,DD 5024c125 Xinran L,Default Online Ordering,,,Lunch,DoorDash - Delivery,,30.01,0.00,0.00,30.01,0.00,0.00,0.00,NONE,,,,,,,CAPTURED,Other,,,DoorDash,,8552228111,,,,mfq9whbPy7mTd,API,,
Cupertino,600000034483792173,600000034483860710,3,1/9/25 11:08 AM,1/9/25 11:08 AM,600000034483857162,3,SF 9f1d358e PickUp-Pei-Tzu C,Default Online Ordering,,,Lunch,DoorDash - Takeout,,37.87,0.00,0.00,37.87,0.00,0.00,0.00,NONE,,,,,,,CAPTURED,Other,,,DoorDash,,4086449830,,,,McxPWbcyNmYyr,API,,
Cupertino,600000034483878992,600000034484123806,4,1/9/25 11:17 AM,1/9/25 11:17 AM,600000034484123756,4,SF 8c91d10c PickUp-Bea S,Default Online Ordering,,,Lunch,DoorDash - Takeout,,35.47,0.00,0.00,35.47,0.00,0.00,0.00,NONE,,,,,,,CAPTURED,Other,,,DoorDash,,4087717926,,,,TFzydbmjWj9KR,API,,
Cupertino,600000034483906651,600000034483787722,2,1/9/25 11:08 AM,1/9/25 11:08 AM,600000034483772475,2,SF 5e46ae9b PickUp-John D,Default Online Ordering,,,Lunch,DoorDash - Takeout,,28.86,2.64,0.00,31.50,0.00,0.00,0.00,NONE,,,,,,,CAPTURED,Other,,,DoorDash,,4085440137,,,,9ywNCXbXcYX7c,API,,
Cupertino,600000034484339554,600000034484227718,5,1/9/25 11:23 AM,1/9/25 11:23 AM,600000034484227668,5,DD 8b42234f Nary S,Default Online Ordering,,,Lunch,DoorDash - Delivery,,42.12,0.00,0.00,42.12,0.00,0.00,0.00,NONE,,,,,,,CAPTURED,Other,,,DoorDash,,8552228111,,,,TsFdNNbtqbhmk,API,,
Cupertino,600000034484608873,600000034484573630,7,1/9/25 11:35 AM,1/9/25 11:35 AM,600000034484565182,7,SF 9c0aaa12 PickUp-Tanmayi D,Default Online Ordering,,,Lunch,DoorDash - Takeout,,24.06,0.00,0.00,24.06,0.00,0.00,0.00,NONE,,,,,,,CAPTURED,Other,,,DoorDash,,4086499741,,,,jnzkcwcYtWhxF,API,,
Cupertino,600000034484839325,600000034484756039,11,1/9/25 11:46 AM,1/9/25 11:46 AM,600000034484753691,11,SF bda12934 PickUp-De-An H,Default Online Ordering,,,Lunch,DoorDash - Takeout,,34.48,0.00,0.00,34.48,0.00,0.00,0.00,NONE,,,,,,,CAPTURED,Other,,,DoorDash,,4129600039,,,,PbJwJMYcjkkfg,API,,
Cupertino,600000034484930327,600000034484806997,12,1/9/25 11:46 AM,1/9/25 11:46 AM,600000034484806947,12,SF 2ba3e934 PickUp-Jennifer Z,Default Online Ordering,,,Lunch,DoorDash - Takeout,,34.16,0.00,0.00,34.16,0.00,0.00,0.00,NONE,,,,,,,CAPTURED,Other,,,DoorDash,,8328752866,,,,YfNxwjFFbTtX9,API,,
Cupertino,600000034485073812,600000034484892394,13,1/9/25 11:49 AM,1/9/25 11:49 AM,600000034484892294,13,SF c7717805 PickUp-Jaylen R,Default Online Ordering,,,Lunch,DoorDash - Takeout,,38.52,0.00,0.00,38.52,0.00,0.00,0.00,NONE,,,,,,,CAPTURED,Other,,,DoorDash,,4088785872,,,,JKgjbLXNwdCsn,API,,
Cupertino,600000034485288720,600000034485193743,15,1/9/25 11:58 AM,1/9/25 11:58 AM,600000034485142795,15,DD 01384790 Lynsey R,Default Online Ordering,,,Lunch,DoorDash - Delivery,,27.77,0.00,0.00,27.77,0.00,0.00,0.00,NONE,,,,,,,CAPTURED,Other,,,DoorDash,,8552228111,,,,PWJnxXMcyPWtX,API,,
Cupertino,600000034485466524,600000034485336598,16,1/9/25 12:05 PM,1/9/25 12:05 PM,600000034485336548,16,DD 31e3320e Wei ming H,Default Online Ordering,,,Lunch,DoorDash - Delivery,,33.99,0.00,0.00,33.99,0.00,0.00,0.00,NONE,,,,,,,CAPTURED,Other,,,DoorDash,,8552228111,,,,XqFfmhnLxyxRX,API,,
Cupertino,600000034485615854,600000034485454439,17,1/9/25 12:07 PM,1/9/25 12:07 PM,600000034485454090,17,DD 8a607b23 Maxwell C,Default Online Ordering,,,Lunch,DoorDash - Delivery,,18.77,0.00,0.00,18.77,0.00,0.00,0.00,NONE,,,,,,,CAPTURED,Other,,,DoorDash,,8552228111,,,,qFtFXH9tgxxbC,API,,
Cupertino,600000034485641310,600000034484878547,10,1/9/25 12:07 PM,1/9/25 11:40 AM,600000034484878546,10,,andres valencia,A2,Dining Room,Lunch,Dine In,,47.41,9.48,0.00,56.89,56.89,0.00,0.00,NONE,,,,,,,CAPTURED,Credit,,Mastercard,,,,2116,0.00,,rtLqyqpLgykRt,In Store,,
Cupertino,600000034486020682,600000034484450298,9,1/9/25 12:20 PM,1/9/25 11:38 AM,600000034484450248,9,,Default Online Ordering,A5,Dining Room,Lunch,Dine In,,67.88,12.22,0.00,80.10,80.10,0.00,0.00,NONE,,,,,,,CAPTURED,Credit,,Visa,,,,2185,0.00,,qFwMqwfxpRRpW,In Store,,
Cupertino,600000034486063760,600000034485973470,26,1/9/25 12:24 PM,1/9/25 12:24 PM,600000034485973420,26,DD 7e269d36 Ben E,Default Online Ordering,,,Lunch,DoorDash - Delivery,,20.62,0.00,0.00,20.62,0.00,0.00,0.00,NONE,,,,,,,CAPTURED,Other,,,DoorDash,,8552228111,,,,dpF7zdPM9wqJt,API,,
Cupertino,600000034486083454,600000034485134242,14,1/9/25 12:23 PM,1/9/25 11:57 AM,600000034485128643,14,,Default Online Ordering,A4,Dining Room,Lunch,Dine In,,49.53,7.43,0.00,56.96,56.96,0.00,0.00,NONE,,,,,,,CAPTURED,Credit,,Visa,,,,6232,0.00,,NtRF9dtqpqtwz,In Store,,
Cupertino,600000034486231937,600000034485623227,19,1/9/25 12:28 PM,1/9/25 12:10 PM,600000034485623177,19,,Default Online Ordering,A3,Dining Room,Lunch,Dine In,,34.27,2.00,0.00,36.27,36.27,0.00,0.00,NONE,,,,,,,CAPTURED,Credit,,Mastercard,,,,2558,0.00,,KzgkRqxdpCTKX,In Store,,
Cupertino,600000034486252384,600000034485480325,18,1/9/25 12:29 PM,1/9/25 12:07 PM,600000034485466226,18,,Default Online Ordering,B4,Dining Room,Lunch,Dine In,,39.78,5.97,0.00,45.75,45.75,0.00,0.00,NONE,,,,,,,CAPTURED,Credit,,Visa,,,,1184,0.00,,hgcbcrcztfwTb,In Store,,
Cupertino,600000034486400009,600000034484756008,8,1/9/25 12:34 PM,1/9/25 11:38 AM,600000034484753660,8,,Default Online Ordering,B6,Dining Room,Lunch,Dine In,,75.61,11.34,0.00,86.95,86.95,0.00,0.00,NONE,,,,,,,CAPTURED,Credit,,Visa,,,+19166003079,6003,0.00,,M9tYjkydCffpC,In Store,,
Cupertino,600000034486554190,600000034485964002,23,1/9/25 12:40 PM,1/9/25 12:19 PM,600000034485953804,23,,Default Online Ordering,A1,Dining Room,Lunch,Dine In,,8.46,1.27,0.00,9.73,0.00,0.00,0.00,NONE,,,,,,,CAPTURED,Credit,,Mastercard,,,,8718,0.00,,PzzcgmmJnNPkP,In Store,,
Cupertino,600000034486602114,600000034485741735,22,1/9/25 12:42 PM,1/9/25 12:18 PM,600000034485722486,22,,Default Online Ordering,A2,Dining Room,Lunch,Dine In,,46.32,9.26,0.00,55.58,55.58,0.00,0.00,NONE,,,,,,,CAPTURED,Credit,,Visa,,,,3829,0.00,,yhNtWdYjFLcnH,In Store,,
Cupertino,600000034486653705,600000034485814531,21,1/9/25 12:44 PM,1/9/25 12:17 PM,600000034485814481,21,,Default Online Ordering,B1,Dining Room,Lunch,Dine In,,37.87,3.00,0.00,40.87,0.00,0.00,0.00,NONE,,,,,,,CAPTURED,Credit,,Visa,,,,2592,0.00,,q9JMHphkzRzpc,In Store,,
Cupertino,600000034486879481,600000034486833635,35,1/9/25 12:59 PM,1/9/25 12:59 PM,600000034486826586,35,DD 311c6364 Marjorie S,Default Online Ordering,,,Lunch,DoorDash - Delivery,,23.73,0.00,0.00,23.73,0.00,0.00,0.00,NONE,,,,,,,CAPTURED,Other,,,DoorDash,,8552228111,,,,sbz9LTq9bXknW,API,,
Cupertino,600000034486923108,600000034485803784,25,1/9/25 12:54 PM,1/9/25 12:20 PM,600000034485795735,25,,Default Online Ordering,B3,Dining Room,Lunch,Dine In,,17.57,2.64,0.00,20.21,0.00,0.00,0.00,NONE,,,,,,,CAPTURED,Credit,,Mastercard,,,,5823,0.00,,sTCzHLJbNwWnP,In Store,,
Cupertino,600000034486936508,600000034485684148,24,1/9/25 12:55 PM,1/9/25 12:20 PM,600000034485670849,24,,Default Online Ordering,B3,Dining Room,Lunch,Dine In,,18.55,2.78,0.00,21.33,21.33,0.00,0.00,NONE,,,,,,,CAPTURED,Credit,,Amex,,,,6517,0.00,,kTfbHFfPyrRN7,In Store,,
Cupertino,600000034487006951,600000034486111380,31,1/9/25 12:57 PM,1/9/25 12:31 PM,600000034486108682,31,,Default Online Ordering,B7,Dining Room,Lunch,Dine In,,20.95,3.14,0.00,24.09,24.09,0.00,0.00,NONE,,,,,,,CAPTURED,Credit,,Mastercard,,,,5947,0.00,,y7pWpr9mkqYqz,In Store,,
Cupertino,600000034487031514,600000034485972588,29,1/9/25 12:58 PM,1/9/25 12:28 PM,600000034485972538,29,,Default Online Ordering,A5,Dining Room,Lunch,Dine In,,18.54,2.78,0.00,21.32,21.32,0.00,0.00,NONE,,,,,,,CAPTURED,Credit,,Mastercard,,,,1485,0.00,,JRFMyKwbkznxg,In Store,,
Cupertino,600000034487039203,600000034485972588,29,1/9/25 12:59 PM,1/9/25 12:28 PM,600000034485972538,29,,Default Online Ordering,A5,Dining Room,Lunch,Dine In,,18.54,2.78,0.00,21.32,21.32,0.00,0.00,NONE,,,,,,,CAPTURED,Credit,,Visa,,,,5110,0.00,,fchHKjyRhjzWd,In Store,,
Cupertino,600000034487039381,600000034486176480,28,1/9/25 12:59 PM,1/9/25 12:26 PM,600000034486176479,28,,xiaoli zheng,B2,Dining Room,Lunch,Dine In,,55.10,8.26,0.00,63.36,63.36,0.00,0.00,NONE,,,,,,,CAPTURED,Credit,,Mastercard,,,,8590,0.00,,rngqfxqCWxtmy,In Store,,
Cupertino,600000034487269243,600000034486016448,30,1/9/25 1:07 PM,1/9/25 12:30 PM,600000034486013049,30,,Default Online Ordering,C1,Dining Room,Lunch,Dine In,,75.36,15.07,0.00,90.43,90.43,0.00,0.00,NONE,,,,,,,CAPTURED,Credit,,Amex,,,,1008,0.00,,xbLRXTxywmznR,In Store,,
Cupertino,600000034487279970,600000034485999425,27,1/9/25 1:08 PM,1/9/25 12:25 PM,600000034485998426,27,,Default Online Ordering,C4,Dining Room,Lunch,Dine In,,16.26,3.25,0.00,19.51,19.51,0.00,0.00,NONE,,,,,,,CAPTURED,Credit,,Visa,,,,1051,0.00,,YXpkhHJNxYHTJ,In Store,,
Cupertino,600000034487326518,600000034485814521,20,1/9/25 1:09 PM,1/9/25 12:16 PM,600000034485814471,20,,Default Online Ordering,A6,Dining Room,Lunch,Dine In,,66.89,12.04,0.00,78.93,78.93,0.00,0.00,NONE,,,,,,,CAPTURED,Credit,,Amex,,,,1002,0.00,,qzYhYLHMcb9mm,In Store,,
Cupertino,600000034487350082,600000034487297693,37,1/9/25 1:17 PM,1/9/25 1:17 PM,600000034487297643,37,SF 886eb505 PickUp-Vidusha A,Default Online Ordering,,,Lunch,DoorDash - Takeout,,40.32,0.00,0.00,40.32,0.00,0.00,0.00,NONE,,,,,,,CAPTURED,Other,,,DoorDash,,4088324718,,,,wmtrcd9xNLCYy,API,,
Cupertino,600000034487681710,600000034487007147,33,1/9/25 1:23 PM,1/9/25 12:55 PM,600000034487007145,33,,andres valencia,,,Lunch,Take Out,,57.67,0.00,0.00,57.67,0.00,0.00,0.00,NONE,,,,,,,CAPTURED,Credit,,Visa,,,408-339-0926,2064,0.00,,CfLnJfdYWdctL,In Store,,
Cupertino,600000034487856424,600000034486824450,32,1/9/25 1:29 PM,1/9/25 12:50 PM,600000034486823649,32,,andres valencia,A3,Dining Room,Lunch,Dine In,,35.25,7.05,0.00,42.30,42.30,0.00,0.00,NONE,,,,,,,CAPTURED,Credit,,Visa,,,,7346,0.00,,xfxwW9jdKgsMx,In Store,,
Cupertino,600000034488115161,600000034487228810,36,1/9/25 1:39 PM,1/9/25 1:08 PM,600000034487203262,36,,Default Online Ordering,A4,Dining Room,Lunch,Dine In,,47.32,5.00,0.00,52.32,52.32,0.00,0.00,NONE,,,,,,,CAPTURED,Credit,,Visa,,,,9942,0.00,,WxMFWCTRLmwxp,In Store,,
Cupertino,600000034488170580,600000034488096847,44,1/9/25 1:50 PM,1/9/25 1:50 PM,600000034488096348,44,SF f1bb1938 PickUp-Alessandrea A,Default Online Ordering,,,Lunch,DoorDash - Takeout,,32.52,2.98,0.00,35.50,0.00,0.00,0.00,NONE,,,,,,,CAPTURED,Other,,,DoorDash,,6504649046,,,,fXwtrknXyqhPM,API,,
Cupertino,600000034488208860,600000034488209209,42,1/9/25 1:44 PM,1/9/25 1:44 PM,600000034488205861,42,DD 0ec53912 Nisha N,Default Online Ordering,,,Lunch,DoorDash - Delivery,,27.01,0.00,0.00,27.01,0.00,0.00,0.00,NONE,,,,,,,CAPTURED,Other,,,DoorDash,,8552228111,,,,jMwpJ9NnWjWRd,API,,
Cupertino,600000034488632517,600000034488068489,39,1/9/25 1:58 PM,1/9/25 1:37 PM,600000034488068488,39,,xiaoli zheng,A3,Dining Room,Lunch,Dine In,,38.64,5.80,0.00,44.44,44.44,0.00,0.00,NONE,,,,,,,CAPTURED,Credit,,Visa,,,,8832,0.00,,zqdWxzJYtCtw9,In Store,,
Cupertino,600000034488728772,600000034487721528,38,1/9/25 2:00 PM,1/9/25 1:31 PM,600000034487721479,38,,Default Online Ordering,A6,Dining Room,Lunch,Dine In,,28.65,1.35,0.00,30.00,30.00,0.00,0.00,NONE,,,,,,,CAPTURED,Credit,,Visa,,,+14086672552,0430,0.00,,jfwtrFtXXLxhy,In Store,,
Cupertino,600000034488756412,600000034488210758,43,1/9/25 2:02 PM,1/9/25 1:45 PM,600000034488205111,43,,Default Online Ordering,A1,Dining Room,Lunch,Dine In,,10.09,1.51,0.00,11.60,0.00,0.00,0.00,NONE,,,,,,,CAPTURED,Credit,,Visa,,,,4515,0.00,,TsCHFXNLL7gtf,In Store,,
Cupertino,600000034488764683,600000034488108711,40,1/9/25 2:02 PM,1/9/25 1:41 PM,600000034488101013,40,,Default Online Ordering,A1,Dining Room,Lunch,Dine In,,21.28,3.19,0.00,24.47,24.47,0.00,0.00,NONE,,,,,,,CAPTURED,Credit,,Visa,,,,6574,0.00,,z9KgrsrFrJ9HX,In Store,,
Cupertino,600000034488853462,600000034488116519,41,1/9/25 2:05 PM,1/9/25 1:43 PM,600000034488116469,41,,Default Online Ordering,A5,Dining Room,Lunch,Dine In,,37.08,5.56,0.00,42.64,42.64,0.00,0.00,NONE,,,,,,,CAPTURED,Credit,,Visa,,,,2298,0.00,,YzjftTgJhcLJ7,In Store,,
Cupertino,600000034489163938,600000034489213480,50,1/9/25 2:20 PM,1/9/25 2:20 PM,600000034489205383,50,SF 8fa40696 PickUp-Justin J,Default Online Ordering,,,Lunch,DoorDash - Takeout,,27.12,2.48,0.00,29.60,0.00,0.00,0.00,NONE,,,,,,,CAPTURED,Other,,,DoorDash,,6507968751,,,,XHzLKsPfycnJL,API,,
Cupertino,600000034489176925,600000034489051349,49,1/9/25 2:20 PM,1/9/25 2:20 PM,600000034489051299,49,SF 01143568 PickUp-Abhishek S,Default Online Ordering,,,Lunch,DoorDash - Takeout,,17.90,0.00,0.00,17.90,0.00,0.00,0.00,NONE,,,,,,,CAPTURED,Other,,,DoorDash,,3103579359,,,,pbmHLfMxfPCW7,API,,
Cupertino,600000034489340511,600000034489263169,51,1/9/25 2:21 PM,1/9/25 2:21 PM,600000034489215476,51,DD 4819500a Praise F,Default Online Ordering,,,Lunch,DoorDash - Delivery,,29.41,0.00,0.00,29.41,0.00,0.00,0.00,NONE,,,,,,,CAPTURED,Other,,,DoorDash,,8552228111,,,,9LsKTchszybHL,API,,
Cupertino,600000034489506757,600000034489434964,52,1/9/25 2:25 PM,1/9/25 2:25 PM,600000034489433915,52,DD 2a3bcb91 PickUp-Mikaela B,Default Online Ordering,,,Lunch,DoorDash - Takeout,,8.46,0.00,0.00,8.46,0.00,0.00,0.00,NONE,,,,,,,CAPTURED,Other,,,DoorDash,,8552228111,,,,jdyxYNwhb7Hgn,API,,
Cupertino,600000034489614792,600000034488725317,45,1/9/25 2:27 PM,1/9/25 2:04 PM,600000034488724968,45,,Default Online Ordering,A2,Dining Room,Lunch,Dine In,,33.83,6.77,0.00,40.60,40.60,0.00,0.00,NONE,,,,,,,CAPTURED,Credit,,Visa,,,,6019,0.00,,MnkyfXzybPrYL,In Store,,
Cupertino,600000034490144516,600000034489941840,58,1/9/25 2:45 PM,1/9/25 2:45 PM,600000034489941790,58,DD 4d01a04f Stephanie T,Default Online Ordering,,,Lunch,DoorDash - Delivery,,29.74,0.00,0.00,29.74,0.00,0.00,0.00,NONE,,,,,,,CAPTURED,Other,,,DoorDash,,8552228111,,,,FdwLnsFCHKdNH,API,,
Cupertino,600000034490400807,600000034488810428,46,1/9/25 2:48 PM,1/9/25 2:09 PM,600000034488766733,46,,Default Online Ordering,B5,Dining Room,Lunch,Dine In,,29.08,0.00,0.00,29.08,29.08,0.00,0.00,NONE,,,,,,,CAPTURED,Credit,,Visa,,,,7219,0.00,,xdmCMqFtTW9yJ,In Store,,
Cupertino,600000034490411283,600000034490360795,60,1/9/25 2:54 PM,1/9/25 2:54 PM,600000034490347197,60,SF 3bcb601f PickUp-Ryan L,Default Online Ordering,,,Lunch,DoorDash - Takeout,,91.23,0.00,0.00,91.23,0.00,0.00,0.00,NONE,,,,,,,CAPTURED,Other,,,DoorDash,,5107895208,,,,HcJdgfydjfnt9,API,,
Cupertino,600000034490415935,600000034489005684,48,1/9/25 2:49 PM,1/9/25 2:15 PM,600000034489005634,48,,Default Online Ordering,A4,Dining Room,Lunch,Dine In,,57.45,8.62,0.00,66.07,66.07,0.00,0.00,NONE,,,,,,,CAPTURED,Credit,,Visa,,,,2131,0.00,,zkbTNq97P9ccn,In Store,,
Cupertino,600000034490862406,600000034488810447,47,1/9/25 3:00 PM,1/9/25 2:13 PM,600000034489106552,47,,Default Online Ordering,A1,Dining Room,Lunch,Dine In,,36.66,5.50,0.00,42.16,42.16,0.00,0.00,NONE,,,,,,,CAPTURED,Credit,,Visa,,,,5162,0.00,,nbpP7srYNxsmd,In Store,,
Cupertino,600000034491382734,600000034489972549,53,1/9/25 3:12 PM,1/9/25 2:37 PM,600000034489972547,53,,andres valencia,,,Lunch,Take Out,,7.80,1.72,0.00,9.52,0.00,0.00,0.00,NONE,,,,,,,CAPTURED,Credit,,Mastercard,,,,4962,0.00,,wXM9k7LkLPbmz,In Store,,
Cupertino,600000034491712632,600000034490395333,59,1/9/25 3:19 PM,1/9/25 2:54 PM,600000034490395283,59,,Default Online Ordering,A3,Dining Room,Lunch,Dine In,,28.32,4.25,0.00,32.57,32.57,0.00,0.00,NONE,,,,,,,CAPTURED,Credit,,Mastercard,,,,1464,0.00,,HfhJ97T9qLJdd,In Store,,
Cupertino,600000034492528522,600000034489756396,55,1/9/25 3:36 PM,1/9/25 2:38 PM,600000034490000301,55,,Default Online Ordering,A6,Dining Room,Lunch,Dine In,,29.52,4.43,0.00,33.95,33.95,0.00,0.00,NONE,,,,,,,CAPTURED,Credit,,Visa,,,,5471,0.00,,FJnpKyWXwyR7d,In Store,,
Cupertino,600000034492543540,600000034489742738,56,1/9/25 3:37 PM,1/9/25 2:39 PM,600000034489742688,56,,Default Online Ordering,A6,Dining Room,Lunch,Dine In,,18.55,2.78,0.00,21.33,21.33,0.00,0.00,NONE,,,,,,,CAPTURED,Credit,,Visa,,,,9769,0.00,,qdbRRK9gz7W7M,In Store,,
Cupertino,600000034492561257,600000034489880825,57,1/9/25 3:37 PM,1/9/25 2:39 PM,600000034489862826,57,,Default Online Ordering,A6,Dining Room,Lunch,Dine In,,28.42,4.26,0.00,32.68,32.68,0.00,0.00,NONE,,,,,,,CAPTURED,Credit,,Visa,,,,1987,0.00,,jYbgPxCNFFKLp,In Store,,
Cupertino,600000034493226662,600000034490832960,61,1/9/25 3:51 PM,1/9/25 3:01 PM,600000034490817363,61,,Default Online Ordering,A7,Dining Room,Lunch,Dine In,,93.19,5.00,0.00,98.19,98.19,0.00,0.00,NONE,,,,,,,CAPTURED,Credit,,Discover,,,,2749,0.00,,nHsjKm9Ljz9Tj,In Store,,
Cupertino,600000034493976697,600000034492165222,62,1/9/25 4:06 PM,1/9/25 3:32 PM,600000034492155074,62,,Default Online Ordering,A4,Dining Room,Lunch,Dine In,,29.40,4.41,0.00,33.81,33.81,0.00,0.00,NONE,,,,,,,CAPTURED,Credit,,Mastercard,,,6266698365,9598,0.00,,xWCWyfpFtdwqF,In Store,,
Cupertino,600000034494209798,600000034492680024,63,1/9/25 4:11 PM,1/9/25 3:39 PM,600000034492680023,63,,andres valencia,A2,Dining Room,Lunch,Dine In,,50.84,11.18,0.00,62.02,62.02,0.00,0.00,NONE,,,,,,,CAPTURED,Credit,,Visa,,,,4944,0.00,,9tfcLMmRKJPTL,In Store,,
Cupertino,600000034494541549,600000034494667728,66,1/9/25 4:26 PM,1/9/25 4:26 PM,600000034494651029,66,SF e76b9aa6 PickUp-Christal C,Default Online Ordering,,,Dinner,DoorDash - Takeout,,28.75,0.00,0.00,28.75,0.00,0.00,0.00,NONE,,,,,,,CAPTURED,Other,,,DoorDash,,8315942078,,,,kmCFXKqYrcjqg,API,,
Cupertino,600000034494756837,600000034494652148,68,1/9/25 4:28 PM,1/9/25 4:28 PM,600000034495032751,68,DD a4f313eb PickUp-Alex C,Default Online Ordering,,,Dinner,DoorDash - Takeout,,34.92,0.00,0.00,34.92,0.00,0.00,0.00,NONE,,,,,,,CAPTURED,Other,,,DoorDash,,8552228111,,,,CsYzTdhjdTChm,API,,
Cupertino,600000034495244396,600000034493852442,65,1/9/25 4:32 PM,1/9/25 4:10 PM,600000034493808745,65,,Default Online Ordering,A6,Dining Room,Dinner,Dine In,,32.14,5.79,0.00,37.93,37.93,0.00,0.00,NONE,,,,,,,CAPTURED,Credit,,Amex,,,,2009,0.00,,sjJbbTzmmJdXs,In Store,,
Cupertino,600000034495653040,600000034495695334,71,1/9/25 4:48 PM,1/9/25 4:48 PM,600000034495674735,71,SF 0bac365d PickUp-Jocelyn R,Default Online Ordering,,,Dinner,DoorDash - Takeout,,10.09,0.92,0.00,11.01,0.00,0.00,0.00,NONE,,,,,,,CAPTURED,Other,,,DoorDash,,4084839908,,,,XwNyFWxWCgbPf,API,,
Cupertino,600000034495896066,600000034495894960,70,1/9/25 4:46 PM,1/9/25 4:46 PM,600000034495894959,70,,andres valencia,,,Dinner,Take Out,,31.86,0.00,0.00,31.86,0.00,0.00,31.86,NONE,,,,,,,CAPTURED,Cash,,,,,,,,,sqjWjjXqpTxYw,In Store,,
Cupertino,600000034496087019,600000034496194506,72,1/9/25 4:54 PM,1/9/25 4:54 PM,600000034496171907,72,DD a0506285 Jason H,Default Online Ordering,,,Dinner,DoorDash - Delivery,,49.80,0.00,0.00,49.80,0.00,0.00,0.00,NONE,,,,,,,CAPTURED,Other,,,DoorDash,,8552228111,,,,7HgCnCWtpm9Ck,API,,
Cupertino,600000034496281152,600000034494918395,69,1/9/25 4:55 PM,1/9/25 4:32 PM,600000034494918345,69,,Default Online Ordering,A3,Dining Room,Dinner,Dine In,,26.90,4.04,0.00,30.94,30.94,0.00,0.00,NONE,,,,,,,CAPTURED,Credit,,Visa,,,,6655,0.00,,7KNmNR97zjxds,In Store,,
Cupertino,600000034496305833,600000034494613347,67,1/9/25 4:55 PM,1/9/25 4:28 PM,600000034494613297,67,,Default Online Ordering,B1,Dining Room,Dinner,Dine In,,16.26,3.25,0.00,19.51,19.51,0.00,0.00,NONE,,,,,,,CAPTURED,Credit,,Mastercard,,,,6875,0.00,,MPYXWwjTRCFxk,In Store,,
Cupertino,600000034496355058,600000034493342070,64,1/9/25 4:56 PM,1/9/25 3:56 PM,600000034493342020,64,,Default Online Ordering,B5,Dining Room,Lunch,Dine In,,154.79,23.22,0.00,178.01,178.01,0.00,0.00,NONE,,,,,,,CAPTURED,Credit,,Amex,,,,4005,0.00,,PCR9JYryqLxNM,In Store,,
Cupertino,600000034497018367,600000034496888435,73,1/9/25 5:13 PM,1/9/25 5:13 PM,600000034496849038,73,DD 1ecf0db5 Omar S,Default Online Ordering,,,Dinner,DoorDash - Delivery,,62.36,0.00,0.00,62.36,0.00,0.00,0.00,NONE,,,,,,,CAPTURED,Other,,,DoorDash,,8552228111,,,,ysXgPRf7HmgKR,API,,
Cupertino,600000034497169278,600000034497297915,74,1/9/25 5:20 PM,1/9/25 5:20 PM,600000034497296916,74,DD 3a7aa967 PickUp-Olivia H,Default Online Ordering,,,Dinner,DoorDash - Takeout,,52.49,2.00,0.00,54.49,0.00,0.00,0.00,NONE,,,,,,,CAPTURED,Other,,,DoorDash,,8552228111,,,,FqymqmXhJMXxP,API,,
Cupertino,600000034497367163,600000034497328721,75,1/9/25 5:22 PM,1/9/25 5:22 PM,600000034497278725,75,DD 69185cb7 PickUp-Faye I,Default Online Ordering,,,Dinner,DoorDash - Takeout,,45.23,6.80,0.00,52.03,0.00,0.00,0.00,NONE,,,,,,,CAPTURED,Other,,,DoorDash,,8552228111,,,,Ttwnnxr7PcrTX,API,,
Cupertino,600000034497812115,600000034497750918,77,1/9/25 5:33 PM,1/9/25 5:33 PM,600000034497750868,77,SF 2cc461d2 PickUp-Sisi L,Default Online Ordering,,,Dinner,DoorDash - Takeout,,27.99,0.00,0.00,27.99,0.00,0.00,0.00,NONE,,,,,,,CAPTURED,Other,,,DoorDash,,5204402513,,,,rcTb9mJT9KmpM,API,,
Cupertino,600000034498513171,600000034498567861,79,1/9/25 5:53 PM,1/9/25 5:53 PM,600000034498553313,79,DD 3b5ab5e8 Jill W,Default Online Ordering,,,Dinner,DoorDash - Delivery,,88.81,0.00,0.00,88.81,0.00,0.00,0.00,NONE,,,,,,,CAPTURED,Other,,,DoorDash,,8552228111,,,,FcMWdfbNmpdgR,API,,
Cupertino,600000034498629332,600000034497481905,76,1/9/25 5:52 PM,1/9/25 5:23 PM,600000034497480406,76,,Default Online Ordering,B1,Dining Room,Dinner,Dine In,,26.35,5.27,0.00,31.62,31.62,0.00,0.00,NONE,,,,,,,CAPTURED,Credit,,Amex,,,,6951,0.00,,zFspdqqXsrCnY,In Store,,
Cupertino,600000034499144268,600000034499067028,83,1/9/25 6:13 PM,1/9/25 6:13 PM,600000034499047330,83,DD 60c82196 PickUp-Chloe W,Default Online Ordering,,,Dinner,DoorDash - Takeout,,15.60,0.00,0.00,15.60,0.00,0.00,0.00,NONE,,,,,,,CAPTURED,Other,,,DoorDash,,8552228111,,,,hsjmrkXwYyfRm,API,,
Cupertino,600000034499344767,600000034499200936,86,1/9/25 6:18 PM,1/9/25 6:18 PM,600000034499200137,86,DD d7d3f144 Yifong S,Default Online Ordering,,,Dinner,DoorDash - Delivery,,46.00,0.00,0.00,46.00,0.00,0.00,0.00,NONE,,,,,,,CAPTURED,Other,,,DoorDash,,8552228111,,,,cfhqPtWcX9X9h,API,,
Cupertino,600000034499719188,600000034498743803,80,1/9/25 6:24 PM,1/9/25 5:56 PM,600000034498739004,80,,Default Online Ordering,A3,Dining Room,Dinner,Dine In,,51.13,5.00,0.00,56.13,56.13,0.00,0.00,NONE,,,,,,,CAPTURED,Credit,,Visa,,,,9892,0.00,,HsWyRnNwR7bNC,In Store,,
Cupertino,600000034499739148,600000034500085207,106,1/9/25 6:38 PM,1/9/25 6:38 PM,600000034500077108,106,DD a1e58b2c Kiran K,Default Online Ordering,,,Dinner,DoorDash - Delivery,,85.48,0.00,0.00,85.48,0.00,0.00,0.00,NONE,,,,,,,CAPTURED,Other,,,DoorDash,,8552228111,,,,LpqLKNsPmfPsN,API,,
Cupertino,600000034499816705,600000034499808491,93,1/9/25 6:28 PM,1/9/25 6:27 PM,600000034499808489,93,,andres valencia,,,Dinner,Take Out,,33.06,0.00,0.00,33.06,33.06,0.00,0.00,NONE,,,,,,,CAPTURED,Credit,,Visa,,,+14089880005,8989,0.00,,gHdL7pFLLnjhm,In Store,,
Cupertino,600000034499881221,600000034499881273,103,1/9/25 6:36 PM,1/9/25 6:36 PM,600000034499876775,103,DD 1982425c Alix H,Default Online Ordering,,,Dinner,DoorDash - Delivery,,57.71,0.00,0.00,57.71,0.00,0.00,0.00,NONE,,,,,,,CAPTURED,Other,,,DoorDash,,8552228111,,,,nPxNFNzCbPsX7,API,,
Cupertino,600000034500093454,600000034499850887,105,1/9/25 6:38 PM,1/9/25 6:38 PM,600000034499850837,105,DD e3545d7e PickUp-Prasanna S,Default Online Ordering,,,Dinner,DoorDash - Takeout,,15.60,0.00,0.00,15.60,0.00,0.00,0.00,NONE,,,,,,,CAPTURED,Other,,,DoorDash,,8552228111,,,,FsfwpJFwJpxfg,API,,
Cupertino,600000034500112892,600000034499013597,84,1/9/25 6:38 PM,1/9/25 6:16 PM,600000034499003799,84,,Default Online Ordering,A5,Dining Room,Dinner,Dine In,,48.66,8.76,0.00,57.42,57.42,0.00,0.00,NONE,,,,,,,CAPTURED,Credit,,Visa,,,,8989,0.00,,p97mwdKdtrpLK,In Store,,
Cupertino,600000034500348472,600000034498404723,78,1/9/25 6:46 PM,1/9/25 5:50 PM,600000034498377225,78,,Default Online Ordering,A4,Dining Room,Dinner,Dine In,,82.04,16.41,0.00,98.45,98.45,0.00,0.00,NONE,,,,,,,CAPTURED,Credit,,Visa,,,,9505,0.00,,bKTg9qHCRrNPj,In Store,,
Cupertino,600000034500476324,600000034499610411,89,1/9/25 6:51 PM,1/9/25 6:23 PM,600000034499579964,89,,Default Online Ordering,B7,Dining Room,Dinner,Dine In,,74.26,14.85,0.00,89.11,89.11,0.00,0.00,NONE,,,,,,,CAPTURED,Credit,,Visa,,,,9374,0.00,,yqTpkTWNsycjR,In Store,,
Cupertino,600000034500545707,600000034499305672,85,1/9/25 6:54 PM,1/9/25 6:17 PM,600000034499289174,85,,Default Online Ordering,A2,Dining Room,Dinner,Dine In,,33.39,5.01,0.00,38.40,38.40,0.00,0.00,NONE,,,,,,,CAPTURED,Credit,,Mastercard,,,,0265,0.00,,Pxr9bk9prcNXM,In Store,,
Cupertino,600000034500599973,600000034500520187,116,1/9/25 7:04 PM,1/9/25 7:04 PM,600000034500498038,116,DD 2a78db72 PickUp-Joe Z,Default Online Ordering,,,Dinner,DoorDash - Takeout,,26.03,0.00,0.00,26.03,0.00,0.00,0.00,NONE,,,,,,,CAPTURED,Other,,,DoorDash,,8552228111,,,,TzMLKgFwHdFNL,API,,
Cupertino,600000034500640712,600000034500393747,114,1/9/25 7:01 PM,1/9/25 7:01 PM,600000034500373849,114,DD 85bdd052 PickUp-Joe Z,Default Online Ordering,,,Dinner,DoorDash - Takeout,,20.19,0.00,0.00,20.19,0.00,0.00,0.00,NONE,,,,,,,CAPTURED,Other,,,DoorDash,,8552228111,,,,L7fMY9977Nyyt,API,,
Cupertino,600000034500728481,600000034500728483,113,1/9/25 7:01 PM,1/9/25 7:01 PM,600000034500728482,113,,Jaylan Penney,,,Dinner,Take Out,,16.26,0.00,0.00,16.26,0.00,0.00,0.00,NONE,,,,,,,CAPTURED,Credit,,Visa,,,,9395,0.00,,MgncqqCjxhfgg,In Store,,
Cupertino,600000034500775940,600000034499053485,82,1/9/25 7:03 PM,1/9/25 6:11 PM,600000034499047586,82,,Default Online Ordering,A6,Dining Room,Dinner,Dine In,,88.21,17.64,0.00,105.85,105.85,0.00,0.00,NONE,,,,,,,CAPTURED,Credit,,Visa,,,,5390,0.00,,LNKzmY9nbbcNk,In Store,,
Cupertino,600000034500796707,600000034500528393,117,1/9/25 7:08 PM,1/9/25 7:08 PM,600000034500503947,117,DD f784d6c3 Christy R,Default Online Ordering,,,Dinner,DoorDash - Delivery,,39.01,0.00,0.00,39.01,0.00,0.00,0.00,NONE,,,,,,,CAPTURED,Other,,,DoorDash,,8552228111,,,,yfqKqRJsyt9qF,API,,
Cupertino,600000034500799512,600000034500141987,104,1/9/25 7:04 PM,1/9/25 6:38 PM,600000034500141986,104,Nirha Gupta,Jaylan Penney,,,Dinner,Take Out,,36.39,0.00,0.00,36.39,0.00,0.00,0.00,NONE,,,,,,,CAPTURED,Credit,,Mastercard,,,4253959104,1730,0.00,,KJmqcj9gt79Tr,In Store,,
Cupertino,600000034500855407,600000034500229125,109,1/9/25 7:07 PM,1/9/25 6:40 PM,600000034500229124,109,,Jaylan Penney,,,Dinner,Take Out,,18.55,0.00,0.00,18.55,0.00,0.00,18.55,NONE,,,,,,,CAPTURED,Cash,,,,,669-204-9393,,,,77CsyWRczPhLp,In Store,,
Cupertino,600000034500872363,600000034499576894,97,1/9/25 7:07 PM,1/9/25 6:32 PM,600000034499518047,97,,Default Online Ordering,B6,Dining Room,Dinner,Dine In,,49.32,8.88,0.00,58.20,58.20,0.00,0.00,NONE,,,,,,,CAPTURED,Credit,,Visa,,,,9218,0.00,,7gnhFtncmnMWF,In Store,,
Cupertino,600000034500886154,600000034499640432,96,1/9/25 7:08 PM,1/9/25 6:30 PM,600000034499622434,96,,Default Online Ordering,B5,Dining Room,Dinner,Dine In,,40.64,6.10,0.00,46.74,46.74,0.00,0.00,NONE,,,,,,,CAPTURED,Credit,,Amex,,,,0653,0.00,,CXbhRgXHmH7yf,In Store,,
Cupertino,600000034500960946,600000034501114278,131,1/9/25 7:29 PM,1/9/25 7:29 PM,600000034501100980,131,SF c105ec6f PickUp-Anastasia Y,Default Online Ordering,,,Dinner,DoorDash - Takeout,,16.91,1.55,0.00,18.46,0.00,0.00,0.00,NONE,,,,,,,CAPTURED,Other,,,DoorDash,,6505828980,,,,yLcswHXCfmmbb,API,,
Cupertino,600000034500960949,600000034501114281,133,1/9/25 7:31 PM,1/9/25 7:31 PM,600000034501100983,133,DD 0e21508d PickUp-Nan J,Default Online Ordering,,,Dinner,DoorDash - Takeout,,16.26,0.00,0.00,16.26,0.00,0.00,0.00,NONE,,,,,,,CAPTURED,Other,,,DoorDash,,8552228111,,,,bCh7bycPWKxPs,API,,
Cupertino,600000034500979335,600000034501144968,130,1/9/25 7:27 PM,1/9/25 7:27 PM,600000034501129171,130,SF 4609b0d8 PickUp-Nitya S,Default Online Ordering,,,Dinner,DoorDash - Takeout,,15.60,0.00,0.00,15.60,0.00,0.00,0.00,NONE,,,,,,,CAPTURED,Other,,,DoorDash,,6504475948,,,,NXfwpr7MYddNn,API,,
Cupertino,600000034500998219,600000034500000461,108,1/9/25 7:13 PM,1/9/25 6:39 PM,600000034499985314,108,,Default Online Ordering,A3,Dining Room,Dinner,Dine In,,42.77,8.55,0.00,51.32,51.32,0.00,0.00,NONE,,,,,,,CAPTURED,Credit,,Visa,,,,1832,0.00,,bFjTHHqsfkWmy,In Store,,
Cupertino,600000034500999592,600000034499713256,91,1/9/25 7:13 PM,1/9/25 6:25 PM,600000034500956906,118,,Default Online Ordering,C4,Dining Room,Dinner,Dine In,,24.06,3.61,0.00,27.67,27.67,0.00,0.00,NONE,,,,,,,CAPTURED,Credit,,Visa,,,,4828,0.00,,gjFkWFYfFkdqq,In Store,,
Cupertino,600000034501007726,600000034499557689,95,1/9/25 7:14 PM,1/9/25 6:29 PM,600000034499546890,95,,Default Online Ordering,C3,Dining Room,Dinner,Dine In,,17.89,2.68,0.00,20.57,20.57,0.00,0.00,NONE,,,,,,,CAPTURED,Credit,,Visa,,,,4496,0.00,,xhsnCRpqFMxWq,In Store,,
Cupertino,600000034501015879,600000034499740885,100,1/9/25 7:14 PM,1/9/25 6:33 PM,600000034499718939,100,,Default Online Ordering,C3,Dining Room,Dinner,Dine In,,27.12,4.07,0.00,31.19,31.19,0.00,0.00,NONE,,,,,,,CAPTURED,Credit,,Visa,,,,6851,0.00,,djFtLdkwcYJTx,In Store,,
Cupertino,600000034501018948,600000034499708558,92,1/9/25 7:14 PM,1/9/25 6:26 PM,600000034499670015,92,,Default Online Ordering,A7,Dining Room,Dinner,Dine In,,43.31,6.50,0.00,49.81,49.81,0.00,0.00,NONE,,,,,,,CAPTURED,Credit,,Amex,,,,1060,0.00,,LFdtwyRFWKPsz,In Store,,
Cupertino,600000034501030889,600000034499713256,91,1/9/25 7:15 PM,1/9/25 6:25 PM,600000034499704258,91,,Default Online Ordering,C4,Dining Room,Dinner,Dine In,,38.84,3.00,0.00,41.84,41.84,0.00,0.00,NONE,,,,,,,CAPTURED,Credit,,Mastercard,,,,1329,0.00,,H7TXzJgJXTFmM,In Store,,
Cupertino,600000034501031406,600000034501031456,121,1/9/25 7:16 PM,1/9/25 7:16 PM,600000034501027457,121,DD aae57f99 Vickey Y,Default Online Ordering,,,Dinner,DoorDash - Delivery,,30.50,0.00,0.00,30.50,0.00,0.00,0.00,NONE,,,,,,,CAPTURED,Other,,,DoorDash,,8552228111,,,,xNkzk97w7pThC,API,,
Cupertino,600000034501042191,600000034501362801,132,1/9/25 7:31 PM,1/9/25 7:31 PM,600000034501337504,132,SF 5cea0ab5 PickUp-Mohamed Ismail B,Default Online Ordering,,,Dinner,DoorDash - Takeout,,44.36,4.06,0.00,48.42,0.00,0.00,0.00,NONE,,,,,,,CAPTURED,Other,,,DoorDash,,4082218405,,,,qkNjwkPbh7HYL,API,,
Cupertino,600000034501043896,600000034500572668,112,1/9/25 7:15 PM,1/9/25 6:59 PM,600000034500554420,112,,Default Online Ordering,A2,Dining Room,Dinner,Dine In,,17.67,3.18,0.00,20.85,20.85,0.00,0.00,NONE,,,,,,,CAPTURED,Credit,,Mastercard,,,,2694,0.00,,LdPPNR9WqTw7j,In Store,,
Cupertino,600000034501044261,600000034499460082,90,1/9/25 7:15 PM,1/9/25 6:25 PM,600000034499460032,90,,Default Online Ordering,C2,Dining Room,Dinner,Dine In,,10.09,0.00,0.00,10.09,10.09,0.00,0.00,NONE,,,,,,,CAPTURED,Credit,,Visa,,,,8816,0.00,,qx9j9mcPKdXsd,In Store,,
Cupertino,600000034501051707,600000034499664796,101,1/9/25 7:15 PM,1/9/25 6:34 PM,600000034499658498,101,,Default Online Ordering,C2,Dining Room,Dinner,Dine In,,28.75,0.00,0.00,28.75,28.75,0.00,0.00,NONE,,,,,,,CAPTURED,Credit,,Visa,,,,8821,0.00,,TYkChJm7zYyY9,In Store,,
Cupertino,600000034501071818,600000034500006000,102,1/9/25 7:16 PM,1/9/25 6:34 PM,600000034499985902,102,,Default Online Ordering,B8,Dining Room,Dinner,Dine In,,51.62,7.74,0.00,59.36,59.36,0.00,0.00,NONE,,,,,,,CAPTURED,Credit,,Visa,,,,3363,0.00,,MttnWRnd7pFLF,In Store,,
Cupertino,600000034501072466,600000034500298875,110,1/9/25 7:16 PM,1/9/25 6:52 PM,600000034500282726,110,,Default Online Ordering,A5,Dining Room,Dinner,Dine In,,35.58,5.34,0.00,40.92,40.92,0.00,0.00,NONE,,,,,,,CAPTURED,Credit,,Visa,,,,1654,0.00,,rJtXcRFXykkdb,In Store,,
Cupertino,600000034501153321,600000034499664789,99,1/9/25 7:20 PM,1/9/25 6:32 PM,600000034499658491,99,,Default Online Ordering,B4,Dining Room,Dinner,Dine In,,34.15,5.12,0.00,39.27,39.27,0.00,0.00,NONE,,,,,,,CAPTURED,Credit,,Visa,,,+17206568861,2187,0.00,,gXWnh7T9WLtLj,In Store,,
Cupertino,600000034501254583,600000034500471908,111,1/9/25 7:25 PM,1/9/25 6:54 PM,600000034500441811,111,,Default Online Ordering,A4,Dining Room,Dinner,Dine In,,72.68,14.54,0.00,87.22,87.22,0.00,0.00,NONE,,,,,,,CAPTURED,Credit,,Visa,,,,2116,0.00,,JsrMLnqFCNfnJ,In Store,,
Cupertino,600000034501354087,600000034499305689,88,1/9/25 7:31 PM,1/9/25 6:21 PM,600000034499289191,88,,Default Online Ordering,A1,Dining Room,Dinner,Dine In,,19.32,0.00,0.00,19.32,19.32,0.00,0.00,NONE,,,,,,,CAPTURED,Credit,,Visa,,,,7476,0.00,,jpYXdPmxkNHNM,In Store,,
Cupertino,600000034501362314,600000034499303139,87,1/9/25 7:31 PM,1/9/25 6:20 PM,600000034499241696,87,,Default Online Ordering,A1,Dining Room,Dinner,Dine In,,20.57,3.70,0.00,24.27,24.27,0.00,0.00,NONE,,,,,,,CAPTURED,Credit,,Visa,,,,2571,0.00,,cqxfwbcxskWzp,In Store,,
Cupertino,600000034501405463,600000034501397867,134,1/9/25 7:37 PM,1/9/25 7:37 PM,600000034501382070,134,DD 71318acc PickUp-Dorothie P,Default Online Ordering,,,Dinner,DoorDash - Takeout,,84.57,0.00,0.00,84.57,0.00,0.00,0.00,NONE,,,,,,,CAPTURED,Other,,,DoorDash,,8552228111,,,,tsH9nsddNXpmg,API,,
Cupertino,600000034501531016,600000034500900263,119,1/9/25 7:40 PM,1/9/25 7:15 PM,600000034500892365,119,,Default Online Ordering,B5,Dining Room,Dinner,Dine In,,50.63,7.59,0.00,58.22,58.22,0.00,0.00,NONE,,,,,,,CAPTURED,Credit,,Visa,,,,5028,0.00,,MmgzyLbXnnWFg,In Store,,
Cupertino,600000034501627582,600000034500927626,127,1/9/25 7:46 PM,1/9/25 7:23 PM,600000034500907530,127,,Default Online Ordering,A3,Dining Room,Dinner,Dine In,,21.23,3.18,0.00,24.41,24.41,0.00,0.00,NONE,,,,,,,CAPTURED,Credit,,Visa,,,,0243,0.00,,LqHfCwrJtptgL,In Store,,
Cupertino,600000034501685925,600000034501668834,144,1/9/25 8:07 PM,1/9/25 8:07 PM,600000034501666536,144,DD 72df1e7f Jie Z,Default Online Ordering,,,Dinner,DoorDash - Delivery,,19.53,0.00,0.00,19.53,0.00,0.00,0.00,NONE,,,,,,,CAPTURED,Other,,,DoorDash,,8552228111,,,,y9snWJqhkbLJc,API,,
Cupertino,600000034501728430,600000034501674383,143,1/9/25 8:06 PM,1/9/25 8:06 PM,600000034501664336,143,DD 34417460 PickUp-Smriti T,Default Online Ordering,,,Dinner,DoorDash - Takeout,,32.52,0.00,0.00,32.52,0.00,0.00,0.00,NONE,,,,,,,CAPTURED,Other,,,DoorDash,,8552228111,,,,XLrhyfchjCMrL,API,,
Cupertino,600000034501743508,600000034501436096,141,1/9/25 7:56 PM,1/9/25 7:56 PM,600000034501433147,141,DD f6ad1707 Victor M,Default Online Ordering,,,Dinner,DoorDash - Delivery,,18.99,0.00,0.00,18.99,0.00,0.00,0.00,NONE,,,,,,,CAPTURED,Other,,,DoorDash,,8552228111,,,,kmjpWCnCXfdfT,API,,
Cupertino,600000034501749082,600000034500940387,125,1/9/25 7:53 PM,1/9/25 7:21 PM,600000034500914841,125,,Default Online Ordering,A6,Dining Room,Dinner,Dine In,,45.87,6.88,0.00,52.75,0.00,0.00,0.00,NONE,,,,,,,CAPTURED,Credit,,Visa,,,,1497,0.00,,9JfRrbNLdcbzH,In Store,,
Cupertino,600000034501827771,600000034500961233,128,1/9/25 7:58 PM,1/9/25 7:26 PM,600000034500888140,128,,Default Online Ordering,B8,Dining Room,Dinner,Dine In,,53.08,6.00,0.00,59.08,59.08,0.00,0.00,NONE,,,,,,,CAPTURED,Credit,,Amex,,,,9694,0.00,,rkRzyHfRsdyrk,In Store,,
Cupertino,600000034501844339,600000034500595581,115,1/9/25 8:00 PM,1/9/25 7:03 PM,600000034500573134,115,,Default Online Ordering,B7,Dining Room,Dinner,Dine In,,27.26,4.09,0.00,31.35,31.35,0.00,0.00,NONE,,,,,,,CAPTURED,Credit,,Visa,,,,7288,0.00,,JKxHpkhgmfcry,In Store,,
Cupertino,600000034501847984,600000034500595581,115,1/9/25 8:00 PM,1/9/25 7:03 PM,600000034500573134,115,,Default Online Ordering,B7,Dining Room,Dinner,Dine In,,27.25,4.09,0.00,31.34,31.34,0.00,0.00,NONE,,,,,,,CAPTURED,Credit,,Visa,,,,0686,0.00,,CYbXXYPJktYcb,In Store,,
Cupertino,600000034501993391,600000034500832832,126,1/9/25 8:11 PM,1/9/25 7:23 PM,600000034500803635,126,,Default Online Ordering,A2,Dining Room,Dinner,Dine In,,51.94,2.00,0.00,53.94,53.94,0.00,0.00,NONE,,,,,,,CAPTURED,Credit,,Visa,,,,8459,0.00,,stKzRt9xmWPKs,In Store,,
Cupertino,600000034502034827,600000034501539829,140,1/9/25 8:14 PM,1/9/25 7:50 PM,600000034501533281,140,,Default Online Ordering,A1,Dining Room,Dinner,Dine In,,8.46,1.27,0.00,9.73,9.73,0.00,0.00,NONE,,,,,,,CAPTURED,Credit,,Visa,,,,5313,0.00,,FTc9FkcHqqd7Y,In Store,,
Cupertino,600000034502035698,600000034501512916,139,1/9/25 8:15 PM,1/9/25 7:50 PM,600000034501505118,139,,Default Online Ordering,A1,Dining Room,Dinner,Dine In,,7.80,1.17,0.00,8.97,8.97,0.00,0.00,NONE,,,,,,,CAPTURED,Credit,,Mastercard,,,,6315,0.00,,H9syCFh9bknMR,In Store,,
Cupertino,600000034502117171,600000034502109474,151,1/9/25 8:30 PM,1/9/25 8:30 PM,600000034502067979,151,DD a78aebac Neha S,Default Online Ordering,,,Dinner,DoorDash - Delivery,,36.01,0.00,0.00,36.01,0.00,0.00,0.00,NONE,,,,,,,CAPTURED,Other,,,DoorDash,,8552228111,,,,pjxpTWHC7tPXt,API,,
Cupertino,600000034502143490,600000034501265052,129,1/9/25 8:23 PM,1/9/25 7:27 PM,600000034501202704,129,,Default Online Ordering,A5,Dining Room,Dinner,Dine In,,54.12,10.82,0.00,64.94,0.00,0.00,0.00,NONE,,,,,,,CAPTURED,Credit,,Visa,,,,4921,0.00,,WbdYTPrNdhwbq,In Store,,
Cupertino,600000034502198585,600000034501674386,145,1/9/25 8:28 PM,1/9/25 8:07 PM,600000034501664339,145,,Default Online Ordering,B4,Dining Room,Dinner,Dine In,,28.65,4.30,0.00,32.95,32.95,0.00,0.00,NONE,,,,,,,CAPTURED,Credit,,Visa,,,,8140,0.00,,JsbyzNpPP7LFX,In Store,,
Cupertino,600000034502205026,600000034501680801,138,1/9/25 8:28 PM,1/9/25 7:49 PM,600000034501678302,138,,Default Online Ordering,C3,Dining Room,Dinner,Dine In,,106.73,18.78,0.00,125.51,125.51,0.00,0.00,NONE,,,,,,,CAPTURED,Credit,,Visa,,,,8807,0.00,,swKwMbd9swcyF,In Store,,
Cupertino,600000034502233191,600000034501668826,142,1/9/25 8:31 PM,1/9/25 8:03 PM,600000034501666528,142,,Default Online Ordering,A3,Dining Room,Dinner,Dine In,,46.81,7.02,0.00,53.83,53.83,0.00,0.00,NONE,,,,,,,CAPTURED,Credit,,Visa,,,,0356,0.00,,CywNJzhqttjds,In Store,,
Cupertino,600000034502242474,600000034500769988,123,1/9/25 8:32 PM,1/9/25 7:18 PM,600000034500691995,123,,Default Online Ordering,B6,Dining Room,Dinner,Dine In,,65.96,9.89,0.00,75.85,75.85,0.00,0.00,NONE,,,,,,,CAPTURED,Credit,,Visa,,,,0905,0.00,,KFskMjYfp7pMX,In Store,,
Cupertino,600000034502313621,600000034501394470,135,1/9/25 8:38 PM,1/9/25 7:41 PM,600000034501394370,135,,Default Online Ordering,A7,Dining Room,Dinner,Dine In,,28.64,5.73,0.00,34.37,0.00,0.00,0.00,NONE,,,,,,,CAPTURED,Credit,,Mastercard,,,,3036,0.00,,mXHFdhhf9qFTt,In Store,,
Cupertino,600000034502316993,600000034501605555,137,1/9/25 8:39 PM,1/9/25 7:47 PM,600000034501581708,137,,Default Online Ordering,A7,Dining Room,Dinner,Dine In,,24.06,3.61,0.00,27.67,27.67,0.00,0.00,NONE,,,,,,,CAPTURED,Credit,,Visa,,,,7761,0.00,,PgHKbJwWXFr7k,In Store,,
Cupertino,600000034502339346,600000034501539814,136,1/9/25 8:41 PM,1/9/25 7:46 PM,600000034501533266,136,,Default Online Ordering,A7,Dining Room,Dinner,Dine In,,18.55,2.78,0.00,21.33,21.33,0.00,0.00,NONE,,,,,,,CAPTURED,Credit,,Visa,,,,9136,0.00,,hNwgyXtM9hnHj,In Store,,
Cupertino,600000034502367610,600000034500966107,120,1/9/25 8:44 PM,1/9/25 7:15 PM,600000034500920011,120,,Default Online Ordering,B3,Dining Room,Dinner,Dine In,,314.02,58.50,0.00,372.52,372.52,0.00,0.00,NONE,,,,,,,CAPTURED,Credit,,Visa,,,,5227,0.00,,jgjxr9KHRHRjR,In Store,,
Cupertino,600000034502419639,600000034502101378,146,1/9/25 8:49 PM,1/9/25 8:19 PM,600000034502101377,146,,andres valencia,B5,Dining Room,Dinner,Dine In,,32.18,6.44,0.00,38.62,38.62,0.00,0.00,NONE,,,,,,,CAPTURED,Credit,,Visa,,,,1718,0.00,,zwxmTfywqKwhJ,In Store,,
Cupertino,600000034502459997,600000034502025169,147,1/9/25 8:53 PM,1/9/25 8:22 PM,600000034501988923,147,,Default Online Ordering,A2,Dining Room,Dinner,Dine In,,43.15,7.77,0.00,50.92,50.92,0.00,0.00,NONE,,,,,,,CAPTURED,Credit,,Visa,,,,1869,0.00,,rbspgxqFCcgPr,In Store,,
Cupertino,600000034502486056,600000034502137307,148,1/9/25 8:56 PM,1/9/25 8:25 PM,600000034502119312,148,,Default Online Ordering,A6,Dining Room,Dinner,Dine In,,39.12,7.82,0.00,46.94,46.94,0.00,0.00,NONE,,,,,,,CAPTURED,Credit,,Visa,,,,9961,0.00,,MqPqwYm77mysH,In Store,,
Cupertino,600000034502563739,600000034502031524,149,1/9/25 9:06 PM,1/9/25 8:26 PM,600000034502014177,149,,Default Online Ordering,A1,Dining Room,Dinner,Dine In,,52.04,5.00,0.00,57.04,57.04,0.00,0.00,NONE,,,,,,,CAPTURED,Credit,,Visa,,,,0154,0.00,,jHfLHxmtgL9WM,In Store,,
Cupertino,600000034502607819,600000034502218400,150,1/9/25 9:12 PM,1/9/25 8:30 PM,600000034502218350,150,,Default Online Ordering,A5,Dining Room,Dinner,Dine In,,35.69,5.35,0.00,41.04,41.04,0.00,0.00,NONE,,,,,,,CAPTURED,Credit,,Visa,,,,7964,0.00,,NdyCmTXPcgTt7,In Store,,
Cupertino,600000034502611365,600000034502008790,152,1/9/25 9:12 PM,1/9/25 8:31 PM,600000034502004742,152,,Default Online Ordering,A4,Dining Room,Dinner,Dine In,,50.19,7.53,0.00,57.72,57.72,0.00,0.00,NONE,,,,,,,CAPTURED,Credit,,Visa,,,,2039,0.00,,wzLfjPkrcHg9z,In Store,,
