Customer Id,Customer,Customer Phone,Customer Email,Location Code,Opened Date,Opened Time,Item Description,Server,Tax,Tender,Check Id,Check #,Total,Customer Family,Table Size,Discount,Reason of Discount,Link
600000035402387975,Mary W,8552228111,dd.toast.orders+orders_7afc6e52-6a4e-4315-9eb5-501b894bd9b4@gmail.com,CA02,2/7/25,11:08 AM,"Pan Fried Wontons with Chili Sauce (6) 红油香煎大馄饨, Chicken & Vegetable Wontons in Chili Sauce (6) 🌶️ 红油菜肉大馄饨",Default Online Ordering,3.07,Other,600000035402388941,2,36.67,,1,0.00,,http://www.toasttab.com/receipts/33eiUG9RSnqR9vgz4YmOIA/jLWRYYJm9phy7
,,,,CA02,2/7/25,11:26 AM,"Pan Fried Chive Dumplings (3) 韭菜盒子, Pork & Crab Meat Xiao Long Bao (8) 🦐 蟹肉小笼包, Pork & Shrimp Boiled Dumplings (6) 🦐 猪肉三鲜水饺, Sweet & Sour Cucumber Ⓥ 🌶️ 甜辣小黄瓜, Green Onion Soy Sauce Noodles Ⓥ 葱油拌面",xin Meng,3.64,Visa,600000035403492159,3,51.20,,2,0.00,,http://www.toasttab.com/receipts/33eiUG9RSnqR9vgz4YmOIA/jkcHxTJLhWfsT
,,,,CA02,2/7/25,11:32 AM,"COMB B, COMB C",Default Online Ordering,3.10,Visa,600000035403599163,4,44.50,,1,0.00,,http://www.toasttab.com/receipts/33eiUG9RSnqR9vgz4YmOIA/PTbKCJHqsjfcH
,,,,CA02,2/7/25,11:39 AM,"Green Onion Pancake (1) Ⓥ 葱油饼, Chicken Potstickers (6) 鸡肉锅贴, Pan Fried Wontons with Chili Sauce (6) 红油香煎大馄饨, Chicken & Vegetable Wontons in Hot & Sour Sauce (6) 🌶️ 酸辣菜肉大馄饨, Cold Noodles with Sesame Dressing Ⓥ 麻酱凉面",Yafang Chen,3.11,Visa,600000035403970913,1,37.06,,1,0.00,,http://www.toasttab.com/receipts/33eiUG9RSnqR9vgz4YmOIA/tRPKHWcfpFzHF
,,,,CA02,2/7/25,11:48 AM,"Pork Wontons in Chicken Soup 鸡汤小馄饨, Pork Wontons in Chicken Soup 鸡汤小馄饨",Default Online Ordering,1.44,Mastercard,600000035404182714,6,19.24,,1,0.00,,http://www.toasttab.com/receipts/33eiUG9RSnqR9vgz4YmOIA/kYNtXdsHnJhF7
,,,,CA02,2/7/25,11:50 AM,"Pork & Crab Meat Xiao Long Bao (8) 🦐 蟹肉小笼包, Sweet & Sour Cucumber Ⓥ 🌶️ 甜辣小黄瓜, Five Spice Beef Shank 五香牛腱, Zha Jiang Mian 京味炸酱面, Pork & Shrimp Boiled Dumplings (6) 🦐 猪肉三鲜水饺, Beef Potstickers (6) 牛肉锅贴, Beef-Stew Noodle Soup 🌶️ 秘制牛肉汤面",Default Online Ordering,5.31,Amex,600000035404208619,7,74.76,,1,0.00,,http://www.toasttab.com/receipts/33eiUG9RSnqR9vgz4YmOIA/n7bRsTXcKfYrh
,,,,CA02,2/7/25,11:58 AM,COMB A,Default Online Ordering,1.55,Discover,600000035404212797,8,21.32,,1,0.00,,http://www.toasttab.com/receipts/33eiUG9RSnqR9vgz4YmOIA/yTLFHfHdLfrcw
,,,,CA02,2/7/25,12:04 PM,"COMB A, Oolong Tea (Hot) 乌龙茶 (热)",Default Online Ordering,2.05,Amex,600000035404734722,9,28.96,,1,0.00,,http://www.toasttab.com/receipts/33eiUG9RSnqR9vgz4YmOIA/qLxyntWRhWdK7
600000035404905360,Natasha S,8552228111,dd.toast.orders+orders_435c24b6-ba9b-4e8a-8d9e-a65e2ea2f5b4@gmail.com,CA02,2/7/25,12:08 PM,"Romaine Lettuce Salad with Sesame Dressing Ⓥ 麻酱生菜沙拉, Pork & Crab Meat Xiao Long Bao (8) 🦐 蟹肉小笼包",Default Online Ordering,1.81,Other,600000035404985706,10,21.66,,1,0.00,,http://www.toasttab.com/receipts/33eiUG9RSnqR9vgz4YmOIA/sHMgTXgJxj7by
,,,,CA02,2/7/25,12:10 PM,"Beef Pancake Roll (1) 酱香牛肉卷饼 (不辣), Pork Xiao Long Bao (8) 鲜肉小笼包, Pork Wontons in Chicken Soup 鸡汤小馄饨, Beef-Stew Noodle Soup 🌶️ 秘制牛肉汤面",Yafang Chen,3.40,Visa,600000035405114466,11,48.72,,2,0.00,,http://www.toasttab.com/receipts/33eiUG9RSnqR9vgz4YmOIA/LjXbMzbcnjTWn
600000016190283032,,4083918682,,CA02,2/7/25,12:12 PM,"Pork Xiao Long Bao (8) 鲜肉小笼包, Pork & Shrimp Potstickers (6) 🦐 猪肉三鲜锅贴, Yibin Noodles Ⓥ 🌶️ 宜宾燃面, Beef-Stew Noodles 🌶️ 秘制牛肉小面",Default Online Ordering,2.30,Visa,600000035405149456,12,32.75,,1,7.90,Reward Dollars,http://www.toasttab.com/receipts/33eiUG9RSnqR9vgz4YmOIA/sFYsCkyjCzHHF
,,,,CA02,2/7/25,12:23 PM,"Pork & Crab Meat Xiao Long Bao (8) 🦐 蟹肉小笼包, Pan Fried Wontons with Chili Sauce (6) 红油香煎大馄饨, COMB B, Pan Fried Pork Buns (4) 特色鲜肉煎包",Default Online Ordering,4.04,Visa,600000035405304682,17,55.47,,1,0.00,,http://www.toasttab.com/receipts/33eiUG9RSnqR9vgz4YmOIA/TwTJCCWTqXmRK
,,,,CA02,2/7/25,12:16 PM,"Pork Xiao Long Bao (8) 鲜肉小笼包, Pan Fried Wontons with Sweet & Spicy Garlic Sauce (6) 甜辣香煎大馄饨, Pork Wontons in Chili Sauce (6) 🌶️ 红油猪肉抄手, Sweet & Sour Cucumber Ⓥ 🌶️ 甜辣小黄瓜, Dan Dan Noodles Ⓥ🌶️🌶️ 担担面, Milk Tea (Cold) 奶茶 (冷), Thai Milk Tea (Cold) 泰式奶茶 (冷), Passion Fruit Green Tea (Cold) 百香果绿茶 (冷)",Yafang Chen,5.26,Visa,600000035405325387,13,72.29,,3,0.00,,http://www.toasttab.com/receipts/33eiUG9RSnqR9vgz4YmOIA/rJjq9bgTLpPkz
,,,,CA02,2/7/25,12:19 PM,Beef-Stew Noodle Soup 🌶️ 秘制牛肉汤面,Default Online Ordering,0.91,Discover,600000035405395655,15,12.49,,1,0.00,,http://www.toasttab.com/receipts/33eiUG9RSnqR9vgz4YmOIA/wmtNq7FTwkcK9
,,,,CA02,2/7/25,12:21 PM,"Jasmine Tea (Hot) 茉莉花茶 (热), Pork Xiao Long Bao (8) 鲜肉小笼包, Pan Fried Pork Buns (4) 特色鲜肉煎包, Pork & Shrimp Potstickers (6) 🦐 猪肉三鲜锅贴, Pan Fried Wontons with Chili Sauce (6) 红油香煎大馄饨, Sweet & Sour Cucumber Ⓥ 🌶️ 甜辣小黄瓜, Dan Dan Noodles Ⓥ🌶️🌶️ 担担面, Sapporo, Five Spice Beef Shank 五香牛腱, Banana Naan Bread (1) Ⓥ 香蕉飞饼",Yafang Chen,7.03,Amex,600000035405527412,16,96.63,,3,0.00,,http://www.toasttab.com/receipts/33eiUG9RSnqR9vgz4YmOIA/KckXnFkTPnMzt
,,,,CA02,2/7/25,12:24 PM,"Sweet & Sour Cucumber Ⓥ 🌶️ 甜辣小黄瓜, Pork Xiao Long Bao (8) 鲜肉小笼包, Chicken & Vegetable Wontons in Chili Sauce (6) 🌶️ 红油菜肉大馄饨, Yibin Noodles Ⓥ 🌶️ 宜宾燃面, Pan Fried Wontons with Sweet & Spicy Garlic Sauce (6) 甜辣香煎大馄饨",Default Online Ordering,3.64,Gift Card,600000035405563161,18,43.39,,3,0.00,,http://www.toasttab.com/receipts/33eiUG9RSnqR9vgz4YmOIA/KprYhqKrjcR9C
,,,,CA02,2/7/25,12:27 PM,"Pork Xiao Long Bao (8) 鲜肉小笼包, Pork Wontons in Chili Sauce (6) 🌶️ 红油猪肉抄手, Spicy (Ma La) Noodles 🌶️🌶️ 麻辣小面, Oolong Tea (Hot) 乌龙茶 (热)",Default Online Ordering,2.80,Mastercard,600000035405622509,21,40.14,,1,0.00,,http://www.toasttab.com/receipts/33eiUG9RSnqR9vgz4YmOIA/MFjjqYLxKkcyk
,,,,CA02,2/7/25,12:27 PM,"Steamed Pork Buns (4) 特色鲜肉蒸包, Chicken Potstickers (6) 鸡肉锅贴, Sweet & Sour Cucumber Ⓥ 🌶️ 甜辣小黄瓜, Green Onion Soy Sauce Noodles Ⓥ 葱油拌面",Default Online Ordering,2.97,Visa,600000035405652114,22,40.73,,1,0.00,,http://www.toasttab.com/receipts/33eiUG9RSnqR9vgz4YmOIA/KwscnKPtyCMkL
,,,,CA02,2/7/25,12:26 PM,"Green Onion Pancake (1) Ⓥ 葱油饼, Spicy Beef Sandwich (1) 🌶️🌶️大嘴牛肉包 (辣), Pork Xiao Long Bao (8) 鲜肉小笼包, Chicken Xiao Long Bao (8) 鸡肉小笼包, Chicken & Vegetable Wontons in Chicken Soup 鸡汤菜肉大馄饨, Kale Salad with Sesame Dressing Ⓥ 麻酱羽衣甘蓝沙拉, Dan Dan Noodles Ⓥ🌶️🌶️ 担担面, Dan Dan Noodles Ⓥ🌶️🌶️ 担担面, Green Onion Soy Sauce Noodles Ⓥ 葱油拌面, Beef-Stew Noodles 🌶️ 秘制牛肉小面",Yafang Chen,7.14,Mastercard,600000035405691885,19,98.08,,5,0.00,,http://www.toasttab.com/receipts/33eiUG9RSnqR9vgz4YmOIA/dXhghJnh77bFF
,,,,CA02,2/7/25,12:27 PM,"Braised Pig Ears 🌶️ 凉拌猪耳, Beef-Stew Noodle Soup 🌶️ 秘制牛肉汤面",Yafang Chen,1.58,Mastercard,600000035405727938,20,22.97,,1,0.00,,http://www.toasttab.com/receipts/33eiUG9RSnqR9vgz4YmOIA/ydPdyf7FPNfYM
,,,,CA02,2/7/25,12:40 PM,"Pork & Crab Meat Xiao Long Bao (8) 🦐 蟹肉小笼包, Pork Xiao Long Bao (8) 鲜肉小笼包, Pork & Shrimp Potstickers (6) 🦐 猪肉三鲜锅贴, Pork Wontons in Hot & Sour Sauce (6) 🌶️ 酸辣猪肉抄手, Pork Xiao Long Bao (8) 鲜肉小笼包",Default Online Ordering,2.49,Visa,600000035405919443,23,36.73,,1,17.25,"Customer Service Discount (100.00%), Customer Service Discount (100.00%)",http://www.toasttab.com/receipts/33eiUG9RSnqR9vgz4YmOIA/KCjCRLYwRjPdW
,,,,CA02,2/7/25,12:42 PM,"Green Onion Pancake (1) Ⓥ 葱油饼, Sweet & Sour Cucumber Ⓥ 🌶️ 甜辣小黄瓜, Pork & Crab Meat Xiao Long Bao (8) 🦐 蟹肉小笼包, Hot & Sour Glass Noodles 🌶️🌶️ 酸辣粉, Five Spice Beef Shank 五香牛腱",Default Online Ordering,0.00,,600000035405992332,24,0.00,,1,37.65,Open % Check (100.00%),
,,,,CA02,2/7/25,12:44 PM,"Pork Xiao Long Bao (8) 鲜肉小笼包, Kale Salad with Sesame Dressing Ⓥ 麻酱羽衣甘蓝沙拉, Yibin Noodles Ⓥ 🌶️ 宜宾燃面",Default Online Ordering,3.21,Visa,600000035406212866,26,44.06,,1,0.00,,http://www.toasttab.com/receipts/33eiUG9RSnqR9vgz4YmOIA/sKkKgmFk9j9Jc
,,,,CA02,2/7/25,12:42 PM,"Jasmine Tea (Hot) 茉莉花茶 (热), Dan Dan Noodles Ⓥ🌶️🌶️ 担担面, Chicken & Vegetable Wontons in Chili Sauce (6) 🌶️ 红油菜肉大馄饨, Chicken & Vegetable Wontons in Chili Sauce (6) 🌶️ 红油菜肉大馄饨",Yafang Chen,4.60,Visa,600000035406291272,25,63.36,,2,0.00,,http://www.toasttab.com/receipts/33eiUG9RSnqR9vgz4YmOIA/TFmzWxpfFnmpK
,,,,CA02,2/7/25,12:55 PM,"Pork Xiao Long Bao (8) 鲜肉小笼包, Beef-Stew Noodle Soup 🌶️ 秘制牛肉汤面, Pork & Crab Meat Xiao Long Bao (8) 🦐 蟹肉小笼包",Default Online Ordering,2.73,Visa,600000035406572523,28,37.47,,1,0.00,,http://www.toasttab.com/receipts/33eiUG9RSnqR9vgz4YmOIA/LKWmfbhKtcLsm
,,,,CA02,2/7/25,1:01 PM,"Vegetable Potstickers (6) Ⓥ 素三鲜锅贴, Green Onion Pancake (1) Ⓥ 葱油饼",Default Online Ordering,1.05,Visa,600000035406694932,30,12.50,,1,0.00,,http://www.toasttab.com/receipts/33eiUG9RSnqR9vgz4YmOIA/HWdr7kKHYNmxy
600000035406553662,Kally W,8552228111,dd.toast.orders+orders_c6a43fc7-758e-4e8f-a4b7-5b9d35814915@gmail.com,CA02,2/7/25,12:56 PM,"Pork & Crab Meat Xiao Long Bao (8) 🦐 蟹肉小笼包, Pan Fried Pork Buns (4) 特色鲜肉煎包",Default Online Ordering,2.09,Other,600000035406704408,29,24.99,,1,0.00,,http://www.toasttab.com/receipts/33eiUG9RSnqR9vgz4YmOIA/JtYRWKKRCtXHF
,,,,CA02,2/7/25,1:01 PM,Chicken Potstickers (6) 鸡肉锅贴,Default Online Ordering,0.67,Mastercard,600000035406705183,31,7.97,,1,0.00,,http://www.toasttab.com/receipts/33eiUG9RSnqR9vgz4YmOIA/Nph9n9tndpPsx
,,,,CA02,2/7/25,12:55 PM,Jasmine Tea (Hot) 茉莉花茶 (热),Default Online Ordering,0.50,Amex,600000035406732624,27,17.00,,3,0.00,,http://www.toasttab.com/receipts/33eiUG9RSnqR9vgz4YmOIA/7J7nNmcjnXXmY
,,,,CA02,2/7/25,1:20 PM,"Pan Fried Pork Buns (4) 特色鲜肉煎包, Beef Potstickers (6) 牛肉锅贴, Chicken Steamed Dumplings (6) 鸡肉蒸饺",Yafang Chen,2.25,Mastercard,600000035407626690,32,32.16,,2,0.00,,http://www.toasttab.com/receipts/33eiUG9RSnqR9vgz4YmOIA/sxKwdjXzYYdhC
,,,,CA02,2/7/25,1:30 PM,"Beef-Stew Noodles 🌶️ 秘制牛肉小面, Sweet & Sour Cucumber Ⓥ 🌶️ 甜辣小黄瓜, Chicken Xiao Long Bao (8) 鸡肉小笼包",Default Online Ordering,2.30,Visa,600000035407710037,33,31.57,,1,0.00,,http://www.toasttab.com/receipts/33eiUG9RSnqR9vgz4YmOIA/CNNHcmhd7bC9n
,,,,CA02,2/7/25,1:31 PM,"Minced Chicken Noodles 🌶️ 鸡肉肉燥小面, Pork & Shrimp Potstickers (6) 🦐 猪肉三鲜锅贴, Yibin Noodles Ⓥ 🌶️ 宜宾燃面, Pan Fried Pork Buns (4) 特色鲜肉煎包, Beef-Stew Noodles 🌶️ 秘制牛肉小面, Zha Jiang Mian 京味炸酱面, Pork Wontons in Hot & Sour Sauce (6) 🌶️ 酸辣猪肉抄手",Default Online Ordering,5.13,Visa,600000035408017654,34,70.47,,1,0.00,,http://www.toasttab.com/receipts/33eiUG9RSnqR9vgz4YmOIA/xxFwTgRNrXmLt
600000035408586901,PickUp-Mallory M.,6199806226,dd.toast.orders+orders_312b6322-f22a-44a4-b58b-aa68b0b41709@gmail.com,CA02,2/7/25,1:45 PM,"Passion Fruit Green Tea (Cold) 百香果绿茶 (冷), Sweet & Sour Cucumber Ⓥ 🌶️ 甜辣小黄瓜, Pork Wontons in Chili Sauce (6) 🌶️ 红油猪肉抄手, Green Onion Soy Sauce Noodles Ⓥ 葱油拌面",Default Online Ordering,2.60,Other,600000035408503408,35,33.89,,1,0.00,,http://www.toasttab.com/receipts/33eiUG9RSnqR9vgz4YmOIA/TWgbXRtJpWXHm
,,,,CA02,2/7/25,1:55 PM,Beef-Stew Noodles 🌶️ 秘制牛肉小面,xin Meng,0.72,Visa,600000035408994916,36,8.62,,1,0.00,,http://www.toasttab.com/receipts/33eiUG9RSnqR9vgz4YmOIA/MCbrhnfnLxX7x
,,,,CA02,2/7/25,1:58 PM,"COMB A, Sweet & Sour Cucumber Ⓥ 🌶️ 甜辣小黄瓜, Pork Xiao Long Bao (8) 鲜肉小笼包, Chicken Xiao Long Bao (8) 鸡肉小笼包, Pan Fried Wontons with Sweet & Spicy Garlic Sauce (6) 甜辣香煎大馄饨, Pork Wontons in Hot & Sour Sauce (6) 🌶️ 酸辣猪肉抄手, Coke 可乐, Diet Coke 健怡可乐, Green Onion Soy Sauce Noodles Ⓥ 葱油拌面, Pork Xiao Long Bao (8) 鲜肉小笼包, Pork Xiao Long Bao (8) 鲜肉小笼包, Pork Xiao Long Bao (8) 鲜肉小笼包, Pork Xiao Long Bao (8) 鲜肉小笼包, Pan Fried Wontons with Sweet & Spicy Garlic Sauce (6) 甜辣香煎大馄饨, Pork Wontons in Hot & Sour Sauce (6) 🌶️ 酸辣猪肉抄手, Green Onion Soy Sauce Noodles Ⓥ 葱油拌面, Spicy (Ma La) Noodles 🌶️🌶️ 麻辣小面",Default Online Ordering,12.98,Visa,600000035409106102,37,185.84,,1,0.00,,http://www.toasttab.com/receipts/33eiUG9RSnqR9vgz4YmOIA/zgpHyFFLjHLLf
,,,,CA02,2/7/25,2:08 PM,"Vegetable Steamed Dumplings (6) Ⓥ 素三鲜蒸饺, Chicken & Vegetable Wontons in Chili Sauce (6) 🌶️ 红油菜肉大馄饨, COMB C, Minced Chicken Noodles 🌶️ 鸡肉肉燥小面",Default Online Ordering,3.61,Mastercard,600000035409213593,39,50.86,,1,0.00,,http://www.toasttab.com/receipts/33eiUG9RSnqR9vgz4YmOIA/rN9kLxhqxdfdx
,,,,CA02,2/7/25,2:07 PM,"Beef-Stew Noodle Soup 🌶️ 秘制牛肉汤面, Beef-Stew Noodle Soup 🌶️ 秘制牛肉汤面, Pork Wontons in Chili Sauce (6) 🌶️ 红油猪肉抄手",xin Meng,2.49,Visa,600000035409559481,38,34.14,,2,0.00,,http://www.toasttab.com/receipts/33eiUG9RSnqR9vgz4YmOIA/RKWTPpyPC7mq7
,,,,CA02,2/7/25,2:36 PM,"COMB B, COMB B",Default Online Ordering,3.10,Visa,600000035410907314,40,42.64,,1,0.00,,http://www.toasttab.com/receipts/33eiUG9RSnqR9vgz4YmOIA/9fyKTfyzFXzNM
,,,,CA02,2/7/25,3:06 PM,"Pork Xiao Long Bao (8) 鲜肉小笼包, Pork Wontons in Hot & Sour Sauce (6) 🌶️ 酸辣猪肉抄手, Spicy (Ma La) Noodles 🌶️🌶️ 麻辣小面, Steamed Pork Buns (4) 特色鲜肉蒸包, Passion Fruit Green Tea (Cold) 百香果绿茶 (冷), Passion Fruit Green Tea (Cold) 百香果绿茶 (冷)",Default Online Ordering,2.30,Visa,600000035412643247,41,27.45,,1,21.85,"Customer Service Discount (100.00%), Customer Service Discount (100.00%), Customer Service Discount (100.00%)",http://www.toasttab.com/receipts/33eiUG9RSnqR9vgz4YmOIA/nRThW9YrLpPM9
600000035413461869,Raghav K,8552228111,dd.toast.orders+orders_1bb5c0e7-7df5-40f7-aed4-62918d2a3ae0@gmail.com,CA02,2/7/25,3:17 PM,Chicken Steamed Dumplings (6) 鸡肉蒸饺,Default Online Ordering,1.53,Other,600000035413385141,42,18.33,,1,0.00,,http://www.toasttab.com/receipts/33eiUG9RSnqR9vgz4YmOIA/tJskKnpPxYLF7
,,,,CA02,2/7/25,3:30 PM,Steamed Pork Buns (4) 特色鲜肉蒸包,xin Meng,0.91,Amex,600000035414692060,43,12.49,,1,0.00,,http://www.toasttab.com/receipts/33eiUG9RSnqR9vgz4YmOIA/7Ng79NyTCCysx
600000035416097304,Lawrence J,8552228111,dd.toast.orders+orders_7a81c0de-ae6b-4f2e-acbf-29f42d781b0f@gmail.com,CA02,2/7/25,3:48 PM,"Pan Fried Wontons with Chili Sauce (6) 红油香煎大馄饨, Sweet & Sour Cucumber Ⓥ 🌶️ 甜辣小黄瓜, Dan Dan Noodles Ⓥ🌶️🌶️ 担担面",Default Online Ordering,3.13,Other,600000035415823225,44,37.43,,1,0.00,,http://www.toasttab.com/receipts/33eiUG9RSnqR9vgz4YmOIA/L9NHKqnhxfjzd
,,,,CA02,2/7/25,3:56 PM,"Pork Wontons in Hot & Sour Sauce (6) 🌶️ 酸辣猪肉抄手, Steamed Pork Buns (4) 特色鲜肉蒸包, Milk Tea (Cold) 奶茶 (冷)",Default Online Ordering,1.21,Visa,600000035416310645,46,18.12,,1,9.95,Customer Service Discount (100.00%),http://www.toasttab.com/receipts/33eiUG9RSnqR9vgz4YmOIA/c7FpXsbTjwfFr
,,,,CA02,2/7/25,3:59 PM,"Pork Xiao Long Bao (8) 鲜肉小笼包, Beef-Stew Noodle Soup 🌶️ 秘制牛肉汤面, Pork Wontons in Chili Sauce (6) 🌶️ 红油猪肉抄手, Pan Fried Wontons with Chili Sauce (6) 红油香煎大馄饨, Spicy (Ma La) Noodles 🌶️🌶️ 麻辣小面",Default Online Ordering,5.45,Discover,600000035416487038,49,74.86,,1,0.00,,http://www.toasttab.com/receipts/33eiUG9RSnqR9vgz4YmOIA/WYhFtbChRJN7R
,,,,CA02,2/7/25,3:55 PM,"Spicy (Ma La) Noodles 🌶️🌶️ 麻辣小面, Beef Steamed Dumplings (6) 牛肉蒸饺",Default Online Ordering,1.39,Visa,600000035416599405,45,19.08,,1,0.00,,http://www.toasttab.com/receipts/33eiUG9RSnqR9vgz4YmOIA/LHcLPCMLPmgtL
600000035416732154,PickUp-Corey F,8552228111,dd.toast.orders+orders_04f9cb75-1eca-49a0-8a03-1c8cd316230a@gmail.com,CA02,2/7/25,3:56 PM,"Chicken Potstickers (6) 鸡肉锅贴, Pork Xiao Long Bao (8) 鲜肉小笼包",Default Online Ordering,2.24,Other,600000035416749502,47,26.79,,1,0.00,,http://www.toasttab.com/receipts/33eiUG9RSnqR9vgz4YmOIA/PxMLXz7zPqfnw
600000035416732164,PickUp-Fanglin T.,8582829866,dd.toast.orders+orders_90db8409-1a17-4684-8dce-806199630d0d@gmail.com,CA02,2/7/25,3:59 PM,"Pork Wontons in Chicken Soup 鸡汤小馄饨, Pork & Crab Meat Xiao Long Bao (8) 🦐 蟹肉小笼包",Default Online Ordering,1.63,Other,600000035416749525,48,21.26,,1,0.00,,http://www.toasttab.com/receipts/33eiUG9RSnqR9vgz4YmOIA/gT7rCfFLFhby9
600000035416734533,PickUp-Van L,8552228111,dd.toast.orders+orders_c4e6341a-e710-48f1-88c5-d04e0bff02de@gmail.com,CA02,2/7/25,4:01 PM,"Yibin Noodles Ⓥ 🌶️ 宜宾燃面, Pork Xiao Long Bao (8) 鲜肉小笼包",Default Online Ordering,1.63,Other,600000035416788931,50,19.48,,1,0.00,,http://www.toasttab.com/receipts/33eiUG9RSnqR9vgz4YmOIA/xLWKyCRx7pFpM
600000035418622290,David H,8552228111,dd.toast.orders+orders_f9a77ecb-01a4-4af6-9788-6cd1b6b80fc0@gmail.com,CA02,2/7/25,4:26 PM,Dan Dan Noodles Ⓥ🌶️🌶️ 担担面,Default Online Ordering,1.66,Other,600000035419172358,52,19.86,,1,0.00,,http://www.toasttab.com/receipts/33eiUG9RSnqR9vgz4YmOIA/NcytmJgTqKKms
600000035419740400,Christopher F,8552228111,dd.toast.orders+orders_71daa059-39c9-4ada-ad86-5c8c761fa60f@gmail.com,CA02,2/7/25,4:32 PM,"Green Onion Pancake (1) Ⓥ 葱油饼, Sweet & Sour Cucumber Ⓥ 🌶️ 甜辣小黄瓜, Pork Wontons in Chili Sauce (6) 🌶️ 红油猪肉抄手, Beef-Stew Noodles 🌶️ 秘制牛肉小面, Pan Fried Pork Buns (4) 特色鲜肉煎包",Default Online Ordering,5.66,Other,600000035419274629,53,67.66,,1,0.00,,http://www.toasttab.com/receipts/33eiUG9RSnqR9vgz4YmOIA/9phcWhXYqLXKH
,,,,CA02,2/7/25,4:35 PM,"Chicken & Vegetable Wontons in Chili Sauce (6) 🌶️ 红油菜肉大馄饨, Pork Xiao Long Bao (8) 鲜肉小笼包, Pan Fried Pork Buns (4) 特色鲜肉煎包",Default Online Ordering,2.49,Visa,600000035419798562,54,34.14,,1,0.00,,http://www.toasttab.com/receipts/33eiUG9RSnqR9vgz4YmOIA/gqgzyCfRgmCHT
,,,,CA02,2/7/25,4:44 PM,"Dan Dan Noodles Ⓥ🌶️🌶️ 担担面, Pork Xiao Long Bao (8) 鲜肉小笼包, Spicy Beef Shank 🌶️🌶️ 麻辣牛腱, Pork & Shrimp Potstickers (6) 🦐 猪肉三鲜锅贴",Default Online Ordering,3.06,Visa,600000035420616465,55,38.56,,1,0.00,,http://www.toasttab.com/receipts/33eiUG9RSnqR9vgz4YmOIA/7rzdMymsjHnxC
,,,,CA02,2/7/25,4:51 PM,"Pan Fried Chive Dumplings (3) 韭菜盒子, Hot & Sour Glass Noodles 🌶️🌶️ 酸辣粉, Beef-Stew Noodle Soup 🌶️ 秘制牛肉汤面",Yafang Chen,2.30,Visa,600000035421346195,56,31.57,,2,0.00,,http://www.toasttab.com/receipts/33eiUG9RSnqR9vgz4YmOIA/mqkxC9kNTpLmM
600000035421856763,Samyukta V,8552228111,dd.toast.orders+orders_ce746b4f-4c5f-4aad-97e5-360ded970c3b@gmail.com,CA02,2/7/25,5:01 PM,"Chicken & Vegetable Wontons in Chili Sauce (6) 🌶️ 红油菜肉大馄饨, Dan Dan Noodles Ⓥ🌶️🌶️ 担担面",Default Online Ordering,1.60,Other,600000035421441345,58,19.10,,1,0.00,,http://www.toasttab.com/receipts/33eiUG9RSnqR9vgz4YmOIA/mMzqPdCJPtNXc
600000035421923756,Michelle W,8552228111,dd.toast.orders+orders_a87ea0f2-932b-4611-a26c-65fc1af15dc7@gmail.com,CA02,2/7/25,4:59 PM,"Beef-Stew Noodles 🌶️ 秘制牛肉小面, Spicy Beef Pancake Roll (1) 🌶️🌶️ 麻辣牛肉卷饼, Pork Xiao Long Bao (8) 鲜肉小笼包",Default Online Ordering,4.74,Other,600000035421492592,57,56.69,,1,0.00,,http://www.toasttab.com/receipts/33eiUG9RSnqR9vgz4YmOIA/pHxdrgkHYXNWX
600000035421396694,PickUp-Bob G.,9199248136,dd.toast.orders+orders_e046f073-75d5-41ea-9e45-9f0830ee2a62@gmail.com,CA02,2/7/25,5:02 PM,"Chicken & Vegetable Wontons in Chili Sauce (6) 🌶️ 红油菜肉大馄饨, Pan Fried Pork Buns (4) 特色鲜肉煎包, Chicken Xiao Long Bao (8) 鸡肉小笼包",Default Online Ordering,2.48,Other,600000035421769285,59,29.68,,1,0.00,,http://www.toasttab.com/receipts/33eiUG9RSnqR9vgz4YmOIA/KMRbJWbghbJzP
,,,,CA02,2/7/25,5:03 PM,"Pork & Crab Meat Xiao Long Bao (8) 🦐 蟹肉小笼包, Green Onion Pancake (1) Ⓥ 葱油饼, Pork Wontons in Chili Sauce (6) 🌶️ 红油猪肉抄手, Pan Fried Beef Pies (2) 牛肉馅饼",Default Online Ordering,2.63,Visa,600000035422059024,60,36.97,,1,0.00,,http://www.toasttab.com/receipts/33eiUG9RSnqR9vgz4YmOIA/KNRFdXMmwyXdc
,,,,CA02,2/7/25,5:19 PM,"Sweet & Sour Cucumber Ⓥ 🌶️ 甜辣小黄瓜, Vegetable Steamed Dumplings (6) Ⓥ 素三鲜蒸饺, Pork Xiao Long Bao (8) 鲜肉小笼包, Green Onion Pancake (1) Ⓥ 葱油饼",Default Online Ordering,3.54,Mastercard,600000035423000044,65,48.52,,1,0.00,,http://www.toasttab.com/receipts/33eiUG9RSnqR9vgz4YmOIA/wYqjLJmpxsWjH
,,,,CA02,2/7/25,5:13 PM,"Pork Xiao Long Bao (8) 鲜肉小笼包, Pork & Shrimp Potstickers (6) 🦐 猪肉三鲜锅贴, Pork Wontons in Chili Sauce (6) 🌶️ 红油猪肉抄手, Kale Salad with Sesame Dressing Ⓥ 麻酱羽衣甘蓝沙拉",Jaylan Penney,2.81,Visa,600000035423172387,62,39.95,,3,8.30,Reward Dollars,http://www.toasttab.com/receipts/33eiUG9RSnqR9vgz4YmOIA/RJKh7fMpqrFk7
,,,,CA02,2/7/25,5:15 PM,"Pork Xiao Long Bao (8) 鲜肉小笼包, Beef-Stew Noodles 🌶️ 秘制牛肉小面, Pork & Shrimp Potstickers (6) 🦐 猪肉三鲜锅贴, Chicken Xiao Long Bao (8) 鸡肉小笼包, Pan Fried Beef Pies (2) 牛肉馅饼, Ube Milk Tea (Cold) 紫薯奶茶 (冷)",Default Online Ordering,4.42,Visa,600000035423258552,63,60.69,,1,0.00,,http://www.toasttab.com/receipts/33eiUG9RSnqR9vgz4YmOIA/TLqrxd9JmPHyM
,,,,CA02,2/7/25,5:15 PM,"Oolong Tea (Hot) 乌龙茶 (热), Thai Milk Tea (Cold) 泰式奶茶 (冷), Green Onion Pancake (1) Ⓥ 葱油饼, Chicken Potstickers (6) 鸡肉锅贴, Chicken & Vegetable Wontons in Chili Sauce (6) 🌶️ 红油菜肉大馄饨, Spicy (Ma La) Noodles 🌶️🌶️ 麻辣小面, Pan Fried Wontons with Sweet & Spicy Garlic Sauce (6) 甜辣香煎大馄饨",Jaylan Penney,4.15,Visa,600000035423323905,64,58.47,,2,0.00,,http://www.toasttab.com/receipts/33eiUG9RSnqR9vgz4YmOIA/7CNgTnbxyXhXb
,,,,CA02,2/7/25,5:32 PM,"Sweet & Sour Cucumber Ⓥ 🌶️ 甜辣小黄瓜, Pork Xiao Long Bao (8) 鲜肉小笼包, Dan Dan Noodles Ⓥ🌶️🌶️ 担担面, Pan Fried Pork Buns (4) 特色鲜肉煎包, Braised Pig Ears 🌶️ 凉拌猪耳, Pork & Shrimp Potstickers (6) 🦐 猪肉三鲜锅贴, Pork Xiao Long Bao (8) 鲜肉小笼包, Chicken & Vegetable Wontons in Chili Sauce (6) 🌶️ 红油菜肉大馄饨, Pork Wontons in Chili Sauce (6) 🌶️ 红油猪肉抄手, Five Spice Beef Shank 五香牛腱, Dan Dan Noodles Ⓥ🌶️🌶️ 担担面",Default Online Ordering,8.28,Visa,600000035423771095,71,113.60,,1,0.00,,http://www.toasttab.com/receipts/33eiUG9RSnqR9vgz4YmOIA/Hfw79KmRHKdtt
,,,,CA02,2/7/25,5:25 PM,"Pork & Crab Meat Xiao Long Bao (8) 🦐 蟹肉小笼包, Pan Fried Pork Buns (4) 特色鲜肉煎包",Default Online Ordering,1.82,Mastercard,600000035423900762,66,25.63,,1,0.00,,http://www.toasttab.com/receipts/33eiUG9RSnqR9vgz4YmOIA/hLyd9FcTpfHXk
,,,,CA02,2/7/25,5:35 PM,"Dan Dan Noodles Ⓥ🌶️🌶️ 担担面, Pan Fried Pork Buns (4) 特色鲜肉煎包, Spicy Beef Pancake Roll (1) 🌶️🌶️ 麻辣牛肉卷饼, Pork & Shrimp Potstickers (6) 🦐 猪肉三鲜锅贴, Spicy Beef Shank 🌶️🌶️ 麻辣牛腱",Default Online Ordering,3.92,Amex,600000035424285834,73,53.84,,1,0.00,,http://www.toasttab.com/receipts/33eiUG9RSnqR9vgz4YmOIA/Twhg9NncFcjjm
600000035423851836,Michael C,8552228111,dd.toast.orders+orders_80a11291-3162-48e6-9588-3a7cd082e31a@gmail.com,CA02,2/7/25,5:31 PM,"Spicy (Ma La) Noodles 🌶️🌶️ 麻辣小面, Beef-Stew Noodle Soup 🌶️ 秘制牛肉汤面, Steamed Pork Buns (4) 特色鲜肉蒸包, Pork Xiao Long Bao (8) 鲜肉小笼包",Default Online Ordering,4.80,Other,600000035424340312,70,57.35,,1,0.00,,http://www.toasttab.com/receipts/33eiUG9RSnqR9vgz4YmOIA/jKLwzqJWTcMYf
,,,,CA02,2/7/25,5:29 PM,"Diet Coke 健怡可乐, Beef Sandwich (1) 大嘴牛肉包 (不辣), Chicken Xiao Long Bao (8) 鸡肉小笼包, Chicken Xiao Long Bao (8) 鸡肉小笼包, Pork Wontons in Chili Sauce (6) 🌶️ 红油猪肉抄手, Pork Wontons in Chili Sauce (6) 🌶️ 红油猪肉抄手, Pork Wontons in Chicken Soup 鸡汤小馄饨, Dan Dan Noodles Ⓥ🌶️🌶️ 担担面, Banana Naan Bread (1) Ⓥ 香蕉飞饼",Jaylan Penney,6.36,Mastercard,600000035424388567,67,87.30,,3,0.00,,http://www.toasttab.com/receipts/33eiUG9RSnqR9vgz4YmOIA/WhFXNhpjXJmgJ
600000035423898585,PickUp-Emily C.,6695886316,dd.toast.orders+orders_fb31f45f-bea1-4b6c-9b17-f939b2e5b3b8@gmail.com,CA02,2/7/25,5:31 PM,"Ube Milk Tea (Cold) 紫薯奶茶 (冷), Beef-Stew Noodles 🌶️ 秘制牛肉小面, Cold Noodles with Sesame Dressing Ⓥ 麻酱凉面",Default Online Ordering,2.08,Other,600000035424473655,69,24.83,,1,0.00,,http://www.toasttab.com/receipts/33eiUG9RSnqR9vgz4YmOIA/RnCndybbzssXc
600000035423946532,Jane M,8552228111,dd.toast.orders+orders_5224dc6b-e960-45fd-b7eb-486b5d666997@gmail.com,CA02,2/7/25,5:30 PM,"Diet Coke 健怡可乐, Milk Tea (Cold) 奶茶 (冷), Green Onion Pancake (1) Ⓥ 葱油饼, Pan Fried Beef Pies (2) 牛肉馅饼, Sweet & Sour Cucumber Ⓥ 🌶️ 甜辣小黄瓜, Chicken Potstickers (6) 鸡肉锅贴, Chicken & Vegetable Wontons in Chili Sauce (6) 🌶️ 红油菜肉大馄饨, Minced Chicken Noodles 🌶️ 鸡肉肉燥小面, Yibin Noodles Ⓥ 🌶️ 宜宾燃面",Default Online Ordering,7.76,Other,600000035424477302,68,92.76,,1,0.00,,http://www.toasttab.com/receipts/33eiUG9RSnqR9vgz4YmOIA/w7twMRkzwqnTg
600000035424667424,Eric G,8552228111,dd.toast.orders+orders_a56e957b-f781-43d0-9a7b-17fc46d93a92@gmail.com,CA02,2/7/25,5:40 PM,"Pan Fried Beef Pies (2) 牛肉馅饼, Chicken Potstickers (6) 鸡肉锅贴, Pork Xiao Long Bao (8) 鲜肉小笼包, Pan Fried Pork Buns (4) 特色鲜肉煎包",Default Online Ordering,5.43,Other,600000035424559183,75,64.98,,1,0.00,,http://www.toasttab.com/receipts/33eiUG9RSnqR9vgz4YmOIA/yxCbMKzr9Lc7T
,,,,CA02,2/7/25,5:32 PM,"Chrysanthemum Tea (Hot) 菊花茶 (热), Pork Xiao Long Bao (8) 鲜肉小笼包, Pan Fried Pork Buns (4) 特色鲜肉煎包, Braised Pig Ears 🌶️ 凉拌猪耳, Five Spice Beef Shank 五香牛腱, Yibin Noodles Ⓥ 🌶️ 宜宾燃面, Beef-Stew Noodle Soup 🌶️ 秘制牛肉汤面, Green Onion Soy Sauce Noodles Ⓥ 葱油拌面, Pork Xiao Long Bao (8) 鲜肉小笼包",Jaylan Penney,7.01,Visa,600000035424670956,72,98.84,,3,0.00,,http://www.toasttab.com/receipts/33eiUG9RSnqR9vgz4YmOIA/gmz7zMhNdjRzj
600000035424315524,Vivienne Z,8552228111,dd.toast.orders+orders_20200385-dd7b-484f-a451-c2a7066b9cdd@gmail.com,CA02,2/7/25,5:36 PM,"Green Onion Pancake (1) Ⓥ 葱油饼, Pork Xiao Long Bao (8) 鲜肉小笼包, Beef-Stew Noodle Soup 🌶️ 秘制牛肉汤面",Default Online Ordering,2.53,Other,600000035424941351,74,30.23,,1,0.00,,http://www.toasttab.com/receipts/33eiUG9RSnqR9vgz4YmOIA/XyKnqnbkw7xkX
,,,,CA02,2/7/25,5:41 PM,"Beef Pancake Roll (1) 酱香牛肉卷饼 (不辣), Banana Naan Bread (1) Ⓥ 香蕉飞饼, Pork Xiao Long Bao (8) 鲜肉小笼包, Pork Wontons in Hot & Sour Sauce (6) 🌶️ 酸辣猪肉抄手, Milk Tea (Cold) 奶茶 (冷), Add Boba 珍珠, Sweet & Sour Cucumber Ⓥ 🌶️ 甜辣小黄瓜, Pork Wontons in Hot & Sour Sauce (6) 🌶️ 酸辣猪肉抄手",Default Online Ordering,5.04,Visa,600000035425059066,76,71.02,,1,0.00,,http://www.toasttab.com/receipts/33eiUG9RSnqR9vgz4YmOIA/TYmywNkmy9rsc
,,,,CA02,2/7/25,5:46 PM,"Pork & Crab Meat Xiao Long Bao (8) 🦐 蟹肉小笼包, Dan Dan Noodles Ⓥ🌶️🌶️ 担担面, Sweet & Sour Cucumber Ⓥ 🌶️ 甜辣小黄瓜, Pan Fried Pork Buns (4) 特色鲜肉煎包, Pork Wontons in Chili Sauce (6) 🌶️ 红油猪肉抄手",Default Online Ordering,5.21,Visa,600000035425369576,77,71.54,,1,0.00,,http://www.toasttab.com/receipts/33eiUG9RSnqR9vgz4YmOIA/cqjjMpsxFbCxY
,,,,CA02,2/7/25,5:53 PM,"Pork & Crab Meat Xiao Long Bao (8) 🦐 蟹肉小笼包, Five Spice Beef Shank 五香牛腱, Banana Naan Bread (1) Ⓥ 香蕉飞饼",Default Online Ordering,2.30,Amex,600000035425723878,79,33.06,,1,0.00,,http://www.toasttab.com/receipts/33eiUG9RSnqR9vgz4YmOIA/sHCpXmmTnXTnW
600000035425829406,S C,8552228111,dd.toast.orders+orders_6f461c34-cfd7-47d9-9022-35e8c64d749e@gmail.com,CA02,2/7/25,5:49 PM,"Romaine Lettuce Salad with Sweet & Spicy Garlic Dressing Ⓥ 🌶️ 甜辣生菜沙拉, Dan Dan Noodles Ⓥ🌶️🌶️ 担担面, Pork Xiao Long Bao (8) 鲜肉小笼包",Default Online Ordering,2.64,Other,600000035425745763,78,31.59,,1,0.00,,http://www.toasttab.com/receipts/33eiUG9RSnqR9vgz4YmOIA/p97PWC99wbrfq
600000035426075612,PickUp-Tyler A.,9254098462,dd.toast.orders+orders_63f22e0b-f2b5-49f7-84ea-2beaf5ab935c@gmail.com,CA02,2/7/25,5:55 PM,"Chicken Potstickers (6) 鸡肉锅贴, Pork Xiao Long Bao (8) 鲜肉小笼包",Default Online Ordering,1.57,Other,600000035426094065,80,18.82,,1,0.00,,http://www.toasttab.com/receipts/33eiUG9RSnqR9vgz4YmOIA/XpKCrFLwt7gFh
600000035426849524,Benjamin N,8552228111,dd.toast.orders+orders_aec2c7c8-5a4b-43d9-8424-3f6e63b0a82a@gmail.com,CA02,2/7/25,6:11 PM,"Thai Milk Tea (Cold) 泰式奶茶 (冷), Pork Wontons in Chicken Soup 鸡汤小馄饨",Default Online Ordering,1.56,Other,600000035426520997,84,18.66,,1,0.00,,http://www.toasttab.com/receipts/33eiUG9RSnqR9vgz4YmOIA/qKnC7RWtwfxkb
,,,,CA02,2/7/25,6:09 PM,"Pan Fried Pork Buns (4) 特色鲜肉煎包, Pan Fried Chive Dumplings (3) 韭菜盒子, Chicken Xiao Long Bao (8) 鸡肉小笼包, Chicken Potstickers (6) 鸡肉锅贴, Beef-Stew Noodles 🌶️ 秘制牛肉小面, Jasmine Tea (Hot) 茉莉花茶 (热), Green Onion Pancake (1) Ⓥ 葱油饼, Sweet & Sour Cucumber Ⓥ 🌶️ 甜辣小黄瓜, Pan Fried Pork Buns (4) 特色鲜肉煎包, Chicken Xiao Long Bao (8) 鸡肉小笼包",Default Online Ordering,7.25,Visa,600000035426565395,83,102.07,,1,0.00,,http://www.toasttab.com/receipts/33eiUG9RSnqR9vgz4YmOIA/ywYL7btK77tLb
,,,,CA02,2/7/25,5:59 PM,"Pork & Crab Meat Xiao Long Bao (8) 🦐 蟹肉小笼包, Pan Fried Pork Buns (4) 特色鲜肉煎包, Beef-Stew Noodle Soup 🌶️ 秘制牛肉汤面, Pork Wontons in Chili Sauce (6) 🌶️ 红油猪肉抄手, Pork & Crab Meat Xiao Long Bao (8) 🦐 蟹肉小笼包",Default Online Ordering,4.31,Visa,600000035426565802,81,60.66,,1,0.00,,http://www.toasttab.com/receipts/33eiUG9RSnqR9vgz4YmOIA/9LXYW7KsyMwzg
,,,,CA02,2/7/25,6:02 PM,"Chicken Xiao Long Bao (8) 鸡肉小笼包, Pan Fried Pork Buns (4) 特色鲜肉煎包, Pork & Shrimp Potstickers (6) 🦐 猪肉三鲜锅贴, Green Onion Soy Sauce Noodles Ⓥ 葱油拌面, Chicken & Vegetable Wontons in Chili Sauce (6) 🌶️ 红油菜肉大馄饨, Sweet & Sour Cucumber Ⓥ 🌶️ 甜辣小黄瓜",Default Online Ordering,4.55,Visa,600000035426576873,82,62.39,,1,0.00,,http://www.toasttab.com/receipts/33eiUG9RSnqR9vgz4YmOIA/xLkWpjcTKnjCb
,,,,CA02,2/7/25,6:17 PM,"Tsingtao, Pan Fried Chive Dumplings (3) 韭菜盒子, Pork & Crab Meat Xiao Long Bao (8) 🦐 蟹肉小笼包, Pan Fried Pork Buns (4) 特色鲜肉煎包, Pork Xiao Long Bao (8) 鲜肉小笼包, Pork Wontons in Chili Sauce (6) 🌶️ 红油猪肉抄手, Spicy (Ma La) Noodles 🌶️🌶️ 麻辣小面, Romaine Lettuce Salad with Sweet & Spicy Garlic Dressing Ⓥ 🌶️ 甜辣生菜沙拉, Tsingtao, Spicy (Ma La) Noodles 🌶️🌶️ 麻辣小面",Default Online Ordering,9.77,Visa,600000035427237534,85,140.06,,1,0.00,,http://www.toasttab.com/receipts/33eiUG9RSnqR9vgz4YmOIA/RXzFkWdCncPfz
600000035427047697,PickUp-Michael M,8552228111,dd.toast.orders+orders_9ef23df9-ce5b-4d27-b1a1-92e506c13d65@gmail.com,CA02,2/7/25,6:20 PM,"Spicy Beef Sandwich (1) 🌶️🌶️大嘴牛肉包 (辣), Sweet & Sour Cucumber Ⓥ 🌶️ 甜辣小黄瓜, Vegetarian Spicy (Ma La) Noodles Ⓥ 🌶️🌶️ 素麻辣小面, Chicken Xiao Long Bao (8) 鸡肉小笼包",Default Online Ordering,3.68,Other,600000035427564932,87,48.43,,1,0.00,,http://www.toasttab.com/receipts/33eiUG9RSnqR9vgz4YmOIA/qfyxk9dkkskfW
,,,,CA02,2/7/25,6:27 PM,"Chicken Xiao Long Bao (8) 鸡肉小笼包, Green Onion Soy Sauce Noodles Ⓥ 葱油拌面, Yibin Noodles Ⓥ 🌶️ 宜宾燃面, Chicken & Vegetable Wontons in Chili Sauce (6) 🌶️ 红油菜肉大馄饨, Dan Dan Noodles Ⓥ🌶️🌶️ 担担面",Default Online Ordering,4.46,Amex,600000035427675247,90,58.31,,1,0.00,,http://www.toasttab.com/receipts/33eiUG9RSnqR9vgz4YmOIA/wmjYNg77WfRnM
,,,,CA02,2/7/25,6:17 PM,"Pork & Crab Meat Xiao Long Bao (8) 🦐 蟹肉小笼包, Dan Dan Noodles Ⓥ🌶️🌶️ 担担面, Sweet & Sour Cucumber Ⓥ 🌶️ 甜辣小黄瓜, Green Onion Pancake (1) Ⓥ 葱油饼, Pork & Shrimp Potstickers (6) 🦐 猪肉三鲜锅贴, Oolong Tea (Hot) 乌龙茶 (热), Green Onion Soy Sauce Noodles Ⓥ 葱油拌面",Default Online Ordering,4.57,Visa,600000035427801553,86,61.57,,1,0.00,,http://www.toasttab.com/receipts/33eiUG9RSnqR9vgz4YmOIA/pmLtXggCyPW9s
600000035427511032,PickUp-Karry H.,4082035420,dd.toast.orders+orders_a03090ce-7613-4825-b0bd-d377addc356b@gmail.com,CA02,2/7/25,6:23 PM,"Pork Wontons in Chili Sauce (6) 🌶️ 红油猪肉抄手, Dan Dan Noodles Ⓥ🌶️🌶️ 担担面",Default Online Ordering,1.39,Other,600000035427881116,89,16.59,,1,0.00,,http://www.toasttab.com/receipts/33eiUG9RSnqR9vgz4YmOIA/xrfNtdypYhzHH
,,,,CA02,2/7/25,6:31 PM,"Dan Dan Noodles Ⓥ🌶️🌶️ 担担面, Sweet & Sour Cucumber Ⓥ 🌶️ 甜辣小黄瓜, Pork Wontons in Hot & Sour Sauce (6) 🌶️ 酸辣猪肉抄手, Passion Fruit Green Tea (Cold) 百香果绿茶 (冷), Add Boba 珍珠",Default Online Ordering,2.69,Visa,600000035428040246,94,36.96,,1,0.00,,http://www.toasttab.com/receipts/33eiUG9RSnqR9vgz4YmOIA/b9JFXtLcfxqKF
600000035428376511,Kimberly M,8552228111,dd.toast.orders+orders_ccc0f1cf-f2ad-4587-896e-99825de95ded@gmail.com,CA02,2/7/25,6:29 PM,"Pan Fried Chive Dumplings (3) 韭菜盒子, Chicken Potstickers (6) 鸡肉锅贴, Green Onion Soy Sauce Noodles Ⓥ 葱油拌面, Beef-Stew Noodle Soup 🌶️ 秘制牛肉汤面, Chicken & Vegetable Wontons in Chicken Soup 鸡汤菜肉大馄饨, Spicy Beef Shank 🌶️🌶️ 麻辣牛腱, Pan Fried Pork Buns (4) 特色鲜肉煎包, Pork Xiao Long Bao (8) 鲜肉小笼包",Default Online Ordering,6.75,Other,600000035428158582,93,85.70,,1,0.00,,http://www.toasttab.com/receipts/33eiUG9RSnqR9vgz4YmOIA/xTLJRWFfPcsnn
,,,,CA02,2/7/25,6:23 PM,"Pork Xiao Long Bao (8) 鲜肉小笼包, Chicken Xiao Long Bao (8) 鸡肉小笼包, Steamed Pork Buns (4) 特色鲜肉蒸包, Chicken Potstickers (6) 鸡肉锅贴, Beef Steamed Dumplings (6) 牛肉蒸饺, Pan Fried Wontons with Sweet & Spicy Garlic Sauce (6) 甜辣香煎大馄饨",Yun Juan Huang,4.74,Visa,600000035428207283,88,67.79,,5,0.00,,http://www.toasttab.com/receipts/33eiUG9RSnqR9vgz4YmOIA/7bwCjMnycyMWb
,,,,CA02,2/7/25,6:29 PM,"Pork Wontons in Chili Sauce (6) 🌶️ 红油猪肉抄手, Yibin Noodles Ⓥ 🌶️ 宜宾燃面",Default Online Ordering,1.39,Visa,600000035428283165,91,19.08,,1,0.00,,http://www.toasttab.com/receipts/33eiUG9RSnqR9vgz4YmOIA/Hxsky77YwJTqq
,,,,CA02,2/7/25,6:29 PM,"Pork Xiao Long Bao (8) 鲜肉小笼包, Dan Dan Noodles Ⓥ🌶️🌶️ 担担面, Sweet & Sour Cucumber Ⓥ 🌶️ 甜辣小黄瓜, Steamed Pork Buns (4) 特色鲜肉蒸包, Beef Pancake Roll (1) 酱香牛肉卷饼 (不辣)",Default Online Ordering,4.07,Amex,600000035428575352,92,55.86,,1,0.00,,http://www.toasttab.com/receipts/33eiUG9RSnqR9vgz4YmOIA/NJgfPznP9LmmJ
600000035429146658,PickUp-Colten D.,5085071881,dd.toast.orders+orders_e064a5c6-b490-4ab5-a031-2d400231edc3@gmail.com,CA02,2/7/25,6:41 PM,"Chicken Potstickers (6) 鸡肉锅贴, Pork Xiao Long Bao (8) 鲜肉小笼包",Default Online Ordering,1.57,Other,600000035428778935,97,18.82,,1,0.00,,http://www.toasttab.com/receipts/33eiUG9RSnqR9vgz4YmOIA/pHx9zHCXMKJbJ
,,,,CA02,2/7/25,6:46 PM,"Pork Xiao Long Bao (8) 鲜肉小笼包, Sweet & Sour Cucumber Ⓥ 🌶️ 甜辣小黄瓜, Pan Fried Pork Buns (4) 特色鲜肉煎包, Chicken Potstickers (6) 鸡肉锅贴, Sapporo, Tsingtao",Default Online Ordering,5.25,Visa,600000035428845887,101,75.24,,1,0.00,,http://www.toasttab.com/receipts/33eiUG9RSnqR9vgz4YmOIA/YJLfmCmNMWbCy
,,,,CA02,2/7/25,6:41 PM,"Pork & Crab Meat Xiao Long Bao (8) 🦐 蟹肉小笼包, Chicken & Vegetable Wontons in Hot & Sour Sauce (6) 🌶️ 酸辣菜肉大馄饨, Five Spice Beef Shank 五香牛腱, Beef-Stew Noodles 🌶️ 秘制牛肉小面, Beef-Stew Noodle Soup 🌶️ 秘制牛肉汤面",Default Online Ordering,3.25,Visa,600000035428883125,98,45.80,,1,7.90,Customer Service Discount (100.00%),http://www.toasttab.com/receipts/33eiUG9RSnqR9vgz4YmOIA/mNgwfNT7mWH9m
,,,,CA02,2/7/25,6:34 PM,"Oolong Tea (Hot) 乌龙茶 (热), Green Onion Pancake (1) Ⓥ 葱油饼, Pork & Crab Meat Xiao Long Bao (8) 🦐 蟹肉小笼包, Pork Wontons in Chili Sauce (6) 🌶️ 红油猪肉抄手, Beef-Stew Noodle Soup 🌶️ 秘制牛肉汤面, Pan Fried Pork Buns (4) 特色鲜肉煎包",chi van,4.28,Mastercard,600000035428894135,95,58.00,,2,0.00,,http://www.toasttab.com/receipts/33eiUG9RSnqR9vgz4YmOIA/XRJJ9bsNkWLhx
,,,,CA02,2/7/25,6:47 PM,"Pork Xiao Long Bao (8) 鲜肉小笼包, Pork & Crab Meat Xiao Long Bao (8) 🦐 蟹肉小笼包, Beef Pancake Roll (1) 酱香牛肉卷饼 (不辣), Sweet & Sour Cucumber Ⓥ 🌶️ 甜辣小黄瓜, Beef-Stew Noodles 🌶️ 秘制牛肉小面, Kale Salad with Sesame Dressing Ⓥ 麻酱羽衣甘蓝沙拉, Pan Fried Pork Buns (4) 特色鲜肉煎包, Chicken Potstickers (6) 鸡肉锅贴, Beef-Stew Noodles 🌶️ 秘制牛肉小面, Pan Fried Chive Dumplings (3) 韭菜盒子",Default Online Ordering,7.71,Visa,600000035428960729,102,105.75,,1,0.00,,http://www.toasttab.com/receipts/33eiUG9RSnqR9vgz4YmOIA/chsXKMtXqMcKd
,,,,CA02,2/7/25,6:49 PM,"Pork Xiao Long Bao (8) 鲜肉小笼包, Pan Fried Pork Buns (4) 特色鲜肉煎包, Spicy Beef Pancake Roll (1) 🌶️🌶️ 麻辣牛肉卷饼, Pork & Shrimp Potstickers (6) 🦐 猪肉三鲜锅贴, Dan Dan Noodles Ⓥ🌶️🌶️ 担担面",Default Online Ordering,4.07,Mastercard,600000035428960737,103,57.31,,1,0.00,,http://www.toasttab.com/receipts/33eiUG9RSnqR9vgz4YmOIA/dcz7tNTMFfNLT
,,,,CA02,2/7/25,6:36 PM,"Jasmine Tea (Hot) 茉莉花茶 (热), Dan Dan Noodles Ⓥ🌶️🌶️ 担担面, Pork Xiao Long Bao (8) 鲜肉小笼包, Pork Wontons in Chili Sauce (6) 🌶️ 红油猪肉抄手, Beef Steamed Dumplings (6) 牛肉蒸饺",chi van,4.38,Visa,600000035429030283,96,60.12,,2,0.00,,http://www.toasttab.com/receipts/33eiUG9RSnqR9vgz4YmOIA/tNH9MH7Nywjyr
,,,,CA02,2/7/25,6:49 PM,"Sweet & Sour Cucumber Ⓥ 🌶️ 甜辣小黄瓜, Green Onion Pancake (1) Ⓥ 葱油饼, Pan Fried Wontons with Chili Sauce (6) 红油香煎大馄饨, Chicken & Vegetable Wontons in Chili Sauce (6) 🌶️ 红油菜肉大馄饨, Spicy (Ma La) Noodles 🌶️🌶️ 麻辣小面, Chicken & Vegetable Wontons in Chicken Soup 鸡汤菜肉大馄饨, Jasmine Tea (Hot) 茉莉花茶 (热)",Default Online Ordering,3.66,Visa,600000035429068540,105,53.91,,1,7.30,Customer Service Discount (100.00%),http://www.toasttab.com/receipts/33eiUG9RSnqR9vgz4YmOIA/wcfjtK7Yxk9cP
600000035429110932,PickUp-Ming Q.,9177245735,dd.toast.orders+orders_5f50d046-2442-44f6-8923-e668fbcd173e@gmail.com,CA02,2/7/25,6:59 PM,"Pork Wontons in Chili Sauce (6) 🌶️ 红油猪肉抄手, Pan Fried Beef Pies (2) 牛肉馅饼, Beef Sandwich (1) 大嘴牛肉包 (不辣), Green Onion Soy Sauce Noodles Ⓥ 葱油拌面, Spicy (Ma La) Noodles 🌶️🌶️ 麻辣小面, Pan Fried Pork Buns (4) 特色鲜肉煎包",Default Online Ordering,5.01,Other,600000035429292444,112,61.96,,1,0.00,,http://www.toasttab.com/receipts/33eiUG9RSnqR9vgz4YmOIA/gdLmMLpj9pHHk
600000035428949144,PickUp-rick c.,4124824999,dd.toast.orders+orders_c1def525-df55-4c95-b384-ecaac578753b@gmail.com,CA02,2/7/25,6:51 PM,"Sweet & Sour Cucumber Ⓥ 🌶️ 甜辣小黄瓜, Pork & Shrimp Potstickers (6) 🦐 猪肉三鲜锅贴, Chicken Potstickers (6) 鸡肉锅贴, Dan Dan Noodles Ⓥ🌶️🌶️ 担担面",Default Online Ordering,3.44,Other,600000035429335587,106,41.14,,1,0.00,,http://www.toasttab.com/receipts/33eiUG9RSnqR9vgz4YmOIA/szzzKdMbWxXpk
,,,,CA02,2/7/25,6:43 PM,"Pan Fried Pork Buns (4) 特色鲜肉煎包, Green Onion Pancake (1) Ⓥ 葱油饼, Pork Xiao Long Bao (8) 鲜肉小笼包, Pork Wontons in Chili Sauce (6) 🌶️ 红油猪肉抄手, Spicy (Ma La) Noodles 🌶️🌶️ 麻辣小面, Dan Dan Noodles Ⓥ🌶️🌶️ 担担面",Default Online Ordering,5.03,Visa,600000035429401900,100,69.09,,1,0.00,,http://www.toasttab.com/receipts/33eiUG9RSnqR9vgz4YmOIA/wFHrqJPzhxRby
,,,,CA02,2/7/25,6:49 PM,"Sweet & Sour Cucumber Ⓥ 🌶️ 甜辣小黄瓜, Chicken Xiao Long Bao (8) 鸡肉小笼包, Pan Fried Pork Buns (4) 特色鲜肉煎包, Chicken Potstickers (6) 鸡肉锅贴, Chicken & Vegetable Wontons in Chili Sauce (6) 🌶️ 红油菜肉大馄饨",Default Online Ordering,3.83,Mastercard,600000035429401917,104,53.84,,1,0.00,,http://www.toasttab.com/receipts/33eiUG9RSnqR9vgz4YmOIA/RtbWrXRFtWR9h
,,,,CA02,2/7/25,6:43 PM,"Diet Coke 健怡可乐, Sweet & Sour Cucumber Ⓥ 🌶️ 甜辣小黄瓜, Pork Xiao Long Bao (8) 鲜肉小笼包",Yun Juan Huang,1.81,Visa,600000035429403051,99,26.30,,2,0.00,,http://www.toasttab.com/receipts/33eiUG9RSnqR9vgz4YmOIA/7kNjHRbCdRpcH
,,,,CA02,2/7/25,6:51 PM,"Shrimp & Zucchini Steamed Dumplings (6) 🦐 青瓜鲜虾蒸饺, Green Onion Soy Sauce Noodles Ⓥ 葱油拌面, Sweet & Sour Cucumber Ⓥ 🌶️ 甜辣小黄瓜, Chicken & Vegetable Wontons in Hot & Sour Sauce (6) 🌶️ 酸辣菜肉大馄饨",Default Online Ordering,2.82,Cash,600000035429546623,107,33.67,,1,0.00,,http://www.toasttab.com/receipts/33eiUG9RSnqR9vgz4YmOIA/pRTbmYLWpsbPy
600000035429501587,Allen C,8552228111,dd.toast.orders+orders_176c966c-2c7f-4a88-9200-1843cee6c278@gmail.com,CA02,2/7/25,6:57 PM,"Pan Fried Chive Dumplings (3) 韭菜盒子, Pan Fried Pork Buns (4) 特色鲜肉煎包",Default Online Ordering,1.81,Other,600000035429608841,108,21.66,,1,0.00,,http://www.toasttab.com/receipts/33eiUG9RSnqR9vgz4YmOIA/hPsRggXrCMRyh
,,,,CA02,2/7/25,7:02 PM,"Dan Dan Noodles Ⓥ🌶️🌶️ 担担面, Pork Xiao Long Bao (8) 鲜肉小笼包, Beef Steamed Dumplings (6) 牛肉蒸饺, Ozeki Nigori Sake (375 ml / 12.68 fl.oz.) Best Chilled, Pan Fried Beef Pies (2) 牛肉馅饼, Dan Dan Noodles Ⓥ🌶️🌶️ 担担面",Default Online Ordering,4.76,Visa,600000035429788948,113,69.37,,1,0.00,,http://www.toasttab.com/receipts/33eiUG9RSnqR9vgz4YmOIA/ffXHnrtzNkdKf
,,,,CA02,2/7/25,6:57 PM,"Sweet & Sour Cucumber Ⓥ 🌶️ 甜辣小黄瓜, Pan Fried Wontons with Chili Sauce (6) 红油香煎大馄饨, Braised Pig Ears 🌶️ 凉拌猪耳, Five Spice Beef Shank 五香牛腱, Green Onion Pancake (1) Ⓥ 葱油饼, Beef Pancake Roll (1) 酱香牛肉卷饼 (不辣), Pork Wontons in Chicken Soup 鸡汤小馄饨, Pork Xiao Long Bao (8) 鲜肉小笼包",Default Online Ordering,5.64,Visa,600000035429864826,109,77.38,,1,0.00,,http://www.toasttab.com/receipts/33eiUG9RSnqR9vgz4YmOIA/TMFxfF9XMX99d
,,,,CA02,2/7/25,6:58 PM,"Dan Dan Noodles Ⓥ🌶️🌶️ 担担面, Pan Fried Pork Buns (4) 特色鲜肉煎包, Hot & Sour Glass Noodles 🌶️🌶️ 酸辣粉, Banana Naan Bread (1) Ⓥ 香蕉飞饼, Pork & Crab Meat Xiao Long Bao (8) 🦐 蟹肉小笼包",Default Online Ordering,3.89,Mastercard,600000035430000861,110,53.52,,1,0.00,,http://www.toasttab.com/receipts/33eiUG9RSnqR9vgz4YmOIA/sJsRLrKknqgJp
,,,,CA02,2/7/25,7:10 PM,"Beef-Stew Noodles 🌶️ 秘制牛肉小面, Pork Xiao Long Bao (8) 鲜肉小笼包, Green Onion Pancake (1) Ⓥ 葱油饼, Chicken Potstickers (6) 鸡肉锅贴",Default Online Ordering,2.68,Cash,600000035430217032,117,31.98,,1,0.00,,http://www.toasttab.com/receipts/33eiUG9RSnqR9vgz4YmOIA/hJCbbrPdfCLsY
,,,,CA02,2/7/25,6:59 PM,"Jasmine Tea (Hot) 茉莉花茶 (热), Green Onion Pancake (1) Ⓥ 葱油饼, Pork Xiao Long Bao (8) 鲜肉小笼包, Pork Wontons in Chicken Soup 鸡汤小馄饨, Pan Fried Beef Pies (2) 牛肉馅饼, Pork Wontons in Chili Sauce (6) 🌶️ 红油猪肉抄手, Kale Salad with Sesame Dressing Ⓥ 麻酱羽衣甘蓝沙拉, Beef-Stew Noodle Soup 🌶️ 秘制牛肉汤面",chi van,5.43,Visa,600000035430309935,111,74.50,,4,0.00,,http://www.toasttab.com/receipts/33eiUG9RSnqR9vgz4YmOIA/XmJRqjHkrX9dx
600000035430654203,Sarthak P,8552228111,dd.toast.orders+orders_9d43ac82-185a-413f-85cd-07cc35010889@gmail.com,CA02,2/7/25,7:06 PM,"Green Onion Pancake (1) Ⓥ 葱油饼, Chicken & Vegetable Wontons in Hot & Sour Sauce (6) 🌶️ 酸辣菜肉大馄饨, Vegetable Steamed Dumplings (6) Ⓥ 素三鲜蒸饺, Dan Dan Noodles Ⓥ🌶️🌶️ 担担面",Default Online Ordering,2.80,Other,600000035430395272,115,33.50,,1,0.00,,http://www.toasttab.com/receipts/33eiUG9RSnqR9vgz4YmOIA/CwCf7gPjKXCCs
,,,,CA02,2/7/25,7:13 PM,"Dan Dan Noodles Ⓥ🌶️🌶️ 担担面, Spicy Beef Pancake Roll (1) 🌶️🌶️ 麻辣牛肉卷饼, Pork Wontons in Chili Sauce (6) 🌶️ 红油猪肉抄手, Pan Fried Pork Buns (4) 特色鲜肉煎包",Default Online Ordering,3.16,Visa,600000035430483376,118,44.50,,1,0.00,,http://www.toasttab.com/receipts/33eiUG9RSnqR9vgz4YmOIA/cpYnLKjmYm9WF
,,,,CA02,2/7/25,7:06 PM,"Chicken Xiao Long Bao (8) 鸡肉小笼包, Chicken & Vegetable Wontons in Chili Sauce (6) 🌶️ 红油菜肉大馄饨, Sweet & Sour Cucumber Ⓥ 🌶️ 甜辣小黄瓜, Vegetarian Hot & Sour Glass Noodles Ⓥ 🌶️🌶️ 素酸辣粉, Minced Chicken Noodles 🌶️ 鸡肉肉燥小面, Sweet & Sour Cucumber Ⓥ 🌶️ 甜辣小黄瓜, Pan Fried Wontons with Chili Sauce (6) 红油香煎大馄饨",xin Meng,5.03,Mastercard,600000035430677635,114,68.98,,3,0.00,,http://www.toasttab.com/receipts/33eiUG9RSnqR9vgz4YmOIA/fzznXkYnpKqyz
600000035430507086,Claire C,8552228111,dd.toast.orders+orders_481ae447-74ba-4041-bef2-e6bf9114181f@gmail.com,CA02,2/7/25,7:31 PM,"Braised Pig Ears 🌶️ 凉拌猪耳, Dan Dan Noodles Ⓥ🌶️🌶️ 担担面",Default Online Ordering,1.60,Other,600000035430784844,126,19.10,,1,0.00,,http://www.toasttab.com/receipts/33eiUG9RSnqR9vgz4YmOIA/jnqXYbYrgtsWt
,,,,CA02,2/7/25,7:13 PM,"Pork Xiao Long Bao (8) 鲜肉小笼包, Dan Dan Noodles Ⓥ🌶️🌶️ 担担面, Sweet & Sour Cucumber Ⓥ 🌶️ 甜辣小黄瓜, Green Onion Pancake (1) Ⓥ 葱油饼, Chicken Potstickers (6) 鸡肉锅贴, Hot & Sour Glass Noodles 🌶️🌶️ 酸辣粉, Braised Pig Ears 🌶️ 凉拌猪耳",Default Online Ordering,4.74,Visa,600000035430794209,119,65.02,,1,0.00,,http://www.toasttab.com/receipts/33eiUG9RSnqR9vgz4YmOIA/M9RC7mFqLKpMr
600000035430598535,Mariya S,8552228111,dd.toast.orders+orders_c33db3c2-d94d-4615-89b7-6fb1e1b84ad5@gmail.com,CA02,2/7/25,7:17 PM,"Pork Wontons in Chili Sauce (6) 🌶️ 红油猪肉抄手, Minced Chicken Noodles 🌶️ 鸡肉肉燥小面, Dan Dan Noodles Ⓥ🌶️🌶️ 担担面, Spicy Beef Pancake Roll (1) 🌶️🌶️ 麻辣牛肉卷饼, Pork Xiao Long Bao (8) 鲜肉小笼包",Default Online Ordering,4.01,Other,600000035431175256,120,52.91,,1,0.00,,http://www.toasttab.com/receipts/33eiUG9RSnqR9vgz4YmOIA/HFgMkWgpcykyq
,,,,CA02,2/7/25,7:20 PM,"Pork Xiao Long Bao (8) 鲜肉小笼包, Pan Fried Pork Buns (4) 特色鲜肉煎包, Vegetable Potstickers (6) Ⓥ 素三鲜锅贴, Pan Fried Chive Dumplings (3) 韭菜盒子, Dan Dan Noodles Ⓥ🌶️🌶️ 担担面, Diet Coke 健怡可乐, Coke 可乐, Sour Plum Juice (Cold) 酸梅汁 (冷), Pork Xiao Long Bao (8) 鲜肉小笼包, Dan Dan Noodles Ⓥ🌶️🌶️ 担担面, Sweet & Sour Cucumber Ⓥ 🌶️ 甜辣小黄瓜",Default Online Ordering,7.18,Visa,600000035431206909,121,98.53,,1,0.00,,http://www.toasttab.com/receipts/33eiUG9RSnqR9vgz4YmOIA/YwkxWrkgHktjh
600000035430721135,Siddarth G,8552228111,dd.toast.orders+orders_c46a6319-db53-4dd1-8d2c-ae29ea8091b0@gmail.com,CA02,2/7/25,7:21 PM,"Green Onion Pancake (1) Ⓥ 葱油饼, Vegetable Steamed Dumplings (6) Ⓥ 素三鲜蒸饺, Sweet & Sour Cucumber Ⓥ 🌶️ 甜辣小黄瓜, Dan Dan Noodles Ⓥ🌶️🌶️ 担担面",Default Online Ordering,2.80,Other,600000035431248059,122,33.50,,1,0.00,,http://www.toasttab.com/receipts/33eiUG9RSnqR9vgz4YmOIA/yggWRnjWh97fm
,,,,CA02,2/7/25,7:36 PM,"Dan Dan Noodles Ⓥ🌶️🌶️ 担担面, Dan Dan Noodles Ⓥ🌶️🌶️ 担担面, Sweet & Sour Cucumber Ⓥ 🌶️ 甜辣小黄瓜, Green Onion Pancake (1) Ⓥ 葱油饼, Vegetable Potstickers (6) Ⓥ 素三鲜锅贴, Vegetarian Spicy (Ma La) Noodles Ⓥ 🌶️🌶️ 素麻辣小面, Pan Fried Wontons with Sweet & Spicy Garlic Sauce (6) 甜辣香煎大馄饨",Default Online Ordering,5.21,Visa,600000035431248094,130,71.60,,1,0.00,,http://www.toasttab.com/receipts/33eiUG9RSnqR9vgz4YmOIA/sXRCsYY7xhXhT
600000035431581602,Tejal J,8552228111,dd.toast.orders+orders_bf51f628-6a36-4ec5-a1c9-ae0949e37b29@gmail.com,CA02,2/7/25,7:25 PM,Dan Dan Noodles Ⓥ🌶️🌶️ 担担面,Default Online Ordering,0.83,Other,600000035431342565,125,9.93,,1,0.00,,http://www.toasttab.com/receipts/33eiUG9RSnqR9vgz4YmOIA/PT9HMsrPPW7Jp
,,,,CA02,2/7/25,7:40 PM,"Green Onion Pancake (1) Ⓥ 葱油饼, Pork Xiao Long Bao (8) 鲜肉小笼包, Pan Fried Pork Buns (4) 特色鲜肉煎包, Vegetable Potstickers (6) Ⓥ 素三鲜锅贴, Chicken Potstickers (6) 鸡肉锅贴, Pan Fried Wontons with Chili Sauce (6) 红油香煎大馄饨, Kale Salad with Sesame Dressing Ⓥ 麻酱羽衣甘蓝沙拉, Beef-Stew Noodle Soup 🌶️ 秘制牛肉汤面, Chicken & Vegetable Wontons in Chicken Soup 鸡汤菜肉大馄饨, Pan Fried Wontons with Chili Sauce (6) 红油香煎大馄饨, Chicken Potstickers (6) 鸡肉锅贴, Vegetable Potstickers (6) Ⓥ 素三鲜锅贴, Pan Fried Pork Buns (4) 特色鲜肉煎包, Pork Xiao Long Bao (8) 鲜肉小笼包, Green Onion Pancake (1) Ⓥ 葱油饼",Default Online Ordering,10.72,Mastercard,600000035431363537,132,153.32,,1,0.00,,http://www.toasttab.com/receipts/33eiUG9RSnqR9vgz4YmOIA/xfJwXYqYCPPxk
,,,,CA02,2/7/25,7:42 PM,"Pork Xiao Long Bao (8) 鲜肉小笼包, Pan Fried Pork Buns (4) 特色鲜肉煎包, Pork & Crab Meat Xiao Long Bao (8) 🦐 蟹肉小笼包, Beef-Stew Noodle Soup 🌶️ 秘制牛肉汤面, Pork & Shrimp Potstickers (6) 🦐 猪肉三鲜锅贴",Default Online Ordering,4.31,Mastercard,600000035431363544,133,59.12,,1,0.00,,http://www.toasttab.com/receipts/33eiUG9RSnqR9vgz4YmOIA/fs7HdCbptPhXs
,,,,CA02,2/7/25,7:32 PM,"Pork Xiao Long Bao (8) 鲜肉小笼包, Pan Fried Pork Buns (4) 特色鲜肉煎包, Sweet & Sour Cucumber Ⓥ 🌶️ 甜辣小黄瓜, Chicken Potstickers (6) 鸡肉锅贴, Pork Wontons in Chili Sauce (6) 🌶️ 红油猪肉抄手, Braised Pig Ears 🌶️ 凉拌猪耳, Zha Jiang Mian 京味炸酱面, Chrysanthemum Tea (Hot) 菊花茶 (热)",Default Online Ordering,5.72,Visa,600000035431440277,127,78.45,,1,0.00,,http://www.toasttab.com/receipts/33eiUG9RSnqR9vgz4YmOIA/zqbzfJTpmdndJ
,,,,CA02,2/7/25,7:23 PM,"Green Onion Pancake (1) Ⓥ 葱油饼, Dan Dan Noodles Ⓥ🌶️🌶️ 担担面, Pork Xiao Long Bao (8) 鲜肉小笼包, Sweet & Sour Cucumber Ⓥ 🌶️ 甜辣小黄瓜, Steamed Pork Buns (4) 特色鲜肉蒸包",Default Online Ordering,3.59,Visa,600000035431454653,124,51.41,,1,0.00,,http://www.toasttab.com/receipts/33eiUG9RSnqR9vgz4YmOIA/gMYxscCcJrRbc
,,,,CA02,2/7/25,7:22 PM,"Spicy Beef Pancake Roll (1) 🌶️🌶️ 麻辣牛肉卷饼, Pork Xiao Long Bao (8) 鲜肉小笼包, Pan Fried Pork Buns (4) 特色鲜肉煎包, Dan Dan Noodles Ⓥ🌶️🌶️ 担担面, Spicy (Ma La) Noodles 🌶️🌶️ 麻辣小面",chi van,4.12,Amex,600000035431480464,123,59.06,,2,0.00,,http://www.toasttab.com/receipts/33eiUG9RSnqR9vgz4YmOIA/k9x7cNzfqfPPs
600000035432016671,PickUp-Prajakta P,8552228111,dd.toast.orders+orders_ce34d0cb-ccef-4fb4-adaf-61f4fd580be6@gmail.com,CA02,2/7/25,7:48 PM,Chicken Xiao Long Bao (8) 鸡肉小笼包,Default Online Ordering,0.91,Other,600000035431747395,137,10.86,,1,0.00,,http://www.toasttab.com/receipts/33eiUG9RSnqR9vgz4YmOIA/dLThtXjJbyfPJ
600000035432000914,PickUp-Padma A.,4083329210,dd.toast.orders+orders_a85dfc6f-0202-4986-90ef-85059e0651f7@gmail.com,CA02,2/7/25,7:42 PM,"Vegetable Steamed Dumplings (6) Ⓥ 素三鲜蒸饺, Vegetable Potstickers (6) Ⓥ 素三鲜锅贴, Vegetarian Spicy (Ma La) Noodles Ⓥ 🌶️🌶️ 素麻辣小面, Dan Dan Noodles Ⓥ🌶️🌶️ 担担面",Default Online Ordering,2.77,Other,600000035431787381,134,37.73,,1,0.00,,http://www.toasttab.com/receipts/33eiUG9RSnqR9vgz4YmOIA/fy7NdtgXrpzLb
,,,,CA02,2/7/25,7:32 PM,"Dan Dan Noodles Ⓥ🌶️🌶️ 担担面, Ube Milk Tea (Cold) 紫薯奶茶 (冷), Add Boba 珍珠, Sweet & Sour Cucumber Ⓥ 🌶️ 甜辣小黄瓜",Default Online Ordering,2.02,Mastercard,600000035431929902,128,29.00,,1,0.00,,http://www.toasttab.com/receipts/33eiUG9RSnqR9vgz4YmOIA/JNjJdrjqhczfJ
,,,,CA02,2/7/25,7:57 PM,"Beef-Stew Noodles 🌶️ 秘制牛肉小面, Minced Chicken Noodles 🌶️ 鸡肉肉燥小面, Pan Fried Pork Buns (4) 特色鲜肉煎包, Green Onion Pancake (1) Ⓥ 葱油饼",Default Online Ordering,2.73,Visa,600000035431929946,143,37.52,,1,0.00,,http://www.toasttab.com/receipts/33eiUG9RSnqR9vgz4YmOIA/zFbsqq7qqzyqX
,,,,CA02,2/7/25,7:34 PM,"Pork Xiao Long Bao (8) 鲜肉小笼包, Pan Fried Chive Dumplings (3) 韭菜盒子, Kale Salad with Sesame Dressing Ⓥ 麻酱羽衣甘蓝沙拉, Zha Jiang Mian 京味炸酱面, Beef Pancake Roll (1) 酱香牛肉卷饼 (不辣)",Default Online Ordering,3.83,Visa,600000035431933254,129,52.53,,1,0.00,,http://www.toasttab.com/receipts/33eiUG9RSnqR9vgz4YmOIA/brnNNn7YddXMp
600000035431933216,Cailee G,8552228111,dd.toast.orders+orders_29c4b404-a82b-4ef6-890f-2c30cceea161@gmail.com,CA02,2/7/25,7:47 PM,"Green Onion Pancake (1) Ⓥ 葱油饼, Chicken Steamed Dumplings (6) 鸡肉蒸饺, Sweet & Sour Cucumber Ⓥ 🌶️ 甜辣小黄瓜, Pork Wontons in Chili Sauce (6) 🌶️ 红油猪肉抄手, Dan Dan Noodles Ⓥ🌶️🌶️ 担担面, Pork Xiao Long Bao (8) 鲜肉小笼包",Default Online Ordering,4.16,Other,600000035431933278,135,54.71,,1,0.00,,http://www.toasttab.com/receipts/33eiUG9RSnqR9vgz4YmOIA/gpzHhXLktcrkT
,,,,CA02,2/7/25,7:52 PM,"Vegetable Potstickers (6) Ⓥ 素三鲜锅贴, Vegetable Steamed Dumplings (6) Ⓥ 素三鲜蒸饺, Vegetarian Spicy (Ma La) Noodles Ⓥ 🌶️🌶️ 素麻辣小面, Green Onion Pancake (1) Ⓥ 葱油饼",Default Online Ordering,2.44,Mastercard,600000035431981627,138,33.45,,1,0.00,,http://www.toasttab.com/receipts/33eiUG9RSnqR9vgz4YmOIA/sxFthzHhdCYhb
,,,,CA02,2/7/25,7:39 PM,"Pork Xiao Long Bao (8) 鲜肉小笼包, Dan Dan Noodles Ⓥ🌶️🌶️ 担担面, Green Onion Pancake (1) Ⓥ 葱油饼, Pork Wontons in Chili Sauce (6) 🌶️ 红油猪肉抄手, Braised Pig Ears 🌶️ 凉拌猪耳, Spicy Beef Shank 🌶️🌶️ 麻辣牛腱, Beef-Stew Noodle Soup 🌶️ 秘制牛肉汤面, Zha Jiang Mian 京味炸酱面, Sweet & Sour Cucumber Ⓥ 🌶️ 甜辣小黄瓜",Default Online Ordering,10.51,Visa,600000035432027011,131,150.79,,1,0.00,,http://www.toasttab.com/receipts/33eiUG9RSnqR9vgz4YmOIA/dzPLCLPsRxT9h
,,,,CA02,2/7/25,7:52 PM,"Dan Dan Noodles Ⓥ🌶️🌶️ 担担面, Vegetable Potstickers (6) Ⓥ 素三鲜锅贴, Green Onion Pancake (1) Ⓥ 葱油饼, Pork & Shrimp Potstickers (6) 🦐 猪肉三鲜锅贴, Green Onion Pancake (1) Ⓥ 葱油饼, Green Onion Pancake (1) Ⓥ 葱油饼, Pork Xiao Long Bao (8) 鲜肉小笼包, Vegetable Potstickers (6) Ⓥ 素三鲜锅贴, High Tail Shrimp & Pork Steamed Dumplings (6) 🦐 翘尾鲜虾蒸饺, Milk Tea (Cold) 奶茶 (冷)",Default Online Ordering,6.90,Visa,600000035432051085,139,94.70,,1,0.00,,http://www.toasttab.com/receipts/33eiUG9RSnqR9vgz4YmOIA/L7HqNcYkNqNJJ
600000035431833685,PickUp-Keerthi S.,5106743823,dd.toast.orders+orders_3fad058f-8e30-4fce-9f8e-b6975de678f3@gmail.com,CA02,2/7/25,7:56 PM,"Minced Chicken Noodles 🌶️ 鸡肉肉燥小面, Vegetarian Spicy (Ma La) Noodles Ⓥ 🌶️🌶️ 素麻辣小面, Dan Dan Noodles Ⓥ🌶️🌶️ 担担面",Default Online Ordering,2.16,Other,600000035432176286,142,25.86,,1,0.00,,http://www.toasttab.com/receipts/33eiUG9RSnqR9vgz4YmOIA/fbLpWfyMPPbxw
600000035432480816,PickUp-Christina N.,4084898715,dd.toast.orders+orders_0fd39327-8ac7-4b68-988e-a6c755cc41b1@gmail.com,CA02,2/7/25,8:01 PM,"Minced Chicken Noodles 🌶️ 鸡肉肉燥小面, Dan Dan Noodles Ⓥ🌶️🌶️ 担担面",Default Online Ordering,1.44,Other,600000035432219033,144,17.24,,1,0.00,,http://www.toasttab.com/receipts/33eiUG9RSnqR9vgz4YmOIA/qpfLxCXYHFhRT
,,,,CA02,2/7/25,7:56 PM,"Pork Xiao Long Bao (8) 鲜肉小笼包, Green Onion Pancake (1) Ⓥ 葱油饼, Chicken Xiao Long Bao (8) 鸡肉小笼包, Spicy (Ma La) Noodles 🌶️🌶️ 麻辣小面, Beef-Stew Noodle Soup 🌶️ 秘制牛肉汤面, Diet Coke 健怡可乐, Coke 可乐",Default Online Ordering,4.29,Visa,600000035432308123,140,56.19,,1,0.00,,http://www.toasttab.com/receipts/33eiUG9RSnqR9vgz4YmOIA/JnqdCRnqPfpyY
600000035431657683,Sonal T,8552228111,dd.toast.orders+orders_73131de4-d0bf-4244-8740-6d09eb953a28@gmail.com,CA02,2/7/25,7:56 PM,"Pork Wontons in Chili Sauce (6) 🌶️ 红油猪肉抄手, Dan Dan Noodles Ⓥ🌶️🌶️ 担担面, Pork Xiao Long Bao (8) 鲜肉小笼包",Default Online Ordering,3.85,Other,600000035432308126,141,51.00,,1,0.00,,http://www.toasttab.com/receipts/33eiUG9RSnqR9vgz4YmOIA/JFmWckwLwWrs7
,,,,CA02,2/7/25,8:08 PM,"Pork Xiao Long Bao (8) 鲜肉小笼包, Chicken Xiao Long Bao (8) 鸡肉小笼包, Chicken Potstickers (6) 鸡肉锅贴, Pork Wontons in Hot & Sour Sauce (6) 🌶️ 酸辣猪肉抄手, Sweet & Sour Cucumber Ⓥ 🌶️ 甜辣小黄瓜, Chicken Xiao Long Bao (8) 鸡肉小笼包",Default Online Ordering,4.74,Visa,600000035432412896,149,64.96,,1,0.00,,http://www.toasttab.com/receipts/33eiUG9RSnqR9vgz4YmOIA/xgrNjYTzJHbyt
,,,,CA02,2/7/25,8:05 PM,"Pan Fried Wontons with Sweet & Spicy Garlic Sauce (6) 甜辣香煎大馄饨, Vegetable Steamed Dumplings (6) Ⓥ 素三鲜蒸饺, Vegetable Potstickers (6) Ⓥ 素三鲜锅贴, Vegetarian Spicy (Ma La) Noodles Ⓥ 🌶️🌶️ 素麻辣小面, Dan Dan Noodles Ⓥ🌶️🌶️ 担担面, Vegetarian Spicy (Ma La) Noodles Ⓥ 🌶️🌶️ 素麻辣小面, Vegetable Potstickers (6) Ⓥ 素三鲜锅贴, Vegetable Steamed Dumplings (6) Ⓥ 素三鲜蒸饺",Default Online Ordering,7.55,Visa,600000035432438630,145,103.79,,1,0.00,,http://www.toasttab.com/receipts/33eiUG9RSnqR9vgz4YmOIA/wnP9Crjc7tRXp
600000035432087897,PickUp-Chorng T,8552228111,dd.toast.orders+orders_e1c1b91f-142c-4e03-ac5b-49c89fb36f20@gmail.com,CA02,2/7/25,8:07 PM,"Pork Wontons in Chili Sauce (6) 🌶️ 红油猪肉抄手, Pan Fried Chive Dumplings (3) 韭菜盒子, Pork Xiao Long Bao (8) 鲜肉小笼包",Default Online Ordering,2.24,Other,600000035432489542,148,26.79,,1,0.00,,http://www.toasttab.com/receipts/33eiUG9RSnqR9vgz4YmOIA/LsfxcFNswFqxg
,,,,CA02,2/7/25,8:08 PM,"Green Onion Pancake (1) Ⓥ 葱油饼, Shrimp & Zucchini Steamed Dumplings (6) 🦐 青瓜鲜虾蒸饺, Passion Fruit Green Tea (Cold) 百香果绿茶 (冷), Chicken & Vegetable Wontons in Chili Sauce (6) 🌶️ 红油菜肉大馄饨, Chicken Potstickers (6) 鸡肉锅贴, Spicy (Ma La) Noodles 🌶️🌶️ 麻辣小面, Banana Naan Bread (1) Ⓥ 香蕉飞饼, Sapporo, Chicken Potstickers (6) 鸡肉锅贴",Default Online Ordering,5.63,Mastercard,600000035432489545,150,77.43,,1,0.00,,http://www.toasttab.com/receipts/33eiUG9RSnqR9vgz4YmOIA/tNrmcPhCdjfxn
,,,,CA02,2/7/25,7:48 PM,"Pork & Crab Meat Xiao Long Bao (8) 🦐 蟹肉小笼包, Chicken & Vegetable Wontons in Hot & Sour Sauce (6) 🌶️ 酸辣菜肉大馄饨, Pork Xiao Long Bao (8) 鲜肉小笼包, Dan Dan Noodles Ⓥ🌶️🌶️ 担担面, Sweet & Sour Cucumber Ⓥ 🌶️ 甜辣小黄瓜, Green Onion Pancake (1) Ⓥ 葱油饼, Thai Milk Tea (Cold) 泰式奶茶 (冷), Pork Xiao Long Bao (8) 鲜肉小笼包, Steamed Pork Buns (4) 特色鲜肉蒸包",Default Online Ordering,6.62,Visa,600000035432590650,136,90.87,,1,0.00,,http://www.toasttab.com/receipts/33eiUG9RSnqR9vgz4YmOIA/pjLgNprc9FNRw
,,,,CA02,2/7/25,8:16 PM,"Pan Fried Wontons with Chili Sauce (6) 红油香煎大馄饨, Dan Dan Noodles Ⓥ🌶️🌶️ 担担面, Chicken Xiao Long Bao (8) 鸡肉小笼包, Minced Chicken Noodles 🌶️ 鸡肉肉燥小面, Chicken & Vegetable Wontons in Hot & Sour Sauce (6) 🌶️ 酸辣菜肉大馄饨, Dan Dan Noodles Ⓥ🌶️🌶️ 担担面, Sapporo, Chicken Xiao Long Bao (8) 鸡肉小笼包, Coke 可乐, Chicken & Vegetable Wontons in Hot & Sour Sauce (6) 🌶️ 酸辣菜肉大馄饨, Minced Chicken Noodles 🌶️ 鸡肉肉燥小面",Default Online Ordering,7.53,Visa,600000035432734188,153,103.42,,3,0.00,,http://www.toasttab.com/receipts/33eiUG9RSnqR9vgz4YmOIA/RkRHM9H9cpnbF
600000035432830325,PickUp-Dorothy T.,9494344941,dd.toast.orders+orders_12188766-e6d7-4448-8dd6-9548cef19735@gmail.com,CA02,2/7/25,8:21 PM,Dan Dan Noodles Ⓥ🌶️🌶️ 担担面,Default Online Ordering,1.44,Other,600000035432980176,157,20.40,,1,0.00,,http://www.toasttab.com/receipts/33eiUG9RSnqR9vgz4YmOIA/LcTrtwpymcPKk
,,,,CA02,2/7/25,8:16 PM,"Pork Xiao Long Bao (8) 鲜肉小笼包, Beef Potstickers (6) 牛肉锅贴, Hot & Sour Glass Noodles 🌶️🌶️ 酸辣粉, Spicy Beef Pancake Roll (1) 🌶️🌶️ 麻辣牛肉卷饼",Default Online Ordering,3.16,Mastercard,600000035432997324,152,37.71,,1,0.00,,http://www.toasttab.com/receipts/33eiUG9RSnqR9vgz4YmOIA/XTRdMyCKbPphL
600000035433884153,Yasmin S,8552228111,dd.toast.orders+orders_267a50ab-832a-46b6-90b4-83a56c35227c@gmail.com,CA02,2/7/25,8:26 PM,"Vegetable Steamed Dumplings (6) Ⓥ 素三鲜蒸饺, Green Onion Soy Sauce Noodles Ⓥ 葱油拌面, Chicken Xiao Long Bao (8) 鸡肉小笼包",Default Online Ordering,2.64,Other,600000035433042643,161,31.59,,1,0.00,,http://www.toasttab.com/receipts/33eiUG9RSnqR9vgz4YmOIA/nxgcpwMPJ9qHL
,,,,CA02,2/7/25,8:25 PM,"Pork Xiao Long Bao (8) 鲜肉小笼包, Pork & Crab Meat Xiao Long Bao (8) 🦐 蟹肉小笼包, Chicken Potstickers (6) 鸡肉锅贴, Pork Wontons in Chili Sauce (6) 🌶️ 红油猪肉抄手, Braised Pig Ears 🌶️ 凉拌猪耳, Dan Dan Noodles Ⓥ🌶️🌶️ 担担面, Oolong Tea (Hot) 乌龙茶 (热), Ozeki Nigori Sake (375 ml / 12.68 fl.oz.) Best Chilled, Chicken Xiao Long Bao (8) 鸡肉小笼包, Dan Dan Noodles Ⓥ🌶️🌶️ 担担面, Pork Wontons in Chili Sauce (6) 🌶️ 红油猪肉抄手",Default Online Ordering,8.42,Visa,600000035433116331,160,118.61,,1,0.00,,http://www.toasttab.com/receipts/33eiUG9RSnqR9vgz4YmOIA/MwChxdqztMPkp
,,,,CA02,2/7/25,8:35 PM,"Pork Xiao Long Bao (8) 鲜肉小笼包, Dan Dan Noodles Ⓥ🌶️🌶️ 担担面, Chicken Potstickers (6) 鸡肉锅贴, Chicken & Vegetable Wontons in Chili Sauce (6) 🌶️ 红油菜肉大馄饨, Sprite 雪碧",Default Online Ordering,5.30,Visa,600000035433233897,166,72.85,,1,0.00,,http://www.toasttab.com/receipts/33eiUG9RSnqR9vgz4YmOIA/WjxbxwY7XrTrx
,,,,CA02,2/7/25,8:06 PM,"Pork Xiao Long Bao (8) 鲜肉小笼包, Pan Fried Pork Buns (4) 特色鲜肉煎包, Sweet & Sour Cucumber Ⓥ 🌶️ 甜辣小黄瓜, Zha Jiang Mian 京味炸酱面",Jaylan Penney,3.21,Visa,600000035433279428,147,44.06,,3,0.00,,http://www.toasttab.com/receipts/33eiUG9RSnqR9vgz4YmOIA/znRMJLp7wLfrJ
600000035432768041,Gary X,8552228111,dd.toast.orders+orders_1b6f600b-100a-49bc-ac43-bfcf6cae8171@gmail.com,CA02,2/7/25,8:23 PM,"Pork Wontons in Chili Sauce (6) 🌶️ 红油猪肉抄手, Chicken Xiao Long Bao (8) 鸡肉小笼包",Default Online Ordering,1.81,Other,600000035433396368,158,21.66,,1,0.00,,http://www.toasttab.com/receipts/33eiUG9RSnqR9vgz4YmOIA/JRR7JPNWp9NNP
,,,,CA02,2/7/25,8:10 PM,"Dan Dan Noodles Ⓥ🌶️🌶️ 担担面, Cold Noodles with Sesame Dressing Ⓥ 麻酱凉面, Pork Xiao Long Bao (8) 鲜肉小笼包",Default Online Ordering,3.79,Visa,600000035433413701,151,52.14,,1,0.00,,http://www.toasttab.com/receipts/33eiUG9RSnqR9vgz4YmOIA/wPmcNfsKFMspc
,,,,CA02,2/7/25,8:17 PM,"Dan Dan Noodles Ⓥ🌶️🌶️ 担担面, Pan Fried Pork Buns (4) 特色鲜肉煎包, Spicy Beef Sandwich (1) 🌶️🌶️大嘴牛肉包 (辣), Pan Fried Wontons with Sweet & Spicy Garlic Sauce (6) 甜辣香煎大馄饨, Spicy Beef Shank 🌶️🌶️ 麻辣牛腱, Passion Fruit Green Tea (Cold) 百香果绿茶 (冷), Pork Xiao Long Bao (8) 鲜肉小笼包, Pan Fried Pork Buns (4) 特色鲜肉煎包, Pork & Shrimp Boiled Dumplings (6) 🦐 猪肉三鲜水饺, Pork & Shrimp Potstickers (6) 🦐 猪肉三鲜锅贴, Pork & Crab Meat Xiao Long Bao (8) 🦐 蟹肉小笼包, Minced Chicken Noodles 🌶️ 鸡肉肉燥小面",Default Online Ordering,9.06,Visa,600000035433562508,154,124.38,,1,0.00,,http://www.toasttab.com/receipts/33eiUG9RSnqR9vgz4YmOIA/KmcMgcbTNdqpx
,,,,CA02,2/7/25,8:35 PM,"Pork Xiao Long Bao (8) 鲜肉小笼包, Green Onion Pancake (1) Ⓥ 葱油饼",Default Online Ordering,1.29,Visa,600000035433649225,165,17.70,,1,0.00,,http://www.toasttab.com/receipts/33eiUG9RSnqR9vgz4YmOIA/stdLwdyqNMyxC
,,,,CA02,2/7/25,8:34 PM,"Dan Dan Noodles Ⓥ🌶️🌶️ 担担面, Pork Xiao Long Bao (8) 鲜肉小笼包, Pork Wontons in Chili Sauce (6) 🌶️ 红油猪肉抄手, Dan Dan Noodles Ⓥ🌶️🌶️ 担担面, Pork Wontons in Chili Sauce (6) 🌶️ 红油猪肉抄手, Chicken Potstickers (6) 鸡肉锅贴",Default Online Ordering,4.36,Visa,600000035433728427,163,59.81,,2,0.00,,http://www.toasttab.com/receipts/33eiUG9RSnqR9vgz4YmOIA/CfxdNfXfM9Wfh
,,,,CA02,2/7/25,8:20 PM,"Green Onion Pancake (1) Ⓥ 葱油饼, Pork Xiao Long Bao (8) 鲜肉小笼包, Pork Xiao Long Bao (8) 鲜肉小笼包, Chicken Xiao Long Bao (8) 鸡肉小笼包, Chicken Xiao Long Bao (8) 鸡肉小笼包, Steamed Pork Buns (4) 特色鲜肉蒸包, Steamed Pork Buns (4) 特色鲜肉蒸包, Chicken Potstickers (6) 鸡肉锅贴, Chicken Potstickers (6) 鸡肉锅贴, Pan Fried Wontons with Sweet & Spicy Garlic Sauce (6) 甜辣香煎大馄饨, Pork Wontons in Chili Sauce (6) 🌶️ 红油猪肉抄手, Pork Wontons in Chili Sauce (6) 🌶️ 红油猪肉抄手, Sweet & Sour Cucumber Ⓥ 🌶️ 甜辣小黄瓜, Dan Dan Noodles Ⓥ🌶️🌶️ 担担面, Spicy (Ma La) Noodles 🌶️🌶️ 麻辣小面, Minced Chicken Noodles 🌶️ 鸡肉肉燥小面, Thai Milk Tea (Cold) 泰式奶茶 (冷), Add Boba 珍珠, Passion Fruit Green Tea (Cold) 百香果绿茶 (冷), Ube Milk Tea (Cold) 紫薯奶茶 (冷), Add Boba 珍珠, Coke 可乐",Yafang Chen,14.05,Visa,600000035433755977,155,192.91,,7,0.00,,http://www.toasttab.com/receipts/33eiUG9RSnqR9vgz4YmOIA/KghhYgnbTgfnc
,,,,CA02,2/7/25,8:38 PM,"Pork Xiao Long Bao (8) 鲜肉小笼包, Green Onion Pancake (1) Ⓥ 葱油饼, Green Onion Soy Sauce Noodles Ⓥ 葱油拌面, Pork & Shrimp Potstickers (6) 🦐 猪肉三鲜锅贴, Sour Plum Juice (Cold) 酸梅汁 (冷)",Default Online Ordering,3.22,Visa,600000035433885721,169,44.24,,1,0.00,,http://www.toasttab.com/receipts/33eiUG9RSnqR9vgz4YmOIA/YqsccTYmbkFbx
,,,,CA02,2/7/25,8:25 PM,"Pork & Shrimp Potstickers (6) 🦐 猪肉三鲜锅贴, Pan Fried Wontons with Chili Sauce (6) 红油香煎大馄饨, Pork Wontons in Chicken Soup 鸡汤小馄饨, Dan Dan Noodles Ⓥ🌶️🌶️ 担担面",chi van,2.78,Visa,600000035433930108,159,39.82,,3,0.00,,http://www.toasttab.com/receipts/33eiUG9RSnqR9vgz4YmOIA/TRfqLjJFCzdKd
,,,,CA02,2/7/25,8:55 PM,"Pan Fried Wontons with Chili Sauce (6) 红油香煎大馄饨, Coke 可乐, Ozeki Nigori Sake (375 ml / 12.68 fl.oz.) Best Chilled, Pork Xiao Long Bao (8) 鲜肉小笼包, Chicken Steamed Dumplings (6) 鸡肉蒸饺, Green Onion Soy Sauce Noodles Ⓥ 葱油拌面",Default Online Ordering,5.90,Visa,600000035433949285,177,81.02,,1,0.00,,http://www.toasttab.com/receipts/33eiUG9RSnqR9vgz4YmOIA/cjbNWqLdWRmjr
600000035434478705,Tejal J,8552228111,dd.toast.orders+orders_893c448b-d6ca-4791-9548-d0cef9a59e83@gmail.com,CA02,2/7/25,8:52 PM,Dan Dan Noodles Ⓥ🌶️🌶️ 担担面,Default Online Ordering,0.83,Other,600000035433996082,176,9.93,,1,0.00,,http://www.toasttab.com/receipts/33eiUG9RSnqR9vgz4YmOIA/gJt9Ygztt7wst
,,,,CA02,2/7/25,8:29 PM,"Green Onion Pancake (1) Ⓥ 葱油饼, Shrimp & Zucchini Steamed Dumplings (6) 🦐 青瓜鲜虾蒸饺, Dan Dan Noodles Ⓥ🌶️🌶️ 担担面, Broccoli with Seafood Sauce 蚝油西兰花",Yafang Chen,2.53,Visa,600000035434057441,162,34.76,,2,0.00,,http://www.toasttab.com/receipts/33eiUG9RSnqR9vgz4YmOIA/HhgdTTjbRyRtK
,,,,CA02,2/7/25,8:36 PM,Beef-Stew Noodles 🌶️ 秘制牛肉小面,Default Online Ordering,0.72,Mastercard,600000035434065059,168,9.91,,1,0.00,,http://www.toasttab.com/receipts/33eiUG9RSnqR9vgz4YmOIA/Xp9nwCNyMFHT9
,,,,CA02,2/7/25,9:10 PM,"Green Onion Pancake (1) Ⓥ 葱油饼, Pork Xiao Long Bao (8) 鲜肉小笼包, Chicken Potstickers (6) 鸡肉锅贴, Dan Dan Noodles Ⓥ🌶️🌶️ 担担面, Pan Fried Wontons with Sweet & Spicy Garlic Sauce (6) 甜辣香煎大馄饨, Sweet & Sour Cucumber Ⓥ 🌶️ 甜辣小黄瓜, Green Onion Pancake (1) Ⓥ 葱油饼",Default Online Ordering,4.78,Visa,600000035434108795,183,68.38,,1,0.00,,http://www.toasttab.com/receipts/33eiUG9RSnqR9vgz4YmOIA/wJjwRzpCmnxfT
,,,,CA02,2/7/25,8:36 PM,"Pork & Crab Meat Xiao Long Bao (8) 🦐 蟹肉小笼包, Sour Plum Juice (Cold) 酸梅汁 (冷)",Default Online Ordering,1.45,Amex,600000035434143854,167,20.47,,1,0.00,,http://www.toasttab.com/receipts/33eiUG9RSnqR9vgz4YmOIA/HTWd9sbNhgkqM
,,,,CA02,2/7/25,8:44 PM,"Green Onion Pancake (1) Ⓥ 葱油饼, Pork Xiao Long Bao (8) 鲜肉小笼包, Dan Dan Noodles Ⓥ🌶️🌶️ 担担面, Ube Milk Tea (Cold) 紫薯奶茶 (冷), Add Boba 珍珠",Default Online Ordering,2.64,Discover,600000035434227717,173,36.33,,1,0.00,,http://www.toasttab.com/receipts/33eiUG9RSnqR9vgz4YmOIA/Tkwmtxy7dKmmM
600000035433797273,Jack R,8552228111,dd.toast.orders+orders_ca7b8cac-d860-4319-a0ee-9a6b4311b05a@gmail.com,CA02,2/7/25,8:49 PM,"Yibin Noodles Ⓥ 🌶️ 宜宾燃面, Beef Pancake Roll (1) 酱香牛肉卷饼 (不辣), Chicken Xiao Long Bao (8) 鸡肉小笼包, Pork Xiao Long Bao (8) 鲜肉小笼包",Default Online Ordering,3.45,Other,600000035434284261,174,46.30,,1,0.00,,http://www.toasttab.com/receipts/33eiUG9RSnqR9vgz4YmOIA/ncJYJjThcfrWm
,,,,CA02,2/7/25,8:40 PM,"Pork & Shrimp Boiled Dumplings (6) 🦐 猪肉三鲜水饺, Sour Plum Juice (Cold) 酸梅汁 (冷)",Default Online Ordering,1.21,Visa,600000035434330104,171,16.63,,1,0.00,,http://www.toasttab.com/receipts/33eiUG9RSnqR9vgz4YmOIA/xPRPPqRkdgnz7
,,,,CA02,2/7/25,8:39 PM,"Pork & Crab Meat Xiao Long Bao (8) 🦐 蟹肉小笼包, Pan Fried Wontons with Chili Sauce (6) 红油香煎大馄饨, Sweet & Sour Cucumber Ⓥ 🌶️ 甜辣小黄瓜",chi van,2.25,Visa,600000035434341848,170,32.16,,2,0.00,,http://www.toasttab.com/receipts/33eiUG9RSnqR9vgz4YmOIA/LccsncnRNWgnC
,,,,CA02,2/7/25,8:50 PM,"Pork Xiao Long Bao (8) 鲜肉小笼包, Green Onion Pancake (1) Ⓥ 葱油饼, Chicken & Vegetable Wontons in Chili Sauce (6) 🌶️ 红油菜肉大馄饨, Kale Salad with Sweet & Spicy Garlic Dressing Ⓥ 🌶️ 甜辣羽衣甘蓝沙拉, Chicken & Vegetable Wontons in Hot & Sour Sauce (6) 🌶️ 酸辣菜肉大馄饨, Pork & Shrimp Potstickers (6) 🦐 猪肉三鲜锅贴, Kale Salad with Sweet & Spicy Garlic Dressing Ⓥ 🌶️ 甜辣羽衣甘蓝沙拉, Coke 可乐, Pan Fried Wontons with Chili Sauce (6) 红油香煎大馄饨, Pork Xiao Long Bao (8) 鲜肉小笼包, Green Onion Pancake (1) Ⓥ 葱油饼",Default Online Ordering,8.40,Mastercard,600000035434362009,175,115.17,,1,0.00,,http://www.toasttab.com/receipts/33eiUG9RSnqR9vgz4YmOIA/N9cWwPsNFJHTm
,,,,CA02,2/7/25,8:57 PM,"Pan Fried Beef Pies (2) 牛肉馅饼, Pan Fried Chive Dumplings (3) 韭菜盒子, Tsingtao, Green Onion Soy Sauce Noodles Ⓥ 葱油拌面",Default Online Ordering,2.65,Visa,600000035434362020,180,37.98,,1,0.00,,http://www.toasttab.com/receipts/33eiUG9RSnqR9vgz4YmOIA/Mh7MYRd7fqPmW
,,,,CA02,2/7/25,8:57 PM,"Chicken & Vegetable Wontons in Chicken Soup 鸡汤菜肉大馄饨, Beef Potstickers (6) 牛肉锅贴, Pork Xiao Long Bao (8) 鲜肉小笼包, Pork & Shrimp Potstickers (6) 🦐 猪肉三鲜锅贴, Pork Xiao Long Bao (8) 鲜肉小笼包, Sweet & Sour Cucumber Ⓥ 🌶️ 甜辣小黄瓜, Zha Jiang Mian 京味炸酱面, Pork Xiao Long Bao (8) 鲜肉小笼包, Pork Xiao Long Bao (8) 鲜肉小笼包",Default Online Ordering,7.09,Visa,600000035434371884,181,99.82,,1,0.00,,http://www.toasttab.com/receipts/33eiUG9RSnqR9vgz4YmOIA/kjgXCwqLk7rjC
,,,,CA02,2/7/25,8:56 PM,"Spicy Beef Sandwich (1) 🌶️🌶️大嘴牛肉包 (辣), Steamed Pork Buns (4) 特色鲜肉蒸包, Chicken & Vegetable Wontons in Hot & Sour Sauce (6) 🌶️ 酸辣菜肉大馄饨, Minced Chicken Noodles 🌶️ 鸡肉肉燥小面, Chicken Potstickers (6) 鸡肉锅贴, Yibin Noodles Ⓥ 🌶️ 宜宾燃面, Chicken Steamed Dumplings (6) 鸡肉蒸饺",Default Online Ordering,5.03,Discover,600000035434430816,178,68.98,,1,0.00,,http://www.toasttab.com/receipts/33eiUG9RSnqR9vgz4YmOIA/RNnTN9FM9Twtm
,,,,CA02,2/7/25,8:44 PM,"Pork Xiao Long Bao (8) 鲜肉小笼包, Pork Xiao Long Bao (8) 鲜肉小笼包, Pan Fried Pork Buns (4) 特色鲜肉煎包, Pan Fried Wontons with Sweet & Spicy Garlic Sauce (6) 甜辣香煎大馄饨, Spicy (Ma La) Noodles 🌶️🌶️ 麻辣小面, Beef-Stew Noodle Soup 🌶️ 秘制牛肉汤面",Yafang Chen,4.12,Amex,600000035434477590,172,58.04,,3,9.95,Customer Service Discount (100.00%),http://www.toasttab.com/receipts/33eiUG9RSnqR9vgz4YmOIA/JwknYbL9FpLLn
600000035434673066,Benjamin L,8552228111,dd.toast.orders+orders_65863540-de47-41d6-ab88-bc2d7b57cacd@gmail.com,CA02,2/7/25,9:09 PM,"Sweet & Sour Cucumber Ⓥ 🌶️ 甜辣小黄瓜, Pork Wontons in Chili Sauce (6) 🌶️ 红油猪肉抄手, Pan Fried Beef Pies (2) 牛肉馅饼, Braised Pig Ears 🌶️ 凉拌猪耳, Chicken Potstickers (6) 鸡肉锅贴, Green Onion Soy Sauce Noodles Ⓥ 葱油拌面, Pork Xiao Long Bao (8) 鲜肉小笼包",Default Online Ordering,6.30,Other,600000035434533924,182,80.30,,1,0.00,,http://www.toasttab.com/receipts/33eiUG9RSnqR9vgz4YmOIA/xTxthF9CJJrRj
,,,,CA02,2/7/25,8:57 PM,"Pork Xiao Long Bao (8) 鲜肉小笼包, Sweet & Sour Cucumber Ⓥ 🌶️ 甜辣小黄瓜, Pan Fried Wontons with Chili Sauce (6) 红油香煎大馄饨, Dan Dan Noodles Ⓥ🌶️🌶️ 担担面, Coke 可乐",Default Online Ordering,4.34,Mastercard,600000035434596965,179,61.05,,1,0.00,,http://www.toasttab.com/receipts/33eiUG9RSnqR9vgz4YmOIA/CsrYFkcWwRnpq
600000035434478945,PickUp-Lok C.,4088388132,dd.toast.orders+orders_c3bdd76c-15a6-4b8f-b27c-1661dbaf2e61@gmail.com,CA02,2/7/25,9:31 PM,"Pan Fried Chive Dumplings (3) 韭菜盒子, Zha Jiang Mian 京味炸酱面",Default Online Ordering,1.39,Other,600000035435302310,185,16.59,,1,0.00,,http://www.toasttab.com/receipts/33eiUG9RSnqR9vgz4YmOIA/rrLFCCFKJfmys
600000035434841638,PickUp-Kylie D.,4088922557,dd.toast.orders+orders_d848ca85-c8f2-4b32-81bb-eaab0ed296ac@gmail.com,CA02,2/7/25,9:30 PM,"Sweet & Sour Cucumber Ⓥ 🌶️ 甜辣小黄瓜, Pork Wontons in Chili Sauce (6) 🌶️ 红油猪肉抄手, Pork & Crab Meat Xiao Long Bao (8) 🦐 蟹肉小笼包",Default Online Ordering,2.24,Other,600000035435302769,184,26.79,,1,0.00,,http://www.toasttab.com/receipts/33eiUG9RSnqR9vgz4YmOIA/pd7XRc7JygyXx
,,,,CA02,2/7/25,9:39 PM,"Dan Dan Noodles Ⓥ🌶️🌶️ 担担面, Chicken Potstickers (6) 鸡肉锅贴, Green Onion Soy Sauce Noodles Ⓥ 葱油拌面, Chicken & Vegetable Wontons in Hot & Sour Sauce (6) 🌶️ 酸辣菜肉大馄饨",Default Online Ordering,2.78,Visa,600000035435549658,186,33.18,,1,0.00,,http://www.toasttab.com/receipts/33eiUG9RSnqR9vgz4YmOIA/ydwJpgHjhdF7c
,,,,CA02,2/7/25,9:43 PM,"Chicken Xiao Long Bao (8) 鸡肉小笼包, Passion Fruit Green Tea (Cold) 百香果绿茶 (冷), Beef Pancake Roll (1) 酱香牛肉卷饼 (不辣), Steamed Pork Buns (4) 特色鲜肉蒸包, Chicken Potstickers (6) 鸡肉锅贴, Passion Fruit Green Tea (Cold) 百香果绿茶 (冷), Diet Coke 健怡可乐, Dan Dan Noodles Ⓥ🌶️🌶️ 担担面, Chicken Steamed Dumplings (6) 鸡肉蒸饺, Vegetable Steamed Dumplings (6) Ⓥ 素三鲜蒸饺, Coke 可乐, Spicy Beef Pancake Roll (1) 🌶️🌶️ 麻辣牛肉卷饼, Banana Naan Bread (1) Ⓥ 香蕉飞饼",chi van,12.17,Visa,600000035435805922,187,160.47,,5,0.00,,http://www.toasttab.com/receipts/33eiUG9RSnqR9vgz4YmOIA/dMWdgRFcWRjMK
