Location,Payment Id,Order Id,Order #,Paid Date,Order Date,Check Id,Check #,Tab Name,Server,Table,Dining Area,Service,Dining Option,House Acct #,Amount,Tip,Gratuity,Total,Swiped Card Amount,Keyed Card Amount,Amount Tendered,Refunded,Refund Date,Refund Amount,Refund Tip Amount,Void User,Void Approver,Void Date,Status,Type,Cash Drawer,Card Type,Other Type,Email,Phone,Last 4 Card Digits,V/MC/D Fees,Room Info,Receipt,Source,Last 4 Gift Card Digits,First 5 Gift Card Digits
Cupertino,600000035402500577,600000035402388991,2,2/7/25 11:08 AM,2/7/25 11:08 AM,600000035402388941,2,DD eb58ee14 Mary W,Default Online Ordering,,,Lunch,DoorDash - Delivery,,36.67,0.00,0.00,36.67,0.00,0.00,0.00,NONE,,,,,,,CAPTURED,Other,,,DoorDash,,8552228111,,,,jLWRYYJm9phy7,API,,
Cupertino,600000035403986805,600000035403970914,1,2/7/25 11:39 AM,2/7/25 10:32 AM,600000035403970913,1,,Yafang Chen,,,Breakfast,Take Out,,37.06,0.00,0.00,37.06,37.06,0.00,0.00,NONE,,,,,,,AUTHORIZED,Credit,,Visa,,,,1846,,,tRPKHWcfpFzHF,In Store,,
Cupertino,600000035404323298,600000035403492160,3,2/7/25 11:49 AM,2/7/25 11:25 AM,600000035403492159,3,,xin Meng,A6,Dining Room,Lunch,Dine In,,43.39,7.81,0.00,51.20,51.20,0.00,0.00,NONE,,,,,,,AUTHORIZED,Credit,,Visa,,,,4172,,,jkcHxTJLhWfsT,In Store,,
Cupertino,600000035404749959,600000035403621060,4,2/7/25 12:00 PM,2/7/25 11:32 AM,600000035403599163,4,,Default Online Ordering,A4,Dining Room,Lunch,Dine In,,37.08,7.42,0.00,44.50,0.00,0.00,0.00,NONE,,,,,,,AUTHORIZED,Credit,,Visa,,,,2885,,,PTbKCJHqsjfcH,In Store,,
Cupertino,600000035404800734,600000035404986405,10,2/7/25 12:08 PM,2/7/25 12:08 PM,600000035404985706,10,DD da34b7f3 Natasha S,Default Online Ordering,,,Lunch,DoorDash - Delivery,,21.66,0.00,0.00,21.66,0.00,0.00,0.00,NONE,,,,,,,CAPTURED,Other,,,DoorDash,,8552228111,,,,sHMgTXgJxj7by,API,,
Cupertino,600000035405163823,600000035404210468,7,2/7/25 12:11 PM,2/7/25 11:50 AM,600000035404208619,7,,Default Online Ordering,A5,Dining Room,Lunch,Dine In,,63.36,11.40,0.00,74.76,74.76,0.00,0.00,NONE,,,,,,,AUTHORIZED,Credit,,Amex,,,,1004,,,n7bRsTXcKfYrh,In Store,,
Cupertino,600000035405340833,600000035404239044,8,2/7/25 12:16 PM,2/7/25 11:58 AM,600000035404212797,8,,Default Online Ordering,A2,Dining Room,Lunch,Dine In,,18.54,2.78,0.00,21.32,0.00,0.00,0.00,NONE,,,,,,,AUTHORIZED,Credit,,Discover,,,,7091,,,yTLFHfHdLfrcw,In Store,,
Cupertino,600000035405509274,600000035404183613,6,2/7/25 12:21 PM,2/7/25 11:48 AM,600000035404182714,6,,Default Online Ordering,A1,Dining Room,Lunch,Dine In,,17.24,2.00,0.00,19.24,19.24,0.00,0.00,NONE,,,,,,,AUTHORIZED,Credit,,Mastercard,,,,4766,,,kYNtXdsHnJhF7,In Store,,
Cupertino,600000035405685150,600000035404734772,9,2/7/25 12:26 PM,2/7/25 12:04 PM,600000035404734722,9,,Default Online Ordering,A3,Dining Room,Lunch,Dine In,,24.54,4.42,0.00,28.96,28.96,0.00,0.00,NONE,,,,,,,AUTHORIZED,Credit,,Amex,,,,1260,,,qLxyntWRhWdK7,In Store,,
Cupertino,600000035406017785,600000035405158753,12,2/7/25 12:35 PM,2/7/25 12:12 PM,600000035405149456,12,,Default Online Ordering,A4,Dining Room,Lunch,Dine In,,27.45,5.30,0.00,32.75,0.00,0.00,0.00,NONE,,,,,,,AUTHORIZED,Credit,,Visa,,,,7672,,,sFYsCkyjCzHHF,In Store,,
Cupertino,600000035406063416,600000035405114467,11,2/7/25 12:35 PM,2/7/25 12:10 PM,600000035405114466,11,,Yafang Chen,A6,Dining Room,Lunch,Dine In,,40.60,8.12,0.00,48.72,48.72,0.00,0.00,NONE,,,,,,,AUTHORIZED,Credit,,Visa,,,,1385,,,LjXbMzbcnjTWn,In Store,,
Cupertino,600000035406102384,600000035405396354,15,2/7/25 12:37 PM,2/7/25 12:19 PM,600000035405395655,15,,Default Online Ordering,B4,Dining Room,Lunch,Dine In,,10.86,1.63,0.00,12.49,0.00,0.00,0.00,NONE,,,,,,,AUTHORIZED,Credit,,Discover,,,,0654,,,wmtNq7FTwkcK9,In Store,,
Cupertino,600000035406269917,600000035405325388,13,2/7/25 12:41 PM,2/7/25 12:15 PM,600000035405325387,13,,Yafang Chen,A7,Dining Room,Lunch,Dine In,,62.86,9.43,0.00,72.29,72.29,0.00,0.00,NONE,,,,,,,AUTHORIZED,Credit,,Visa,,,,7360,,,rJjq9bgTLpPkz,In Store,,
Cupertino,600000035406508077,600000035405622559,21,2/7/25 12:48 PM,2/7/25 12:27 PM,600000035405622509,21,,Default Online Ordering,A1,Dining Room,Lunch,Dine In,,33.45,6.69,0.00,40.14,40.14,0.00,0.00,NONE,,,,,,,AUTHORIZED,Credit,,Mastercard,,,,9382,,,MFjjqYLxKkcyk,In Store,,
Cupertino,600000035406662104,600000035405338829,17,2/7/25 12:53 PM,2/7/25 12:23 PM,600000035405304682,17,,Default Online Ordering,B3,Dining Room,Lunch,Dine In,,24.12,3.62,0.00,27.74,27.74,0.00,0.00,NONE,,,,,,,AUTHORIZED,Credit,,Visa,,,+14158588708,1932,,,TwTJCCWTqXmRK,In Store,,
Cupertino,600000035406674158,600000035405338829,17,2/7/25 12:53 PM,2/7/25 12:23 PM,600000035405304682,17,,Default Online Ordering,B3,Dining Room,Lunch,Dine In,,24.11,3.62,0.00,27.73,27.73,0.00,0.00,NONE,,,,,,,AUTHORIZED,Credit,,Visa,,,+15104565135,9075,,,hJJrX7Xxqj7mn,In Store,,
Cupertino,600000035406676062,600000035406708807,29,2/7/25 12:56 PM,2/7/25 12:56 PM,600000035406704408,29,DD 5449bf13 Kally W,Default Online Ordering,,,Lunch,DoorDash - Delivery,,24.99,0.00,0.00,24.99,0.00,0.00,0.00,NONE,,,,,,,CAPTURED,Other,,,DoorDash,,8552228111,,,,JtYRWKKRCtXHF,API,,
Cupertino,600000035406760635,600000035405564260,18,2/7/25 12:56 PM,2/7/25 12:24 PM,600000035405563161,18,,Default Online Ordering,B1,Dining Room,Lunch,Dine In,,43.39,0.00,0.00,43.39,0.00,0.00,0.00,NONE,,,,,,,AUTHORIZED,Gift Card,,,,,,,,,KprYhqKrjcR9C,In Store,8916,76331
Cupertino,600000035406779456,600000035405564260,18,2/7/25 12:56 PM,2/7/25 12:24 PM,600000035406732624,27,,Default Online Ordering,B1,Dining Room,Lunch,Dine In,,6.00,11.00,0.00,17.00,17.00,0.00,0.00,NONE,,,,,,,AUTHORIZED,Credit,,Amex,,,,0897,,,7J7nNmcjnXXmY,In Store,,
Cupertino,600000035406899499,600000035405665612,22,2/7/25 1:00 PM,2/7/25 12:27 PM,600000035405652114,22,,Default Online Ordering,B2,Dining Room,Lunch,Dine In,,35.42,5.31,0.00,40.73,40.73,0.00,0.00,NONE,,,,,,,AUTHORIZED,Credit,,Visa,,,,7991,,,KwscnKPtyCMkL,In Store,,
Cupertino,600000035406937406,600000035405727939,20,2/7/25 1:01 PM,2/7/25 12:27 PM,600000035405727938,20,,Yafang Chen,A2,Dining Room,Lunch,Dine In,,18.83,4.14,0.00,22.97,22.97,0.00,0.00,NONE,,,,,,,AUTHORIZED,Credit,,Mastercard,,,,0019,,,ydPdyf7FPNfYM,In Store,,
Cupertino,600000035407120382,600000035406230415,26,2/7/25 1:06 PM,2/7/25 12:44 PM,600000035406212866,26,,Default Online Ordering,A6,Dining Room,Lunch,Dine In,,38.31,5.75,0.00,44.06,44.06,0.00,0.00,NONE,,,,,,,AUTHORIZED,Credit,,Visa,,,,0406,,,sKkKgmFk9j9Jc,In Store,,
Cupertino,600000035407562652,600000035405527413,16,2/7/25 1:18 PM,2/7/25 12:21 PM,600000035405527412,16,,Yafang Chen,A5,Dining Room,Lunch,Dine In,,84.03,12.60,0.00,96.63,96.63,0.00,0.00,NONE,,,,,,,AUTHORIZED,Credit,,Amex,,,,4006,,,KckXnFkTPnMzt,In Store,,
Cupertino,600000035407809894,600000035406595620,28,2/7/25 1:25 PM,2/7/25 12:55 PM,600000035406572523,28,,Default Online Ordering,A3,Dining Room,Lunch,Dine In,,32.58,4.89,0.00,37.47,37.47,0.00,0.00,NONE,,,,,,,AUTHORIZED,Credit,,Visa,,,,0923,,,LKWmfbhKtcLsm,In Store,,
Cupertino,600000035407828483,600000035406707882,31,2/7/25 1:25 PM,2/7/25 1:01 PM,600000035406705183,31,,Default Online Ordering,A1,Dining Room,Lunch,Dine In,,7.97,0.00,0.00,7.97,7.97,0.00,0.00,NONE,,,,,,,AUTHORIZED,Credit,,Mastercard,,,,5158,,,Nph9n9tndpPsx,In Store,,
Cupertino,600000035407843688,600000035406731178,30,2/7/25 1:25 PM,2/7/25 1:01 PM,600000035406694932,30,,Default Online Ordering,A1,Dining Room,Lunch,Dine In,,12.50,0.00,0.00,12.50,12.50,0.00,0.00,NONE,,,,,,,AUTHORIZED,Credit,,Visa,,,,5161,,,HWdr7kKHYNmxy,In Store,,
Cupertino,600000035407889999,600000035405691886,19,2/7/25 1:27 PM,2/7/25 12:25 PM,600000035405691885,19,,Yafang Chen,B6,Dining Room,Lunch,Dine In,,85.29,12.79,0.00,98.08,98.08,0.00,0.00,NONE,,,,,,,AUTHORIZED,Credit,,Mastercard,,,,6520,,,dXhghJnh77bFF,In Store,,
Cupertino,600000035408162999,600000035405933942,23,2/7/25 1:34 PM,2/7/25 12:40 PM,600000035405919443,23,,Default Online Ordering,B7,Dining Room,Lunch,Dine In,,29.69,7.04,0.00,36.73,36.73,0.00,0.00,NONE,,,,,,,AUTHORIZED,Credit,,Visa,,,,6066,,,KCjCRLYwRjPdW,In Store,,
Cupertino,600000035408284629,600000035406291274,25,2/7/25 1:37 PM,2/7/25 12:42 PM,600000035406291272,25,,Yafang Chen,A4,Dining Room,Lunch,Dine In,,55.10,8.26,0.00,63.36,63.36,0.00,0.00,NONE,,,,,,,AUTHORIZED,Credit,,Visa,,,,3970,,,TFmzWxpfFnmpK,In Store,,
Cupertino,600000035408586751,600000035408503508,35,2/7/25 1:45 PM,2/7/25 1:45 PM,600000035408503408,35,SF c44e4172 PickUp-Mallory M,Default Online Ordering,,,Lunch,DoorDash - Takeout,,31.05,2.84,0.00,33.89,0.00,0.00,0.00,NONE,,,,,,,CAPTURED,Other,,,DoorDash,,6199806226,,,,TWgbXRtJpWXHm,API,,
Cupertino,600000035408821201,600000035407626691,32,2/7/25 1:51 PM,2/7/25 1:19 PM,600000035407626690,32,,Yafang Chen,A6,Dining Room,Lunch,Dine In,,13.40,2.68,0.00,16.08,16.08,0.00,0.00,NONE,,,,,,,AUTHORIZED,Credit,,Mastercard,,,,9578,,,sxKwdjXzYYdhC,In Store,,
Cupertino,600000035408829923,600000035407626691,32,2/7/25 1:51 PM,2/7/25 1:19 PM,600000035407626690,32,,Yafang Chen,A6,Dining Room,Lunch,Dine In,,13.40,2.68,0.00,16.08,16.08,0.00,0.00,NONE,,,,,,,AUTHORIZED,Credit,,Amex,,,,3418,,,ChPkMkmJWgw9f,In Store,,
Cupertino,600000035409071987,600000035408994917,36,2/7/25 1:57 PM,2/7/25 1:55 PM,600000035408994916,36,,xin Meng,,,Lunch,Dine In,,8.62,0.00,0.00,8.62,8.62,0.00,0.00,NONE,,,,,,,AUTHORIZED,Credit,,Visa,,,,5413,,,MCbrhnfnLxX7x,In Store,,
Cupertino,600000035409098608,600000035408017704,34,2/7/25 1:57 PM,2/7/25 1:31 PM,600000035408017654,34,,Default Online Ordering,A7,Dining Room,Lunch,Dine In,,61.28,9.19,0.00,70.47,70.47,0.00,0.00,NONE,,,,,,,AUTHORIZED,Credit,,Visa,,,,1470,,,xxFwTgRNrXmLt,In Store,,
Cupertino,600000035409115630,600000035407722036,33,2/7/25 1:58 PM,2/7/25 1:30 PM,600000035407710037,33,,Default Online Ordering,A2,Dining Room,Lunch,Dine In,,27.45,4.12,0.00,31.57,31.57,0.00,0.00,NONE,,,,,,,AUTHORIZED,Credit,,Visa,,,,0078,,,CNNHcmhd7bC9n,In Store,,
Cupertino,600000035410589794,600000035409559482,38,2/7/25 2:27 PM,2/7/25 2:07 PM,600000035409559481,38,,xin Meng,A3,Dining Room,Lunch,Dine In,,29.69,4.45,0.00,34.14,34.14,0.00,0.00,NONE,,,,,,,AUTHORIZED,Credit,,Visa,,,,1498,,,RKWTPpyPC7mq7,In Store,,
Cupertino,600000035410655383,600000035409106152,37,2/7/25 2:29 PM,2/7/25 1:58 PM,600000035409106102,37,,Default Online Ordering,A5,Dining Room,Lunch,Dine In,,154.87,30.97,0.00,185.84,185.84,0.00,0.00,NONE,,,,,,,AUTHORIZED,Credit,,Visa,,,,2951,,,zgpHyFFLjHLLf,In Store,,
Cupertino,600000035411026055,600000035409213643,39,2/7/25 2:35 PM,2/7/25 2:08 PM,600000035409213593,39,,Default Online Ordering,A2,Dining Room,Lunch,Dine In,,43.10,7.76,0.00,50.86,50.86,0.00,0.00,NONE,,,,,,,AUTHORIZED,Credit,,Mastercard,,,,9758,,,rN9kLxhqxdfdx,In Store,,
Cupertino,600000035413288049,600000035410907414,40,2/7/25 3:11 PM,2/7/25 2:36 PM,600000035410907314,40,,Default Online Ordering,A1,Dining Room,Lunch,Dine In,,37.08,5.56,0.00,42.64,42.64,0.00,0.00,NONE,,,,,,,AUTHORIZED,Credit,,Visa,,,,7703,,,9fyKTfyzFXzNM,In Store,,
Cupertino,600000035413648265,600000035413385191,42,2/7/25 3:17 PM,2/7/25 3:17 PM,600000035413385141,42,DD 4c07924e Raghav K,Default Online Ordering,,,Lunch,DoorDash - Delivery,,18.33,0.00,0.00,18.33,0.00,0.00,0.00,NONE,,,,,,,CAPTURED,Other,,,DoorDash,,8552228111,,,,tJskKnpPxYLF7,API,,
Cupertino,600000035414693431,600000035412646396,41,2/7/25 3:30 PM,2/7/25 3:06 PM,600000035412643247,41,,Default Online Ordering,A3,Dining Room,Lunch,Dine In,,27.45,0.00,0.00,27.45,27.45,0.00,0.00,NONE,,,,,,,AUTHORIZED,Credit,,Visa,,,,2017,,,nRThW9YrLpPM9,In Store,,
Cupertino,600000035414710162,600000035414692061,43,2/7/25 3:30 PM,2/7/25 3:30 PM,600000035414692060,43,,xin Meng,,,Lunch,Take Out,,10.86,1.63,0.00,12.49,12.49,0.00,0.00,NONE,,,,,,,AUTHORIZED,Credit,,Amex,,,,5001,,,7Ng79NyTCCysx,In Store,,
Cupertino,600000035415622892,600000035415823275,44,2/7/25 3:48 PM,2/7/25 3:48 PM,600000035415823225,44,DD 2bc4358c Lawrence J,Default Online Ordering,,,Lunch,DoorDash - Delivery,,37.43,0.00,0.00,37.43,0.00,0.00,0.00,NONE,,,,,,,CAPTURED,Other,,,DoorDash,,8552228111,,,,L9NHKqnhxfjzd,API,,
Cupertino,600000035416429332,600000035416756051,47,2/7/25 3:56 PM,2/7/25 3:56 PM,600000035416749502,47,DD 1d5c0232 PickUp-Corey F,Default Online Ordering,,,Lunch,DoorDash - Takeout,,26.79,0.00,0.00,26.79,0.00,0.00,0.00,NONE,,,,,,,CAPTURED,Other,,,DoorDash,,8552228111,,,,PxMLXz7zPqfnw,API,,
Cupertino,600000035416775484,600000035416789031,50,2/7/25 4:01 PM,2/7/25 4:01 PM,600000035416788931,50,DD 33acc0ca PickUp-Van L,Default Online Ordering,,,Dinner,DoorDash - Takeout,,19.48,0.00,0.00,19.48,0.00,0.00,0.00,NONE,,,,,,,CAPTURED,Other,,,DoorDash,,8552228111,,,,xLWKyCRx7pFpM,API,,
Cupertino,600000035416992101,600000035416756074,48,2/7/25 3:59 PM,2/7/25 3:59 PM,600000035416749525,48,SF ab432165 PickUp-Fanglin T,Default Online Ordering,,,Lunch,DoorDash - Takeout,,19.48,1.78,0.00,21.26,0.00,0.00,0.00,NONE,,,,,,,CAPTURED,Other,,,DoorDash,,8582829866,,,,gT7rCfFLFhby9,API,,
Cupertino,600000035418960781,600000035419196057,52,2/7/25 4:26 PM,2/7/25 4:26 PM,600000035419172358,52,DD 2f3aaa7c David H,Default Online Ordering,,,Dinner,DoorDash - Delivery,,19.86,0.00,0.00,19.86,0.00,0.00,0.00,NONE,,,,,,,CAPTURED,Other,,,DoorDash,,8552228111,,,,NcytmJgTqKKms,API,,
Cupertino,600000035419176382,600000035419274679,53,2/7/25 4:32 PM,2/7/25 4:32 PM,600000035419274629,53,DD a19d50d0 Christopher F,Default Online Ordering,,,Dinner,DoorDash - Delivery,,67.66,0.00,0.00,67.66,0.00,0.00,0.00,NONE,,,,,,,CAPTURED,Other,,,DoorDash,,8552228111,,,,9phcWhXYqLXKH,API,,
Cupertino,600000035420055370,600000035416323592,46,2/7/25 4:35 PM,2/7/25 3:56 PM,600000035416310645,46,,Default Online Ordering,A6,Dining Room,Lunch,Dine In,,14.46,3.66,0.00,18.12,0.00,0.00,0.00,NONE,,,,,,,AUTHORIZED,Credit,,Visa,,,,5461,,,c7FpXsbTjwfFr,In Store,,
Cupertino,600000035420083484,600000035416599455,45,2/7/25 4:36 PM,2/7/25 3:55 PM,600000035416599405,45,,Default Online Ordering,A6,Dining Room,Lunch,Dine In,,16.59,2.49,0.00,19.08,0.00,0.00,0.00,NONE,,,,,,,AUTHORIZED,Credit,,Visa,,,,6885,,,LHcLPCMLPmgtL,In Store,,
Cupertino,600000035420682476,600000035416487088,49,2/7/25 4:43 PM,2/7/25 3:59 PM,600000035416487038,49,,Default Online Ordering,A3,Dining Room,Lunch,Dine In,,65.10,9.76,0.00,74.86,0.00,0.00,0.00,NONE,,,,,,,AUTHORIZED,Credit,,Discover,,,,8941,,,WYhFtbChRJN7R,In Store,,
Cupertino,600000035421657232,600000035421492642,57,2/7/25 4:59 PM,2/7/25 4:59 PM,600000035421492592,57,DD 3d20d4ae Michelle W,Default Online Ordering,,,Dinner,DoorDash - Delivery,,56.69,0.00,0.00,56.69,0.00,0.00,0.00,NONE,,,,,,,CAPTURED,Other,,,DoorDash,,8552228111,,,,pHxdrgkHYXNWX,API,,
Cupertino,600000035421847620,600000035421769335,59,2/7/25 5:02 PM,2/7/25 5:02 PM,600000035421769285,59,SF 73729312 PickUp-Bob G,Default Online Ordering,,,Dinner,DoorDash - Takeout,,29.68,0.00,0.00,29.68,0.00,0.00,0.00,NONE,,,,,,,CAPTURED,Other,,,DoorDash,,9199248136,,,,KMRbJWbghbJzP,API,,
Cupertino,600000035421895718,600000035421441395,58,2/7/25 5:01 PM,2/7/25 5:01 PM,600000035421441345,58,DD cb73c17e Samyukta V,Default Online Ordering,,,Dinner,DoorDash - Delivery,,19.10,0.00,0.00,19.10,0.00,0.00,0.00,NONE,,,,,,,CAPTURED,Other,,,DoorDash,,8552228111,,,,mMzqPdCJPtNXc,API,,
Cupertino,600000035422161099,600000035419805011,54,2/7/25 5:01 PM,2/7/25 4:35 PM,600000035419798562,54,,Default Online Ordering,A1,Dining Room,Dinner,Dine In,,29.69,4.45,0.00,34.14,0.00,0.00,0.00,NONE,,,,,,,AUTHORIZED,Credit,,Visa,,,,3377,,,gqgzyCfRgmCHT,In Store,,
Cupertino,600000035423260170,600000035421346199,56,2/7/25 5:14 PM,2/7/25 4:51 PM,600000035421346195,56,,Yafang Chen,A6,Dining Room,Dinner,Dine In,,27.45,4.12,0.00,31.57,0.00,0.00,0.00,NONE,,,,,,,AUTHORIZED,Credit,,Visa,,,,6382,,,mqkxC9kNTpLmM,In Store,,
Cupertino,600000035423704390,600000035420616515,55,2/7/25 5:20 PM,2/7/25 4:44 PM,600000035420616465,55,,Default Online Ordering,A5,Dining Room,Dinner,Dine In,,36.56,2.00,0.00,38.56,38.56,0.00,0.00,NONE,,,,,,,AUTHORIZED,Credit,,Visa,,,,8888,,,7rzdMymsjHnxC,In Store,,
Cupertino,600000035424121077,600000035424427409,70,2/7/25 5:31 PM,2/7/25 5:31 PM,600000035424340312,70,DD 486541b5 Michael C,Default Online Ordering,,,Dinner,DoorDash - Delivery,,57.35,0.00,0.00,57.35,0.00,0.00,0.00,NONE,,,,,,,CAPTURED,Other,,,DoorDash,,8552228111,,,,jKLwzqJWTcMYf,API,,
Cupertino,600000035424291818,600000035424477601,68,2/7/25 5:30 PM,2/7/25 5:30 PM,600000035424477302,68,DD 51650c24 Jane M,Default Online Ordering,,,Dinner,DoorDash - Delivery,,92.76,0.00,0.00,92.76,0.00,0.00,0.00,NONE,,,,,,,CAPTURED,Other,,,DoorDash,,8552228111,,,,w7twMRkzwqnTg,API,,
Cupertino,600000035424404622,600000035424947800,74,2/7/25 5:36 PM,2/7/25 5:36 PM,600000035424941351,74,DD 20f0cc8c Vivienne Z,Default Online Ordering,,,Dinner,DoorDash - Delivery,,30.23,0.00,0.00,30.23,0.00,0.00,0.00,NONE,,,,,,,CAPTURED,Other,,,DoorDash,,8552228111,,,,XyKnqnbkw7xkX,API,,
Cupertino,600000035424421911,600000035424494604,69,2/7/25 5:31 PM,2/7/25 5:31 PM,600000035424473655,69,SF 91711c33 PickUp-Emily C,Default Online Ordering,,,Dinner,DoorDash - Takeout,,24.83,0.00,0.00,24.83,0.00,0.00,0.00,NONE,,,,,,,CAPTURED,Other,,,DoorDash,,6695886316,,,,RnCndybbzssXc,API,,
Cupertino,600000035424966696,600000035423005892,65,2/7/25 5:36 PM,2/7/25 5:19 PM,600000035423000044,65,,Default Online Ordering,B4,Dining Room,Dinner,Dine In,,42.19,6.33,0.00,48.52,0.00,0.00,0.00,NONE,,,,,,,AUTHORIZED,Credit,,Mastercard,,,,1836,,,wYqjLJmpxsWjH,In Store,,
Cupertino,600000035425146903,600000035424615482,75,2/7/25 5:40 PM,2/7/25 5:40 PM,600000035424559183,75,DD 66e4ca09 Eric G,Default Online Ordering,,,Dinner,DoorDash - Delivery,,64.98,0.00,0.00,64.98,0.00,0.00,0.00,NONE,,,,,,,CAPTURED,Other,,,DoorDash,,8552228111,,,,yxCbMKzr9Lc7T,API,,
Cupertino,600000035425262469,600000035423258602,63,2/7/25 5:40 PM,2/7/25 5:15 PM,600000035423258552,63,,Default Online Ordering,A3,Dining Room,Dinner,Dine In,,52.77,7.92,0.00,60.69,0.00,0.00,0.00,NONE,,,,,,,AUTHORIZED,Credit,,Visa,,,,9668,,,TLqrxd9JmPHyM,In Store,,
Cupertino,600000035425619671,600000035425783562,78,2/7/25 5:49 PM,2/7/25 5:49 PM,600000035425745763,78,DD 7db74e62 S C,Default Online Ordering,,,Dinner,DoorDash - Delivery,,31.59,0.00,0.00,31.59,0.00,0.00,0.00,NONE,,,,,,,CAPTURED,Other,,,DoorDash,,8552228111,,,,p97PWC99wbrfq,API,,
Cupertino,600000035426062661,600000035423900812,66,2/7/25 5:51 PM,2/7/25 5:25 PM,600000035423900762,66,,Default Online Ordering,A1,Dining Room,Dinner,Dine In,,21.72,3.91,0.00,25.63,0.00,0.00,0.00,NONE,,,,,,,AUTHORIZED,Credit,,Mastercard,,,,8308,,,hLyd9FcTpfHXk,In Store,,
Cupertino,600000035426153012,600000035426094215,80,2/7/25 5:55 PM,2/7/25 5:55 PM,600000035426094065,80,SF 5f0e9e72 PickUp-Tyler A,Default Online Ordering,,,Dinner,DoorDash - Takeout,,18.82,0.00,0.00,18.82,0.00,0.00,0.00,NONE,,,,,,,CAPTURED,Other,,,DoorDash,,9254098462,,,,XpKCrFLwt7gFh,API,,
Cupertino,600000035426356347,600000035423323906,64,2/7/25 5:55 PM,2/7/25 5:15 PM,600000035423323905,64,,Jaylan Penney,A7,Dining Room,Dinner,Dine In,,49.55,8.92,0.00,58.47,0.00,0.00,0.00,NONE,,,,,,,AUTHORIZED,Credit,,Visa,,,,3236,,,7CNgTnbxyXhXb,In Store,,
Cupertino,600000035426492040,600000035424326282,73,2/7/25 5:57 PM,2/7/25 5:35 PM,600000035424285834,73,,Default Online Ordering,B6,Dining Room,Dinner,Dine In,,46.82,7.02,0.00,53.84,53.84,0.00,0.00,NONE,,,,,,,AUTHORIZED,Credit,,Amex,,,,1002,,,Twhg9NncFcjjm,In Store,,
Cupertino,600000035426597045,600000035426521096,84,2/7/25 6:11 PM,2/7/25 6:11 PM,600000035426520997,84,DD 7eeb4c8c Benjamin N,Default Online Ordering,,,Dinner,DoorDash - Delivery,,18.66,0.00,0.00,18.66,0.00,0.00,0.00,NONE,,,,,,,CAPTURED,Other,,,DoorDash,,8552228111,,,,qKnC7RWtwfxkb,API,,
Cupertino,600000035426608465,600000035423172388,62,2/7/25 5:59 PM,2/7/25 5:13 PM,600000035423172387,62,Alan Kabigting,Jaylan Penney,B1,Dining Room,Dinner,Dine In,,33.66,6.29,0.00,39.95,39.95,0.00,0.00,NONE,,,,,,,AUTHORIZED,Credit,,Visa,,,,9542,,,RJKh7fMpqrFk7,In Store,,
Cupertino,600000035427260398,600000035424388573,67,2/7/25 6:08 PM,2/7/25 5:29 PM,600000035424388567,67,,Jaylan Penney,A6,Dining Room,Dinner,Dine In,,75.91,11.39,0.00,87.30,87.30,0.00,0.00,NONE,,,,,,,AUTHORIZED,Credit,,Mastercard,,,,1445,,,WhFXNhpjXJmgJ,In Store,,
Cupertino,600000035427317892,600000035425396475,77,2/7/25 6:09 PM,2/7/25 5:46 PM,600000035425369576,77,,Default Online Ordering,A3,Dining Room,Dinner,Dine In,,62.21,9.33,0.00,71.54,71.54,0.00,0.00,NONE,,,,,,,AUTHORIZED,Credit,,Visa,,,,9279,,,cqjjMpsxFbCxY,In Store,,
Cupertino,600000035427350435,600000035424670957,72,2/7/25 6:09 PM,2/7/25 5:32 PM,600000035424670956,72,,Jaylan Penney,B2,Dining Room,Dinner,Dine In,,83.76,15.08,0.00,98.84,98.84,0.00,0.00,NONE,,,,,,,AUTHORIZED,Credit,,Visa,,,,0958,,,gmz7zMhNdjRzj,In Store,,
Cupertino,600000035427415490,600000035425059115,76,2/7/25 6:11 PM,2/7/25 5:41 PM,600000035425059066,76,,Default Online Ordering,A4,Dining Room,Dinner,Dine In,,60.19,10.83,0.00,71.02,71.02,0.00,0.00,NONE,,,,,,,AUTHORIZED,Credit,,Visa,,,,4827,,,TYmywNkmy9rsc,In Store,,
Cupertino,600000035427457840,600000035427637428,87,2/7/25 6:20 PM,2/7/25 6:20 PM,600000035427564932,87,DD 80e6b476 PickUp-Michael M,Default Online Ordering,,,Dinner,DoorDash - Takeout,,44.03,4.40,0.00,48.43,0.00,0.00,0.00,NONE,,,,,,,CAPTURED,Other,,,DoorDash,,8552228111,,,,qfyxk9dkkskfW,API,,
Cupertino,600000035427607788,600000035427936964,89,2/7/25 6:23 PM,2/7/25 6:23 PM,600000035427881116,89,SF 57ff58c4 PickUp-Karry H,Default Online Ordering,,,Dinner,DoorDash - Takeout,,16.59,0.00,0.00,16.59,0.00,0.00,0.00,NONE,,,,,,,CAPTURED,Other,,,DoorDash,,4082035420,,,,xrfNtdypYhzHH,API,,
Cupertino,600000035427723773,600000035423771145,71,2/7/25 6:15 PM,2/7/25 5:32 PM,600000035423771095,71,,Default Online Ordering,A5,Dining Room,Dinner,Dine In,,98.78,14.82,0.00,113.60,113.60,0.00,0.00,NONE,,,,,,,AUTHORIZED,Credit,,Visa,,,,1582,,,Hfw79KmRHKdtt,In Store,,
Cupertino,600000035427836898,600000035428185630,93,2/7/25 6:29 PM,2/7/25 6:29 PM,600000035428158582,93,DD 898e370b Kimberly M,Default Online Ordering,,,Dinner,DoorDash - Delivery,,85.70,0.00,0.00,85.70,0.00,0.00,0.00,NONE,,,,,,,CAPTURED,Other,,,DoorDash,,8552228111,,,,xTLJRWFfPcsnn,API,,
Cupertino,600000035428353246,600000035426565902,81,2/7/25 6:25 PM,2/7/25 5:59 PM,600000035426565802,81,,Default Online Ordering,B4,Dining Room,Dinner,Dine In,,51.41,9.25,0.00,60.66,60.66,0.00,0.00,NONE,,,,,,,AUTHORIZED,Credit,,Visa,,,+15104688409,6426,,,9LXYW7KsyMwzg,In Store,,
Cupertino,600000035428595849,600000035428806182,97,2/7/25 6:41 PM,2/7/25 6:41 PM,600000035428778935,97,SF ea286c7b PickUp-Colten D,Default Online Ordering,,,Dinner,DoorDash - Takeout,,18.82,0.00,0.00,18.82,0.00,0.00,0.00,NONE,,,,,,,CAPTURED,Other,,,DoorDash,,5085071881,,,,pHx9zHCXMKJbJ,API,,
Cupertino,600000035429082463,600000035426600271,82,2/7/25 6:37 PM,2/7/25 6:02 PM,600000035426576873,82,,Default Online Ordering,B3,Dining Room,Dinner,Dine In,,54.25,8.14,0.00,62.39,62.39,0.00,0.00,NONE,,,,,,,AUTHORIZED,Credit,,Visa,,,,6161,,,xLkWpjcTKnjCb,In Store,,
Cupertino,600000035429409503,600000035426565445,83,2/7/25 6:43 PM,2/7/25 6:09 PM,600000035426565395,83,,Default Online Ordering,A7,Dining Room,Dinner,Dine In,,86.50,15.57,0.00,102.07,0.00,0.00,0.00,NONE,,,,,,,AUTHORIZED,Credit,,Visa,,,,2523,,,ywYL7btK77tLb,In Store,,
Cupertino,600000035429431213,600000035428289014,91,2/7/25 6:43 PM,2/7/25 6:29 PM,600000035428283165,91,,Default Online Ordering,A3,Dining Room,Dinner,Dine In,,16.59,2.49,0.00,19.08,0.00,0.00,0.00,NONE,,,,,,,AUTHORIZED,Credit,,Visa,,,,6501,,,Hxsky77YwJTqq,In Store,,
Cupertino,600000035429545026,600000035429382835,106,2/7/25 6:51 PM,2/7/25 6:51 PM,600000035429335587,106,SF 47e4a2c2 PickUp-rick c,Default Online Ordering,,,Dinner,DoorDash - Takeout,,41.14,0.00,0.00,41.14,0.00,0.00,0.00,NONE,,,,,,,CAPTURED,Other,,,DoorDash,,4124824999,,,,szzzKdMbWxXpk,API,,
Cupertino,600000035429905864,600000035429312041,112,2/7/25 6:59 PM,2/7/25 6:59 PM,600000035429292444,112,SF 4100d250 PickUp-Ming Q,Default Online Ordering,,,Dinner,DoorDash - Takeout,,59.96,2.00,0.00,61.96,0.00,0.00,0.00,NONE,,,,,,,CAPTURED,Other,,,DoorDash,,9177245735,,,,gdLmMLpj9pHHk,API,,
Cupertino,600000035430026992,600000035430479968,115,2/7/25 7:06 PM,2/7/25 7:06 PM,600000035430395272,115,DD f3a44a2c Sarthak P,Default Online Ordering,,,Dinner,DoorDash - Delivery,,33.50,0.00,0.00,33.50,0.00,0.00,0.00,NONE,,,,,,,CAPTURED,Other,,,DoorDash,,8552228111,,,,CwCf7gPjKXCCs,API,,
Cupertino,600000035430046976,600000035426945248,86,2/7/25 6:54 PM,2/7/25 6:17 PM,600000035427801553,86,,Default Online Ordering,B1,Dining Room,Dinner,Dine In,,54.57,7.00,0.00,61.57,0.00,0.00,0.00,NONE,,,,,,,AUTHORIZED,Credit,,Visa,,,,8723,,,pmLtXggCyPW9s,In Store,,
Cupertino,600000035430068962,600000035429608891,108,2/7/25 6:57 PM,2/7/25 6:57 PM,600000035429608841,108,DD d6477da7 Allen C,Default Online Ordering,,,Dinner,DoorDash - Delivery,,21.66,0.00,0.00,21.66,0.00,0.00,0.00,NONE,,,,,,,CAPTURED,Other,,,DoorDash,,8552228111,,,,hPsRggXrCMRyh,API,,
Cupertino,600000035430149163,600000035428136543,94,2/7/25 6:56 PM,2/7/25 6:31 PM,600000035428040246,94,,Default Online Ordering,A4,Dining Room,Dinner,Dine In,,32.14,4.82,0.00,36.96,36.96,0.00,0.00,NONE,,,,,,,AUTHORIZED,Credit,,Visa,,,,9984,,,b9JFXtLcfxqKF,In Store,,
Cupertino,600000035430159228,600000035428207284,88,2/7/25 6:56 PM,2/7/25 6:22 PM,600000035428207283,88,,Yun Juan Huang,B6,Dining Room,Dinner,Dine In,,56.49,11.30,0.00,67.79,0.00,0.00,0.00,NONE,,,,,,,AUTHORIZED,Credit,,Visa,,,,8248,,,7bwCjMnycyMWb,In Store,,
Cupertino,600000035430235219,600000035428601350,92,2/7/25 6:57 PM,2/7/25 6:29 PM,600000035428575352,92,,Default Online Ordering,A1,Dining Room,Dinner,Dine In,,48.57,7.29,0.00,55.86,0.00,0.00,0.00,NONE,,,,,,,AUTHORIZED,Credit,,Amex,,,,3780,,,NJgfPznP9LmmJ,In Store,,
Cupertino,600000035430385988,600000035429403053,99,2/7/25 7:00 PM,2/7/25 6:42 PM,600000035429403051,99,,Yun Juan Huang,D1,Dining Room,Dinner,Dine In,,21.56,4.74,0.00,26.30,26.30,0.00,0.00,NONE,,,,,,,AUTHORIZED,Credit,,Visa,,,,0628,,,7kNjHRbCdRpcH,In Store,,
Cupertino,600000035430529685,600000035428910624,98,2/7/25 7:03 PM,2/7/25 6:41 PM,600000035428883125,98,,Default Online Ordering,A6,Dining Room,Dinner,Dine In,,38.80,7.00,0.00,45.80,0.00,0.00,0.00,NONE,,,,,,,AUTHORIZED,Credit,,Visa,,,,5762,,,mNgwfNT7mWH9m,In Store,,
Cupertino,600000035430565559,600000035429030285,96,2/7/25 7:04 PM,2/7/25 6:36 PM,600000035429030283,96,,chi van,B2,Dining Room,Dinner,Dine In,,52.28,7.84,0.00,60.12,60.12,0.00,0.00,NONE,,,,,,,AUTHORIZED,Credit,,Visa,,,,1448,,,tNH9MH7Nywjyr,In Store,,
Cupertino,600000035430669438,600000035425723928,79,2/7/25 7:06 PM,2/7/25 5:53 PM,600000035425723878,79,,Default Online Ordering,B8,Dining Room,Dinner,Dine In,,27.55,5.51,0.00,33.06,33.06,0.00,0.00,NONE,,,,,,,AUTHORIZED,Credit,,Amex,,,,2005,,,sHCpXmmTnXTnW,In Store,,
Cupertino,600000035430766495,600000035422060323,60,2/7/25 7:08 PM,2/7/25 5:03 PM,600000035422059024,60,,Default Online Ordering,A2,Dining Room,Dinner,Dine In,,31.33,5.64,0.00,36.97,36.97,0.00,0.00,NONE,,,,,,,AUTHORIZED,Credit,,Visa,,,,1221,,,KNRFdXMmwyXdc,In Store,,
Cupertino,600000035430787516,600000035428597949,100,2/7/25 7:08 PM,2/7/25 6:43 PM,600000035429401900,100,,Default Online Ordering,B7,Dining Room,Dinner,Dine In,,60.08,9.01,0.00,69.09,69.09,0.00,0.00,NONE,,,,,,,AUTHORIZED,Credit,,Visa,,,,6221,,,wFHrqJPzhxRby,In Store,,
Cupertino,600000035430844879,600000035431175306,120,2/7/25 7:17 PM,2/7/25 7:17 PM,600000035431175256,120,DD 8c461e62 Mariya S,Default Online Ordering,,,Dinner,DoorDash - Delivery,,52.91,0.00,0.00,52.91,0.00,0.00,0.00,NONE,,,,,,,CAPTURED,Other,,,DoorDash,,8552228111,,,,HFgMkWgpcykyq,API,,
Cupertino,600000035430931006,600000035427427928,85,2/7/25 7:11 PM,2/7/25 6:17 PM,600000035427237534,85,,Default Online Ordering,C3,Dining Room,Dinner,Dine In,,116.72,23.34,0.00,140.06,0.00,0.00,0.00,NONE,,,,,,,AUTHORIZED,Credit,,Visa,,,,4129,,,RXzFkWdCncPfz,In Store,,
Cupertino,600000035431029613,600000035427709194,90,2/7/25 7:13 PM,2/7/25 6:27 PM,600000035427675247,90,,Default Online Ordering,A5,Dining Room,Dinner,Dine In,,53.31,5.00,0.00,58.31,58.31,0.00,0.00,NONE,,,,,,,AUTHORIZED,Credit,,Amex,,,,1006,,,wmjYNg77WfRnM,In Store,,
Cupertino,600000035431044921,600000035431307455,122,2/7/25 7:21 PM,2/7/25 7:21 PM,600000035431248059,122,DD 28ae4c40 Siddarth G,Default Online Ordering,,,Dinner,DoorDash - Delivery,,33.50,0.00,0.00,33.50,0.00,0.00,0.00,NONE,,,,,,,CAPTURED,Other,,,DoorDash,,8552228111,,,,yggWRnjWh97fm,API,,
Cupertino,600000035431080148,600000035429009630,101,2/7/25 7:14 PM,2/7/25 6:46 PM,600000035428845887,101,,Default Online Ordering,A3,Dining Room,Dinner,Dine In,,62.70,12.54,0.00,75.24,0.00,0.00,0.00,NONE,,,,,,,AUTHORIZED,Credit,,Visa,,,,1071,,,YJLfmCmNMWbCy,In Store,,
Cupertino,600000035431223626,600000035430784893,126,2/7/25 7:31 PM,2/7/25 7:31 PM,600000035430784844,126,DD e31beeb9 Claire C,Default Online Ordering,,,Dinner,DoorDash - Delivery,,19.10,0.00,0.00,19.10,0.00,0.00,0.00,NONE,,,,,,,CAPTURED,Other,,,DoorDash,,8552228111,,,,jnqXYbYrgtsWt,API,,
Cupertino,600000035431245721,600000035431357263,125,2/7/25 7:25 PM,2/7/25 7:25 PM,600000035431342565,125,DD aa5f453f Tejal J,Default Online Ordering,,,Dinner,DoorDash - Delivery,,9.93,0.00,0.00,9.93,0.00,0.00,0.00,NONE,,,,,,,CAPTURED,Other,,,DoorDash,,8552228111,,,,PT9HMsrPPW7Jp,API,,
Cupertino,600000035431260700,600000035429411566,104,2/7/25 7:18 PM,2/7/25 6:49 PM,600000035429401917,104,,Default Online Ordering,D2,Dining Room,Dinner,Dine In,,45.63,8.21,0.00,53.84,0.00,0.00,0.00,NONE,,,,,,,AUTHORIZED,Credit,,Mastercard,,,,8199,,,RtbWrXRFtWR9h,In Store,,
Cupertino,600000035431337223,600000035428894136,95,2/7/25 7:18 PM,2/7/25 6:34 PM,600000035428894135,95,,chi van,B4,Dining Room,Dinner,Dine In,,51.08,6.92,0.00,58.00,58.00,0.00,0.00,NONE,,,,,,,AUTHORIZED,Credit,,Mastercard,,,,7851,,,XRJJ9bsNkWLhx,In Store,,
Cupertino,600000035431338164,600000035429866075,109,2/7/25 7:18 PM,2/7/25 6:57 PM,600000035429864826,109,,Default Online Ordering,B3,Dining Room,Dinner,Dine In,,67.29,10.09,0.00,77.38,0.00,0.00,0.00,NONE,,,,,,,AUTHORIZED,Credit,,Visa,,,,8048,,,TMFxfF9XMX99d,In Store,,
Cupertino,600000035431441745,600000035431843028,134,2/7/25 7:42 PM,2/7/25 7:42 PM,600000035431787381,134,SF c3afad8d PickUp-Padma A,Default Online Ordering,,,Dinner,DoorDash - Takeout,,33.17,4.56,0.00,37.73,0.00,0.00,0.00,NONE,,,,,,,CAPTURED,Other,,,DoorDash,,4083329210,,,,fy7NdtgXrpzLb,API,,
Cupertino,600000035431866679,600000035431957727,135,2/7/25 7:47 PM,2/7/25 7:47 PM,600000035431933278,135,DD 20db57d4 Cailee G,Default Online Ordering,,,Dinner,DoorDash - Delivery,,54.71,0.00,0.00,54.71,0.00,0.00,0.00,NONE,,,,,,,CAPTURED,Other,,,DoorDash,,8552228111,,,,gpzHhXLktcrkT,API,,
Cupertino,600000035431875618,600000035429015527,102,2/7/25 7:31 PM,2/7/25 6:47 PM,600000035428960729,102,,Default Online Ordering,D3,Dining Room,Dinner,Dine In,,91.96,13.79,0.00,105.75,105.75,0.00,0.00,NONE,,,,,,,AUTHORIZED,Credit,,Visa,,,+16506053008,6646,,,chsXKMtXqMcKd,In Store,,
Cupertino,600000035431982239,600000035430238231,117,2/7/25 7:33 PM,2/7/25 7:10 PM,600000035430217032,117,,Default Online Ordering,D1,Dining Room,Dinner,Dine In,,31.98,0.00,0.00,31.98,0.00,0.00,40.00,NONE,,,,,,,CAPTURED,Cash,,,,,,,,,hJCbbrPdfCLsY,In Store,,
Cupertino,600000035432112389,600000035432246632,144,2/7/25 8:01 PM,2/7/25 8:01 PM,600000035432219033,144,SF 388beb56 PickUp-Christina N,Default Online Ordering,,,Dinner,DoorDash - Takeout,,17.24,0.00,0.00,17.24,0.00,0.00,0.00,NONE,,,,,,,CAPTURED,Other,,,DoorDash,,4084898715,,,,qpfLxCXYHFhRT,API,,
Cupertino,600000035432211421,600000035431782642,137,2/7/25 7:48 PM,2/7/25 7:48 PM,600000035431747395,137,DD c736d004 PickUp-Prajakta P,Default Online Ordering,,,Dinner,DoorDash - Takeout,,10.86,0.00,0.00,10.86,0.00,0.00,0.00,NONE,,,,,,,CAPTURED,Other,,,DoorDash,,8552228111,,,,dLThtXjJbyfPJ,API,,
Cupertino,600000035432255726,600000035430524924,118,2/7/25 7:40 PM,2/7/25 7:13 PM,600000035430483376,118,,Default Online Ordering,B2,Dining Room,Dinner,Dine In,,37.71,6.79,0.00,44.50,0.00,0.00,0.00,NONE,,,,,,,AUTHORIZED,Credit,,Visa,,,,7960,,,cpYnLKjmYm9WF,In Store,,
Cupertino,600000035432352577,600000035430802958,119,2/7/25 7:42 PM,2/7/25 7:13 PM,600000035430794209,119,,Default Online Ordering,A6,Dining Room,Dinner,Dine In,,56.54,8.48,0.00,65.02,0.00,0.00,0.00,NONE,,,,,,,AUTHORIZED,Credit,,Visa,,,,4887,,,M9RC7mFqLKpMr,In Store,,
Cupertino,600000035432523795,600000035429015535,103,2/7/25 7:46 PM,2/7/25 6:49 PM,600000035428960737,103,,Default Online Ordering,D4,Dining Room,Dinner,Dine In,,48.57,8.74,0.00,57.31,57.31,0.00,0.00,NONE,,,,,,,AUTHORIZED,Credit,,Mastercard,,,,8253,,,dcz7tNTMFfNLT,In Store,,
Cupertino,600000035432586811,600000035429788998,113,2/7/25 7:48 PM,2/7/25 7:02 PM,600000035429788948,113,,Default Online Ordering,A1,Dining Room,Dinner,Dine In,,56.86,12.51,0.00,69.37,0.00,0.00,0.00,NONE,,,,,,,AUTHORIZED,Credit,,Visa,,,,2325,,,ffXHnrtzNkdKf,In Store,,
Cupertino,600000035432643907,600000035429068889,105,2/7/25 7:49 PM,2/7/25 6:49 PM,600000035429068540,105,,Default Online Ordering,D5,Dining Room,Dinner,Dine In,,43.71,10.20,0.00,53.91,53.91,0.00,0.00,NONE,,,,,,,AUTHORIZED,Credit,,Visa,,,,0524,,,wcfjtK7Yxk9cP,In Store,,
Cupertino,600000035432677607,600000035429582920,107,2/7/25 7:50 PM,2/7/25 6:51 PM,600000035429546623,107,,Default Online Ordering,D5,Dining Room,Dinner,Dine In,,33.67,0.00,0.00,33.67,0.00,0.00,34.00,NONE,,,,,,,CAPTURED,Cash,,,,,,,,,pRTbmYLWpsbPy,In Store,,
Cupertino,600000035432711680,600000035430309936,111,2/7/25 7:51 PM,2/7/25 6:59 PM,600000035430309935,111,,chi van,A4,Dining Room,Dinner,Dine In,,64.78,9.72,0.00,74.50,0.00,0.00,0.00,NONE,,,,,,,AUTHORIZED,Credit,,Visa,,,,6902,,,XmJRqjHkrX9dx,In Store,,
Cupertino,600000035432716641,600000035431935001,128,2/7/25 7:51 PM,2/7/25 7:32 PM,600000035431929902,128,,Default Online Ordering,B4,Dining Room,Dinner,Dine In,,24.17,4.83,0.00,29.00,29.00,0.00,0.00,NONE,,,,,,,AUTHORIZED,Credit,,Mastercard,,,,2498,,,JNjJdrjqhczfJ,In Store,,
Cupertino,600000035432747591,600000035430677636,114,2/7/25 7:52 PM,2/7/25 7:06 PM,600000035430677635,114,,xin Meng,B1,Dining Room,Dinner,Dine In,,59.98,9.00,0.00,68.98,68.98,0.00,0.00,NONE,,,,,,,AUTHORIZED,Credit,,Mastercard,,,,5715,,,fzznXkYnpKqyz,In Store,,
Cupertino,600000035432754332,600000035432489642,148,2/7/25 8:07 PM,2/7/25 8:07 PM,600000035432489542,148,DD 96071fcb PickUp-Chorng T,Default Online Ordering,,,Dinner,DoorDash - Takeout,,26.79,0.00,0.00,26.79,0.00,0.00,0.00,NONE,,,,,,,CAPTURED,Other,,,DoorDash,,8552228111,,,,LsfxcFNswFqxg,API,,
Cupertino,600000035432858651,600000035432183085,142,2/7/25 7:56 PM,2/7/25 7:56 PM,600000035432176286,142,SF 6aedaf17 PickUp-Keerthi S,Default Online Ordering,,,Dinner,DoorDash - Takeout,,25.86,0.00,0.00,25.86,0.00,0.00,0.00,NONE,,,,,,,CAPTURED,Other,,,DoorDash,,5106743823,,,,fbLpWfyMPPbxw,API,,
Cupertino,600000035432860354,600000035432371872,141,2/7/25 7:56 PM,2/7/25 7:56 PM,600000035432308126,141,DD 590900d7 Sonal T,Default Online Ordering,,,Dinner,DoorDash - Delivery,,51.00,0.00,0.00,51.00,0.00,0.00,0.00,NONE,,,,,,,CAPTURED,Other,,,DoorDash,,8552228111,,,,JFmWckwLwWrs7,API,,
Cupertino,600000035432890029,600000035431218208,121,2/7/25 7:55 PM,2/7/25 7:20 PM,600000035431206909,121,,Default Online Ordering,B7,Dining Room,Dinner,Dine In,,85.68,12.85,0.00,98.53,98.53,0.00,0.00,NONE,,,,,,,AUTHORIZED,Credit,,Visa,,,,7240,,,YwkxWrkgHktjh,In Store,,
Cupertino,600000035432904747,600000035431480466,123,2/7/25 7:56 PM,2/7/25 7:22 PM,600000035431480464,123,,chi van,B8,Dining Room,Dinner,Dine In,,49.22,9.84,0.00,59.06,59.06,0.00,0.00,NONE,,,,,,,AUTHORIZED,Credit,,Amex,,,+14048038003,5003,,,k9x7cNzfqfPPs,In Store,,
Cupertino,600000035433128034,600000035433407566,158,2/7/25 8:23 PM,2/7/25 8:23 PM,600000035433396368,158,DD 41e03bf3 Gary X,Default Online Ordering,,,Dinner,DoorDash - Delivery,,21.66,0.00,0.00,21.66,0.00,0.00,0.00,NONE,,,,,,,CAPTURED,Other,,,DoorDash,,8552228111,,,,JRR7JPNWp9NNP,API,,
Cupertino,600000035433133151,600000035430624547,124,2/7/25 8:02 PM,2/7/25 7:23 PM,600000035431454653,124,,Default Online Ordering,A3,Dining Room,Dinner,Dine In,,42.84,8.57,0.00,51.41,51.41,0.00,0.00,NONE,,,,,,,AUTHORIZED,Credit,,Visa,,,,0440,,,gMYxscCcJrRbc,In Store,,
Cupertino,600000035433183637,600000035431508174,127,2/7/25 8:03 PM,2/7/25 7:32 PM,600000035431440277,127,,Default Online Ordering,A5,Dining Room,Dinner,Dine In,,68.22,10.23,0.00,78.45,0.00,0.00,0.00,NONE,,,,,,,AUTHORIZED,Credit,,Visa,,,,4427,,,zqbzfJTpmdndJ,In Store,,
Cupertino,600000035433248479,600000035431957703,129,2/7/25 8:05 PM,2/7/25 7:34 PM,600000035431933254,129,,Default Online Ordering,D2,Dining Room,Dinner,Dine In,,45.68,6.85,0.00,52.53,52.53,0.00,0.00,NONE,,,,,,,AUTHORIZED,Credit,,Visa,,,,9264,,,brnNNn7YddXMp,In Store,,
Cupertino,600000035433546444,600000035432027410,131,2/7/25 8:14 PM,2/7/25 7:39 PM,600000035432027011,131,,Default Online Ordering,B6,Dining Room,Dinner,Dine In,,125.66,25.13,0.00,150.79,150.79,0.00,0.00,NONE,,,,,,,AUTHORIZED,Credit,,Visa,,,,4926,,,dzPLCLPsRxT9h,In Store,,
Cupertino,600000035433726204,600000035433051024,157,2/7/25 8:21 PM,2/7/25 8:21 PM,600000035432980176,157,SF e1cebe40 PickUp-Dorothy T,Default Online Ordering,,,Dinner,DoorDash - Takeout,,17.24,3.16,0.00,20.40,0.00,0.00,0.00,NONE,,,,,,,CAPTURED,Other,,,DoorDash,,9494344941,,,,LcTrtwpymcPKk,API,,
Cupertino,600000035433749255,600000035431363594,133,2/7/25 8:19 PM,2/7/25 7:42 PM,600000035431363544,133,,Default Online Ordering,A2,Dining Room,Dinner,Dine In,,51.41,7.71,0.00,59.12,0.00,0.00,0.00,NONE,,,,,,,AUTHORIZED,Credit,,Mastercard,,,,8086,,,fs7HdCbptPhXs,In Store,,
Cupertino,600000035433878652,600000035432164123,138,2/7/25 8:24 PM,2/7/25 7:52 PM,600000035431981627,138,,Default Online Ordering,D3,Dining Room,Dinner,Dine In,,29.09,4.36,0.00,33.45,33.45,0.00,0.00,NONE,,,,,,,AUTHORIZED,Credit,,Mastercard,,,,9797,,,sxFthzHhdCYhb,In Store,,
Cupertino,600000035433900470,600000035432371869,140,2/7/25 8:24 PM,2/7/25 7:56 PM,600000035432308123,140,,Default Online Ordering,B4,Dining Room,Dinner,Dine In,,51.19,5.00,0.00,56.19,56.19,0.00,0.00,NONE,,,,,,,AUTHORIZED,Credit,,Visa,,,,7928,,,JnqdCRnqPfpyY,In Store,,
Cupertino,600000035433923509,600000035431307490,130,2/7/25 8:25 PM,2/7/25 7:36 PM,600000035431248094,130,,Default Online Ordering,B3,Dining Room,Dinner,Dine In,,62.26,9.34,0.00,71.60,71.60,0.00,0.00,NONE,,,,,,,AUTHORIZED,Credit,,Visa,,,,8676,,,sXRCsYY7xhXhT,In Store,,
Cupertino,600000035433934552,600000035433094041,161,2/7/25 8:26 PM,2/7/25 8:26 PM,600000035433042643,161,DD ad56bd1c Yasmin S,Default Online Ordering,,,Dinner,DoorDash - Delivery,,31.59,0.00,0.00,31.59,0.00,0.00,0.00,NONE,,,,,,,CAPTURED,Other,,,DoorDash,,8552228111,,,,nxgcpwMPJ9qHL,API,,
Cupertino,600000035433984121,600000035433279431,147,2/7/25 8:27 PM,2/7/25 8:06 PM,600000035433279428,147,,Jaylan Penney,B8,Dining Room,Dinner,Dine In,,38.31,5.75,0.00,44.06,44.06,0.00,0.00,NONE,,,,,,,AUTHORIZED,Credit,,Visa,,,,9089,,,znRMJLp7wLfrJ,In Store,,
Cupertino,600000035434042029,600000035434310810,174,2/7/25 8:49 PM,2/7/25 8:49 PM,600000035434284261,174,DD fdf8e5b1 Jack R,Default Online Ordering,,,Dinner,DoorDash - Delivery,,46.30,0.00,0.00,46.30,0.00,0.00,0.00,NONE,,,,,,,CAPTURED,Other,,,DoorDash,,8552228111,,,,ncJYJjThcfrWm,API,,
Cupertino,600000035434077347,600000035431935045,143,2/7/25 8:30 PM,2/7/25 7:57 PM,600000035431929946,143,,Default Online Ordering,A1,Dining Room,Dinner,Dine In,,32.63,4.89,0.00,37.52,0.00,0.00,0.00,NONE,,,,,,,AUTHORIZED,Credit,,Visa,,,,2187,,,zFbsqq7qqzyqX,In Store,,
Cupertino,600000035434277118,600000035431716448,136,2/7/25 8:37 PM,2/7/25 7:48 PM,600000035432590650,136,,Default Online Ordering,B2,Dining Room,Dinner,Dine In,,79.02,11.85,0.00,90.87,90.87,0.00,0.00,NONE,,,,,,,AUTHORIZED,Credit,,Visa,,,,7673,,,pjLgNprc9FNRw,In Store,,
Cupertino,600000035434340246,600000035432462193,149,2/7/25 8:39 PM,2/7/25 8:08 PM,600000035432412896,149,,Default Online Ordering,D1,Dining Room,Dinner,Dine In,,56.49,8.47,0.00,64.96,64.96,0.00,0.00,NONE,,,,,,,AUTHORIZED,Credit,,Visa,,,,6341,,,xgrNjYTzJHbyt,In Store,,
Cupertino,600000035434373814,600000035430002510,110,2/7/25 8:40 PM,2/7/25 6:58 PM,600000035430000861,110,,Default Online Ordering,A7,Dining Room,Dinner,Dine In,,46.54,6.98,0.00,53.52,0.00,0.00,0.00,NONE,,,,,,,AUTHORIZED,Credit,,Mastercard,,,,9258,,,sJsRLrKknqgJp,In Store,,
Cupertino,600000035434408000,600000035431363587,132,2/7/25 8:41 PM,2/7/25 7:40 PM,600000035431363537,132,,Default Online Ordering,C3,Dining Room,Dinner,Dine In,,127.77,25.55,0.00,153.32,0.00,0.00,0.00,NONE,,,,,,,AUTHORIZED,Credit,,Mastercard,,lwalker.jstarek@gmail.com,,7394,,,xfJwXYqYCPPxk,In Store,,
Cupertino,600000035434491810,600000035434019381,176,2/7/25 8:52 PM,2/7/25 8:52 PM,600000035433996082,176,DD 271df417 Tejal J,Default Online Ordering,,,Dinner,DoorDash - Delivery,,9.93,0.00,0.00,9.93,0.00,0.00,0.00,NONE,,,,,,,CAPTURED,Other,,,DoorDash,,8552228111,,,,gJt9Ygztt7wst,API,,
Cupertino,600000035434564013,600000035432444628,145,2/7/25 8:47 PM,2/7/25 8:05 PM,600000035432438630,145,,Default Online Ordering,B7,Dining Room,Dinner,Dine In,,90.25,13.54,0.00,103.79,103.79,0.00,0.00,NONE,,,,,,,AUTHORIZED,Credit,,Visa,,,,8636,,,wnP9Crjc7tRXp,In Store,,
Cupertino,600000035434637784,600000035433060171,152,2/7/25 8:50 PM,2/7/25 8:16 PM,600000035432997324,152,,Default Online Ordering,A5,Dining Room,Dinner,Dine In,,37.71,0.00,0.00,37.71,37.71,0.00,0.00,NONE,,,,,,,AUTHORIZED,Credit,,Mastercard,,,,9487,,,XTRdMyCKbPphL,In Store,,
Cupertino,600000035434649619,600000035433930109,159,2/7/25 8:50 PM,2/7/25 8:25 PM,600000035433930108,159,,chi van,A2,Dining Room,Dinner,Dine In,,33.18,6.64,0.00,39.82,39.82,0.00,0.00,NONE,,,,,,,AUTHORIZED,Credit,,Visa,,,,9198,,,TRfqLjJFCzdKd,In Store,,
Cupertino,600000035434669349,600000035435303359,185,2/7/25 9:31 PM,2/7/25 9:31 PM,600000035435302310,185,SF 955cbb11 PickUp-Lok C,Default Online Ordering,,,Dinner,DoorDash - Takeout,,16.59,0.00,0.00,16.59,0.00,0.00,0.00,NONE,,,,,,,CAPTURED,Other,,,DoorDash,,4088388132,,,,rrLFCCFKJfmys,API,,
Cupertino,600000035434714200,600000035433417250,151,2/7/25 8:52 PM,2/7/25 8:10 PM,600000035433413701,151,,Default Online Ordering,A3,Dining Room,Dinner,Dine In,,45.34,6.80,0.00,52.14,0.00,0.00,0.00,NONE,,,,,,,AUTHORIZED,Credit,,Visa,,,,2795,,,wPmcNfsKFMspc,In Store,,
Cupertino,600000035434803365,600000035434057442,162,2/7/25 8:56 PM,2/7/25 8:28 PM,600000035434057441,162,,Yafang Chen,D3,Dining Room,Dinner,Dine In,,30.23,4.53,0.00,34.76,34.76,0.00,0.00,NONE,,,,,,,AUTHORIZED,Credit,,Visa,,,,5599,,,HhgdTTjbRyRtK,In Store,,
Cupertino,600000035434841599,600000035435320016,184,2/7/25 9:30 PM,2/7/25 9:30 PM,600000035435302769,184,SF eab0024d PickUp-Kylie D,Default Online Ordering,,,Dinner,DoorDash - Takeout,,26.79,0.00,0.00,26.79,0.00,0.00,0.00,NONE,,,,,,,CAPTURED,Other,,,DoorDash,,4088922557,,,,pd7XRc7JygyXx,API,,
Cupertino,600000035434859087,600000035432104681,139,2/7/25 8:58 PM,2/7/25 7:52 PM,600000035432051085,139,,Default Online Ordering,A6,Dining Room,Dinner,Dine In,,82.35,12.35,0.00,94.70,94.70,0.00,0.00,NONE,,,,,,,AUTHORIZED,Credit,,Visa,,,,4432,,,L7HqNcYkNqNJJ,In Store,,
Cupertino,600000035434891945,600000035433755984,155,2/7/25 9:00 PM,2/7/25 8:19 PM,600000035433755977,155,,Yafang Chen,D5,Dining Room,Dinner,Dine In,,167.75,25.16,0.00,192.91,192.91,0.00,0.00,NONE,,,,,,,AUTHORIZED,Credit,,Visa,,,,1972,,,KghhYgnbTgfnc,In Store,,
Cupertino,600000035434913612,600000035434713419,182,2/7/25 9:09 PM,2/7/25 9:09 PM,600000035434533924,182,DD 8a076967 Benjamin L,Default Online Ordering,,,Dinner,DoorDash - Delivery,,80.30,0.00,0.00,80.30,0.00,0.00,0.00,NONE,,,,,,,CAPTURED,Other,,,DoorDash,,8552228111,,,,xTxthF9CJJrRj,API,,
Cupertino,600000035435031957,600000035432489645,150,2/7/25 9:05 PM,2/7/25 8:08 PM,600000035432489545,150,,Default Online Ordering,B1,Dining Room,Dinner,Dine In,,67.33,10.10,0.00,77.43,0.00,0.00,0.00,NONE,,,,,,,AUTHORIZED,Credit,,Mastercard,,,+14085071583,4098,,,tNrmcPhCdjfxn,In Store,,
Cupertino,600000035435086462,600000035434477591,172,2/7/25 9:08 PM,2/7/25 8:43 PM,600000035434477590,172,,Yafang Chen,D1,Dining Room,Dinner,Dine In,,49.17,8.87,0.00,58.04,58.04,0.00,0.00,NONE,,,,,,,AUTHORIZED,Credit,,Amex,,,,3578,,,JwknYbL9FpLLn,In Store,,
Cupertino,600000035435111335,600000035433760174,163,2/7/25 9:09 PM,2/7/25 8:34 PM,600000035433728427,163,,Default Online Ordering,B4,Dining Room,Dinner,Dine In,,26.00,3.90,0.00,29.90,29.90,0.00,0.00,NONE,,,,,,,AUTHORIZED,Credit,,Visa,,,,0771,,,CfxdNfXfM9Wfh,In Store,,
Cupertino,600000035435116608,600000035433760174,163,2/7/25 9:09 PM,2/7/25 8:34 PM,600000035433728427,163,,Default Online Ordering,B4,Dining Room,Dinner,Dine In,,26.01,3.90,0.00,29.91,29.91,0.00,0.00,NONE,,,,,,,AUTHORIZED,Credit,,Amex,,,,1006,,,qbPRWt9KXkFKJ,In Store,,
Cupertino,600000035435185830,600000035434224655,168,2/7/25 9:12 PM,2/7/25 8:36 PM,600000035434065059,168,,Default Online Ordering,B3,Dining Room,Dinner,Dine In,,8.62,1.29,0.00,9.91,0.00,0.00,0.00,NONE,,,,,,,AUTHORIZED,Credit,,Mastercard,,,,1031,,,Xp9nwCNyMFHT9,In Store,,
Cupertino,600000035435196360,600000035432746287,153,2/7/25 9:13 PM,2/7/25 8:16 PM,600000035432734188,153,,Default Online Ordering,A4,Dining Room,Dinner,Dine In,,29.98,4.50,0.00,34.48,34.48,0.00,0.00,NONE,,,,,,,AUTHORIZED,Credit,,Visa,,,+18314195310,3354,,,RkRHM9H9cpnbF,In Store,,
Cupertino,600000035435200945,600000035434251050,167,2/7/25 9:13 PM,2/7/25 8:36 PM,600000035434143854,167,,Default Online Ordering,B8,Dining Room,Dinner,Dine In,,17.35,3.12,0.00,20.47,20.47,0.00,0.00,NONE,,,,,,,AUTHORIZED,Credit,,Amex,,,,1008,,,HTWd9sbNhgkqM,In Store,,
Cupertino,600000035435210554,600000035433895219,169,2/7/25 9:13 PM,2/7/25 8:38 PM,600000035433885721,169,,Default Online Ordering,B8,Dining Room,Dinner,Dine In,,38.47,5.77,0.00,44.24,44.24,0.00,0.00,NONE,,,,,,,AUTHORIZED,Credit,,Visa,,,,4931,,,YqsccTYmbkFbx,In Store,,
Cupertino,600000035435218821,600000035433727223,165,2/7/25 9:14 PM,2/7/25 8:35 PM,600000035433649225,165,,Default Online Ordering,B8,Dining Room,Dinner,Dine In,,15.39,2.31,0.00,17.70,17.70,0.00,0.00,NONE,,,,,,,AUTHORIZED,Credit,,Visa,,,,0060,,,stdLwdyqNMyxC,In Store,,
Cupertino,600000035435221485,600000035433233945,166,2/7/25 9:14 PM,2/7/25 8:35 PM,600000035433233897,166,,Default Online Ordering,A1,Dining Room,Dinner,Dine In,,63.35,9.50,0.00,72.85,72.85,0.00,0.00,NONE,,,,,,,AUTHORIZED,Credit,,Visa,,,,5797,,,WjxbxwY7XrTrx,In Store,,
Cupertino,600000035435224742,600000035434347952,171,2/7/25 9:14 PM,2/7/25 8:40 PM,600000035434330104,171,,Default Online Ordering,B8,Dining Room,Dinner,Dine In,,14.46,2.17,0.00,16.63,16.63,0.00,0.00,NONE,,,,,,,AUTHORIZED,Credit,,Visa,,,,2514,,,xPRPPqRkdgnz7,In Store,,
Cupertino,600000035435255681,600000035432746287,153,2/7/25 9:15 PM,2/7/25 8:16 PM,600000035432734188,153,,Default Online Ordering,A4,Dining Room,Dinner,Dine In,,59.95,8.99,0.00,68.94,68.94,0.00,0.00,NONE,,,,,,,AUTHORIZED,Credit,,Visa,,,,1990,,,TxWXnrkmNrFdj,In Store,,
Cupertino,600000035435308868,600000035433614705,154,2/7/25 9:18 PM,2/7/25 8:17 PM,600000035433562508,154,,Default Online Ordering,D2,Dining Room,Dinner,Dine In,,108.16,16.22,0.00,124.38,124.38,0.00,0.00,NONE,,,,,,,AUTHORIZED,Credit,,Visa,,,,3641,,,KmcMgcbTNdqpx,In Store,,
Cupertino,600000035435508516,600000035434341849,170,2/7/25 9:27 PM,2/7/25 8:39 PM,600000035434341848,170,,chi van,B5,Dining Room,Dinner,Dine In,,26.80,5.36,0.00,32.16,0.00,0.00,0.00,NONE,,,,,,,AUTHORIZED,Credit,,Visa,,,,9112,,,LccsncnRNWgnC,In Store,,
Cupertino,600000035435587999,600000035434520312,178,2/7/25 9:31 PM,2/7/25 8:56 PM,600000035434430816,178,,Default Online Ordering,B7,Dining Room,Dinner,Dine In,,59.98,9.00,0.00,68.98,0.00,0.00,0.00,NONE,,,,,,,AUTHORIZED,Credit,,Discover,,,,8885,,,RNnTN9FM9Twtm,In Store,,
Cupertino,600000035435631355,600000035434300313,173,2/7/25 9:33 PM,2/7/25 8:44 PM,600000035434227717,173,,Default Online Ordering,B3,Dining Room,Dinner,Dine In,,31.59,4.74,0.00,36.33,0.00,0.00,0.00,NONE,,,,,,,AUTHORIZED,Credit,,Discover,,,,4136,,,Tkwmtxy7dKmmM,In Store,,
Cupertino,600000035435638205,600000035434435768,180,2/7/25 9:34 PM,2/7/25 8:57 PM,600000035434362020,180,,Default Online Ordering,B3,Dining Room,Dinner,Dine In,,31.65,6.33,0.00,37.98,37.98,0.00,0.00,NONE,,,,,,,AUTHORIZED,Credit,,Visa,,,,7311,,,Mh7MYRd7fqPmW,In Store,,
Cupertino,600000035435716559,600000035433122630,160,2/7/25 9:38 PM,2/7/25 8:25 PM,600000035433116331,160,,Default Online Ordering,B6,Dining Room,Dinner,Dine In,,100.52,18.09,0.00,118.61,118.61,0.00,0.00,NONE,,,,,,,AUTHORIZED,Credit,,Visa,,,,6848,,,MwChxdqztMPkp,In Store,,
Cupertino,600000035435731630,600000035434435757,175,2/7/25 9:39 PM,2/7/25 8:50 PM,600000035434362009,175,,Default Online Ordering,B2,Dining Room,Dinner,Dine In,,100.15,15.02,0.00,115.17,115.17,0.00,0.00,NONE,,,,,,,AUTHORIZED,Credit,,Mastercard,,,,7966,,,N9cWwPsNFJHTm,In Store,,
Cupertino,600000035435815612,600000035434387533,181,2/7/25 9:43 PM,2/7/25 8:57 PM,600000035434371884,181,,Default Online Ordering,A5,Dining Room,Dinner,Dine In,,84.59,15.23,0.00,99.82,99.82,0.00,0.00,NONE,,,,,,,AUTHORIZED,Credit,,Visa,,,,1188,,,kjgXCwqLk7rjC,In Store,,
Cupertino,600000035435827468,600000035434003932,177,2/7/25 9:44 PM,2/7/25 8:55 PM,600000035433949285,177,,Default Online Ordering,A7,Dining Room,Dinner,Dine In,,70.45,10.57,0.00,81.02,81.02,0.00,0.00,NONE,,,,,,,AUTHORIZED,Credit,,Visa,,,,7885,,,cjbNWqLdWRmjr,In Store,,
Cupertino,600000035435832132,600000035434698509,179,2/7/25 9:44 PM,2/7/25 8:57 PM,600000035434596965,179,,Default Online Ordering,A7,Dining Room,Dinner,Dine In,,51.74,9.31,0.00,61.05,61.05,0.00,0.00,NONE,,,,,,,AUTHORIZED,Credit,,Mastercard,,,,3573,,,CsrYFkcWwRnpq,In Store,,
Cupertino,600000035435867522,600000035434229142,183,2/7/25 9:46 PM,2/7/25 9:10 PM,600000035434108795,183,,Default Online Ordering,A2,Dining Room,Dinner,Dine In,,56.98,11.40,0.00,68.38,68.38,0.00,0.00,NONE,,,,,,,AUTHORIZED,Credit,,Visa,,,,9350,,,wJjwRzpCmnxfT,In Store,,
Cupertino,600000035436046406,600000035435635554,186,2/7/25 9:56 PM,2/7/25 9:39 PM,600000035435549658,186,,Default Online Ordering,A3,Dining Room,Dinner,Dine In,,33.18,0.00,0.00,33.18,33.18,0.00,0.00,NONE,,,,,,,AUTHORIZED,Credit,,Visa,,,,1024,,,ydwJpgHjhdF7c,In Store,,
Cupertino,600000035436123243,600000035435805923,187,2/7/25 10:01 PM,2/7/25 9:42 PM,600000035435805922,187,,chi van,B8,Dining Room,Dinner,Dine In,,145.47,15.00,0.00,160.47,160.47,0.00,0.00,NONE,,,,,,,AUTHORIZED,Credit,,Visa,,,,1179,,,dMWdgRFcWRjMK,In Store,,
