Location,Location Code,Id,GUID,Employee Id,Employee GUID,Employee External Id,Employee,Job Id,Job GUID,Job Code,Job Title,In Date,Out Date,Auto Clock-out,Total Hours,Unpaid Break Time,Paid Break Time,Payable Hours,Cash Tips Declared,Non Cash Tips,Total Gratuity,Total Tips,Tips Withheld,Wage,Regular Hours,Overtime Hours,Regular Pay,Overtime Pay,Total Pay
Cupertino,CA02,600000035033379748,970dad7a-665d-4eee-b6dd-0e397e3c86f7,600000002970777958,b4a3d95d-59c6-4901-82b7-c1a777aab865,187,"Chen, Yafang",600000009837655739,df2bae65-6ee0-429d-bf33-119c20d1f5b4,,Server 6,1/26/25 10:26 AM,1/26/25 2:31 PM,No,4.08,0.00,0.00,4.08,,0.00,0.00,0.00,0.00,,4.08,0.00,,,
Cupertino,CA02,600000035035143541,429f8c67-b521-4d6f-8ba9-45a39d1027ad,600000000344509975,c50645a8-3e20-418c-928f-7ac3dda7b7e9,105,"Lu, Bao Shen",600000009837655732,8da883cf-e8ea-42ff-bf5b-442b9645ff7c,,Server 3,1/26/25 11:02 AM,1/26/25 3:30 PM,No,4.47,0.00,0.00,4.47,,0.00,0.00,0.00,0.00,,4.47,0.00,,,
Cupertino,CA02,600000035036464887,f076d056-dbc9-4133-b0e6-088bdbab5984,600000016712824343,8bf71451-c969-4797-91d3-3b69f9fa6e56,,"valencia, andres",600000009837616047,12e7cd3e-23e3-487f-b74e-a9e2a6192aa1,,Server 1,1/26/25 11:29 AM,1/27/25 4:00 AM,Yes,16.51,0.00,0.00,16.51,0.00,63.54,0.00,63.54,0.00,,8.00,8.51,,,
Cupertino,CA02,600000035038965440,3ac50d28-0cec-4fce-867a-33410aa7b194,600000013299861140,7e784155-4add-4038-bc80-2d8405905c9c,,"zheng, xiaoli",600000000187953261,1f27dffe-ff3d-4db7-810c-764b9b917d57,,Server,1/26/25 12:20 PM,1/27/25 4:00 AM,Yes,15.66,0.00,0.00,15.66,0.00,8.22,0.00,8.22,0.00,,8.00,7.66,,,
Cupertino,CA02,600000035039866201,0542a41b-e5d3-4a96-a90f-9d88c1d3478a,600000001251302471,926dca98-bd07-4351-b441-2634bdc824ca,131,"chen, zhengyu",600000009837655739,df2bae65-6ee0-429d-bf33-119c20d1f5b4,,Server 6,1/26/25 12:39 PM,1/27/25 4:00 AM,Yes,15.35,0.00,0.00,15.35,0.00,36.34,0.00,36.34,0.00,,8.00,7.35,,,
Cupertino,CA02,600000035051615888,2571a441-320c-4fcb-88a1-6f31bfc85f51,600000002970777958,b4a3d95d-59c6-4901-82b7-c1a777aab865,187,"Chen, Yafang",600000009837655739,df2bae65-6ee0-429d-bf33-119c20d1f5b4,,Server 6,1/26/25 4:56 PM,1/26/25 9:31 PM,No,4.60,0.00,0.00,4.60,,0.00,0.00,0.00,0.00,,3.92,0.68,,,
Cupertino,CA02,600000035051934025,7b1028a4-bbf9-4d3b-bfdc-193c4f63237f,600000012430196065,4a50cb9e-0329-4d5b-b44f-f5013df5ea6a,,"Penney, Jaylan",600000000187953261,1f27dffe-ff3d-4db7-810c-764b9b917d57,,Server,1/26/25 5:04 PM,1/27/25 4:00 AM,Yes,10.93,0.00,0.00,10.93,0.00,13.82,0.00,13.82,0.00,,8.00,2.93,,,
Cupertino,CA02,600000035052828015,716c50fa-0e70-4940-becc-d87df03f3305,600000000344509975,c50645a8-3e20-418c-928f-7ac3dda7b7e9,105,"Lu, Bao Shen",600000009837655732,8da883cf-e8ea-42ff-bf5b-442b9645ff7c,,Server 3,1/26/25 5:29 PM,1/26/25 9:02 PM,No,3.55,0.00,0.00,3.55,,0.00,0.00,0.00,0.00,,3.53,0.02,,,
