Location,Payment Id,Order Id,Order #,Paid Date,Order Date,Check Id,Check #,Tab Name,Server,Table,Dining Area,Service,Dining Option,House Acct #,Amount,Tip,Gratuity,Total,Swiped Card Amount,Keyed Card Amount,Amount Tendered,Refunded,Refund Date,Refund Amount,Refund Tip Amount,Void User,Void Approver,Void Date,Status,Type,Cash Drawer,Card Type,Other Type,Email,Phone,Last 4 Card Digits,V/MC/D Fees,Room Info,Receipt,Source,Last 4 Gift Card Digits,First 5 Gift Card Digits
Cupertino,600000034547165869,600000034547359356,1,1/11/25 11:00 AM,1/11/25 11:00 AM,600000034547326308,1,DD ceabfe06 Jenny L,Default Online Ordering,,,Lunch,DoorDash - Delivery,,39.07,0.00,0.00,39.07,0.00,0.00,0.00,NONE,,,,,,,CAPTURED,Other,,,DoorDash,,8552228111,,,,YpnrYzMxMCf9h,API,,
Cupertino,600000034547402311,600000034547206932,2,1/11/25 11:03 AM,1/11/25 11:03 AM,600000034547180185,2,DD c9031616 Yuting W,Default Online Ordering,,,Lunch,DoorDash - Delivery,,66.71,0.00,0.00,66.71,0.00,0.00,0.00,NONE,,,,,,,CAPTURED,Other,,,DoorDash,,8552228111,,,,sXyqqpbRJdnJf,API,,
Cupertino,600000034547402337,600000034547710708,3,1/11/25 11:08 AM,1/11/25 11:08 AM,600000034547701511,3,SF 06143c25 PickUp-KC L,Default Online Ordering,,,Lunch,DoorDash - Takeout,,33.72,0.00,0.00,33.72,0.00,0.00,0.00,NONE,,,,,,,CAPTURED,Other,,,DoorDash,,6692438284,,,,xCHfMjMC7gWYC,API,,
Cupertino,600000034547920934,600000034547973481,4,1/11/25 11:17 AM,1/11/25 11:17 AM,600000034547961282,4,SF c0c88ae8 PickUp-Albert S,Default Online Ordering,,,Lunch,DoorDash - Takeout,,37.10,0.00,0.00,37.10,0.00,0.00,0.00,NONE,,,,,,,CAPTURED,Other,,,DoorDash,,6507962851,,,,krMcwPCRLcL9F,API,,
Cupertino,600000034549682566,600000034549665718,10,1/11/25 11:51 AM,1/11/25 11:51 AM,600000034549665668,10,DD 12a160bd Caroline T,Default Online Ordering,,,Lunch,DoorDash - Delivery,,23.24,0.00,0.00,23.24,0.00,0.00,0.00,NONE,,,,,,,CAPTURED,Other,,,DoorDash,,8552228111,,,,PkzThdcxYmYXM,API,,
Cupertino,600000034550664051,600000034549558063,9,1/11/25 12:09 PM,1/11/25 11:49 AM,600000034549528566,9,,Default Online Ordering,A4,Dining Room,Lunch,Dine In,,47.90,0.00,0.00,47.90,47.90,0.00,0.00,NONE,,,,,,,CAPTURED,Credit,,Mastercard,,,,7263,0.00,,KNJqMLdrNcCCf,In Store,,
Cupertino,600000034550684479,600000034549020734,7,1/11/25 12:10 PM,1/11/25 11:41 AM,600000034549017936,7,,Default Online Ordering,A7,Dining Room,Lunch,Dine In,,45.01,6.75,0.00,51.76,51.76,0.00,0.00,NONE,,,,,,,CAPTURED,Credit,,Visa,,,,1746,0.00,,mLXdrkbsrJ7pY,In Store,,
Cupertino,600000034550697953,600000034549608194,8,1/11/25 12:10 PM,1/11/25 11:46 AM,600000034549608193,8,,Yafang Chen,A3,Dining Room,Lunch,Dine In,,48.61,9.72,0.00,58.33,58.33,0.00,0.00,NONE,,,,,,,CAPTURED,Credit,,Visa,,,,8806,0.00,,pLfMbr97qXXhs,In Store,,
Cupertino,600000034550719427,600000034548362138,5,1/11/25 12:11 PM,1/11/25 11:28 AM,600000034548362088,5,,Default Online Ordering,A2,Dining Room,Lunch,Dine In,,30.00,5.40,0.00,35.40,35.40,0.00,0.00,NONE,,,,,,,CAPTURED,Credit,,Visa,,,,7171,0.00,,7yzrHtTPMkMNp,In Store,,
Cupertino,600000034550865387,600000034551213450,22,1/11/25 12:21 PM,1/11/25 12:21 PM,600000034551213400,22,DD 42669043 Ellen B,Default Online Ordering,,,Lunch,DoorDash - Delivery,,45.54,0.00,0.00,45.54,0.00,0.00,0.00,NONE,,,,,,,CAPTURED,Other,,,DoorDash,,8552228111,,,,j9LbpPtkNWsJf,API,,
Cupertino,600000034551137719,600000034551124004,19,1/11/25 12:19 PM,1/11/25 12:18 PM,600000034551124003,19,,Yafang Chen,,,Lunch,Take Out,,32.31,0.00,0.00,32.31,32.31,0.00,0.00,NONE,,,,,,,CAPTURED,Credit,,Mastercard,,,,1943,0.00,,fXjJcHh9kYHsN,In Store,,
Cupertino,600000034551174125,600000034551174224,26,1/11/25 12:26 PM,1/11/25 12:26 PM,600000034551174174,26,DD 217c226c Ryan A,Default Online Ordering,,,Lunch,DoorDash - Delivery,,69.95,0.00,0.00,69.95,0.00,0.00,0.00,NONE,,,,,,,CAPTURED,Other,,,DoorDash,,8552228111,,,,nnFpCYHPmLfNh,API,,
Cupertino,600000034551411935,600000034549624326,11,1/11/25 12:25 PM,1/11/25 11:52 AM,600000034549622677,11,,Default Online Ordering,B4,Dining Room,Lunch,Dine In,,36.88,6.64,0.00,43.52,43.52,0.00,0.00,NONE,,,,,,,CAPTURED,Credit,,Visa,,,,3734,0.00,,LsNbjk9WqdzJx,In Store,,
Cupertino,600000034551606561,600000034550263032,15,1/11/25 12:29 PM,1/11/25 12:08 PM,600000034550180937,15,,Default Online Ordering,B7,Dining Room,Lunch,Dine In,,45.56,0.00,0.00,45.56,45.56,0.00,0.00,NONE,,,,,,,CAPTURED,Credit,,Visa,,,,7791,0.00,,r9mctK9xbbmFP,In Store,,
Cupertino,600000034551625691,600000034548756197,6,1/11/25 12:30 PM,1/11/25 11:40 AM,600000034548751298,6,,Default Online Ordering,B6,Dining Room,Lunch,Dine In,,81.34,0.00,0.00,81.34,0.00,0.00,100.00,NONE,,,,,,,CAPTURED,Cash,,,,,,,,,JgzCMgJPMf7CJ,In Store,,
Cupertino,600000034551904935,600000034550093079,13,1/11/25 12:36 PM,1/11/25 12:03 PM,600000034550011981,13,,Default Online Ordering,B1,Dining Room,Lunch,Dine In,,44.24,8.85,0.00,53.09,53.09,0.00,0.00,NONE,,,,,,,CAPTURED,Credit,,Amex,,,,8955,0.00,,Cfn9jTKcd9McC,In Store,,
Cupertino,600000034552151751,600000034550608711,18,1/11/25 12:41 PM,1/11/25 12:11 PM,600000034550608661,18,,Default Online Ordering,B8,Dining Room,Lunch,Dine In,,16.26,3.25,0.00,19.51,19.51,0.00,0.00,NONE,,,,,,,CAPTURED,Credit,,Mastercard,,,,8454,0.00,,Yxhhs9Lxkjdxh,In Store,,
Cupertino,600000034552198943,600000034551174213,23,1/11/25 12:42 PM,1/11/25 12:22 PM,600000034551174163,23,,Default Online Ordering,A2,Dining Room,Lunch,Dine In,,36.55,5.48,0.00,42.03,0.00,0.00,0.00,NONE,,,,,,,CAPTURED,Credit,,Discover,,,,7442,0.00,,mHYYtHyP7Mjgn,In Store,,
Cupertino,600000034552288168,600000034550202136,12,1/11/25 12:44 PM,1/11/25 11:59 AM,600000034550202135,12,,Yan Xu,A1,Dining Room,Lunch,Dine In,,28.43,5.12,0.00,33.55,33.55,0.00,0.00,NONE,,,,,,,CAPTURED,Credit,,Visa,,,,7598,0.00,,PjshyqdmyRXfL,In Store,,
Cupertino,600000034552378466,600000034550434315,14,1/11/25 12:46 PM,1/11/25 12:07 PM,600000034550423567,14,,Default Online Ordering,B2,Dining Room,Lunch,Dine In,,101.98,15.30,0.00,117.28,117.28,0.00,0.00,NONE,,,,,,,CAPTURED,Credit,,Visa,,,,0226,0.00,,qHgYdXXhgYLsP,In Store,,
Cupertino,600000034552504253,600000034551405035,24,1/11/25 12:49 PM,1/11/25 12:25 PM,600000034551405034,24,,zhengyu chen,A3,Dining Room,Lunch,Dine In,,67.33,12.12,0.00,79.45,79.45,0.00,0.00,NONE,,,,,,,CAPTURED,Credit,,Visa,,,,0254,0.00,,zPxxPrJ9dkRJz,In Store,,
Cupertino,600000034552593532,600000034550915979,20,1/11/25 12:51 PM,1/11/25 12:20 PM,600000034550891834,20,,Default Online Ordering,A6,Dining Room,Lunch,Dine In,,40.86,8.99,0.00,49.85,49.85,0.00,0.00,NONE,,,,,,,CAPTURED,Credit,,Discover,,,,0828,0.00,,9YHXLkPJgwJtg,In Store,,
Cupertino,600000034552727032,600000034551128880,25,1/11/25 12:54 PM,1/11/25 12:25 PM,600000034551128830,25,,Default Online Ordering,A4,Dining Room,Lunch,Dine In,,66.01,11.88,0.00,77.89,77.89,0.00,0.00,NONE,,,,,,,CAPTURED,Credit,,Visa,,,,4844,0.00,,z7kWksrbgCknw,In Store,,
Cupertino,600000034552762069,600000034551454638,27,1/11/25 12:55 PM,1/11/25 12:34 PM,600000034551449389,27,,Default Online Ordering,A7,Dining Room,Lunch,Dine In,,47.64,7.15,0.00,54.79,54.79,0.00,0.00,NONE,,,,,,,CAPTURED,Credit,,Visa,,,+14082218289,4336,0.00,,Lnc9ggCsxnYRH,In Store,,
Cupertino,600000034553076212,600000034552115537,32,1/11/25 1:01 PM,1/11/25 12:40 PM,600000034552115535,32,,zhengyu chen,B5,Dining Room,Lunch,Dine In,,46.23,6.93,0.00,53.16,53.16,0.00,0.00,NONE,,,,,,,CAPTURED,Credit,,Mastercard,,,,3815,0.00,,wtLz9bzHhNnWp,In Store,,
Cupertino,600000034553113593,600000034550390480,17,1/11/25 1:02 PM,1/11/25 12:11 PM,600000034550363032,17,,Default Online Ordering,B3,Dining Room,Lunch,Dine In,,40.54,8.11,0.00,48.65,48.65,0.00,0.00,NONE,,,,,,,CAPTURED,Credit,,Visa,,,,6885,0.00,,WCFNzPnxdXtLF,In Store,,
Cupertino,600000034553168380,600000034551515576,29,1/11/25 1:03 PM,1/11/25 12:34 PM,600000034551417881,29,,Default Online Ordering,D2,Dining Room,Lunch,Dine In,,40.98,6.15,0.00,47.13,47.13,0.00,0.00,NONE,,,,,,,CAPTURED,Credit,,Amex,,,,2006,0.00,,JsmcwNkfwX9R9,In Store,,
Cupertino,600000034553187435,600000034552080768,38,1/11/25 1:04 PM,1/11/25 12:44 PM,600000034552032673,38,,Default Online Ordering,D5,Dining Room,Lunch,Dine In,,24.72,3.71,0.00,28.43,28.43,0.00,0.00,NONE,,,,,,,CAPTURED,Credit,,Visa,,,,3073,0.00,,tgXyqyfttYWLn,In Store,,
Cupertino,600000034553461150,600000034553461600,48,1/11/25 1:09 PM,1/11/25 1:09 PM,600000034553461550,48,SF b17bea20 PickUp-Miguel P,Default Online Ordering,,,Lunch,DoorDash - Takeout,,31.81,0.00,0.00,31.81,0.00,0.00,0.00,NONE,,,,,,,CAPTURED,Other,,,DoorDash,,9547806010,,,,kbf7bKnxYT7zY,API,,
Cupertino,600000034553553044,600000034551719447,33,1/11/25 1:11 PM,1/11/25 12:43 PM,600000034551715799,33,,Default Online Ordering,D4,Dining Room,Lunch,Dine In,,49.71,7.46,0.00,57.17,57.17,0.00,0.00,NONE,,,,,,,CAPTURED,Credit,,Visa,,,,3061,0.00,,phNpWWjFbyNH7,In Store,,
Cupertino,600000034553597420,600000034552264358,34,1/11/25 1:12 PM,1/11/25 12:43 PM,600000034552264357,34,,Yafang Chen,D1,Dining Room,Lunch,Dine In,,46.26,6.94,0.00,53.20,53.20,0.00,0.00,NONE,,,,,,,CAPTURED,Credit,,Mastercard,,,4157227297,3911,0.00,,JrjYwcYNdXRbh,In Store,,
Cupertino,600000034553657039,600000034553583142,54,1/11/25 1:22 PM,1/11/25 1:22 PM,600000034553583092,54,DD aa2c7065 David H,Default Online Ordering,,,Lunch,DoorDash - Delivery,,48.70,0.00,0.00,48.70,0.00,0.00,0.00,NONE,,,,,,,CAPTURED,Other,,,DoorDash,,8552228111,,,,JYNncdRs9zpmb,API,,
Cupertino,600000034553679691,600000034550501966,16,1/11/25 1:14 PM,1/11/25 12:10 PM,600000034550371725,16,,Default Online Ordering,C4,Dining Room,Lunch,Dine In,,138.58,27.72,0.00,166.30,166.30,0.00,0.00,NONE,,,,,,,CAPTURED,Credit,,Visa,,,,1126,0.00,,cCcWqb7PpjHgP,In Store,,
Cupertino,600000034553916934,600000034551744493,35,1/11/25 1:18 PM,1/11/25 12:44 PM,600000034551738495,35,,Default Online Ordering,B4,Dining Room,Lunch,Dine In,,49.49,9.90,0.00,59.39,59.39,0.00,0.00,NONE,,,,,,,CAPTURED,Credit,,Visa,,,,6030,0.00,,kPHbRMdyKRnTt,In Store,,
Cupertino,600000034554021604,600000034551515575,28,1/11/25 1:21 PM,1/11/25 12:34 PM,600000034551417880,28,,Default Online Ordering,A5,Dining Room,Lunch,Dine In,,48.23,7.23,0.00,55.46,55.46,0.00,0.00,NONE,,,,,,,CAPTURED,Credit,,Visa,,,+14084252892,5424,0.00,,HzFrFWJTYwzFp,In Store,,
Cupertino,600000034554155640,600000034552933205,42,1/11/25 1:23 PM,1/11/25 12:59 PM,600000034552910407,42,,Default Online Ordering,B2,Dining Room,Lunch,Dine In,,65.20,9.78,0.00,74.98,74.98,0.00,0.00,NONE,,,,,,,CAPTURED,Credit,,Visa,,,+16506817116,0923,0.00,,gspWrCTh9TFcg,In Store,,
Cupertino,600000034554221198,600000034552091868,31,1/11/25 1:25 PM,1/11/25 12:40 PM,600000034552091867,31,,zhengyu chen,B6,Dining Room,Lunch,Dine In,,80.64,12.10,0.00,92.74,92.74,0.00,0.00,NONE,,,,,,,CAPTURED,Credit,,Visa,,,,7944,0.00,,JgqdYRX9PYTcf,In Store,,
Cupertino,600000034554422733,600000034552789994,44,1/11/25 1:29 PM,1/11/25 1:03 PM,600000034552778847,44,,Default Online Ordering,A3,Dining Room,Lunch,Dine In,,40.82,6.12,0.00,46.94,46.94,0.00,0.00,NONE,,,,,,,CAPTURED,Credit,,Visa,,,,7847,0.00,,cfxNyNgp7X7JJ,In Store,,
Cupertino,600000034554441901,600000034551782892,36,1/11/25 1:29 PM,1/11/25 12:44 PM,600000034551782494,36,,Default Online Ordering,B1,Dining Room,Lunch,Dine In,,70.70,12.73,0.00,83.43,83.43,0.00,0.00,NONE,,,,,,,CAPTURED,Credit,,Visa,,,,8451,0.00,,ggJnXyxW9rKsX,In Store,,
Cupertino,600000034554595656,600000034553274410,46,1/11/25 1:32 PM,1/11/25 1:08 PM,600000034553146019,46,,Default Online Ordering,A7,Dining Room,Lunch,Dine In,,19.91,1.50,0.00,21.41,21.41,0.00,0.00,NONE,,,,,,,CAPTURED,Credit,,Visa,,,,9872,0.00,,rjyxLnmyPHbtq,In Store,,
Cupertino,600000034554611370,600000034552946232,47,1/11/25 1:32 PM,1/11/25 1:08 PM,600000034552939833,47,,Default Online Ordering,A7,Dining Room,Lunch,Dine In,,15.60,1.50,0.00,17.10,17.10,0.00,0.00,NONE,,,,,,,CAPTURED,Credit,,Visa,,,,0431,0.00,,C9zTqkFkyRRJY,In Store,,
Cupertino,600000034554616855,600000034552366291,41,1/11/25 1:33 PM,1/11/25 12:54 PM,600000034552364442,41,,Default Online Ordering,A1,Dining Room,Lunch,Dine In,,51.72,9.31,0.00,61.03,61.03,0.00,0.00,NONE,,,,,,,CAPTURED,Credit,,Visa,,,,4853,0.00,,dMMmRnPrjhKfW,In Store,,
Cupertino,600000034554639407,600000034552279650,37,1/11/25 1:33 PM,1/11/25 12:44 PM,600000034552268202,37,,Default Online Ordering,B7,Dining Room,Lunch,Dine In,,62.91,9.44,0.00,72.35,72.35,0.00,0.00,NONE,,,,,,,CAPTURED,Credit,,Visa,,,,8041,0.00,,KbXbYdTJctfkz,In Store,,
Cupertino,600000034554652526,600000034552671510,40,1/11/25 1:33 PM,1/11/25 12:54 PM,600000034552616215,40,,Default Online Ordering,A2,Dining Room,Lunch,Dine In,,54.45,9.80,0.00,64.25,64.25,0.00,0.00,NONE,,,,,,,CAPTURED,Credit,,Visa,,,,2306,0.00,,t9KxXTqzmLxk7,In Store,,
Cupertino,600000034554899483,600000034553137001,43,1/11/25 1:38 PM,1/11/25 1:03 PM,600000034553101306,43,,Default Online Ordering,B8,Dining Room,Lunch,Dine In,,37.87,7.57,0.00,45.44,45.44,0.00,0.00,NONE,,,,,,,CAPTURED,Credit,,Mastercard,,,,1065,0.00,,dhNRcKRKq7MJc,In Store,,
Cupertino,600000034555070161,600000034553320887,51,1/11/25 1:42 PM,1/11/25 1:15 PM,600000034553320837,51,,Default Online Ordering,B5,Dining Room,Lunch,Dine In,,52.64,8.72,0.00,61.36,0.00,0.00,0.00,NONE,,,,,,,CAPTURED,Credit,,Visa,,,,7064,0.00,,fcJTjYCcbRCkK,In Store,,
Cupertino,600000034555087022,600000034551615724,30,1/11/25 1:42 PM,1/11/25 12:36 PM,600000034551534033,30,,Default Online Ordering,D3,Dining Room,Lunch,Dine In,,60.67,9.10,0.00,69.77,69.77,0.00,0.00,NONE,,,,,,,CAPTURED,Credit,,Visa,,,,2372,0.00,,HxjHpMRYhnYmc,In Store,,
Cupertino,600000034555119167,600000034554376099,56,1/11/25 1:43 PM,1/11/25 1:27 PM,600000034554376098,56,,Yafang Chen,D1,Dining Room,Lunch,Dine In,,35.03,6.31,0.00,41.34,41.34,0.00,0.00,NONE,,,,,,,CAPTURED,Credit,,Visa,,,,3851,0.00,,pzqYzMMY7ccpC,In Store,,
Cupertino,600000034555197103,600000034553461606,50,1/11/25 1:44 PM,1/11/25 1:13 PM,600000034553461556,50,,Default Online Ordering,B3,Dining Room,Lunch,Dine In,,61.27,9.19,0.00,70.46,70.46,0.00,0.00,NONE,,,,,,,CAPTURED,Credit,,Mastercard,,,,6227,0.00,,wtKfqYRwqYrMM,In Store,,
Cupertino,600000034555253269,600000034555217773,66,1/11/25 1:49 PM,1/11/25 1:49 PM,600000034555162327,66,SF 8a24b7b3 PickUp-Ryan P,Default Online Ordering,,,Lunch,DoorDash - Takeout,,20.62,0.00,0.00,20.62,0.00,0.00,0.00,NONE,,,,,,,CAPTURED,Other,,,DoorDash,,9257890330,,,,wrFHKcRWswnrP,API,,
Cupertino,600000034555310970,600000034555077586,68,1/11/25 1:51 PM,1/11/25 1:51 PM,600000034555077536,68,SF 54b11854 PickUp-Caroline T,Default Online Ordering,,,Lunch,DoorDash - Takeout,,18.55,0.00,0.00,18.55,0.00,0.00,0.00,NONE,,,,,,,CAPTURED,Other,,,DoorDash,,6692947876,,,,KCLgFqyzF9rXJ,API,,
Cupertino,600000034555433604,600000034553572863,52,1/11/25 1:49 PM,1/11/25 1:15 PM,600000034553558915,52,,Default Online Ordering,D5,Dining Room,Lunch,Dine In,,28.75,4.31,0.00,33.06,33.06,0.00,0.00,NONE,,,,,,,CAPTURED,Credit,,Discover,,,,1822,0.00,,RyhqKyCqzxyNd,In Store,,
Cupertino,600000034555595223,600000034554349463,55,1/11/25 1:52 PM,1/11/25 1:26 PM,600000034554349462,55,,Yafang Chen,D4,Dining Room,Lunch,Dine In,,41.95,6.29,0.00,48.24,48.24,0.00,0.00,NONE,,,,,,,CAPTURED,Credit,,Visa,,,,2408,0.00,,gsMdt7kRYpbJP,In Store,,
Cupertino,600000034555658426,600000034554294707,57,1/11/25 1:53 PM,1/11/25 1:28 PM,600000034554202263,57,,Default Online Ordering,B4,Dining Room,Lunch,Dine In,,46.65,7.00,0.00,53.65,53.65,0.00,0.00,NONE,,,,,,,CAPTURED,Credit,,Visa,,,,9723,0.00,,phJpdRdsLRFJX,In Store,,
Cupertino,600000034555703887,600000034553516556,49,1/11/25 1:54 PM,1/11/25 1:12 PM,600000034553516456,49,,Default Online Ordering,A6,Dining Room,Lunch,Dine In,,80.25,13.20,0.00,93.45,93.45,0.00,0.00,NONE,,,,,,,CAPTURED,Credit,,Visa,,,,8799,0.00,,jMkmMmbbYNTcn,In Store,,
Cupertino,600000034556018462,600000034554921103,60,1/11/25 2:00 PM,1/11/25 1:39 PM,600000034554855412,60,,Default Online Ordering,A7,Dining Room,Lunch,Dine In,,45.78,6.87,0.00,52.65,52.65,0.00,0.00,NONE,,,,,,,CAPTURED,Credit,,Visa,,,,2989,0.00,,RCgTXnCwqsKRc,In Store,,
Cupertino,600000034556148604,600000034553272565,45,1/11/25 2:03 PM,1/11/25 1:08 PM,600000034553233017,45,,Default Online Ordering,A4,Dining Room,Lunch,Dine In,,101.87,15.28,0.00,117.15,117.15,0.00,0.00,NONE,,,,,,,CAPTURED,Credit,,Discover,,,,8831,0.00,,rrRzNXFctpKdN,In Store,,
Cupertino,600000034556456104,600000034554642639,62,1/11/25 2:08 PM,1/11/25 1:42 PM,600000034554589344,62,,Default Online Ordering,A3,Dining Room,Lunch,Dine In,,32.52,4.88,0.00,37.40,37.40,0.00,0.00,NONE,,,,,,,CAPTURED,Credit,,Visa,,,,8671,0.00,,bNnzwzhqyWxrg,In Store,,
Cupertino,600000034556518920,600000034556506722,76,1/11/25 2:15 PM,1/11/25 2:15 PM,600000034556506522,76,DD 92d93c87 Rishi M,Default Online Ordering,,,Lunch,DoorDash - Delivery,,50.56,0.00,0.00,50.56,0.00,0.00,0.00,NONE,,,,,,,CAPTURED,Other,,,DoorDash,,8552228111,,,,bJdwdwsrhhNdd,API,,
Cupertino,600000034556567601,600000034554859955,59,1/11/25 2:10 PM,1/11/25 1:38 PM,600000034554854006,59,Raymond Wong,Default Online Ordering,B1,Dining Room,Lunch,Dine In,,25.64,4.40,0.00,30.04,30.04,0.00,0.00,NONE,,,,,,,CAPTURED,Credit,,Visa,,,,9255,0.00,,hqHdXWffTntzL,In Store,,
Cupertino,600000034556676023,600000034555206623,64,1/11/25 2:12 PM,1/11/25 1:48 PM,600000034555206573,64,,Default Online Ordering,B6,Dining Room,Lunch,Dine In,,35.58,7.12,0.00,42.70,42.70,0.00,0.00,NONE,,,,,,,CAPTURED,Credit,,Visa,,,,7943,0.00,,YLcpfqKdYHmMq,In Store,,
Cupertino,600000034556711803,600000034554843121,61,1/11/25 2:13 PM,1/11/25 1:41 PM,600000034554739678,61,,Default Online Ordering,B7,Dining Room,Lunch,Dine In,,61.27,9.19,0.00,70.46,70.46,0.00,0.00,NONE,,,,,,,CAPTURED,Credit,,Visa,,,,2977,0.00,,pdHMMhKnJqfMh,In Store,,
Cupertino,600000034556735989,600000034553796201,53,1/11/25 2:13 PM,1/11/25 1:16 PM,600000034553762655,53,,Default Online Ordering,D2,Dining Room,Lunch,Dine In,,46.32,6.95,0.00,53.27,53.27,0.00,0.00,NONE,,,,,,,CAPTURED,Credit,,Visa,,,,5484,0.00,,PxHYdLKpxNqNr,In Store,,
Cupertino,600000034556738108,600000034554486588,58,1/11/25 2:13 PM,1/11/25 1:37 PM,600000034554485089,58,,Default Online Ordering,B2,Dining Room,Lunch,Dine In,,56.41,11.14,0.00,67.55,67.55,0.00,0.00,NONE,,,,,,,CAPTURED,Credit,,Visa,,,+16612042273,2255,0.00,,nM7sjWkfWWkL7,In Store,,
Cupertino,600000034556811095,600000034555217769,65,1/11/25 2:14 PM,1/11/25 1:49 PM,600000034555162323,65,,Default Online Ordering,A1,Dining Room,Lunch,Dine In,,25.26,3.79,0.00,29.05,29.05,0.00,0.00,NONE,,,,,,,CAPTURED,Credit,,Amex,,,,1007,0.00,,cFFqyqfJHRPxp,In Store,,
Cupertino,600000034557011604,600000034554990696,67,1/11/25 2:18 PM,1/11/25 1:51 PM,600000034554972347,67,,Default Online Ordering,C1,Dining Room,Lunch,Dine In,,20.18,4.04,0.00,24.22,24.22,0.00,0.00,NONE,,,,,,,CAPTURED,Credit,,Mastercard,,,+14085824955,5374,0.00,,X7cJbyPWxtYYY,In Store,,
Cupertino,600000034557265523,600000034555442619,72,1/11/25 2:22 PM,1/11/25 1:53 PM,600000034555442519,72,,Default Online Ordering,B8,Dining Room,Lunch,Dine In,,46.92,7.04,0.00,53.96,53.96,0.00,0.00,NONE,,,,,,,CAPTURED,Credit,,Visa,,,,7828,0.00,,FjkXnHfWrHLyr,In Store,,
Cupertino,600000034557370276,600000034555254747,63,1/11/25 2:24 PM,1/11/25 1:45 PM,600000034555254746,63,,Yafang Chen,A2,Dining Room,Lunch,Dine In,,22.20,3.33,0.00,25.53,25.53,0.00,0.00,NONE,,,,,,,CAPTURED,Credit,,Mastercard,,,,0654,0.00,,nttL7MXH7Tffh,In Store,,
Cupertino,600000034557612186,600000034555619991,71,1/11/25 2:28 PM,1/11/25 1:52 PM,600000034555619989,71,,Yafang Chen,B3,Dining Room,Lunch,Dine In,,38.09,7.62,0.00,45.71,45.71,0.00,0.00,NONE,,,,,,,CAPTURED,Credit,,Mastercard,,,,6065,0.00,,KRRwjzcyH9Ypg,In Store,,
Cupertino,600000034557734066,600000034555086691,69,1/11/25 2:30 PM,1/11/25 1:52 PM,600000034555078642,69,,Default Online Ordering,B5,Dining Room,Lunch,Dine In,,35.35,5.30,0.00,40.65,0.00,0.00,0.00,NONE,,,,,,,CAPTURED,Credit,,Visa,,,+16502790697,3216,0.00,,RTP7WgMNWKgW7,In Store,,
Cupertino,600000034557913394,600000034555912276,73,1/11/25 2:33 PM,1/11/25 2:02 PM,600000034555795585,73,,Default Online Ordering,A6,Dining Room,Lunch,Dine In,,42.40,6.36,0.00,48.76,48.76,0.00,0.00,NONE,,,,,,,CAPTURED,Credit,,Visa,,,,9801,0.00,,YzLkHrjJKmmTk,In Store,,
Cupertino,600000034557939189,600000034556482212,75,1/11/25 2:33 PM,1/11/25 2:12 PM,600000034556476913,75,,Default Online Ordering,C3,Dining Room,Lunch,Dine In,,46.70,10.27,0.00,56.97,56.97,0.00,0.00,NONE,,,,,,,CAPTURED,Credit,,Mastercard,,,,3820,0.00,,XRkwNXghW9rLs,In Store,,
Cupertino,600000034558468748,600000034558462554,85,1/11/25 2:42 PM,1/11/25 2:42 PM,600000034558462550,85,,Yafang Chen,,,Lunch,Take Out,,7.80,0.00,0.00,7.80,7.80,0.00,0.00,NONE,,,,,,,CAPTURED,Credit,,Mastercard,,,,3504,0.00,,bJTRrHLdKWggC,In Store,,
Cupertino,600000034558891992,600000034556865154,77,1/11/25 2:49 PM,1/11/25 2:15 PM,600000034556865153,77,,zhengyu chen,,,Lunch,Take Out,,7.80,0.00,0.00,7.80,7.80,0.00,0.00,NONE,,,,,,,CAPTURED,Credit,,Amex,,,8184343553,1002,0.00,,hK9xFhtnwrzww,In Store,,
Cupertino,600000034559640634,600000034557070136,78,1/11/25 3:01 PM,1/11/25 2:25 PM,600000034557070086,78,,Default Online Ordering,A4,Dining Room,Lunch,Dine In,,70.38,10.56,0.00,80.94,80.94,0.00,0.00,NONE,,,,,,,CAPTURED,Credit,,Visa,,,,3954,0.00,,XqNCmCJTc9Wjg,In Store,,
Cupertino,600000034559876128,600000034558665820,87,1/11/25 3:04 PM,1/11/25 2:48 PM,600000034558665770,87,,Default Online Ordering,A3,Dining Room,Lunch,Dine In,,20.95,3.14,0.00,24.09,24.09,0.00,0.00,NONE,,,,,,,CAPTURED,Credit,,Amex,,,,1009,0.00,,zx9hYJJFxycLs,In Store,,
Cupertino,600000034559914628,600000034556333661,74,1/11/25 3:04 PM,1/11/25 2:08 PM,600000034556301316,74,,Default Online Ordering,A7,Dining Room,Lunch,Dine In,,83.48,12.52,0.00,96.00,96.00,0.00,0.00,NONE,,,,,,,CAPTURED,Credit,,Visa,,,,4846,0.00,,qJcTH7jt77YK9,In Store,,
Cupertino,600000034559954261,600000034557858913,80,1/11/25 3:05 PM,1/11/25 2:33 PM,600000034557818667,80,,Default Online Ordering,B6,Dining Room,Lunch,Dine In,,99.48,19.90,0.00,119.38,119.38,0.00,0.00,NONE,,,,,,,CAPTURED,Credit,,Amex,,,,1005,0.00,,fNThYHknmHwyX,In Store,,
Cupertino,600000034559991671,600000034557215694,79,1/11/25 3:06 PM,1/11/25 2:29 PM,600000034557170399,79,,Default Online Ordering,B1,Dining Room,Lunch,Dine In,,47.73,6.00,0.00,53.73,53.73,0.00,0.00,NONE,,,,,,,CAPTURED,Credit,,Amex,,,,4758,0.00,,hTcKWrtstfJyh,In Store,,
Cupertino,600000034560326165,600000034558101168,84,1/11/25 3:11 PM,1/11/25 2:38 PM,600000034558101118,84,,Default Online Ordering,A2,Dining Room,Lunch,Dine In,,28.00,4.20,0.00,32.20,32.20,0.00,0.00,NONE,,,,,,,CAPTURED,Credit,,Visa,,,,2760,0.00,,xqsHqhXpqTKXK,In Store,,
Cupertino,600000034560611359,600000034557987957,81,1/11/25 3:15 PM,1/11/25 2:35 PM,600000034557932509,81,,Default Online Ordering,A1,Dining Room,Lunch,Dine In,,18.55,2.78,0.00,21.33,0.00,0.00,0.00,NONE,,,,,,,CAPTURED,Credit,,Visa,,,,3914,0.00,,KpqXMtyTLmCkf,In Store,,
Cupertino,600000034560639083,600000034557694147,82,1/11/25 3:15 PM,1/11/25 2:36 PM,600000034557694097,82,,Default Online Ordering,A1,Dining Room,Lunch,Dine In,,19.86,2.00,0.00,21.86,21.86,0.00,0.00,NONE,,,,,,,CAPTURED,Credit,,Visa,,tianguyen@gmail.com,,3761,0.00,,kNxrFCTkfKTFh,In Store,,
Cupertino,600000034560713716,600000034557901475,83,1/11/25 3:16 PM,1/11/25 2:37 PM,600000034557877877,83,,Default Online Ordering,C1,Dining Room,Lunch,Dine In,,118.88,21.40,0.00,140.28,140.28,0.00,0.00,NONE,,,,,,,CAPTURED,Credit,,Mastercard,,,,6356,0.00,,tNHyrtjRkqjbH,In Store,,
Cupertino,600000034561421116,600000034561294880,96,1/11/25 3:28 PM,1/11/25 3:28 PM,600000034561294830,96,DD f1e5046f Sophia S,Default Online Ordering,,,Lunch,DoorDash - Delivery,,51.05,0.00,0.00,51.05,0.00,0.00,0.00,NONE,,,,,,,CAPTURED,Other,,,DoorDash,,8552228111,,,,P7YnnFMdnMXKq,API,,
Cupertino,600000034561577041,600000034561568256,95,1/11/25 3:28 PM,1/11/25 3:28 PM,600000034561568255,95,,xiaoli zheng,,,Lunch,Take Out,,23.18,0.00,0.00,23.18,23.18,0.00,0.00,NONE,,,,,,,CAPTURED,Credit,,Visa,,,,8882,0.00,,bPs9nXMrtTnzW,In Store,,
Cupertino,600000034562560605,600000034560048496,92,1/11/25 3:42 PM,1/11/25 3:15 PM,600000034560580703,92,,Default Online Ordering,B5,Dining Room,Lunch,Dine In,,19.26,0.00,0.00,19.26,19.26,0.00,0.00,NONE,,,,,,,CAPTURED,Credit,,Mastercard,,,,1195,0.00,,Y7LjbzhLW7Jdg,In Store,,
Cupertino,600000034562620085,600000034562379997,101,1/11/25 3:48 PM,1/11/25 3:48 PM,600000034562966600,101,DD fb319c6e PickUp-Zary Z,Default Online Ordering,,,Lunch,DoorDash - Takeout,,15.60,0.00,0.00,15.60,0.00,0.00,0.00,NONE,,,,,,,CAPTURED,Other,,,DoorDash,,8552228111,,,,LCTnCtFxJdpYR,API,,
Cupertino,600000034562879881,600000034559723136,90,1/11/25 3:46 PM,1/11/25 3:08 PM,600000034559689138,90,,Default Online Ordering,B2,Dining Room,Lunch,Dine In,,45.01,6.75,0.00,51.76,51.76,0.00,0.00,NONE,,,,,,,CAPTURED,Credit,,Amex,,,+18584052077,1006,0.00,,zdzbrW9pHtbW7,In Store,,
Cupertino,600000034562898222,600000034563133101,102,1/11/25 3:50 PM,1/11/25 3:50 PM,600000034563113354,102,DD e86a5440 AnnaT N,Default Online Ordering,,,Lunch,DoorDash - Delivery,,21.39,0.00,0.00,21.39,0.00,0.00,0.00,NONE,,,,,,,CAPTURED,Other,,,DoorDash,,8552228111,,,,k9JnjmhMwCFgn,API,,
Cupertino,600000034563061523,600000034563230060,103,1/11/25 3:53 PM,1/11/25 3:53 PM,600000034563143066,103,DD 99135ced PAULINA L,Default Online Ordering,,,Lunch,DoorDash - Delivery,,65.51,0.00,0.00,65.51,0.00,0.00,0.00,NONE,,,,,,,CAPTURED,Other,,,DoorDash,,8552228111,,,,LwhYKTbwdCWbx,API,,
Cupertino,600000034563086280,600000034559902173,89,1/11/25 3:49 PM,1/11/25 3:08 PM,600000034559891175,89,,Default Online Ordering,B4,Dining Room,Lunch,Dine In,,53.75,9.68,0.00,63.43,63.43,0.00,0.00,NONE,,,,,,,CAPTURED,Credit,,Visa,,,,4531,0.00,,m7Tnnk7XyNFfX,In Store,,
Cupertino,600000034563241655,600000034561880866,99,1/11/25 3:51 PM,1/11/25 3:32 PM,600000034561880864,99,,zhengyu chen,A2,Dining Room,Lunch,Dine In,,26.03,2.00,0.00,28.03,28.03,0.00,0.00,NONE,,,,,,,CAPTURED,Credit,,Visa,,,,5585,0.00,,zMNqXjxKJLhrN,In Store,,
Cupertino,600000034563371805,600000034560035579,91,1/11/25 3:53 PM,1/11/25 3:11 PM,600000034560014630,91,,Default Online Ordering,A6,Dining Room,Lunch,Dine In,,41.52,7.47,0.00,48.99,48.99,0.00,0.00,NONE,,,,,,,CAPTURED,Credit,,Visa,,,,6209,0.00,,tdNdpwR9jdNtc,In Store,,
Cupertino,600000034563392689,600000034560035579,91,1/11/25 3:53 PM,1/11/25 3:11 PM,600000034560014630,91,,Default Online Ordering,A6,Dining Room,Lunch,Dine In,,41.51,7.47,0.00,48.98,48.98,0.00,0.00,NONE,,,,,,,CAPTURED,Credit,,Visa,,,,0791,0.00,,gpdryqzXdFRMb,In Store,,
Cupertino,600000034563428188,600000034561063358,93,1/11/25 3:54 PM,1/11/25 3:21 PM,600000034561063357,93,,zhengyu chen,A3,Dining Room,Lunch,Dine In,,41.73,6.26,0.00,47.99,47.99,0.00,0.00,NONE,,,,,,,CAPTURED,Credit,,Visa,,,+14083327926,6209,0.00,,JM9bpynWp7wnw,In Store,,
Cupertino,600000034563767346,600000034561451881,98,1/11/25 3:58 PM,1/11/25 3:31 PM,600000034561449083,98,,Default Online Ordering,A4,Dining Room,Lunch,Dine In,,46.21,6.93,0.00,53.14,53.14,0.00,0.00,NONE,,,,,,,CAPTURED,Credit,,Visa,,,,7847,0.00,,7xwskrgp7gfJm,In Store,,
Cupertino,600000034564347543,600000034562389303,100,1/11/25 4:06 PM,1/11/25 3:40 PM,600000034562382454,100,,Default Online Ordering,B6,Dining Room,Lunch,Dine In,,50.20,8.00,0.00,58.20,58.20,0.00,0.00,NONE,,,,,,,CAPTURED,Credit,,Mastercard,,,,7129,0.00,,sxsHTMNzPygjw,In Store,,
Cupertino,600000034564969793,600000034560559336,94,1/11/25 4:14 PM,1/11/25 3:22 PM,600000034560559286,94,,Default Online Ordering,A5,Dining Room,Lunch,Dine In,,47.41,5.00,0.00,52.41,52.41,0.00,0.00,NONE,,,,,,,CAPTURED,Credit,,Visa,,,,7504,0.00,,zhmFfCymp9FXs,In Store,,
Cupertino,600000034565789140,600000034563510817,104,1/11/25 4:26 PM,1/11/25 3:58 PM,600000034563475770,104,,Default Online Ordering,B1,Dining Room,Lunch,Dine In,,50.58,10.12,0.00,60.70,60.70,0.00,0.00,NONE,,,,,,,CAPTURED,Credit,,Visa,,,,4073,0.00,,mmgWMgY7fbcmF,In Store,,
Cupertino,600000034567013826,600000034566795193,105,1/11/25 4:47 PM,1/11/25 4:47 PM,600000034566795143,105,DD 897a45ef Hanny W,Default Online Ordering,,,Dinner,DoorDash - Delivery,,57.49,0.00,0.00,57.49,0.00,0.00,0.00,NONE,,,,,,,CAPTURED,Other,,,DoorDash,,8552228111,,,,qbYKcfmjLkscM,API,,
Cupertino,600000034567267486,600000034567526316,107,1/11/25 4:53 PM,1/11/25 4:53 PM,600000034567513368,107,DD 5d960a0e Parul S,Default Online Ordering,,,Dinner,DoorDash - Delivery,,27.50,0.00,0.00,27.50,0.00,0.00,0.00,NONE,,,,,,,CAPTURED,Other,,,DoorDash,,8552228111,,,,qcWqWkghwczpk,API,,
Cupertino,600000034567400788,600000034567720717,108,1/11/25 4:56 PM,1/11/25 4:56 PM,600000034567720268,108,DD eca457f2 Heng Woon O,Default Online Ordering,,,Dinner,DoorDash - Delivery,,46.09,0.00,0.00,46.09,0.00,0.00,0.00,NONE,,,,,,,CAPTURED,Other,,,DoorDash,,8552228111,,,,RCYffmHnwyMbs,API,,
Cupertino,600000034568272541,600000034568489980,110,1/11/25 5:08 PM,1/11/25 5:08 PM,600000034568489930,110,SF a146f600 PickUp-Eileen M,Default Online Ordering,,,Dinner,DoorDash - Takeout,,36.56,3.35,0.00,39.91,0.00,0.00,0.00,NONE,,,,,,,CAPTURED,Other,,,DoorDash,,5106052784,,,,FNFXtCdh9KJyw,API,,
Cupertino,600000034568804293,600000034569076777,117,1/11/25 5:16 PM,1/11/25 5:16 PM,600000034568972931,117,DD 3aa5f4e1 Nisha N,Default Online Ordering,,,Dinner,DoorDash - Delivery,,17.24,0.00,0.00,17.24,0.00,0.00,0.00,NONE,,,,,,,CAPTURED,Other,,,DoorDash,,8552228111,,,,fgpRnKLrd9yYw,API,,
Cupertino,600000034568862101,600000034568550978,111,1/11/25 5:09 PM,1/11/25 5:09 PM,600000034568487381,111,DD 1b229607 Pamela H,Default Online Ordering,,,Dinner,DoorDash - Delivery,,40.16,0.00,0.00,40.16,0.00,0.00,0.00,NONE,,,,,,,CAPTURED,Other,,,DoorDash,,8552228111,,,,hwb7dhXLMnyPd,API,,
Cupertino,600000034568905614,600000034569080851,113,1/11/25 5:11 PM,1/11/25 5:11 PM,600000034569080801,113,SF b2afb23f PickUp-Aya H,Default Online Ordering,,,Dinner,DoorDash - Takeout,,69.40,6.36,0.00,75.76,0.00,0.00,0.00,NONE,,,,,,,CAPTURED,Other,,,DoorDash,,9492447789,,,,tjdcLKyrwRqkW,API,,
Cupertino,600000034569065952,600000034569046660,112,1/11/25 5:11 PM,1/11/25 5:10 PM,600000034569046659,112,,Yafang Chen,,,Dinner,Take Out,,32.02,4.80,0.00,36.82,36.82,0.00,0.00,NONE,,,,,,,CAPTURED,Credit,,Visa,,,,6244,0.00,,WnHqMNFKPrcTT,In Store,,
Cupertino,600000034569250117,600000034567199829,106,1/11/25 5:14 PM,1/11/25 4:49 PM,600000034567179930,106,,Default Online Ordering,A1,Dining Room,Dinner,Dine In,,41.29,7.43,0.00,48.72,0.00,0.00,0.00,NONE,,,,,,,CAPTURED,Credit,,Mastercard,,,,8597,0.00,,jyJKLtwmHztFc,In Store,,
Cupertino,600000034570267841,600000034570855605,120,1/11/25 5:38 PM,1/11/25 5:38 PM,600000034570855555,120,SF d7a13b09 PickUp-Helen T,Default Online Ordering,,,Dinner,DoorDash - Takeout,,65.26,0.00,0.00,65.26,0.00,0.00,0.00,NONE,,,,,,,CAPTURED,Other,,,DoorDash,,4086213167,,,,7pnwgHd7bMztr,API,,
Cupertino,600000034570357738,600000034567941843,109,1/11/25 5:29 PM,1/11/25 5:05 PM,600000034568602153,109,,Default Online Ordering,A6,Dining Room,Dinner,Dine In,,35.78,4.22,0.00,40.00,0.00,0.00,0.00,NONE,,,,,,,CAPTURED,Credit,,Visa,,,,0279,0.00,,RrMxbbznMbyYf,In Store,,
Cupertino,600000034570580987,600000034570997368,123,1/11/25 5:44 PM,1/11/25 5:44 PM,600000034570990919,123,SF 338c36d5 PickUp-Larry W,Default Online Ordering,,,Dinner,DoorDash - Takeout,,12.11,0.00,0.00,12.11,0.00,0.00,0.00,NONE,,,,,,,CAPTURED,Other,,,DoorDash,,4083419849,,,,9XL7bL9stXsbj,API,,
Cupertino,600000034571448850,600000034571001318,125,1/11/25 5:46 PM,1/11/25 5:46 PM,600000034570934222,125,DD 638c50c5 PickUp-John L,Default Online Ordering,,,Dinner,DoorDash - Takeout,,23.41,0.00,0.00,23.41,0.00,0.00,0.00,NONE,,,,,,,CAPTURED,Other,,,DoorDash,,8552228111,,,,9ghNYkXgXzxmn,API,,
Cupertino,600000034571498473,600000034569500157,116,1/11/25 5:47 PM,1/11/25 5:15 PM,600000034569500156,116,,Yan Xu,B6,Dining Room,Dinner,Dine In,,89.21,17.84,0.00,107.05,107.05,0.00,0.00,NONE,,,,,,,CAPTURED,Credit,,Visa,,,,1548,0.00,,sLKtmFRWs7RnN,In Store,,
Cupertino,600000034571896951,600000034571880652,126,1/11/25 5:54 PM,1/11/25 5:54 PM,600000034571872853,126,SF 59c004d1 PickUp-Lynn W,Default Online Ordering,,,Dinner,DoorDash - Takeout,,14.40,0.00,0.00,14.40,0.00,0.00,0.00,NONE,,,,,,,CAPTURED,Other,,,DoorDash,,9098967598,,,,kstdsPPRP7KnJ,API,,
Cupertino,600000034572131416,600000034569846416,118,1/11/25 5:57 PM,1/11/25 5:26 PM,600000034569769220,118,,Default Online Ordering,B1,Dining Room,Dinner,Dine In,,63.19,9.48,0.00,72.67,72.67,0.00,0.00,NONE,,,,,,,CAPTURED,Credit,,Visa,,,,7919,0.00,,CfktFdWLXyLcz,In Store,,
Cupertino,600000034572517140,600000034572883412,133,1/11/25 6:13 PM,1/11/25 6:13 PM,600000034572813117,133,SF b9ddd683 PickUp-Alicia L,Default Online Ordering,,,Dinner,DoorDash - Takeout,,18.55,0.00,0.00,18.55,0.00,0.00,0.00,NONE,,,,,,,CAPTURED,Other,,,DoorDash,,2296036541,,,,xphWjLHwtbKgN,API,,
Cupertino,600000034573075194,600000034570182041,119,1/11/25 6:13 PM,1/11/25 5:38 PM,600000034570157892,119,,Default Online Ordering,A4,Dining Room,Dinner,Dine In,,79.39,14.29,0.00,93.68,93.68,0.00,0.00,NONE,,,,,,,CAPTURED,Credit,,Visa,,,,1986,0.00,,jbMPWgbc7h9Px,In Store,,
Cupertino,600000034573341759,600000034570689636,122,1/11/25 6:18 PM,1/11/25 5:43 PM,600000034570580393,122,,Default Online Ordering,A2,Dining Room,Dinner,Dine In,,52.26,7.84,0.00,60.10,60.10,0.00,0.00,NONE,,,,,,,CAPTURED,Credit,,Visa,,,,6363,0.00,,LhbnpzL7qfhzn,In Store,,
Cupertino,600000034573467483,600000034571493018,124,1/11/25 6:20 PM,1/11/25 5:46 PM,600000034571493017,124,,Yafang Chen,B3,Dining Room,Dinner,Dine In,,128.98,12.02,0.00,141.00,141.00,0.00,0.00,NONE,,,,,,,CAPTURED,Credit,,Mastercard,,,,6750,0.00,,yf7cwsjfNLcgk,In Store,,
Cupertino,600000034573649856,600000034570542338,121,1/11/25 6:23 PM,1/11/25 5:41 PM,600000034570491146,121,,Default Online Ordering,A5,Dining Room,Dinner,Dine In,,86.02,17.20,0.00,103.22,103.22,0.00,0.00,NONE,,,,,,,CAPTURED,Credit,,Mastercard,,,,4161,0.00,,cHMkzgkt9T9Lb,In Store,,
Cupertino,600000034574085032,600000034574075056,139,1/11/25 6:31 PM,1/11/25 6:30 PM,600000034574075055,139,,Yafang Chen,,,Dinner,Take Out,,20.57,0.00,0.00,20.57,20.57,0.00,0.00,NONE,,,,,,,CAPTURED,Credit,,Visa,,,,6894,0.00,,x7zfLyXLhMLrd,In Store,,
Cupertino,600000034574303604,600000034574311354,142,1/11/25 6:36 PM,1/11/25 6:36 PM,600000034574214559,142,SF f84497d6 PickUp-daniell b,Default Online Ordering,,,Dinner,DoorDash - Takeout,,26.46,0.00,0.00,26.46,0.00,0.00,0.00,NONE,,,,,,,CAPTURED,Other,,,DoorDash,,4082308731,,,,MHfKbLbqmpCjn,API,,
Cupertino,600000034574390202,600000034571977125,129,1/11/25 6:37 PM,1/11/25 6:00 PM,600000034571969726,129,,Default Online Ordering,B4,Dining Room,Dinner,Dine In,,35.35,6.36,0.00,41.71,41.71,0.00,0.00,NONE,,,,,,,CAPTURED,Credit,,Visa,,,,2588,0.00,,mCbCgkFhTPbFK,In Store,,
Cupertino,600000034574430547,600000034571977125,129,1/11/25 6:38 PM,1/11/25 6:00 PM,600000034571969726,129,,Default Online Ordering,B4,Dining Room,Dinner,Dine In,,35.35,0.00,0.00,35.35,0.00,0.00,35.35,NONE,,,,,,,CAPTURED,Cash,,,,,,,,,RkzxcssmqYgx7,In Store,,
Cupertino,600000034574497226,600000034571906246,132,1/11/25 6:39 PM,1/11/25 6:06 PM,600000034572679500,132,,Default Online Ordering,B7,Dining Room,Dinner,Dine In,,95.43,14.31,0.00,109.74,109.74,0.00,0.00,NONE,,,,,,,CAPTURED,Credit,,Visa,,,,9914,0.00,,hMpsWqqW9jMFH,In Store,,
Cupertino,600000034574543596,600000034572624902,131,1/11/25 6:40 PM,1/11/25 6:05 PM,600000034572623697,131,,Yan Xu,A6,Dining Room,Dinner,Dine In,,66.46,13.29,0.00,79.75,79.75,0.00,0.00,NONE,,,,,,,CAPTURED,Credit,,Visa,,,,8628,0.00,,pLYysThmgXCNr,In Store,,
Cupertino,600000034574772953,600000034571567833,127,1/11/25 6:44 PM,1/11/25 5:56 PM,600000034571567783,127,,Default Online Ordering,A7,Dining Room,Dinner,Dine In,,73.10,13.16,0.00,86.26,0.00,0.00,0.00,NONE,,,,,,,CAPTURED,Credit,,Mastercard,,,,5696,0.00,,k7wqyjthwrbtH,In Store,,
Cupertino,600000034574800065,600000034573168502,134,1/11/25 6:45 PM,1/11/25 6:15 PM,600000034573122754,134,,Default Online Ordering,A1,Dining Room,Dinner,Dine In,,28.75,4.31,0.00,33.06,0.00,0.00,0.00,NONE,,,,,,,CAPTURED,Credit,,Visa,,,,2461,0.00,,d7jbFWFMFyTFN,In Store,,
Cupertino,600000034574841976,600000034572273303,128,1/11/25 6:46 PM,1/11/25 5:59 PM,600000034572273301,128,,Yan Xu,B8,Dining Room,Dinner,Dine In,,72.13,14.43,0.00,86.56,86.56,0.00,0.00,NONE,,,,,,,CAPTURED,Credit,,Visa,,,,3317,0.00,,xkdrJWTFP9grm,In Store,,
Cupertino,600000034574979162,600000034574701530,150,1/11/25 6:52 PM,1/11/25 6:52 PM,600000034574658332,150,DD bd31e050 Ralph L,Default Online Ordering,,,Dinner,DoorDash - Delivery,,99.90,0.00,0.00,99.90,0.00,0.00,0.00,NONE,,,,,,,CAPTURED,Other,,,DoorDash,,8552228111,,,,swYqpJsWcpHKR,API,,
Cupertino,600000034575134757,600000034573684633,137,1/11/25 6:52 PM,1/11/25 6:23 PM,600000034573684632,137,,Yafang Chen,B5,Dining Room,Dinner,Dine In,,44.84,8.11,0.00,52.95,52.95,0.00,0.00,NONE,,,,,,,CAPTURED,Credit,,Visa,,,,5205,0.00,,mXJCfyqRJPLzy,In Store,,
Cupertino,600000034575250045,600000034573468712,136,1/11/25 6:54 PM,1/11/25 6:23 PM,600000034573396769,136,,Default Online Ordering,B1,Dining Room,Dinner,Dine In,,75.73,7.00,0.00,82.73,82.73,0.00,0.00,NONE,,,,,,,CAPTURED,Credit,,Visa,,,,8051,0.00,,WTWKPHC9xfFNJ,In Store,,
Cupertino,600000034575274687,600000034571868084,130,1/11/25 6:55 PM,1/11/25 6:01 PM,600000034571823140,130,,Default Online Ordering,C3,Dining Room,Dinner,Dine In,,87.66,17.53,0.00,105.19,105.19,0.00,0.00,NONE,,,,,,,CAPTURED,Credit,,Visa,,,,0348,0.00,,qN9krYMWWYRRX,In Store,,
Cupertino,600000034575286935,600000034571868084,130,1/11/25 6:55 PM,1/11/25 6:01 PM,600000034571823140,130,,Default Online Ordering,C3,Dining Room,Dinner,Dine In,,87.65,13.15,0.00,100.80,100.80,0.00,0.00,NONE,,,,,,,CAPTURED,Credit,,Visa,,,,3388,0.00,,YfLrwCyJXdjXt,In Store,,
Cupertino,600000034575638052,600000034573459990,140,1/11/25 7:03 PM,1/11/25 6:31 PM,600000034573441341,140,,Default Online Ordering,A4,Dining Room,Dinner,Dine In,,50.31,11.49,0.00,61.80,0.00,0.00,0.00,NONE,,,,,,,CAPTURED,Credit,,Visa,,,,8232,0.00,,RbcqmqcX9nydT,In Store,,
Cupertino,600000034575673088,600000034575671704,154,1/11/25 7:03 PM,1/11/25 7:03 PM,600000034575671703,154,,Yan Xu,,,Dinner,Dine In,,6.49,0.00,0.00,6.49,0.00,0.00,6.49,NONE,,,,,,,CAPTURED,Cash,,,,,,,,,qtydTCYXMRNss,In Store,,
Cupertino,600000034575733279,600000034573722128,138,1/11/25 7:05 PM,1/11/25 6:24 PM,600000034573722127,138,,Yafang Chen,B6,Dining Room,Dinner,Dine In,,85.17,17.03,0.00,102.20,102.20,0.00,0.00,NONE,,,,,,,CAPTURED,Credit,,Visa,,,,5376,0.00,,fdhNpTjgFpFTW,In Store,,
Cupertino,600000034575819300,600000034573468749,143,1/11/25 7:06 PM,1/11/25 6:36 PM,600000034574272456,143,,Default Online Ordering,B3,Dining Room,Dinner,Dine In,,61.65,12.33,0.00,73.98,73.98,0.00,0.00,NONE,,,,,,,CAPTURED,Credit,,Visa,,,,3760,0.00,,KxLJCgqgrXFYb,In Store,,
Cupertino,600000034575931127,600000034574541552,147,1/11/25 7:09 PM,1/11/25 6:41 PM,600000034574416107,147,,Default Online Ordering,B2,Dining Room,Dinner,Dine In,,46.00,9.20,0.00,55.20,55.20,0.00,0.00,NONE,,,,,,,CAPTURED,Credit,,Visa,,,,8446,0.00,,YRqwqjPKw7zPX,In Store,,
Cupertino,600000034575935968,600000034573950789,145,1/11/25 7:09 PM,1/11/25 6:40 PM,600000034573887691,145,,Default Online Ordering,A5,Dining Room,Dinner,Dine In,,56.35,8.45,0.00,64.80,64.80,0.00,0.00,NONE,,,,,,,CAPTURED,Credit,,Visa,,,,4676,0.00,,cHFPWWpcXpzbh,In Store,,
Cupertino,600000034576058665,600000034575922369,166,1/11/25 7:20 PM,1/11/25 7:20 PM,600000034575842075,166,DD 4929508a Marilyn A,Default Online Ordering,,,Dinner,DoorDash - Delivery,,53.12,0.00,0.00,53.12,0.00,0.00,0.00,NONE,,,,,,,CAPTURED,Other,,,DoorDash,,8552228111,,,,HgzLfzhpXjctk,API,,
Cupertino,600000034576181565,600000034575820284,168,1/11/25 7:21 PM,1/11/25 7:21 PM,600000034575771537,168,DD 1edd1e2b PickUp-Anup G,Default Online Ordering,,,Dinner,DoorDash - Takeout,,62.80,0.00,0.00,62.80,0.00,0.00,0.00,NONE,,,,,,,CAPTURED,Other,,,DoorDash,,8552228111,,,,fbjXL9XWhKJJL,API,,
Cupertino,600000034576270065,600000034574258721,146,1/11/25 7:17 PM,1/11/25 6:41 PM,600000034574254722,146,,Default Online Ordering,D2,Dining Room,Dinner,Dine In,,39.66,0.00,0.00,39.66,39.66,0.00,0.00,NONE,,,,,,,CAPTURED,Credit,,Visa,,,,3391,0.00,,RhwtxtLbWfFMX,In Store,,
Cupertino,600000034576350312,600000034572872423,135,1/11/25 7:19 PM,1/11/25 6:16 PM,600000034572691779,135,,Default Online Ordering,A3,Dining Room,Dinner,Dine In,,54.67,8.20,0.00,62.87,62.87,0.00,0.00,NONE,,,,,,,CAPTURED,Credit,,Mastercard,,,,3536,0.00,,xRHk7XKWmJzJT,In Store,,
Cupertino,600000034576511417,600000034574249608,144,1/11/25 7:23 PM,1/11/25 6:36 PM,600000034574130115,144,,Default Online Ordering,A2,Dining Room,Dinner,Dine In,,56.41,10.15,0.00,66.56,66.56,0.00,0.00,NONE,,,,,,,CAPTURED,Credit,,Visa,,,+16509966965,2469,0.00,,PnnphxWmPpxcd,In Store,,
Cupertino,600000034576644576,600000034574291931,148,1/11/25 7:26 PM,1/11/25 6:46 PM,600000034574287382,148,,Default Online Ordering,B4,Dining Room,Dinner,Dine In,,32.08,6.42,0.00,38.50,38.50,0.00,0.00,NONE,,,,,,,CAPTURED,Credit,,Visa,,,,5171,0.00,,YtMRkHbqmh7db,In Store,,
Cupertino,600000034576707077,600000034574205289,149,1/11/25 7:28 PM,1/11/25 6:48 PM,600000034574184343,149,,Default Online Ordering,B7,Dining Room,Dinner,Dine In,,54.56,0.00,0.00,54.56,54.56,0.00,0.00,NONE,,,,,,,CAPTURED,Credit,,Visa,,,,9429,0.00,,HsLRPHkrYbhdy,In Store,,
Cupertino,600000034576792606,600000034575291410,151,1/11/25 7:30 PM,1/11/25 6:58 PM,600000034575098720,151,,Default Online Ordering,A7,Dining Room,Dinner,Dine In,,106.01,15.90,0.00,121.91,121.91,0.00,0.00,NONE,,,,,,,CAPTURED,Credit,,Visa,,,,1142,0.00,,FWmjfYTmypqjk,In Store,,
Cupertino,600000034577158650,600000034576289449,172,1/11/25 7:40 PM,1/11/25 7:40 PM,600000034577157651,172,SF 351db1d5 PickUp-Clara F,Default Online Ordering,,,Dinner,DoorDash - Takeout,,15.17,0.00,0.00,15.17,0.00,0.00,0.00,NONE,,,,,,,CAPTURED,Other,,,DoorDash,,4084090107,,,,YfCtpNjwFNWHJ,API,,
Cupertino,600000034577172187,600000034576792249,185,1/11/25 8:05 PM,1/11/25 8:05 PM,600000034577881104,185,DD af6dc0b7 Stella C,Default Online Ordering,,,Dinner,DoorDash - Delivery,,45.59,0.00,0.00,45.59,0.00,0.00,0.00,NONE,,,,,,,CAPTURED,Other,,,DoorDash,,8552228111,,,,bTYYsqmd7KsRh,API,,
Cupertino,600000034577268895,600000034577665668,186,1/11/25 8:05 PM,1/11/25 8:05 PM,600000034577661221,186,DD 836b9608 Shirley W,Default Online Ordering,,,Dinner,DoorDash - Delivery,,19.53,0.00,0.00,19.53,0.00,0.00,0.00,NONE,,,,,,,CAPTURED,Other,,,DoorDash,,8552228111,,,,7hrfCmJWCrcTH,API,,
Cupertino,600000034577272088,600000034575519590,160,1/11/25 7:43 PM,1/11/25 7:14 PM,600000034575513291,160,,Default Online Ordering,A6,Dining Room,Dinner,Dine In,,85.64,12.85,0.00,98.49,98.49,0.00,0.00,NONE,,,,,,,CAPTURED,Credit,,Visa,,,,5072,0.00,,JrR7kMcgYpNgt,In Store,,
Cupertino,600000034577364382,600000034575059087,153,1/11/25 7:45 PM,1/11/25 7:03 PM,600000034575002992,153,,Default Online Ordering,B8,Dining Room,Dinner,Dine In,,51.44,7.72,0.00,59.16,59.16,0.00,0.00,NONE,,,,,,,CAPTURED,Credit,,Mastercard,,,,4879,0.00,,NPH9TWXHXCgnw,In Store,,
Cupertino,600000034577370040,600000034574985637,152,1/11/25 7:46 PM,1/11/25 7:02 PM,600000034574860941,152,,Default Online Ordering,B5,Dining Room,Dinner,Dine In,,64.05,9.61,0.00,73.66,73.66,0.00,0.00,NONE,,,,,,,CAPTURED,Credit,,Visa,,,,1814,0.00,,sc9LY7HrTnfnM,In Store,,
Cupertino,600000034577661120,600000034575776318,161,1/11/25 7:54 PM,1/11/25 7:15 PM,600000034575733770,161,,Default Online Ordering,B6,Dining Room,Dinner,Dine In,,36.60,6.59,0.00,43.19,43.19,0.00,0.00,NONE,,,,,,,CAPTURED,Credit,,Visa,,,,9774,0.00,,zLYPtshWKszCh,In Store,,
Cupertino,600000034577670286,600000034577436389,191,1/11/25 8:23 PM,1/11/25 8:23 PM,600000034577293446,191,SF be3fb414 PickUp-Dell S,Default Online Ordering,,,Dinner,DoorDash - Takeout,,46.27,4.24,0.00,50.51,0.00,0.00,0.00,NONE,,,,,,,CAPTURED,Other,,,DoorDash,,4088073165,,,,fYqRzLdkLnfpw,API,,
Cupertino,600000034577674709,600000034577306227,183,1/11/25 8:00 PM,1/11/25 8:00 PM,600000034577051239,183,SF 468f9120 PickUp-Eunice H,Default Online Ordering,,,Dinner,DoorDash - Takeout,,64.82,5.94,0.00,70.76,0.00,0.00,0.00,NONE,,,,,,,CAPTURED,Other,,,DoorDash,,9176177885,,,,JsqHkfrg9sjKN,API,,
Cupertino,600000034577721066,600000034575695761,158,1/11/25 7:56 PM,1/11/25 7:11 PM,600000034575623414,158,,Default Online Ordering,C3,Dining Room,Dinner,Dine In,,58.00,8.70,0.00,66.70,66.70,0.00,0.00,NONE,,,,,,,CAPTURED,Credit,,Visa,,,,7719,0.00,,dbcCY9bCKPWPr,In Store,,
Cupertino,600000034577747029,600000034575254895,157,1/11/25 7:57 PM,1/11/25 7:11 PM,600000034575997551,157,,Default Online Ordering,C4,Dining Room,Dinner,Dine In,,77.03,10.00,0.00,87.03,0.00,0.00,0.00,NONE,,,,,,,CAPTURED,Credit,,Visa,,,,8500,0.00,,gpjrfytkxfmLw,In Store,,
Cupertino,600000034577757992,600000034576414652,165,1/11/25 7:57 PM,1/11/25 7:18 PM,600000034576414651,165,,Yafang Chen,,,Dinner,Take Out,,102.18,0.00,0.00,102.18,102.18,0.00,0.00,NONE,,,,,,,CAPTURED,Credit,,Visa,,,6506959257,9319,0.00,,TXbCrhRXMX7Kz,In Store,,
Cupertino,600000034577763535,600000034575970058,162,1/11/25 7:57 PM,1/11/25 7:15 PM,600000034575870112,162,,Default Online Ordering,C2,Dining Room,Dinner,Dine In,,94.51,14.18,0.00,108.69,0.00,0.00,0.00,NONE,,,,,,,CAPTURED,Credit,,Visa,,,,3813,0.00,,zbH9FLdkcxRcN,In Store,,
Cupertino,600000034577783382,600000034575771044,169,1/11/25 7:58 PM,1/11/25 7:26 PM,600000034576590102,169,,Default Online Ordering,A3,Dining Room,Dinner,Dine In,,36.44,5.47,0.00,41.91,0.00,0.00,0.00,NONE,,,,,,,CAPTURED,Credit,,Visa,,,,9090,0.00,,rWzdxbC7PxpNy,In Store,,
Cupertino,600000034577802153,600000034575959677,167,1/11/25 7:58 PM,1/11/25 7:20 PM,600000034575830983,167,,Default Online Ordering,B2,Dining Room,Dinner,Dine In,,43.48,6.52,0.00,50.00,50.00,0.00,0.00,NONE,,,,,,,CAPTURED,Credit,,Visa,,,,6415,0.00,,pNgtXpPKNJPxX,In Store,,
Cupertino,600000034577805924,600000034578018417,189,1/11/25 8:19 PM,1/11/25 8:19 PM,600000034577870472,189,SF 03333e4e PickUp-David L,Default Online Ordering,,,Dinner,DoorDash - Takeout,,49.98,3.00,0.00,52.98,0.00,0.00,0.00,NONE,,,,,,,CAPTURED,Other,,,DoorDash,,4086342890,,,,mHHHk77tmTzyN,API,,
Cupertino,600000034577938151,600000034576860472,170,1/11/25 8:03 PM,1/11/25 7:31 PM,600000034576860471,170,,Yafang Chen,B3,Dining Room,Dinner,Dine In,,49.37,9.87,0.00,59.24,59.24,0.00,0.00,NONE,,,,,,,CAPTURED,Credit,,Visa,,,,2604,0.00,,W9CpmrhWXmmCX,In Store,,
Cupertino,600000034578027010,600000034577083558,173,1/11/25 8:05 PM,1/11/25 7:40 PM,600000034576964761,173,,Default Online Ordering,A5,Dining Room,Dinner,Dine In,,46.97,8.45,0.00,55.42,55.42,0.00,0.00,NONE,,,,,,,CAPTURED,Credit,,Mastercard,,,,5877,0.00,,CF9gCphsRbFRs,In Store,,
Cupertino,600000034578095471,600000034577589496,194,1/11/25 8:24 PM,1/11/25 8:24 PM,600000034577444698,194,DD 20f743c1 Gee C,Default Online Ordering,,,Dinner,DoorDash - Delivery,,58.91,0.00,0.00,58.91,0.00,0.00,0.00,NONE,,,,,,,CAPTURED,Other,,,DoorDash,,8552228111,,,,m7dpdqLqY7ptP,API,,
Cupertino,600000034578126127,600000034576932062,175,1/11/25 8:09 PM,1/11/25 7:43 PM,600000034576617524,175,,Default Online Ordering,B7,Dining Room,Dinner,Dine In,,45.95,6.89,0.00,52.84,52.84,0.00,0.00,NONE,,,,,,,CAPTURED,Credit,,Visa,,,,4954,0.00,,kqTwYKs7FNdfj,In Store,,
Cupertino,600000034578166542,600000034577014215,179,1/11/25 8:10 PM,1/11/25 7:48 PM,600000034576998468,179,,Default Online Ordering,A7,Dining Room,Dinner,Dine In,,41.52,6.23,0.00,47.75,47.75,0.00,0.00,NONE,,,,,,,CAPTURED,Credit,,Visa,,,,2004,0.00,,MqpYkJsqgRY7H,In Store,,
Cupertino,600000034578223307,600000034575776320,163,1/11/25 8:12 PM,1/11/25 7:15 PM,600000034575733772,163,,Default Online Ordering,B1,Dining Room,Dinner,Dine In,,35.24,5.29,0.00,40.53,0.00,0.00,0.00,NONE,,,,,,,CAPTURED,Credit,,Visa,,,,8303,0.00,,NNTCKYPb9NMrP,In Store,,
Cupertino,600000034578230556,600000034575959671,164,1/11/25 8:12 PM,1/11/25 7:18 PM,600000034575830977,164,,Default Online Ordering,B1,Dining Room,Dinner,Dine In,,25.69,3.85,0.00,29.54,0.00,0.00,0.00,NONE,,,,,,,CAPTURED,Credit,,Mastercard,,,,4597,0.00,,nRTshsJkdq7zM,In Store,,
Cupertino,600000034578479410,600000034577051817,180,1/11/25 8:20 PM,1/11/25 7:49 PM,600000034577041368,180,,Default Online Ordering,B4,Dining Room,Dinner,Dine In,,50.96,9.17,0.00,60.13,60.13,0.00,0.00,NONE,,,,,,,CAPTURED,Credit,,Amex,,,,2674,0.00,,XCzJywNjpbjXg,In Store,,
Cupertino,600000034578515225,600000034576177692,171,1/11/25 8:22 PM,1/11/25 7:33 PM,600000034576046795,171,,Default Online Ordering,A4,Dining Room,Dinner,Dine In,,162.24,24.34,0.00,186.58,186.58,0.00,0.00,NONE,,,,,,,CAPTURED,Credit,,Amex,,,,1001,0.00,,czgK9mrPXFfcc,In Store,,
Cupertino,600000034578596556,600000034576869533,176,1/11/25 8:24 PM,1/11/25 7:46 PM,600000034576810636,176,,Default Online Ordering,D3,Dining Room,Dinner,Dine In,,18.66,2.80,0.00,21.46,21.46,0.00,0.00,NONE,,,,,,,CAPTURED,Credit,,Mastercard,,,,8199,0.00,,LjrKXbCrjTHkd,In Store,,
Cupertino,600000034578609059,600000034576749890,177,1/11/25 8:25 PM,1/11/25 7:47 PM,600000034576749840,177,,Default Online Ordering,D3,Dining Room,Dinner,Dine In,,17.89,2.68,0.00,20.57,20.57,0.00,0.00,NONE,,,,,,,CAPTURED,Credit,,Visa,,,,7427,0.00,,TJcmKcHrKrxyW,In Store,,
Cupertino,600000034578618669,600000034577284561,178,1/11/25 8:25 PM,1/11/25 7:47 PM,600000034577250362,178,,Default Online Ordering,D3,Dining Room,Dinner,Dine In,,16.26,2.44,0.00,18.70,18.70,0.00,0.00,NONE,,,,,,,CAPTURED,Credit,,Visa,,,,0150,0.00,,zftcPqY7ktNCc,In Store,,
Cupertino,600000034578715174,600000034576590868,174,1/11/25 8:29 PM,1/11/25 7:43 PM,600000034576518020,174,,Default Online Ordering,A2,Dining Room,Dinner,Dine In,,52.04,7.81,0.00,59.85,0.00,0.00,0.00,NONE,,,,,,,CAPTURED,Credit,,Visa,,,,6975,0.00,,qNfPFwpMzYHqq,In Store,,
Cupertino,600000034578724381,600000034577570301,181,1/11/25 8:29 PM,1/11/25 7:50 PM,600000034577570300,181,,Yafang Chen,D1,Dining Room,Dinner,Dine In,,74.91,11.24,0.00,86.15,86.15,0.00,0.00,NONE,,,,,,,CAPTURED,Credit,,Visa,,,,4243,0.00,,YPkmnCddnc9wf,In Store,,
Cupertino,600000034578868672,600000034578297507,188,1/11/25 8:34 PM,1/11/25 8:14 PM,600000034578297505,188,,Yafang Chen,A5,Dining Room,Dinner,Dine In,,46.53,6.98,0.00,53.51,53.51,0.00,0.00,NONE,,,,,,,CAPTURED,Credit,,Visa,,,,6468,0.00,,cYjRKYh9Pmnxj,In Store,,
Cupertino,600000034579010828,600000034577894924,184,1/11/25 8:40 PM,1/11/25 8:00 PM,600000034577894923,184,,Yafang Chen,B8,Dining Room,Dinner,Dine In,,62.35,11.22,0.00,73.57,73.57,0.00,0.00,NONE,,,,,,,CAPTURED,Credit,,Visa,,,,5517,0.00,,7rRRWPmcYMykH,In Store,,
Cupertino,600000034579106602,600000034577058734,182,1/11/25 8:44 PM,1/11/25 7:59 PM,600000034577015588,182,,Default Online Ordering,A6,Dining Room,Dinner,Dine In,,99.04,14.86,0.00,113.90,113.90,0.00,0.00,NONE,,,,,,,CAPTURED,Credit,,Mastercard,,,,9765,0.00,,7MwXnMWJYrWbj,In Store,,
Cupertino,600000034579300815,600000034576128574,159,1/11/25 8:51 PM,1/11/25 7:13 PM,600000034576128573,159,,Yafang Chen,A1,Dining Room,Dinner,Dine In,,36.77,5.00,0.00,41.77,41.77,0.00,0.00,NONE,,,,,,,CAPTURED,Credit,,Visa,,,,2945,0.00,,JgFNnRRLqHbTX,In Store,,
Cupertino,600000034579318412,600000034578382549,202,1/11/25 9:04 PM,1/11/25 9:04 PM,600000034579542503,202,DD 837b7741 Dan A,Default Online Ordering,,,Dinner,DoorDash - Delivery,,55.03,0.00,0.00,55.03,0.00,0.00,0.00,NONE,,,,,,,CAPTURED,Other,,,DoorDash,,8552228111,,,,nRrhxxysH9Jcq,API,,
Cupertino,600000034579337883,600000034578027452,187,1/11/25 8:53 PM,1/11/25 8:07 PM,600000034577895709,187,,Default Online Ordering,B6,Dining Room,Dinner,Dine In,,121.87,21.94,0.00,143.81,143.81,0.00,0.00,NONE,,,,,,,CAPTURED,Credit,,Visa,,,,5436,0.00,,TYqbHMxstTfqf,In Store,,
Cupertino,600000034579378359,600000034578030527,195,1/11/25 8:55 PM,1/11/25 8:27 PM,600000034577907439,195,,Default Online Ordering,A3,Dining Room,Dinner,Dine In,,48.72,0.00,0.00,48.72,48.72,0.00,0.00,NONE,,,,,,,CAPTURED,Credit,,Visa,,,,3299,0.00,,RCWFfCfgrspNd,In Store,,
Cupertino,600000034579634332,600000034578105121,190,1/11/25 9:06 PM,1/11/25 8:21 PM,600000034577844030,190,,Default Online Ordering,C1,Dining Room,Dinner,Dine In,,31.48,9.37,0.00,40.85,40.85,0.00,0.00,NONE,,,,,,,CAPTURED,Credit,,Visa,,,,2750,0.00,,bjjtbLhKsFrzf,In Store,,
Cupertino,600000034579646974,600000034577761746,196,1/11/25 9:06 PM,1/11/25 8:28 PM,600000034577700998,196,,Default Online Ordering,C4,Dining Room,Dinner,Dine In,,37.97,5.70,0.00,43.67,43.67,0.00,0.00,NONE,,,,,,,CAPTURED,Credit,,Visa,,,,5400,0.00,,hzkzJrmNJLFFJ,In Store,,
Cupertino,600000034579655190,600000034578027488,197,1/11/25 9:07 PM,1/11/25 8:31 PM,600000034577895745,197,,Default Online Ordering,C4,Dining Room,Dinner,Dine In,,81.64,12.25,0.00,93.89,93.89,0.00,0.00,NONE,,,,,,,CAPTURED,Credit,,Mastercard,,,,5995,0.00,,9MhFwjJqgP9kK,In Store,,
Cupertino,600000034579660745,600000034578349561,192,1/11/25 9:07 PM,1/11/25 8:24 PM,600000034578310613,192,,Default Online Ordering,C3,Dining Room,Dinner,Dine In,,79.43,15.89,0.00,95.32,95.32,0.00,0.00,NONE,,,,,,,CAPTURED,Credit,,Visa,,,,4432,0.00,,PbPTHTqmxTYTq,In Store,,
Cupertino,600000034579665880,600000034578382519,199,1/11/25 9:07 PM,1/11/25 8:36 PM,600000034578313473,199,,Default Online Ordering,A4,Dining Room,Dinner,Dine In,,59.75,8.22,0.00,67.97,67.97,0.00,0.00,NONE,,,,,,,CAPTURED,Credit,,Visa,,,,9718,0.00,,WkgRqnqxFj7MY,In Store,,
Cupertino,600000034579801914,600000034579380479,204,1/11/25 9:29 PM,1/11/25 9:29 PM,600000034579362031,204,DD 8be35ca2 JORDAN T,Default Online Ordering,,,Dinner,DoorDash - Delivery,,27.77,0.00,0.00,27.77,0.00,0.00,0.00,NONE,,,,,,,CAPTURED,Other,,,DoorDash,,8552228111,,,,csbNFLFxtFcNR,API,,
Cupertino,600000034579862481,600000034578702383,200,1/11/25 9:17 PM,1/11/25 8:52 PM,600000034578610188,200,,Default Online Ordering,A2,Dining Room,Dinner,Dine In,,22.92,3.44,0.00,26.36,26.36,0.00,0.00,NONE,,,,,,,CAPTURED,Credit,,Amex,,,,1002,0.00,,nxycWwbXFWLcd,In Store,,
Cupertino,600000034580008633,600000034578722759,198,1/11/25 9:25 PM,1/11/25 8:32 PM,600000034578722709,198,,Default Online Ordering,B4,Dining Room,Dinner,Dine In,,56.41,8.46,0.00,64.87,64.87,0.00,0.00,NONE,,,,,,,CAPTURED,Credit,,Discover,,,,0544,0.00,,c7mkMbbz9NtnW,In Store,,
Cupertino,600000034580029174,600000034578027482,193,1/11/25 9:26 PM,1/11/25 8:24 PM,600000034577895739,193,,Default Online Ordering,B1,Dining Room,Dinner,Dine In,,70.70,12.73,0.00,83.43,83.43,0.00,0.00,NONE,,,,,,,CAPTURED,Credit,,Visa,,goldahernandez@gmail.com,,5171,0.00,,HpgPtjmXNgyws,In Store,,
Cupertino,600000034580408212,600000034579874955,203,1/11/25 9:47 PM,1/11/25 9:17 PM,600000034579874954,203,,Yan Xu,A3,Dining Room,Dinner,Dine In,,48.07,7.21,0.00,55.28,55.28,0.00,0.00,NONE,,,,,,,CAPTURED,Credit,,Visa,,,,8338,0.00,,shqcp7x7yXjkh,In Store,,
Cupertino,600000034580427989,600000034579348114,201,1/11/25 9:48 PM,1/11/25 8:53 PM,600000034579348107,201,,xiaoli zheng,A5,Dining Room,Dinner,Dine In,,65.14,9.77,0.00,74.91,74.91,0.00,0.00,NONE,,,,,,,CAPTURED,Credit,,Amex,,,,6745,0.00,,mt9MRJMNMqPg7,In Store,,
Cupertino,600000034580674585,600000034580284453,205,1/11/25 10:04 PM,1/11/25 9:42 PM,600000034580222008,205,,Default Online Ordering,A7,Dining Room,Dinner,Dine In,,46.42,10.21,0.00,56.63,0.00,0.00,0.00,NONE,,,,,,,CAPTURED,Credit,,Visa,,adaetz100@gmail.com,,7906,0.00,,dWX9TphhrrcNk,In Store,,
