Location,Location Code,Id,GUID,Employee Id,Employee GUID,Employee External Id,Employee,Job Id,Job GUID,Job Code,Job Title,In Date,Out Date,Auto Clock-out,Total Hours,Unpaid Break Time,Paid Break Time,Payable Hours,Cash Tips Declared,Non Cash Tips,Total Gratuity,Total Tips,Tips Withheld,Wage,Regular Hours,Overtime Hours,Regular Pay,Overtime Pay,Total Pay
Cupertino,CA02,600000034545935731,c634d38c-96f3-4c79-bb99-3ec5950625ad,600000002970777958,b4a3d95d-59c6-4901-82b7-c1a777aab865,187,"Chen, Yafang",600000009837655739,df2bae65-6ee0-429d-bf33-119c20d1f5b4,,Server 6,1/11/25 10:27 AM,1/11/25 3:14 PM,No,4.80,0.00,0.00,4.80,,0.00,0.00,0.00,0.00,,4.80,0.00,,,
Cupertino,CA02,600000034547367188,9846bd6e-7f3e-407f-b610-5fe9445147de,600000002446536534,ae65bdd5-03cd-4dc3-9daa-0e8d8f02fe03,181,"Xu, Yan",600000009837655734,77d988fd-e5b8-4c14-a0bd-a5e1487f4e3d,,Server 4,1/11/25 10:59 AM,1/11/25 3:01 PM,No,4.04,0.00,0.00,4.04,,0.00,0.00,0.00,0.00,,4.04,0.00,,,
Cupertino,CA02,600000034548843504,ed6da975-22a6-4eba-bf6f-42f2cdc6deda,600000000344509975,c50645a8-3e20-418c-928f-7ac3dda7b7e9,105,"Lu, Bao Shen",600000009837655732,8da883cf-e8ea-42ff-bf5b-442b9645ff7c,,Server 3,1/11/25 11:30 AM,1/11/25 4:00 PM,No,4.50,0.00,0.00,4.50,,0.00,0.00,0.00,0.00,,4.50,0.00,,,
Cupertino,CA02,600000034550588527,3c9f6952-0223-4ef1-9575-cb3b8b5d8d4f,600000001251302471,926dca98-bd07-4351-b441-2634bdc824ca,131,"chen, zhengyu",600000009837655739,df2bae65-6ee0-429d-bf33-119c20d1f5b4,,Server 6,1/11/25 12:08 PM,1/12/25 4:00 AM,Yes,15.86,0.00,0.00,15.86,0.00,39.41,0.00,39.41,0.00,,8.00,7.86,,,
Cupertino,CA02,600000034550649321,b90822bb-f2a2-4abd-a90d-38be88df0baf,600000013299861140,7e784155-4add-4038-bc80-2d8405905c9c,,"zheng, xiaoli",600000000187953261,1f27dffe-ff3d-4db7-810c-764b9b917d57,,Server,1/11/25 12:09 PM,1/12/25 4:00 AM,Yes,15.84,0.00,0.00,15.84,0.00,9.77,0.00,9.77,0.00,,8.00,7.84,,,
Cupertino,CA02,600000034568044187,12dfe053-96a7-4978-ad5f-2ef718cbb790,600000002970777958,b4a3d95d-59c6-4901-82b7-c1a777aab865,187,"Chen, Yafang",600000009837655739,df2bae65-6ee0-429d-bf33-119c20d1f5b4,,Server 6,1/11/25 4:57 PM,1/11/25 10:24 PM,No,5.45,0.00,0.00,5.45,,0.00,0.00,0.00,0.00,,3.20,2.25,,,
Cupertino,CA02,600000034568151020,bdfee395-66f2-41ce-9f28-d6d98b81efdf,600000002446536534,ae65bdd5-03cd-4dc3-9daa-0e8d8f02fe03,181,"Xu, Yan",600000009837655734,77d988fd-e5b8-4c14-a0bd-a5e1487f4e3d,,Server 4,1/11/25 4:58 PM,1/11/25 10:19 PM,No,5.35,0.00,0.00,5.35,,0.00,0.00,0.00,0.00,,3.96,1.39,,,
Cupertino,CA02,600000034570325146,b8fa4373-a9c0-4dcb-bef4-fe484a7e6d5b,600000000344509975,c50645a8-3e20-418c-928f-7ac3dda7b7e9,105,"Lu, Bao Shen",600000009837655732,8da883cf-e8ea-42ff-bf5b-442b9645ff7c,,Server 3,1/11/25 5:29 PM,1/11/25 10:15 PM,No,4.76,0.00,0.00,4.76,,0.00,0.00,0.00,0.00,,3.50,1.26,,,
