Master ID,Item ID,Parent ID,Menu Name,Menu Group,Subgroup,Menu Item,Tags,Avg Price,Item Qty (incl voids),% of Ttl Qty (incl voids),Gross Amount (incl voids),% of Ttl Amt (incl voids),Item Qty,Gross Amount,Void Qty,Void Amount,Discount Amount,Net Amount,# Orders,% of Ttl # Orders,% Qty (Group),% Qty (Menu),% Qty (All),% Net Amt (Group),% Net Amt (Menu),% Net Amt (All)
,,,ALL MENUS,,,,,8.04017094017094,468.0,0.0,3762.80,0.0,468.0,3762.80,0.0,0.00,23.80,3739.00,100,0,0,0,0,0,0,0
,,,Dough Zone Menu (Cupertino),,,,,8.04017094017094,468.0,1.0,3762.80,1.0,468.0,3762.80,0.0,0.00,23.80,3739.00,100,1.0,0,0,1.0,0,0,1.0
600000010081823843,600000010081823844,,Dough Zone Menu (Cupertino),HOUSE SPECIALS,,,,6.17,53.0,0.11324786324786325,327.20,0.08695652173913043,53.0,327.20,0.0,0.00,0.00,327.20,42,0.42,0,0.11324786324786325,0.11324786324786325,0,0.08751002941963092,0.08751002941963092
600000010081823846,600000010081823847,600000010081823843,Dough Zone Menu (Cupertino),HOUSE SPECIALS,,Green Onion Pancake (1) ‚ìã Ëë±Ê≤πÈ•º,,4.177083333333333,24.0,0.4528301886792453,100.25,0.3063875305623472,24.0,100.25,0.0,0.00,0.00,100.25,22,0.5238095238095238,0.4528301886792453,0.05128205128205128,0.05128205128205128,0.3063875305623472,0.02681198181331907,0.02681198181331907
600000010081825599,600000010081826450,600000010081823843,Dough Zone Menu (Cupertino),HOUSE SPECIALS,,Spicy Beef Sandwich (1) üå∂Ô∏èüå∂Ô∏èÂ§ßÂò¥ÁâõËÇâÂåÖ (Ëæ£),,7.3,3.0,0.05660377358490566,21.90,0.06693154034229828,3.0,21.90,0.0,0.00,0.00,21.90,3,0.07142857142857142,0.05660377358490566,0.00641025641025641,0.00641025641025641,0.06693154034229828,0.005857181064455736,0.005857181064455736
600000010081827854,600000010081827857,600000010081823843,Dough Zone Menu (Cupertino),HOUSE SPECIALS,,Beef Sandwich (1) Â§ßÂò¥ÁâõËÇâÂåÖ (‰∏çËæ£),,7.3,3.0,0.05660377358490566,21.90,0.06693154034229828,3.0,21.90,0.0,0.00,0.00,21.90,2,0.047619047619047616,0.05660377358490566,0.00641025641025641,0.00641025641025641,0.06693154034229828,0.005857181064455736,0.005857181064455736
600000010081829145,600000010081829146,600000010081823843,Dough Zone Menu (Cupertino),HOUSE SPECIALS,,Spicy Beef Pancake Roll (1) üå∂Ô∏èüå∂Ô∏è È∫ªËæ£ÁâõËÇâÂç∑È•º,,9.4,1.0,0.018867924528301886,9.40,0.028728606356968216,1.0,9.40,0.0,0.00,0.00,9.40,1,0.023809523809523808,0.018867924528301886,0.002136752136752137,0.002136752136752137,0.028728606356968216,0.0025140411874832844,0.0025140411874832844
600000010081831014,600000010081831015,600000010081823843,Dough Zone Menu (Cupertino),HOUSE SPECIALS,,Beef Pancake Roll (1) ÈÖ±È¶ôÁâõËÇâÂç∑È•º (‰∏çËæ£),,9.7625,4.0,0.07547169811320754,39.05,0.11934596577017115,4.0,39.05,0.0,0.00,0.00,39.05,4,0.09523809523809523,0.07547169811320754,0.008547008547008548,0.008547008547008548,0.11934596577017115,0.010443968975661942,0.010443968975661942
600000010081832226,600000010081832227,600000010081823843,Dough Zone Menu (Cupertino),HOUSE SPECIALS,,Pan Fried Chive Dumplings (3) Èü≠ËèúÁõíÂ≠ê,,7.3,3.0,0.05660377358490566,21.90,0.06693154034229828,3.0,21.90,0.0,0.00,0.00,21.90,3,0.07142857142857142,0.05660377358490566,0.00641025641025641,0.00641025641025641,0.06693154034229828,0.005857181064455736,0.005857181064455736
600000010081833953,600000010081833954,600000010081823843,Dough Zone Menu (Cupertino),HOUSE SPECIALS,,Pan Fried Beef Pies (2) ÁâõËÇâÈ¶ÖÈ•º,,7.5200000000000005,5.0,0.09433962264150944,37.60,0.11491442542787286,5.0,37.60,0.0,0.00,0.00,37.60,5,0.11904761904761904,0.09433962264150944,0.010683760683760684,0.010683760683760684,0.11491442542787286,0.010056164749933138,0.010056164749933138
600000031726935735,600000031726935734,600000010081823843,Dough Zone Menu (Cupertino),HOUSE SPECIALS,,Chinese Crepe ÁÖéÈ•ºÊûúÂ≠ê (ËñÑËÑÜ),,7.5200000000000005,10.0,0.18867924528301888,75.20,0.22982885085574573,10.0,75.20,0.0,0.00,0.00,75.20,10,0.23809523809523808,0.18867924528301888,0.021367521367521368,0.021367521367521368,0.22982885085574573,0.020112329499866275,0.020112329499866275
600000010081834424,600000010081834425,,Dough Zone Menu (Cupertino),XIAO LONG BAO (SOUP DUMPLINGS),,,,10.12,80.0,0.17094017094017094,809.50,0.2151323482513022,80.0,809.50,0.0,0.00,0.00,809.50,57,0.57,0,0.17094017094017094,0.17094017094017094,0,0.216501738432736,0.216501738432736
600000010081834426,600000010081834427,600000010081834424,Dough Zone Menu (Cupertino),XIAO LONG BAO (SOUP DUMPLINGS),,Pork Xiao Long Bao (8) È≤úËÇâÂ∞èÁ¨ºÂåÖ,,10.17222222222222,54.0,0.675,549.30,0.6785670166769611,54.0,549.30,0.0,0.00,0.00,549.30,44,0.7719298245614035,0.675,0.11538461538461539,0.11538461538461539,0.6785670166769611,0.14691093875367744,0.14691093875367744
600000010081835785,600000010081835786,600000010081834424,Dough Zone Menu (Cupertino),XIAO LONG BAO (SOUP DUMPLINGS),,Pork & Crab Meat Xiao Long Bao (8) ü¶ê ËüπËÇâÂ∞èÁ¨ºÂåÖ,,9.950000000000001,12.0,0.15,119.40,0.14749845583693638,12.0,119.40,0.0,0.00,0.00,119.40,12,0.21052631578947367,0.15,0.02564102564102564,0.02564102564102564,0.14749845583693638,0.03193367210484087,0.03193367210484087
600000010081837612,600000010081837613,600000010081834424,Dough Zone Menu (Cupertino),XIAO LONG BAO (SOUP DUMPLINGS),,Chicken Xiao Long Bao (8) È∏°ËÇâÂ∞èÁ¨ºÂåÖ,,10.057142857142859,14.0,0.175,140.80,0.17393452748610255,14.0,140.80,0.0,0.00,0.00,140.80,12,0.21052631578947367,0.175,0.029914529914529916,0.029914529914529916,0.17393452748610255,0.03765712757421771,0.03765712757421771
600000010081839182,600000010081839183,,Dough Zone Menu (Cupertino),Q-BAO¬Æ,,,,10.07,37.0,0.07905982905982906,372.65,0.09903529286701392,37.0,372.65,0.0,0.00,0.00,372.65,32,0.32,0,0.07905982905982906,0.07905982905982906,0,0.09966568601230275,0.09966568601230275
600000010081839186,600000010081839187,600000010081839182,Dough Zone Menu (Cupertino),Q-BAO¬Æ,,Pan Fried Pork Buns (4) ÁâπËâ≤È≤úËÇâÁÖéÂåÖ,,10.07857142857143,35.0,0.9459459459459459,352.75,0.9465986850932511,35.0,352.75,0.0,0.00,0.00,352.75,31,0.96875,0.9459459459459459,0.07478632478632478,0.07478632478632478,0.9465986850932511,0.09434340732816261,0.09434340732816261
600000010081840857,600000010081840858,600000010081839182,Dough Zone Menu (Cupertino),Q-BAO¬Æ,,Steamed Pork Buns (4) ÁâπËâ≤È≤úËÇâËí∏ÂåÖ,,9.95,2.0,0.05405405405405406,19.90,0.05340131490674896,2.0,19.90,0.0,0.00,0.00,19.90,2,0.0625,0.05405405405405406,0.004273504273504274,0.004273504273504274,0.05340131490674896,0.0053222786841401444,0.0053222786841401444
600000010081843256,600000010081843257,,Dough Zone Menu (Cupertino),DUMPLINGS,,,,7.60,50.0,0.10683760683760683,379.85,0.10094876156054003,50.0,379.85,0.0,0.00,0.00,379.85,44,0.44,0,0.10683760683760683,0.10683760683760683,0,0.10159133458143889,0.10159133458143889
600000010081843258,600000010081843259,600000010081843256,Dough Zone Menu (Cupertino),DUMPLINGS,,Vegetable Potstickers (6) ‚ìã Á¥†‰∏âÈ≤úÈîÖË¥¥,,7.3,1.0,0.02,7.30,0.019218112412794523,1.0,7.30,0.0,0.00,0.00,7.30,1,0.022727272727272728,0.02,0.002136752136752137,0.002136752136752137,0.019218112412794523,0.0019523936881519122,0.0019523936881519122
600000010081845155,600000010081845158,600000010081843256,Dough Zone Menu (Cupertino),DUMPLINGS,,Chicken Potstickers (6) È∏°ËÇâÈîÖË¥¥,,7.544444444444445,9.0,0.18,67.90,0.17875477162037648,9.0,67.90,0.0,0.00,0.00,67.90,9,0.20454545454545456,0.18,0.019230769230769232,0.019230769230769232,0.17875477162037648,0.018159935811714364,0.018159935811714364
600000010081846332,600000010081846333,600000010081843256,Dough Zone Menu (Cupertino),DUMPLINGS,,Pork & Shrimp Potstickers (6) ü¶ê Áå™ËÇâ‰∏âÈ≤úÈîÖË¥¥,,7.3,15.0,0.3,109.50,0.28827168619191784,15.0,109.50,0.0,0.00,0.00,109.50,15,0.3409090909090909,0.3,0.03205128205128205,0.03205128205128205,0.28827168619191784,0.029285905322278684,0.029285905322278684
600000010081847462,600000010081847463,600000010081843256,Dough Zone Menu (Cupertino),DUMPLINGS,,Beef Potstickers (6) ÁâõËÇâÈîÖË¥¥,,7.575,4.0,0.08,30.30,0.07976832960379096,4.0,30.30,0.0,0.00,0.00,30.30,3,0.06818181818181818,0.08,0.008547008547008548,0.008547008547008548,0.07976832960379096,0.008103771061781225,0.008103771061781225
600000010081852318,600000010081852319,600000010081843256,Dough Zone Menu (Cupertino),DUMPLINGS,,Pork & Shrimp Boiled Dumplings (6) ü¶ê Áå™ËÇâ‰∏âÈ≤úÊ∞¥È•∫,,7.3,3.0,0.06,21.90,0.05765433723838356,3.0,21.90,0.0,0.00,0.00,21.90,3,0.06818181818181818,0.06,0.00641025641025641,0.00641025641025641,0.05765433723838356,0.005857181064455736,0.005857181064455736
600000010081859191,600000010081859192,600000010081843256,Dough Zone Menu (Cupertino),DUMPLINGS,,Shrimp & Zucchini Steamed Dumplings (6) ü¶ê ÈùíÁìúÈ≤úËôæËí∏È•∫,,8.35,5.0,0.1,41.75,0.10991180729235224,5.0,41.75,0.0,0.00,0.00,41.75,5,0.11363636363636363,0.1,0.010683760683760684,0.010683760683760684,0.10991180729235224,0.011166087189087992,0.011166087189087992
600000010081862678,600000010081862679,600000010081843256,Dough Zone Menu (Cupertino),DUMPLINGS,,Vegetable Steamed Dumplings (6) ‚ìã Á¥†‰∏âÈ≤úËí∏È•∫,,7.3,2.0,0.04,14.60,0.038436224825589047,2.0,14.60,0.0,0.00,0.00,14.60,2,0.045454545454545456,0.04,0.004273504273504274,0.004273504273504274,0.038436224825589047,0.0039047873763038243,0.0039047873763038243
600000010081864085,600000010081864086,600000010081843256,Dough Zone Menu (Cupertino),DUMPLINGS,,Chicken Steamed Dumplings (6) È∏°ËÇâËí∏È•∫,,7.3,7.0,0.14,51.10,0.13452678688956166,7.0,51.10,0.0,0.00,0.00,51.10,6,0.13636363636363635,0.14,0.014957264957264958,0.014957264957264958,0.13452678688956166,0.013666755817063387,0.013666755817063387
600000010081865188,600000010081865189,600000010081843256,Dough Zone Menu (Cupertino),DUMPLINGS,,Beef Steamed Dumplings (6) ÁâõËÇâËí∏È•∫,,7.3,1.0,0.02,7.30,0.019218112412794523,1.0,7.30,0.0,0.00,0.00,7.30,1,0.022727272727272728,0.02,0.002136752136752137,0.002136752136752137,0.019218112412794523,0.0019523936881519122,0.0019523936881519122
600000026820238596,600000026820238595,600000010081843256,Dough Zone Menu (Cupertino),DUMPLINGS,,High Tail Shrimp & Pork Steamed Dumplings (6) ü¶ê ÁøòÂ∞æÈ≤úËôæËí∏È•∫,,9.4,3.0,0.06,28.20,0.07423983151243911,3.0,28.20,0.0,0.00,0.00,28.20,3,0.06818181818181818,0.06,0.00641025641025641,0.00641025641025641,0.07423983151243911,0.007542123562449853,0.007542123562449853
600000010081852314,600000010081852315,,Dough Zone Menu (Cupertino),WONTONS,,,,7.52,59.0,0.12606837606837606,443.90,0.11797066014669925,59.0,443.90,0.0,0.00,0.00,443.90,40,0.4,0,0.12606837606837606,0.12606837606837606,0,0.11872158331104572,0.11872158331104572
600000010081849364,600000010081849365,600000010081852314,Dough Zone Menu (Cupertino),WONTONS,,Pan Fried Wontons with Chili Sauce (6) Á∫¢Ê≤πÈ¶ôÁÖéÂ§ßÈ¶ÑÈ•®,,7.3,3.0,0.05084745762711865,21.90,0.04933543590898851,3.0,21.90,0.0,0.00,0.00,21.90,3,0.075,0.05084745762711865,0.00641025641025641,0.00641025641025641,0.04933543590898851,0.005857181064455736,0.005857181064455736
600000010081850665,600000010081850666,600000010081852314,Dough Zone Menu (Cupertino),WONTONS,,Pan Fried Wontons with Sweet & Spicy Garlic Sauce (6) ÁîúËæ£È¶ôÁÖéÂ§ßÈ¶ÑÈ•®,,7.3,6.0,0.1016949152542373,43.80,0.09867087181797703,6.0,43.80,0.0,0.00,0.00,43.80,6,0.15,0.1016949152542373,0.01282051282051282,0.01282051282051282,0.09867087181797703,0.011714362128911473,0.011714362128911473
600000010081852342,600000010081852343,600000010081852314,Dough Zone Menu (Cupertino),WONTONS,,Chicken & Vegetable Wontons in Chili Sauce (6) üå∂Ô∏è Á∫¢Ê≤πËèúËÇâÂ§ßÈ¶ÑÈ•®,,7.409999999999999,10.0,0.1694915254237288,74.10,0.16692948862356385,10.0,74.10,0.0,0.00,0.00,74.10,6,0.15,0.1694915254237288,0.021367521367521368,0.021367521367521368,0.16692948862356385,0.019818133190692696,0.019818133190692696
600000010081854623,600000010081854624,600000010081852314,Dough Zone Menu (Cupertino),WONTONS,,Chicken & Vegetable Wontons in Hot & Sour Sauce (6) üå∂Ô∏è ÈÖ∏Ëæ£ËèúËÇâÂ§ßÈ¶ÑÈ•®,,7.483333333333333,6.0,0.1016949152542373,44.90,0.10114890741157918,6.0,44.90,0.0,0.00,0.00,44.90,4,0.1,0.1016949152542373,0.01282051282051282,0.01282051282051282,0.10114890741157918,0.01200855843808505,0.01200855843808505
600000010081857562,600000010081857563,600000010081852314,Dough Zone Menu (Cupertino),WONTONS,,Pork Wontons in Chili Sauce (6) üå∂Ô∏è Á∫¢Ê≤πÁå™ËÇâÊäÑÊâã,,7.5200000000000005,20.0,0.3389830508474576,150.40,0.3388150484343321,20.0,150.40,0.0,0.00,0.00,150.40,14,0.35,0.3389830508474576,0.042735042735042736,0.042735042735042736,0.3388150484343321,0.04022465899973255,0.04022465899973255
600000010081859160,600000010081859161,600000010081852314,Dough Zone Menu (Cupertino),WONTONS,,Pork Wontons in Hot & Sour Sauce (6) üå∂Ô∏è ÈÖ∏Ëæ£Áå™ËÇâÊäÑÊâã,,7.3,3.0,0.05084745762711865,21.90,0.04933543590898851,3.0,21.90,0.0,0.00,0.00,21.90,3,0.075,0.05084745762711865,0.00641025641025641,0.00641025641025641,0.04933543590898851,0.005857181064455736,0.005857181064455736
600000010081905430,600000010081905431,600000010081852314,Dough Zone Menu (Cupertino),WONTONS,,Pork Wontons in Chicken Soup È∏°Ê±§Â∞èÈ¶ÑÈ•®,,7.8999999999999995,6.0,0.1016949152542373,47.40,0.10678080648794774,6.0,47.40,0.0,0.00,0.00,47.40,6,0.15,0.1016949152542373,0.01282051282051282,0.01282051282051282,0.10678080648794774,0.012677186413479539,0.012677186413479539
600000010081905517,600000010081905518,600000010081852314,Dough Zone Menu (Cupertino),WONTONS,,Chicken & Vegetable Wontons in Chicken Soup È∏°Ê±§ËèúËÇâÂ§ßÈ¶ÑÈ•®,,7.9,5.0,0.0847457627118644,39.50,0.08898400540662312,5.0,39.50,0.0,0.00,0.00,39.50,5,0.125,0.0847457627118644,0.010683760683760684,0.010683760683760684,0.08898400540662312,0.01056432201123295,0.01056432201123295
600000010081868222,600000010081868224,,Dough Zone Menu (Cupertino),APPETIZERS,,,,7.65,9.0,0.019230769230769232,68.85,0.018297544381843306,9.0,68.85,0.0,0.00,0.00,68.85,8,0.08,0,0.019230769230769232,0.019230769230769232,0,0.018414014442364266,0.018414014442364266
600000010081870623,600000010081870624,600000010081868222,Dough Zone Menu (Cupertino),APPETIZERS,,Braised Pig Ears üå∂Ô∏è ÂáâÊãåÁå™ËÄ≥,,7.3,6.0,0.6666666666666666,43.80,0.6361655773420479,6.0,43.80,0.0,0.00,0.00,43.80,6,0.75,0.6666666666666666,0.01282051282051282,0.01282051282051282,0.6361655773420479,0.011714362128911473,0.011714362128911473
600000010081873108,600000010081873109,600000010081868222,Dough Zone Menu (Cupertino),APPETIZERS,,Five Spice Beef Shank ‰∫îÈ¶ôÁâõËÖ±,,0.00,0.0,0.0,0.00,0.0,0.0,0.00,0.0,0.00,0.00,0.00,0,0,0,0,0,0,0,0
600000010081874215,600000010081874216,600000010081868222,Dough Zone Menu (Cupertino),APPETIZERS,,Spicy Beef Shank üå∂Ô∏èüå∂Ô∏è È∫ªËæ£ÁâõËÖ±,,8.35,3.0,0.3333333333333333,25.05,0.36383442265795213,3.0,25.05,0.0,0.00,0.00,25.05,3,0.375,0.3333333333333333,0.00641025641025641,0.00641025641025641,0.36383442265795213,0.006699652313452795,0.006699652313452795
600000010081897525,600000010081897526,,Dough Zone Menu (Cupertino),VEGETABLES,,,,7.40,32.0,0.06837606837606838,236.90,0.06295843520782396,32.0,236.90,0.0,0.00,0.00,236.90,29,0.29,0,0.06837606837606838,0.06837606837606838,0,0.06335918694838193,0.06335918694838193
600000010081905400,600000010081905403,600000010081897525,Dough Zone Menu (Cupertino),VEGETABLES,,Sweet & Sour Cucumber ‚ìã üå∂Ô∏è ÁîúËæ£Â∞èÈªÑÁìú,,7.3549999999999995,20.0,0.625,147.10,0.6209371042634022,20.0,147.10,0.0,0.00,0.00,147.10,18,0.6206896551724138,0.625,0.042735042735042736,0.042735042735042736,0.6209371042634022,0.03934207007221182,0.03934207007221182
600000010081899531,600000010081899532,600000010081897525,Dough Zone Menu (Cupertino),VEGETABLES,,Kale Salad with Sesame Dressing ‚ìã È∫ªÈÖ±ÁæΩË°£ÁîòËìùÊ≤ôÊãâ,,7.422222222222222,9.0,0.28125,66.80,0.281975517095821,9.0,66.80,0.0,0.00,0.00,66.80,9,0.3103448275862069,0.28125,0.019230769230769232,0.019230769230769232,0.281975517095821,0.017865739502540785,0.017865739502540785
600000010081902104,600000010081902105,600000010081897525,Dough Zone Menu (Cupertino),VEGETABLES,,Kale Salad with Sweet & Spicy Garlic Dressing ‚ìã üå∂Ô∏è ÁîúËæ£ÁæΩË°£ÁîòËìùÊ≤ôÊãâ,,7.3,1.0,0.03125,7.30,0.030814689742507385,1.0,7.30,0.0,0.00,0.00,7.30,1,0.034482758620689655,0.03125,0.002136752136752137,0.002136752136752137,0.030814689742507385,0.0019523936881519122,0.0019523936881519122
600000010081897527,600000010081897528,600000010081897525,Dough Zone Menu (Cupertino),VEGETABLES,,Broccoli with Seafood Sauce ËöùÊ≤πË•øÂÖ∞Ëä±,,0.00,0.0,0.0,0.00,0.0,0.0,0.00,0.0,0.00,0.00,0.00,0,0,0,0,0,0,0,0
600000010081902975,600000010081902976,600000010081897525,Dough Zone Menu (Cupertino),VEGETABLES,,Romaine Lettuce Salad with Sesame Dressing ‚ìã È∫ªÈÖ±ÁîüËèúÊ≤ôÊãâ,,7.3,1.0,0.03125,7.30,0.030814689742507385,1.0,7.30,0.0,0.00,0.00,7.30,1,0.034482758620689655,0.03125,0.002136752136752137,0.002136752136752137,0.030814689742507385,0.0019523936881519122,0.0019523936881519122
600000012356770062,600000012356770061,600000010081897525,Dough Zone Menu (Cupertino),VEGETABLES,,Romaine Lettuce Salad with Sweet & Spicy Garlic Dressing ‚ìã üå∂Ô∏è ÁîúËæ£ÁîüËèúÊ≤ôÊãâ,,8.4,1.0,0.03125,8.40,0.03545799915576193,1.0,8.40,0.0,0.00,0.00,8.40,1,0.034482758620689655,0.03125,0.002136752136752137,0.002136752136752137,0.03545799915576193,0.002246589997325488,0.002246589997325488
600000010081875660,600000010081875661,,Dough Zone Menu (Cupertino),NOODLES,,,,8.17,101.0,0.21581196581196582,824.75,0.2191851812480068,101.0,824.75,0.0,0.00,0.00,824.75,67,0.67,0,0.21581196581196582,0.21581196581196582,0,0.22058036908264242,0.22058036908264242
600000010081875663,600000010081875664,600000010081875660,Dough Zone Menu (Cupertino),NOODLES,,Hot & Sour Glass Noodles üå∂Ô∏èüå∂Ô∏è ÈÖ∏Ëæ£Á≤â,,7.8999999999999995,7.0,0.06930693069306931,55.30,0.06705062140042437,7.0,55.30,0.0,0.00,0.00,55.30,7,0.1044776119402985,0.06930693069306931,0.014957264957264958,0.014957264957264958,0.06705062140042437,0.01479005081572613,0.01479005081572613
600000010081878673,600000010081878674,600000010081875660,Dough Zone Menu (Cupertino),NOODLES,,Vegetarian Hot & Sour Glass Noodles ‚ìã üå∂Ô∏èüå∂Ô∏è Á¥†ÈÖ∏Ëæ£Á≤â,,0.00,0.0,0.0,0.00,0.0,0.0,0.00,0.0,0.00,0.00,0.00,0,0,0,0,0,0,0,0
600000010081880027,600000010081880028,600000010081875660,Dough Zone Menu (Cupertino),NOODLES,,Dan Dan Noodles ‚ìãüå∂Ô∏èüå∂Ô∏è ÊãÖÊãÖÈù¢,,7.988888888888888,54.0,0.5346534653465347,431.40,0.5230675962412852,54.0,431.40,0.0,0.00,0.00,431.40,41,0.6119402985074627,0.5346534653465347,0.11538461538461539,0.11538461538461539,0.5230675962412852,0.11537844343407327,0.11537844343407327
600000010081883485,600000010081883486,600000010081875660,Dough Zone Menu (Cupertino),NOODLES,,Green Onion Soy Sauce Noodles ‚ìã Ëë±Ê≤πÊãåÈù¢,,8.033333333333333,9.0,0.0891089108910891,72.30,0.08766292816004849,9.0,72.30,0.0,0.00,0.00,72.30,8,0.11940298507462686,0.0891089108910891,0.019230769230769232,0.019230769230769232,0.08766292816004849,0.019336721048408664,0.019336721048408664
600000028210151890,600000028210151889,600000010081875660,Dough Zone Menu (Cupertino),NOODLES,,Cold Noodles with Sesame Dressing ‚ìã È∫ªÈÖ±ÂáâÈù¢,,0.00,0.0,0.0,0.00,0.0,0.0,0.00,0.0,0.00,0.00,0.00,0,0,0,0,0,0,0,0
600000010081886452,600000010081886453,600000010081875660,Dough Zone Menu (Cupertino),NOODLES,,Yibin Noodles ‚ìã üå∂Ô∏è ÂÆúÂÆæÁáÉÈù¢,,8.14,5.0,0.04950495049504951,40.70,0.049348287359806,5.0,40.70,0.0,0.00,0.00,40.70,5,0.07462686567164178,0.04950495049504951,0.010683760683760684,0.010683760683760684,0.049348287359806,0.010885263439422307,0.010885263439422307
600000010081888851,600000010081888852,600000010081875660,Dough Zone Menu (Cupertino),NOODLES,,Spicy (Ma La) Noodles üå∂Ô∏èüå∂Ô∏è È∫ªËæ£Â∞èÈù¢,,7.9,2.0,0.019801980198019802,15.80,0.01915732040012125,2.0,15.80,0.0,0.00,0.00,15.80,2,0.029850746268656716,0.019801980198019802,0.004273504273504274,0.004273504273504274,0.01915732040012125,0.00422572880449318,0.00422572880449318
600000010081888886,600000010081888887,600000010081875660,Dough Zone Menu (Cupertino),NOODLES,,Vegetarian Spicy (Ma La) Noodles ‚ìã üå∂Ô∏èüå∂Ô∏è Á¥†È∫ªËæ£Â∞èÈù¢,,0.00,0.0,0.0,0.00,0.0,0.0,0.00,0.0,0.00,0.00,0.00,0,0,0,0,0,0,0,0
600000010081890981,600000010081890982,600000010081875660,Dough Zone Menu (Cupertino),NOODLES,,Minced Chicken Noodles üå∂Ô∏è È∏°ËÇâËÇâÁá•Â∞èÈù¢,,8.2,4.0,0.039603960396039604,32.80,0.03976962715974537,4.0,32.80,0.0,0.00,0.00,32.80,3,0.04477611940298507,0.039603960396039604,0.008547008547008548,0.008547008547008548,0.03976962715974537,0.008772399037175714,0.008772399037175714
600000010081892479,600000010081892480,600000010081875660,Dough Zone Menu (Cupertino),NOODLES,,Beef-Stew Noodles üå∂Ô∏è ÁßòÂà∂ÁâõËÇâÂ∞èÈù¢,,7.9,8.0,0.07920792079207921,63.20,0.076629281600485,8.0,63.20,0.0,0.00,0.00,63.20,6,0.08955223880597014,0.07920792079207921,0.017094017094017096,0.017094017094017096,0.076629281600485,0.01690291521797272,0.01690291521797272
600000010081895355,600000010081895356,600000010081875660,Dough Zone Menu (Cupertino),NOODLES,,Beef-Stew Noodle Soup üå∂Ô∏è ÁßòÂà∂ÁâõËÇâÊ±§Èù¢,,9.95,9.0,0.0891089108910891,89.55,0.1085783570779024,9.0,89.55,0.0,0.00,0.00,89.55,8,0.11940298507462686,0.0891089108910891,0.019230769230769232,0.019230769230769232,0.1085783570779024,0.023950254078630648,0.023950254078630648
600000010081895395,600000010081895396,600000010081875660,Dough Zone Menu (Cupertino),NOODLES,,Zha Jiang Mian ‰∫¨Âë≥ÁÇ∏ÈÖ±Èù¢,,7.8999999999999995,3.0,0.0297029702970297,23.70,0.02873598060018187,3.0,23.70,0.0,0.00,0.00,23.70,3,0.04477611940298507,0.0297029702970297,0.00641025641025641,0.00641025641025641,0.02873598060018187,0.006338593206739769,0.006338593206739769
600000010081907945,600000010081907946,,Dough Zone Menu (Cupertino),DESSERTS,,,,6.95,5.0,0.010683760683760684,34.75,0.009235144041671096,5.0,34.75,0.0,0.00,0.00,34.75,5,0.05,0,0.010683760683760684,0.010683760683760684,0,0.009293928857983419,0.009293928857983419
600000010081907947,600000010081907948,600000010081907945,Dough Zone Menu (Cupertino),DESSERTS,,Banana Naan Bread (1) ‚ìã È¶ôËïâÈ£ûÈ•º,,6.95,5.0,1.0,34.75,1.0,5.0,34.75,0.0,0.00,0.00,34.75,5,1.0,1.0,0.010683760683760684,0.010683760683760684,1.0,0.009293928857983419,0.009293928857983419
600000010081909081,600000010081909082,600000010081907945,Dough Zone Menu (Cupertino),DESSERTS,,NEW YORK STYLE  Cheesecake(1 pc) ËäùÂ£´ËõãÁ≥ï(1Á≤í),,0.00,0.0,0.0,0.00,0.0,0.0,0.00,0.0,0.00,0.00,0.00,0,0,0,0,0,0,0,0
600000010081911700,600000010081911701,600000010081907945,Dough Zone Menu (Cupertino),DESSERTS,,GREEN TEA Cheesecake(1pc) ÊäπËå∂ËäùÂ£´ËõãÁ≥ï(1Á≤í),,0.00,0.0,0.0,0.00,0.0,0.0,0.00,0.0,0.00,0.00,0.00,0,0,0,0,0,0,0,0
600000010081912502,600000010081912503,600000010081907945,Dough Zone Menu (Cupertino),DESSERTS,,Purple Sweet Potato MONT BLANC Cake (1pc) Á¥´ËñØÂãÉÊúóÂ≥∞ËõãÁ≥ï(1Á≤í),,0.00,0.0,0.0,0.00,0.0,0.0,0.00,0.0,0.00,0.00,0.00,0,0,0,0,0,0,0,0
600000010081912535,600000010081912536,600000010081907945,Dough Zone Menu (Cupertino),DESSERTS,,Green Tea MONT BLANC Cake (1 pc) ÊäπËå∂ÂãÉÊúóÂ≥∞ËõãÁ≥ï(1Á≤í),,0.00,0.0,0.0,0.00,0.0,0.0,0.00,0.0,0.00,0.00,0.00,0,0,0,0,0,0,0,0
600000010081915238,600000010081915239,600000010081907945,Dough Zone Menu (Cupertino),DESSERTS,,Citrus Cheesecake(1pc) ÊüëÊ©òËäùÂ£´ËõãÁ≥ï(1Á≤í),,0.00,0.0,0.0,0.00,0.0,0.0,0.00,0.0,0.00,0.00,0.00,0,0,0,0,0,0,0,0
600000010081918150,600000010081918153,600000010081907945,Dough Zone Menu (Cupertino),DESSERTS,,Strawberry MONT BLANC Cake (1pc) ËçâËéìÂãÉÊúóÂ≥∞ËõãÁ≥ï(1Á≤í),,0.00,0.0,0.0,0.00,0.0,0.0,0.00,0.0,0.00,0.00,0.00,0,0,0,0,0,0,0,0
600000016492446372,600000016492446371,600000010081907945,Dough Zone Menu (Cupertino),DESSERTS,,Uji Time Ice Cream (2-Scoops) ÂÆáÊ≤ªÂÜ∞Ê∑áÊ∑ã (2Âã∫),,0.00,0.0,0.0,0.00,0.0,0.0,0.00,0.0,0.00,0.00,0.00,0,0,0,0,0,0,0,0
600000010081918790,600000010081918791,,Dough Zone Menu (Cupertino),BEVERAGES,,,,4.55,34.0,0.07264957264957266,154.75,0.04112628893377272,34.0,154.75,0.0,0.00,23.80,130.95,22,0.22,0,0.07264957264957266,0.07264957264957266,0,0.03502273335116341,0.03502273335116341
600000010081918792,600000010081918793,600000010081918790,Dough Zone Menu (Cupertino),BEVERAGES,,Jasmine Tea (Hot) ËåâËéâËä±Ëå∂ (ÁÉ≠),,5.5,2.0,0.058823529411764705,11.00,0.07108239095315025,2.0,11.00,0.0,0.00,0.00,11.00,2,0.09090909090909091,0.058823529411764705,0.004273504273504274,0.004273504273504274,0.08400152730049638,0.002941963091735758,0.002941963091735758
600000010081918794,600000010081918795,600000010081918790,Dough Zone Menu (Cupertino),BEVERAGES,,Oolong Tea (Hot) ‰πåÈæôËå∂ (ÁÉ≠),,5.5,2.0,0.058823529411764705,11.00,0.07108239095315025,2.0,11.00,0.0,0.00,0.00,11.00,2,0.09090909090909091,0.058823529411764705,0.004273504273504274,0.004273504273504274,0.08400152730049638,0.002941963091735758,0.002941963091735758
600000010081918796,600000010081918797,600000010081918790,Dough Zone Menu (Cupertino),BEVERAGES,,Chrysanthemum Tea (Hot) ËèäËä±Ëå∂ (ÁÉ≠),,0.00,0.0,0.0,0.00,0.0,0.0,0.00,0.0,0.00,0.00,0.00,0,0,0,0,0,0,0,0
600000010081918798,600000010081918799,600000010081918790,Dough Zone Menu (Cupertino),BEVERAGES,,Milk Tea (Cold) Â•∂Ëå∂ (ÂÜ∑),,6.385714285714286,7.0,0.20588235294117646,44.70,0.28885298869143783,7.0,44.70,0.0,0.00,23.80,20.90,4,0.18181818181818182,0.20588235294117646,0.014957264957264958,0.014957264957264958,0.15960290187094311,0.00558972987429794,0.00558972987429794
600000010081922545,600000010081922546,600000010081918790,Dough Zone Menu (Cupertino),BEVERAGES,,Sour Plum Juice (Cold) ÈÖ∏Ê¢ÖÊ±Å (ÂÜ∑),,0.00,0.0,0.0,0.00,0.0,0.0,0.00,0.0,0.00,0.00,0.00,0,0,0,0,0,0,0,0
600000024922278410,600000024922278409,600000010081918790,Dough Zone Menu (Cupertino),BEVERAGES,,Thai Milk Tea (Cold) Ê≥∞ÂºèÂ•∂Ëå∂ (ÂÜ∑),,5.95,2.0,0.058823529411764705,11.90,0.07689822294022618,2.0,11.90,0.0,0.00,0.00,11.90,1,0.045454545454545456,0.058823529411764705,0.004273504273504274,0.004273504273504274,0.09087437953417336,0.003182669162877775,0.003182669162877775
600000024922278408,600000024922278407,600000010081918790,Dough Zone Menu (Cupertino),BEVERAGES,,Passion Fruit Green Tea (Cold) ÁôæÈ¶ôÊûúÁªøËå∂ (ÂÜ∑),,6.36,5.0,0.14705882352941177,31.80,0.20549273021001616,5.0,31.80,0.0,0.00,0.00,31.80,5,0.22727272727272727,0.14705882352941177,0.010683760683760684,0.010683760683760684,0.24284077892325318,0.00850494784701792,0.00850494784701792
600000024922278412,600000024922278411,600000010081918790,Dough Zone Menu (Cupertino),BEVERAGES,,Ube Milk Tea (Cold) Á¥´ËñØÂ•∂Ëå∂ (ÂÜ∑),,6.85,1.0,0.029411764705882353,6.85,0.04426494345718901,1.0,6.85,0.0,0.00,0.00,6.85,1,0.045454545454545456,0.029411764705882353,0.002136752136752137,0.002136752136752137,0.052310042000763654,0.0018320406525809039,0.0018320406525809039
600000027797414681,600000027797414680,600000010081918790,Dough Zone Menu (Cupertino),BEVERAGES,,Add Boba ÁèçÁè†,,0.00,0.0,0.0,0.00,0.0,0.0,0.00,0.0,0.00,0.00,0.00,0,0,0,0,0,0,0,0
600000010081921409,600000010081921412,600000010081918790,Dough Zone Menu (Cupertino),BEVERAGES,,Coke ÂèØ‰πê,,2.5,8.0,0.23529411764705882,20.00,0.12924071082390953,8.0,20.00,0.0,0.00,0.00,20.00,5,0.22727272727272727,0.23529411764705882,0.017094017094017096,0.017094017094017096,0.15273004963726614,0.005349023803155924,0.005349023803155924
600000010081924408,600000010081924409,600000010081918790,Dough Zone Menu (Cupertino),BEVERAGES,,Diet Coke ÂÅ•ÊÄ°ÂèØ‰πê,,2.5,4.0,0.11764705882352941,10.00,0.06462035541195477,4.0,10.00,0.0,0.00,0.00,10.00,3,0.13636363636363635,0.11764705882352941,0.008547008547008548,0.008547008547008548,0.07636502481863307,0.002674511901577962,0.002674511901577962
600000010081924410,600000010081924411,600000010081918790,Dough Zone Menu (Cupertino),BEVERAGES,,Sprite Èõ™Á¢ß,,2.5,3.0,0.08823529411764706,7.50,0.048465266558966075,3.0,7.50,0.0,0.00,0.00,7.50,3,0.13636363636363635,0.08823529411764706,0.00641025641025641,0.00641025641025641,0.057273768613974804,0.0020058839261834715,0.0020058839261834715
600000010081924418,600000010081924419,600000010081918790,Dough Zone Menu (Cupertino),BEVERAGES,,CHOYA Yuzu Soda ÊüöÂ≠êÊ±ΩÊ∞¥,,0.00,0.0,0.0,0.00,0.0,0.0,0.00,0.0,0.00,0.00,0.00,0,0,0,0,0,0,0,0
600000010081925532,600000010081925533,600000010081918790,Dough Zone Menu (Cupertino),BEVERAGES,,CHOYA Ume Soda Ê¢ÖÂ≠êÊ±ΩÊ∞¥,,0.00,0.0,0.0,0.00,0.0,0.0,0.00,0.0,0.00,0.00,0.00,0,0,0,0,0,0,0,0
600000034717700503,600000034717700502,600000010081918790,Dough Zone Menu (Cupertino),BEVERAGES,,Sierra Nevada Hop Splash Sparkling Water Ê∞îÊ≥°Ê∞¥,,0.00,0.0,0.0,0.00,0.0,0.0,0.00,0.0,0.00,0.00,0.00,0,0,0,0,0,0,0,0
600000010081928284,600000010081928285,,Dough Zone Menu (Cupertino),ALCOHOL,,,,8.25,3.0,0.00641025641025641,24.75,0.00657754863399596,3.0,24.75,0.0,0.00,0.00,24.75,3,0.03,0,0.00641025641025641,0.00641025641025641,0,0.006619416956405456,0.006619416956405456
600000010081928286,600000010081928287,600000010081928284,Dough Zone Menu (Cupertino),ALCOHOL,,Sapporo,,6.5,1.0,0.3333333333333333,6.50,0.26262626262626265,1.0,6.50,0.0,0.00,0.00,6.50,1,0.3333333333333333,0.3333333333333333,0.002136752136752137,0.002136752136752137,0.26262626262626265,0.0017384327360256753,0.0017384327360256753
600000010081928288,600000010081928289,600000010081928284,Dough Zone Menu (Cupertino),ALCOHOL,,Tsingtao,,6.5,1.0,0.3333333333333333,6.50,0.26262626262626265,1.0,6.50,0.0,0.00,0.00,6.50,1,0.3333333333333333,0.3333333333333333,0.002136752136752137,0.002136752136752137,0.26262626262626265,0.0017384327360256753,0.0017384327360256753
600000010081928290,600000010081928291,600000010081928284,Dough Zone Menu (Cupertino),ALCOHOL,,Ozeki Sake Dry (375 ml / 12.68 fl.oz.),,0.00,0.0,0.0,0.00,0.0,0.0,0.00,0.0,0.00,0.00,0.00,0,0,0,0,0,0,0,0
600000010081928292,600000010081928293,600000010081928284,Dough Zone Menu (Cupertino),ALCOHOL,,Ozeki Nigori Sake (375 ml / 12.68 fl.oz.) Best Chilled,,11.75,1.0,0.3333333333333333,11.75,0.47474747474747475,1.0,11.75,0.0,0.00,0.00,11.75,1,0.3333333333333333,0.3333333333333333,0.002136752136752137,0.002136752136752137,0.47474747474747475,0.0031425514843541054,0.0031425514843541054
600000027159255738,600000027159255737,600000010081928284,Dough Zone Menu (Cupertino),ALCOHOL,,Corona Non Alcoholic,,0.00,0.0,0.0,0.00,0.0,0.0,0.00,0.0,0.00,0.00,0.00,0,0,0,0,0,0,0,0
600000027159255740,600000027159255739,600000010081928284,Dough Zone Menu (Cupertino),ALCOHOL,,Modelo Negra,,0.00,0.0,0.0,0.00,0.0,0.0,0.00,0.0,0.00,0.00,0.00,0,0,0,0,0,0,0,0
600000027297454907,600000027297452332,,Dough Zone Menu (Cupertino),COMBO,,,,16.99,5.0,0.010683760683760684,84.95,0.022576272988200276,5.0,84.95,0.0,0.00,0.00,84.95,4,0.04,0,0.010683760683760684,0.010683760683760684,0,0.02271997860390479,0.02271997860390479
600000027297452337,600000027297452336,600000027297454907,Dough Zone Menu (Cupertino),COMBO,,COMB A,,16.99,3.0,0.6,50.97,0.6,3.0,50.97,0.0,0.00,0.00,50.97,2,0.5,0.6,0.00641025641025641,0.00641025641025641,0.6,0.013631987162342872,0.013631987162342872
600000027297453991,600000027297453990,600000027297454907,Dough Zone Menu (Cupertino),COMBO,,COMB B,,0.00,0.0,0.0,0.00,0.0,0.0,0.00,0.0,0.00,0.00,0.00,0,0,0,0,0,0,0,0
600000027297454429,600000027297454428,600000027297454907,Dough Zone Menu (Cupertino),COMBO,,COMB C,,16.99,2.0,0.4,33.98,0.39999999999999997,2.0,33.98,0.0,0.00,0.00,33.98,2,0.5,0.4,0.004273504273504274,0.004273504273504274,0.39999999999999997,0.009087991441561914,0.009087991441561914
600000010081933852,600000010081933853,,Dough Zone Menu (Cupertino),Others,,,,0.00,0.0,0.0,0.00,0.0,0.0,0.00,0.0,0.00,0.00,0.00,0,0,0,0,0,0,0,0
600000010081933854,600000010081933855,600000010081933852,Dough Zone Menu (Cupertino),Others,,Utensils,,0.00,0.0,0.0,0.00,0.0,0.0,0.00,0.0,0.00,0.00,0.00,0,0,0,0,0,0,0,0
600000010081933856,600000010081933857,600000010081933852,Dough Zone Menu (Cupertino),Others,,Condiments,,0.00,0.0,0.0,0.00,0.0,0.0,0.00,0.0,0.00,0.00,0.00,0,0,0,0,0,0,0,0
600000033106784363,600000033106784362,,Dough Zone Menu (Cupertino),Dough Zone Gift Cards,,,,0.00,0.0,0.0,0.00,0.0,0.0,0.00,0.0,0.00,0.00,0.00,0,0,0,0,0,0,0,0
600000033107900042,600000033107900041,600000033106784363,Dough Zone Menu (Cupertino),Dough Zone Gift Cards,,$25 Dough Zone Gift Card,,0.00,0.0,0.0,0.00,0.0,0.0,0.00,0.0,0.00,0.00,0.00,0,0,0,0,0,0,0,0
,,,Gift Cards,,,,,0.00,0.0,0.0,0.00,0.0,0.0,0.00,0.0,0.00,0.00,0.00,0,0.0,0,0,0.0,0,0,0.0
-1,-1,,Gift Cards,Gift Cards,,,,0.00,0.0,0.0,0.00,0.0,0.0,0.00,0.0,0.00,0.00,0.00,0,0,0,0,0.0,0,0,0.0
,,,Open Items,,,,,0.00,0.0,0.0,0.00,0.0,0.0,0.00,0.0,0.00,0.00,0.00,0,0.0,0,0,0.0,0,0,0.0
-600000000187953222,-600000000187953221,,Open Items,Open Food,,,,0.00,0.0,0.0,0.00,0.0,0.0,0.00,0.0,0.00,0.00,0.00,0,0,0,0,0,0,0,0
-600000000187953224,-600000000187953223,,Open Items,Open Drink,,,,0.00,0.0,0.0,0.00,0.0,0.0,0.00,0.0,0.00,0.00,0.00,0,0,0,0,0,0,0,0
