Customer Id,Customer,Customer Phone,Customer Email,Location Code,Opened Date,Opened Time,Item Description,Server,Tax,Tender,Check Id,Check #,Total,Customer Family,Table Size,Discount,Reason of Discount,Link
,,,,CA02,1/10/25,11:15 AM,"Pork & Crab Meat Xiao Long Bao (8) 🦐 蟹肉小笼包, Kale Salad with Sesame Dressing Ⓥ 麻酱羽衣甘蓝沙拉, Milk Tea (Cold) 奶茶 (冷), Add Boba 珍珠, Jasmine Tea (Hot) 茉莉花茶 (热), Dan Dan Noodles 🌶️ 担担面, Pork & Shrimp Boiled Dumplings (6) 🦐 猪肉三鲜水饺, Fried Wontons with Sweet & Spicy Garlic Sauce (6) 甜辣香煎大馄饨, Beef-Stew Noodles 🌶️ 秘制牛肉小面, Chicken Steamed Dumplings (6) 鸡肉蒸饺, Chicken Potstickers (6) 鸡肉锅贴",Default Online Ordering,6.64,Visa,600000034510887633,1,91.53,,1,0.00,,http://www.toasttab.com/receipts/33eiUG9RSnqR9vgz4YmOIA/ygJYnzFPpwJY7
,,,,CA02,1/10/25,11:28 AM,COMB C,Default Online Ordering,1.55,Amex,600000034511421717,2,21.32,,1,0.00,,http://www.toasttab.com/receipts/33eiUG9RSnqR9vgz4YmOIA/zfKCtnpp79zCj
600000034511535370,Saskia L,8552228111,dd.toast.orders+orders_15fb0078-9a1b-47b7-9040-8bf748e6c42f@gmail.com,CA02,1/10/25,11:36 AM,"Green Onion Pancake (1) Ⓥ 葱油饼, Green Onion Soy Sauce Noodles Ⓥ 葱油拌面",Default Online Ordering,2.46,Other,600000034511681905,3,29.46,,1,0.00,,http://www.toasttab.com/receipts/33eiUG9RSnqR9vgz4YmOIA/rpYPdfpJm9M7X
,,,,CA02,1/10/25,11:38 AM,"Beef-Stew Noodle Soup 🌶️ 秘制牛肉汤面, Pork Wontons in Chili Sauce (6) 🌶️ 红油猪肉抄手, Green Onion Pancake (1) Ⓥ 葱油饼, Pork Xiao Long Bao (8) 鲜肉小笼包, Kale Salad with Sesame Dressing Ⓥ 麻酱羽衣甘蓝沙拉",Default Online Ordering,3.41,Visa,600000034511698926,4,48.21,,1,0.00,,http://www.toasttab.com/receipts/33eiUG9RSnqR9vgz4YmOIA/MmRXKz9KTgqpW
600000034511675687,PickUp-Ashika J,4083737591,dd.toast.orders+orders_7a746292-1eef-494a-b3a6-9fb314f2e989@gmail.com,CA02,1/10/25,11:42 AM,Chicken Potstickers (6) 鸡肉锅贴,Default Online Ordering,0.65,Other,600000034511817725,5,7.80,,1,0.00,,http://www.toasttab.com/receipts/33eiUG9RSnqR9vgz4YmOIA/wPchPjrJLYTyJ
600000034511928081,Monica C,8552228111,dd.toast.orders+orders_da5bd683-bea5-4f3a-8dfe-0fdc17e8bf85@gmail.com,CA02,1/10/25,11:51 AM,"Pan Fried Wontons with Sweet & Spicy Garlic Sauce (6) 甜辣香煎大馄饨, Pork Wontons in Chili Sauce (6) 🌶️ 红油猪肉抄手, Kale Salad with Sesame Dressing Ⓥ 麻酱羽衣甘蓝沙拉, Dan Dan Noodles Ⓥ🌶️🌶️ 担担面, Pork Xiao Long Bao (8) 鲜肉小笼包",Default Online Ordering,3.59,Other,600000034511928149,9,47.94,,1,0.00,,http://www.toasttab.com/receipts/33eiUG9RSnqR9vgz4YmOIA/FXPYjhmqfrqMY
600000034512022828,PickUp-Sasha I,8552228111,dd.toast.orders+orders_fbe1eb49-2d56-40ed-aa32-dd68d39bcd91@gmail.com,CA02,1/10/25,11:50 AM,Green Onion Soy Sauce Noodles Ⓥ 葱油拌面,Default Online Ordering,0.71,Other,600000034511950197,6,8.46,,1,0.00,,http://www.toasttab.com/receipts/33eiUG9RSnqR9vgz4YmOIA/KnFLgkWddWbLc
,,,,CA02,1/10/25,11:50 AM,"Pan Fried Beef Pies (2) 牛肉馅饼, Pork Xiao Long Bao (8) 鲜肉小笼包, Kale Salad with Sesame Dressing Ⓥ 麻酱羽衣甘蓝沙拉, Oolong Tea (Hot) 乌龙茶 (热)",Default Online Ordering,2.64,Visa,600000034511983035,7,37.39,,1,0.00,,http://www.toasttab.com/receipts/33eiUG9RSnqR9vgz4YmOIA/xXsKHWnk9ttFp
600000034512114564,Daniel B,8552228111,dd.toast.orders+orders_d5c73845-285d-49da-87d9-6356e8494bd6@gmail.com,CA02,1/10/25,11:51 AM,"Pork Xiao Long Bao (8) 鲜肉小笼包, Pork Xiao Long Bao (8) 鲜肉小笼包, Beef-Stew Noodles 🌶️ 秘制牛肉小面, Zha Jiang Mian 京味炸酱面, Sweet & Sour Cucumber Ⓥ 🌶️ 甜辣小黄瓜, Pan Fried Pork Buns (4) 特色鲜肉煎包, Pan Fried Pork Buns (4) 特色鲜肉煎包, Passion Fruit Green Tea (Cold) 百香果绿茶 (冷), Chicken Potstickers (6) 鸡肉锅贴",Default Online Ordering,7.90,Other,600000034512182853,8,94.50,,1,0.00,,http://www.toasttab.com/receipts/33eiUG9RSnqR9vgz4YmOIA/nXtbk7TFcNXmg
,,,,CA02,1/10/25,11:54 AM,"Dan Dan Noodles Ⓥ🌶️🌶️ 担担面, Pork Xiao Long Bao (8) 鲜肉小笼包, Pan Fried Pork Buns (4) 特色鲜肉煎包, Steamed Pork Buns (4) 特色鲜肉蒸包, Pork & Crab Meat Xiao Long Bao (8) 🦐 蟹肉小笼包",Default Online Ordering,5.76,Visa,600000034512271154,10,79.25,,1,0.00,,http://www.toasttab.com/receipts/33eiUG9RSnqR9vgz4YmOIA/zryyppjXHCcRz
,,,,CA02,1/10/25,11:59 AM,"Pork & Shrimp Potstickers (6) 🦐 猪肉三鲜锅贴, Pork & Crab Meat Xiao Long Bao (8) 🦐 蟹肉小笼包, Dan Dan Noodles Ⓥ🌶️🌶️ 担担面, Pork Wontons in Chili Sauce (6) 🌶️ 红油猪肉抄手, Yibin Noodles Ⓥ 🌶️ 宜宾燃面, Steamed Pork Buns (4) 特色鲜肉蒸包, Shrimp & Zucchini Steamed Dumplings (6) 🦐 青瓜鲜虾蒸饺",Default Online Ordering,5.20,Amex,600000034512285431,11,71.47,,1,0.00,,http://www.toasttab.com/receipts/33eiUG9RSnqR9vgz4YmOIA/LYWHFkbtpNYwj
600000034512525956,Charlene T,8552228111,dd.toast.orders+orders_6ecf50ef-6d57-4a93-a746-50d5187bb4c6@gmail.com,CA02,1/10/25,12:03 PM,"Green Onion Pancake (1) Ⓥ 葱油饼, Beef Potstickers (6) 牛肉锅贴, Steamed Pork Buns (4) 特色鲜肉蒸包",Default Online Ordering,2.21,Other,600000034512387781,12,26.46,,1,0.00,,http://www.toasttab.com/receipts/33eiUG9RSnqR9vgz4YmOIA/YpCRpYCkfRPFK
600000034512755528,PickUp-Gladys P,4083481640,dd.toast.orders+orders_668a0049-0c32-4ee6-8f50-d708a000281a@gmail.com,CA02,1/10/25,12:17 PM,"Sweet & Sour Cucumber Ⓥ 🌶️ 甜辣小黄瓜, Pork & Shrimp Potstickers (6) 🦐 猪肉三鲜锅贴, Chicken Potstickers (6) 鸡肉锅贴, Zha Jiang Mian 京味炸酱面",Default Online Ordering,2.66,Other,600000034512799182,14,34.78,,1,0.00,,http://www.toasttab.com/receipts/33eiUG9RSnqR9vgz4YmOIA/pzzLTMkKgftCH
,,,,CA02,1/10/25,12:16 PM,"Pork Xiao Long Bao (8) 鲜肉小笼包, Kale Salad with Sesame Dressing Ⓥ 麻酱羽衣甘蓝沙拉, Pan Fried Pork Buns (4) 特色鲜肉煎包",Default Online Ordering,2.40,Visa,600000034512926061,13,35.07,,1,0.00,,http://www.toasttab.com/receipts/33eiUG9RSnqR9vgz4YmOIA/q7kfxTgMzFkRR
,,,,CA02,1/10/25,12:22 PM,"Pork & Crab Meat Xiao Long Bao (8) 🦐 蟹肉小笼包, Dan Dan Noodles Ⓥ🌶️🌶️ 担担面, Pan Fried Pork Buns (4) 特色鲜肉煎包, Pork & Shrimp Boiled Dumplings (6) 🦐 猪肉三鲜水饺, Spicy Beef Pancake Roll (1) 🌶️🌶️ 麻辣牛肉卷饼, Beef Sandwich (1) 大嘴牛肉包 (不辣)",Default Online Ordering,4.56,Visa,600000034512926092,16,65.47,,1,0.00,,http://www.toasttab.com/receipts/33eiUG9RSnqR9vgz4YmOIA/bHtYLMcPCh7jh
,,,,CA02,1/10/25,12:19 PM,"COMB C, COMB A",Default Online Ordering,3.10,Visa,600000034513057963,15,42.64,,1,0.00,,http://www.toasttab.com/receipts/33eiUG9RSnqR9vgz4YmOIA/PFwhck9gLkybj
,,,,CA02,1/10/25,12:25 PM,"Pork & Crab Meat Xiao Long Bao (8) 🦐 蟹肉小笼包, Pork Xiao Long Bao (8) 鲜肉小笼包, Spicy (Ma La) Noodles 🌶️🌶️ 麻辣小面, Spicy Beef Pancake Roll (1) 🌶️🌶️ 麻辣牛肉卷饼, Pork Xiao Long Bao (8) 鲜肉小笼包, Pork Xiao Long Bao (8) 鲜肉小笼包, Pork Xiao Long Bao (8) 鲜肉小笼包, High Tail Shrimp & Pork Steamed Dumplings (6) 🦐 翘尾鲜虾蒸饺, COMB B",Default Online Ordering,8.10,Visa,600000034513085887,18,111.54,,1,0.00,,http://www.toasttab.com/receipts/33eiUG9RSnqR9vgz4YmOIA/dLt9J7nfbsttc
600000034512811586,Edward Z,8552228111,dd.toast.orders+orders_c514ff1e-c0bf-4614-883f-2abc7713d4b8@gmail.com,CA02,1/10/25,12:23 PM,"Pork Wontons in Chili Sauce (6) 🌶️ 红油猪肉抄手, Pan Fried Pork Buns (4) 特色鲜肉煎包",Default Online Ordering,1.80,Other,600000034513173706,17,21.50,,1,0.00,,http://www.toasttab.com/receipts/33eiUG9RSnqR9vgz4YmOIA/YrcYqsXjM7hNj
,,,,CA02,1/10/25,12:29 PM,"Green Onion Pancake (1) Ⓥ 葱油饼, Spicy Beef Sandwich (1) 🌶️🌶️大嘴牛肉包 (辣), Chicken & Vegetable Wontons in Chili Sauce (6) 🌶️ 红油菜肉大馄饨, Vegetarian Spicy (Ma La) Noodles Ⓥ 🌶️🌶️ 素麻辣小面, Jasmine Tea (Hot) 茉莉花茶 (热)",xiaoli zheng,2.85,Visa,600000034513383382,20,39.27,,2,0.00,,http://www.toasttab.com/receipts/33eiUG9RSnqR9vgz4YmOIA/PzxyRFmFcyPKz
600000034513313464,Q Cardholder,4157025220,,CA02,1/10/25,12:29 PM,"Vegetable Steamed Dumplings (6) Ⓥ 素三鲜蒸饺, Ube Milk Tea (Cold) 紫薯奶茶 (冷), Add Boba 珍珠",Yafang Chen,1.28,Visa,600000034513384427,19,15.38,,1,0.00,,http://www.toasttab.com/receipts/33eiUG9RSnqR9vgz4YmOIA/bgxxKzygkwtkf
600000034513358483,PickUp-nhien N,4084294645,dd.toast.orders+orders_57e3d391-eb2d-4c33-a157-38f0f7144a04@gmail.com,CA02,1/10/25,12:34 PM,"Pork & Shrimp Boiled Dumplings (6) 🦐 猪肉三鲜水饺, Dan Dan Noodles Ⓥ🌶️🌶️ 担担面, Pork & Crab Meat Xiao Long Bao (8) 🦐 蟹肉小笼包",Default Online Ordering,2.20,Other,600000034513409781,22,26.35,,1,0.00,,http://www.toasttab.com/receipts/33eiUG9RSnqR9vgz4YmOIA/WmzYwgwbPpykf
,,,,CA02,1/10/25,12:42 PM,COMB A,Default Online Ordering,1.55,Amex,600000034513539491,25,21.88,,1,0.00,,http://www.toasttab.com/receipts/33eiUG9RSnqR9vgz4YmOIA/z7KHJPsxskRbs
,,,,CA02,1/10/25,12:36 PM,"COMB B, Beef-Stew Noodles 🌶️ 秘制牛肉小面, Pork & Crab Meat Xiao Long Bao (8) 🦐 蟹肉小笼包, Pork Wontons in Chicken Soup 鸡汤小馄饨",Default Online Ordering,3.81,Visa,600000034513601050,23,54.66,,1,0.00,,http://www.toasttab.com/receipts/33eiUG9RSnqR9vgz4YmOIA/HHL9rTJXP9C9X
,,,,CA02,1/10/25,12:41 PM,"Pork Xiao Long Bao (8) 鲜肉小笼包, Pork Wontons in Hot & Sour Sauce (6) 🌶️ 酸辣猪肉抄手, Green Onion Pancake (1) Ⓥ 葱油饼, Coke 可乐",Default Online Ordering,2.08,Amex,600000034513662460,24,28.67,,1,0.00,,http://www.toasttab.com/receipts/33eiUG9RSnqR9vgz4YmOIA/z7FPpgrPndftH
,,,,CA02,1/10/25,12:49 PM,"Dan Dan Noodles Ⓥ🌶️🌶️ 担担面, Green Onion Pancake (1) Ⓥ 葱油饼, Vegetable Steamed Dumplings (6) Ⓥ 素三鲜蒸饺, Pork Xiao Long Bao (8) 鲜肉小笼包",Default Online Ordering,2.56,Discover,600000034513737492,27,33.66,,1,0.00,,http://www.toasttab.com/receipts/33eiUG9RSnqR9vgz4YmOIA/dsPztjfTFTghf
,,,,CA02,1/10/25,12:47 PM,"Pan Fried Beef Pies (2) 牛肉馅饼, Beef Potstickers (6) 牛肉锅贴, Chicken & Vegetable Wontons in Chili Sauce (6) 🌶️ 红油菜肉大馄饨",Default Online Ordering,1.95,Visa,600000034513813269,26,27.61,,1,0.00,,http://www.toasttab.com/receipts/33eiUG9RSnqR9vgz4YmOIA/kdxXytTxkhTNX
,,,,CA02,1/10/25,12:59 PM,"Green Onion Pancake (1) Ⓥ 葱油饼, Pan Fried Pork Buns (4) 特色鲜肉煎包, Pork & Shrimp Potstickers (6) 🦐 猪肉三鲜锅贴, Dan Dan Noodles Ⓥ🌶️🌶️ 担担面, Pork & Shrimp Boiled Dumplings (6) 🦐 猪肉三鲜水饺, Diet Coke 健怡可乐",Default Online Ordering,3.51,Visa,600000034514072443,33,49.51,,1,0.00,,http://www.toasttab.com/receipts/33eiUG9RSnqR9vgz4YmOIA/sHNX9sJdnmLYf
600000015477169351,C N,4083102328,oboeconcerto@hotmail.com,CA02,1/10/25,12:55 PM,"Pan Fried Chive Dumplings (3) 韭菜盒子, COMB A",Default Online Ordering,2.20,Visa,600000034514132112,30,30.29,,1,0.00,,http://www.toasttab.com/receipts/33eiUG9RSnqR9vgz4YmOIA/zFgJjhcTFsCFp
,,,,CA02,1/10/25,12:58 PM,COMB A,Default Online Ordering,1.55,Visa,600000034514163817,32,21.32,,1,0.00,,http://www.toasttab.com/receipts/33eiUG9RSnqR9vgz4YmOIA/bdnh7hCYxfHqq
,,,,CA02,1/10/25,12:55 PM,Chicken Xiao Long Bao (8) 鸡肉小笼包,Yafang Chen,0.84,Visa,600000034514188625,28,10.09,,1,0.00,,http://www.toasttab.com/receipts/33eiUG9RSnqR9vgz4YmOIA/xp7KHKLcbkLcC
,,,,CA02,1/10/25,12:55 PM,"Green Onion Pancake (1) Ⓥ 葱油饼, Pan Fried Pork Buns (4) 特色鲜肉煎包",Yafang Chen,1.27,Visa,600000034514203664,29,15.17,,1,0.00,,http://www.toasttab.com/receipts/33eiUG9RSnqR9vgz4YmOIA/ypPJqTmnFsdPn
600000034514381143,PickUp-Qian Z,7657144096,dd.toast.orders+orders_12902d0f-eb4e-47a4-a290-095159810ce9@gmail.com,CA02,1/10/25,1:13 PM,"Pork Xiao Long Bao (8) 鲜肉小笼包, Beef-Stew Noodle Soup 🌶️ 秘制牛肉汤面",Default Online Ordering,1.75,Other,600000034514512535,35,20.95,,1,0.00,,http://www.toasttab.com/receipts/33eiUG9RSnqR9vgz4YmOIA/bXbJnWRtrdbRk
600000034514570476,PickUp-harleen g,4084206084,dd.toast.orders+orders_3c86b8b8-9966-49a9-95f1-4eb32c119f18@gmail.com,CA02,1/10/25,1:11 PM,"Chicken Steamed Dumplings (6) 鸡肉蒸饺, Chicken & Vegetable Wontons in Chili Sauce (6) 🌶️ 红油菜肉大馄饨",Default Online Ordering,1.30,Other,600000034514514945,34,15.60,,1,0.00,,http://www.toasttab.com/receipts/33eiUG9RSnqR9vgz4YmOIA/kLqPhRjXdgbTw
,,,,CA02,1/10/25,1:20 PM,"Pork Xiao Long Bao (8) 鲜肉小笼包, Green Onion Pancake (1) Ⓥ 葱油饼, Pork & Shrimp Potstickers (6) 🦐 猪肉三鲜锅贴, Romaine Lettuce Salad with Sesame Dressing Ⓥ 麻酱生菜沙拉, Zha Jiang Mian 京味炸酱面, Pan Fried Chive Dumplings (3) 韭菜盒子, Jasmine Tea (Hot) 茉莉花茶 (热)",Default Online Ordering,4.36,Visa,600000034514683487,36,62.71,,1,0.00,,http://www.toasttab.com/receipts/33eiUG9RSnqR9vgz4YmOIA/JCCh9m9jKJzHm
,,,,CA02,1/10/25,1:23 PM,"Beef-Stew Noodle Soup 🌶️ 秘制牛肉汤面, Dan Dan Noodles Ⓥ🌶️🌶️ 担担面, Green Onion Pancake (1) Ⓥ 葱油饼",Default Online Ordering,1.98,Visa,600000034514848638,38,27.17,,1,0.00,,http://www.toasttab.com/receipts/33eiUG9RSnqR9vgz4YmOIA/mCHrHsKctJTdM
,,,,CA02,1/10/25,1:31 PM,"Dan Dan Noodles Ⓥ🌶️🌶️ 担担面, Pork Xiao Long Bao (8) 鲜肉小笼包, Spicy Beef Pancake Roll (1) 🌶️🌶️ 麻辣牛肉卷饼, Chicken & Vegetable Wontons in Chili Sauce (6) 🌶️ 红油菜肉大馄饨, Zha Jiang Mian 京味炸酱面, Braised Pig Ears 🌶️ 凉拌猪耳",Default Online Ordering,4.38,Visa,600000034515000438,39,60.24,,1,0.00,,http://www.toasttab.com/receipts/33eiUG9RSnqR9vgz4YmOIA/MfKTjnwzmWtJk
,,,,CA02,1/10/25,1:21 PM,"Sweet & Sour Cucumber Ⓥ 🌶️ 甜辣小黄瓜, Dan Dan Noodles Ⓥ🌶️🌶️ 担担面, Chicken Xiao Long Bao (8) 鸡肉小笼包, Chicken & Vegetable Wontons in Chili Sauce (6) 🌶️ 红油菜肉大馄饨",xiaoli zheng,2.85,Discover,600000034515002295,37,39.27,,2,0.00,,http://www.toasttab.com/receipts/33eiUG9RSnqR9vgz4YmOIA/rzLCyR9td9WzP
600000034515429706,PickUp-Pradipta M,8552228111,dd.toast.orders+orders_c74b2bef-d64a-4017-8c30-3e76c4b6ec70@gmail.com,CA02,1/10/25,1:36 PM,"Chicken & Vegetable Wontons in Chili Sauce (6) 🌶️ 红油菜肉大馄饨, Chicken & Vegetable Wontons in Chicken Soup 鸡汤菜肉大馄饨, Chicken Steamed Dumplings (6) 鸡肉蒸饺, Green Onion Soy Sauce Noodles Ⓥ 葱油拌面, Minced Chicken Noodles 🌶️ 鸡肉肉燥小面, Chicken Xiao Long Bao (8) 鸡肉小笼包",Default Online Ordering,5.63,Other,600000034515481205,41,67.33,,1,0.00,,http://www.toasttab.com/receipts/33eiUG9RSnqR9vgz4YmOIA/bRbN9TTrCrcc9
,,,,CA02,1/10/25,1:37 PM,"Chicken Potstickers (6) 鸡肉锅贴, Beef-Stew Noodles 🌶️ 秘制牛肉小面, Beef-Stew Noodles 🌶️ 秘制牛肉小面",Yafang Chen,2.07,Mastercard,600000034515537554,40,24.72,,1,0.00,,http://www.toasttab.com/receipts/33eiUG9RSnqR9vgz4YmOIA/yRrnPbMYJqx99
,,,,CA02,1/10/25,1:48 PM,"Chicken Xiao Long Bao (8) 鸡肉小笼包, Chicken & Vegetable Wontons in Chili Sauce (6) 🌶️ 红油菜肉大馄饨, Dan Dan Noodles Ⓥ🌶️🌶️ 担担面, Chicken Xiao Long Bao (8) 鸡肉小笼包, Minced Chicken Noodles 🌶️ 鸡肉肉燥小面, Chicken & Vegetable Wontons in Chili Sauce (6) 🌶️ 红油菜肉大馄饨, Minced Chicken Noodles 🌶️ 鸡肉肉燥小面, Minced Chicken Noodles 🌶️ 鸡肉肉燥小面",Default Online Ordering,5.82,Visa,600000034515690379,49,69.62,,4,0.00,,http://www.toasttab.com/receipts/33eiUG9RSnqR9vgz4YmOIA/KtwYFWkdfhwdm
,,,,CA02,1/10/25,1:54 PM,"Dan Dan Noodles Ⓥ🌶️🌶️ 担担面, Chicken Xiao Long Bao (8) 鸡肉小笼包, Dan Dan Noodles Ⓥ🌶️🌶️ 担担面, Sprite 雪碧, Spicy Beef Pancake Roll (1) 🌶️🌶️ 麻辣牛肉卷饼, Pork Xiao Long Bao (8) 鲜肉小笼包, Chicken Xiao Long Bao (8) 鸡肉小笼包, Dan Dan Noodles Ⓥ🌶️🌶️ 担担面, Chicken Potstickers (6) 鸡肉锅贴, Spicy (Ma La) Noodles 🌶️🌶️ 麻辣小面, Minced Chicken Noodles 🌶️ 鸡肉肉燥小面",Default Online Ordering,7.77,Mastercard,600000034516004611,52,92.87,,5,0.00,,http://www.toasttab.com/receipts/33eiUG9RSnqR9vgz4YmOIA/zzWdKkNytNcrb
,,,,CA02,1/10/25,1:53 PM,"Pan Fried Beef Pies (2) 牛肉馅饼, Pork Xiao Long Bao (8) 鲜肉小笼包, Pork Xiao Long Bao (8) 鲜肉小笼包, Pan Fried Pork Buns (4) 特色鲜肉煎包, Pork Wontons in Chili Sauce (6) 🌶️ 红油猪肉抄手, Sweet & Sour Cucumber Ⓥ 🌶️ 甜辣小黄瓜, Hot & Sour Glass Noodles 🌶️🌶️ 酸辣粉, Banana Naan Bread (1) Ⓥ 香蕉飞饼, Pork Wontons in Chili Sauce (6) 🌶️ 红油猪肉抄手",xiaoli zheng,6.53,Visa,600000034516086906,50,90.02,,3,0.00,,http://www.toasttab.com/receipts/33eiUG9RSnqR9vgz4YmOIA/9MLLbPyWsHCCp
,,,,CA02,1/10/25,2:07 PM,"Pan Fried Pork Buns (4) 特色鲜肉煎包, Beef-Stew Noodle Soup 🌶️ 秘制牛肉汤面, Pan Fried Beef Pies (2) 牛肉馅饼",Default Online Ordering,2.47,Visa,600000034516520023,54,34.52,,1,0.00,,http://www.toasttab.com/receipts/33eiUG9RSnqR9vgz4YmOIA/bLg9PpcKgxCzF
600000034516753476,Jackson L,8552228111,dd.toast.orders+orders_188cb8ab-c5bb-42b9-b607-79373ebe0647@gmail.com,CA02,1/10/25,2:17 PM,"Passion Fruit Green Tea (Cold) 百香果绿茶 (冷), Chicken Xiao Long Bao (8) 鸡肉小笼包, Steamed Pork Buns (4) 特色鲜肉蒸包",Default Online Ordering,2.64,Other,600000034516695848,57,31.59,,1,0.00,,http://www.toasttab.com/receipts/33eiUG9RSnqR9vgz4YmOIA/kMytsxb7kxr97
,,,,CA02,1/10/25,2:12 PM,"Pan Fried Chive Dumplings (3) 韭菜盒子, Pork & Crab Meat Xiao Long Bao (8) 🦐 蟹肉小笼包",zhengyu chen,1.49,Visa,600000034516822408,55,17.89,,1,0.00,,http://www.toasttab.com/receipts/33eiUG9RSnqR9vgz4YmOIA/7zNpJWqR7KyRx
600000034517260788,PickUp-Ryan P,9257890330,dd.toast.orders+orders_37d36cc9-b037-471d-a702-6b535d1f25c7@gmail.com,CA02,1/10/25,2:32 PM,"Beef Sandwich (1) 大嘴牛肉包 (不辣), Beef-Stew Noodle Soup 🌶️ 秘制牛肉汤面",Default Online Ordering,1.54,Other,600000034517435033,58,18.44,,1,0.00,,http://www.toasttab.com/receipts/33eiUG9RSnqR9vgz4YmOIA/mfkmNtpbtKM7t
,,,,CA02,1/10/25,2:32 PM,"Pork & Shrimp Potstickers (6) 🦐 猪肉三鲜锅贴, Pan Fried Pork Buns (4) 特色鲜肉煎包, Spicy Beef Pancake Roll (1) 🌶️🌶️ 麻辣牛肉卷饼, Beef-Stew Noodle Soup 🌶️ 秘制牛肉汤面, Pork Xiao Long Bao (8) 鲜肉小笼包, Beef Sandwich (1) 大嘴牛肉包 (不辣), Pork & Shrimp Potstickers (6) 🦐 猪肉三鲜锅贴, Pork Wontons in Chili Sauce (6) 🌶️ 红油猪肉抄手, Spicy Beef Pancake Roll (1) 🌶️🌶️ 麻辣牛肉卷饼, Spicy Beef Sandwich (1) 🌶️🌶️大嘴牛肉包 (辣)",Default Online Ordering,7.51,Visa,600000034517654559,59,103.40,,1,0.00,,http://www.toasttab.com/receipts/33eiUG9RSnqR9vgz4YmOIA/NjdP7tFbFCYWR
,,,,CA02,1/10/25,2:39 PM,"Pork Xiao Long Bao (8) 鲜肉小笼包, Pork & Crab Meat Xiao Long Bao (8) 🦐 蟹肉小笼包, Beef-Stew Noodle Soup 🌶️ 秘制牛肉汤面",Default Online Ordering,2.59,Visa,600000034517998206,60,34.04,,1,0.00,,http://www.toasttab.com/receipts/33eiUG9RSnqR9vgz4YmOIA/XybcszNXz7mfJ
,,,,CA02,1/10/25,3:03 PM,"Pan Fried Pork Buns (4) 特色鲜肉煎包, Green Onion Pancake (1) Ⓥ 葱油饼, Dan Dan Noodles Ⓥ🌶️🌶️ 担担面",Default Online Ordering,1.98,Mastercard,600000034518964433,63,27.88,,1,0.00,,http://www.toasttab.com/receipts/33eiUG9RSnqR9vgz4YmOIA/gjMHxPcHygLtm
600000034518830973,Peter E,8552228111,dd.toast.orders+orders_d7da1591-aad1-4706-ad7b-95ceead2268c@gmail.com,CA02,1/10/25,3:01 PM,"Green Onion Pancake (1) Ⓥ 葱油饼, Pork & Shrimp Boiled Dumplings (6) 🦐 猪肉三鲜水饺, Shrimp & Zucchini Steamed Dumplings (6) 🦐 青瓜鲜虾蒸饺, Pan Fried Wontons with Sweet & Spicy Garlic Sauce (6) 甜辣香煎大馄饨, Dan Dan Noodles Ⓥ🌶️🌶️ 担担面, Green Onion Soy Sauce Noodles Ⓥ 葱油拌面, Pork Xiao Long Bao (8) 鲜肉小笼包, Chicken Xiao Long Bao (8) 鸡肉小笼包, Pan Fried Pork Buns (4) 特色鲜肉煎包, Steamed Pork Buns (4) 特色鲜肉蒸包",Default Online Ordering,7.97,Other,600000034519020712,61,100.27,,1,0.00,,http://www.toasttab.com/receipts/33eiUG9RSnqR9vgz4YmOIA/7psjyJktTkCLh
600000034518859724,Grishma G,8552228111,dd.toast.orders+orders_342be642-d84c-49e1-b31f-c71ea6d83ec5@gmail.com,CA02,1/10/25,3:02 PM,"Pork Wontons in Chicken Soup 鸡汤小馄饨, Pork Xiao Long Bao (8) 鲜肉小笼包",Default Online Ordering,1.79,Other,600000034519152508,62,21.39,,1,0.00,,http://www.toasttab.com/receipts/33eiUG9RSnqR9vgz4YmOIA/wrJHYywNFhxzb
,,,,CA02,1/10/25,3:22 PM,"Green Onion Pancake (1) Ⓥ 葱油饼, Dan Dan Noodles Ⓥ🌶️🌶️ 担担面, Chicken Xiao Long Bao (8) 鸡肉小笼包, Pan Fried Pork Buns (4) 特色鲜肉煎包",Default Online Ordering,2.82,Visa,600000034520220677,64,39.79,,1,0.00,,http://www.toasttab.com/receipts/33eiUG9RSnqR9vgz4YmOIA/JCnTsXJnsXynd
600000034520660470,Laura P,8552228111,dd.toast.orders+orders_51138e48-0b94-4a85-84b4-30e5a81b17a4@gmail.com,CA02,1/10/25,3:30 PM,"Green Onion Pancake (1) Ⓥ 葱油饼, Milk Tea (Cold) 奶茶 (冷), Pork Wontons in Chili Sauce (6) 🌶️ 红油猪肉抄手, Dan Dan Noodles Ⓥ🌶️🌶️ 担担面",Default Online Ordering,2.71,Other,600000034520763264,65,32.46,,1,0.00,,http://www.toasttab.com/receipts/33eiUG9RSnqR9vgz4YmOIA/qyrNFFrxCgMdX
600000034521299258,adam f,8552228111,dd.toast.orders+orders_ce598a6c-478e-4ada-9211-781e84127ae7@gmail.com,CA02,1/10/25,3:39 PM,"Sweet & Sour Cucumber Ⓥ 🌶️ 甜辣小黄瓜, Dan Dan Noodles Ⓥ🌶️🌶️ 担担面, Pork Xiao Long Bao (8) 鲜肉小笼包",Default Online Ordering,2.54,Other,600000034521207377,66,30.39,,1,0.00,,http://www.toasttab.com/receipts/33eiUG9RSnqR9vgz4YmOIA/Wfpz9NLPKtwTk
,,,,CA02,1/10/25,3:56 PM,"Pan Fried Pork Buns (4) 特色鲜肉煎包, Pork Xiao Long Bao (8) 鲜肉小笼包, Sweet & Sour Cucumber Ⓥ 🌶️ 甜辣小黄瓜, Braised Pig Ears 🌶️ 凉拌猪耳, Beef-Stew Noodle Soup 🌶️ 秘制牛肉汤面",Default Online Ordering,3.96,Visa,600000034522024448,69,54.52,,1,0.00,,http://www.toasttab.com/receipts/33eiUG9RSnqR9vgz4YmOIA/JnFhCd79qwsFr
600000034521894017,Gracie A,8552228111,dd.toast.orders+orders_9784603c-b437-4a74-bd1a-d51283ae00a7@gmail.com,CA02,1/10/25,3:51 PM,"Chicken & Vegetable Wontons in Hot & Sour Sauce (6) 🌶️ 酸辣菜肉大馄饨, Pork Wontons in Chili Sauce (6) 🌶️ 红油猪肉抄手, Sweet & Sour Cucumber Ⓥ 🌶️ 甜辣小黄瓜",Default Online Ordering,2.26,Other,600000034522075006,67,27.01,,1,0.00,,http://www.toasttab.com/receipts/33eiUG9RSnqR9vgz4YmOIA/gdfYKLTsjkmpK
,,,,CA02,1/10/25,3:56 PM,"Sweet & Sour Cucumber Ⓥ 🌶️ 甜辣小黄瓜, Beef Sandwich (1) 大嘴牛肉包 (不辣), Pork & Crab Meat Xiao Long Bao (8) 🦐 蟹肉小笼包, Pan Fried Pork Buns (4) 特色鲜肉煎包, Pork & Shrimp Potstickers (6) 🦐 猪肉三鲜锅贴, Pork Wontons in Chili Sauce (6) 🌶️ 红油猪肉抄手, Hot & Sour Glass Noodles 🌶️🌶️ 酸辣粉, Beef-Stew Noodle Soup 🌶️ 秘制牛肉汤面",Default Online Ordering,5.95,Visa,600000034522406552,68,77.29,,1,0.00,,http://www.toasttab.com/receipts/33eiUG9RSnqR9vgz4YmOIA/zxbztbNjTTrjk
,,,,CA02,1/10/25,4:13 PM,"Chicken Steamed Dumplings (6) 鸡肉蒸饺, Green Onion Soy Sauce Noodles Ⓥ 葱油拌面, Chicken & Vegetable Wontons in Chicken Soup 鸡汤菜肉大馄饨, Green Onion Pancake (1) Ⓥ 葱油饼, Chicken Potstickers (6) 鸡肉锅贴, Banana Naan Bread (1) Ⓥ 香蕉飞饼",Default Online Ordering,3.71,Visa,600000034523120939,71,51.07,,1,0.00,,http://www.toasttab.com/receipts/33eiUG9RSnqR9vgz4YmOIA/pjsbfLnX9KkKg
600000034523507693,Harsh B,8552228111,dd.toast.orders+orders_31d4bd62-faf9-4660-a8e3-61bd26398cb2@gmail.com,CA02,1/10/25,4:21 PM,"Chicken & Vegetable Wontons in Chili Sauce (6) 🌶️ 红油菜肉大馄饨, Pan Fried Chive Dumplings (3) 韭菜盒子, Vegetable Potstickers (6) Ⓥ 素三鲜锅贴, Dan Dan Noodles Ⓥ🌶️🌶️ 担担面",Default Online Ordering,3.44,Other,600000034523698687,72,46.09,,1,0.00,,http://www.toasttab.com/receipts/33eiUG9RSnqR9vgz4YmOIA/tMbMHbwskxp7x
600000034523732787,Nho C,8552228111,dd.toast.orders+orders_89c9673f-222b-448b-9323-2a19916987bf@gmail.com,CA02,1/10/25,4:23 PM,"Chicken Potstickers (6) 鸡肉锅贴, Pork Wontons in Chicken Soup 鸡汤小馄饨, Zha Jiang Mian 京味炸酱面, Pork & Crab Meat Xiao Long Bao (8) 🦐 蟹肉小笼包, Pork Xiao Long Bao (8) 鲜肉小笼包",Default Online Ordering,5.82,Other,600000034523912530,73,74.57,,1,0.00,,http://www.toasttab.com/receipts/33eiUG9RSnqR9vgz4YmOIA/tFRJf7X9yhjCJ
600000034524733005,Jie Z,8552228111,dd.toast.orders+orders_f75511b1-44f8-402a-b48e-68a35ba476e0@gmail.com,CA02,1/10/25,4:31 PM,"Dan Dan Noodles Ⓥ🌶️🌶️ 担担面, Minced Chicken Noodles 🌶️ 鸡肉肉燥小面",Default Online Ordering,1.63,Other,600000034524336493,76,19.53,,1,0.00,,http://www.toasttab.com/receipts/33eiUG9RSnqR9vgz4YmOIA/dwXzsHhm9RCTx
600000017796817242,Anu M,6692927725,firestormbreather@gmail.com,CA02,1/10/25,4:31 PM,Cold Noodles with Sesame Dressing Ⓥ 麻酱凉面,Default Online Ordering,0.71,Visa,600000034524444629,75,9.73,,1,0.00,,http://www.toasttab.com/receipts/33eiUG9RSnqR9vgz4YmOIA/xmCqcM7jdgjMz
600000034524521960,Ed G,8552228111,dd.toast.orders+orders_d9f8ad42-108c-40c2-a1b2-164e969e084b@gmail.com,CA02,1/10/25,4:28 PM,"Chicken Steamed Dumplings (6) 鸡肉蒸饺, Chicken Xiao Long Bao (8) 鸡肉小笼包",Default Online Ordering,2.70,Other,600000034524505461,74,32.25,,1,0.00,,http://www.toasttab.com/receipts/33eiUG9RSnqR9vgz4YmOIA/mJtCq7tCxckNw
600000034524485475,PickUp-Lara S,4088363743,dd.toast.orders+orders_c4657d7f-688e-46e8-9d59-60b00c32d176@gmail.com,CA02,1/10/25,4:32 PM,"Beef Sandwich (1) 大嘴牛肉包 (不辣), Sweet & Sour Cucumber Ⓥ 🌶️ 甜辣小黄瓜, Pan Fried Wontons with Sweet & Spicy Garlic Sauce (6) 甜辣香煎大馄饨, Pork & Shrimp Potstickers (6) 🦐 猪肉三鲜锅贴, Dan Dan Noodles Ⓥ🌶️🌶️ 担担面, Pork Xiao Long Bao (8) 鲜肉小笼包, Pan Fried Pork Buns (4) 特色鲜肉煎包",Default Online Ordering,5.68,Other,600000034524626669,77,80.44,,1,0.00,,http://www.toasttab.com/receipts/33eiUG9RSnqR9vgz4YmOIA/rLcpdzfLcqJNn
600000034524341242,PickUp-Alireza G,6504502190,dd.toast.orders+orders_1d32c711-9a48-4065-9d61-9129cd9e050e@gmail.com,CA02,1/10/25,4:34 PM,"Pork & Shrimp Potstickers (6) 🦐 猪肉三鲜锅贴, Chicken Potstickers (6) 鸡肉锅贴",Default Online Ordering,1.30,Other,600000034524713321,78,15.60,,1,0.00,,http://www.toasttab.com/receipts/33eiUG9RSnqR9vgz4YmOIA/wydzHNkCHrNjm
600000034524733024,David W,8552228111,dd.toast.orders+orders_53157e17-2390-44a5-a3e1-5d51a59ee678@gmail.com,CA02,1/10/25,4:34 PM,"Pork Wontons in Chili Sauce (6) 🌶️ 红油猪肉抄手, Chicken Potstickers (6) 鸡肉锅贴, High Tail Shrimp & Pork Steamed Dumplings (6) 🦐 翘尾鲜虾蒸饺, Sweet & Sour Cucumber Ⓥ 🌶️ 甜辣小黄瓜, Green Onion Soy Sauce Noodles Ⓥ 葱油拌面, Pork Xiao Long Bao (8) 鲜肉小笼包",Default Online Ordering,7.07,Other,600000034524855267,79,89.57,,1,0.00,,http://www.toasttab.com/receipts/33eiUG9RSnqR9vgz4YmOIA/FdhhPgMzJptbh
,,,,CA02,1/10/25,4:45 PM,"Pork Xiao Long Bao (8) 鲜肉小笼包, Yibin Noodles Ⓥ 🌶️ 宜宾燃面",Default Online Ordering,1.55,Visa,600000034525251690,81,22.26,,1,0.00,,http://www.toasttab.com/receipts/33eiUG9RSnqR9vgz4YmOIA/YNRKdgqgMWpgz
600000034525747115,PickUp-Robert L,4084310552,dd.toast.orders+orders_5de7ab7e-c8f3-4156-a553-d17b2c7ffbff@gmail.com,CA02,1/10/25,4:51 PM,"Pork & Shrimp Potstickers (6) 🦐 猪肉三鲜锅贴, Sweet & Sour Cucumber Ⓥ 🌶️ 甜辣小黄瓜, Pork Xiao Long Bao (8) 鲜肉小笼包, Pan Fried Pork Buns (4) 特色鲜肉煎包",Default Online Ordering,5.65,Other,600000034525437291,83,79.99,,1,0.00,,http://www.toasttab.com/receipts/33eiUG9RSnqR9vgz4YmOIA/kppwscXmMzyFr
600000034525539161,PickUp-Ganeshram I,4256799329,dd.toast.orders+orders_000e563b-d957-44f1-bc91-32c0ae9f73ed@gmail.com,CA02,1/10/25,4:45 PM,"Kale Salad with Sesame Dressing Ⓥ 麻酱羽衣甘蓝沙拉, Sweet & Sour Cucumber Ⓥ 🌶️ 甜辣小黄瓜, Chicken Steamed Dumplings (6) 鸡肉蒸饺, Pan Fried Chive Dumplings (3) 韭菜盒子, Yibin Noodles Ⓥ 🌶️ 宜宾燃面, Dan Dan Noodles Ⓥ🌶️🌶️ 担担面, Five Spice Beef Shank 五香牛腱, Pork Xiao Long Bao (8) 鲜肉小笼包",Default Online Ordering,6.25,Other,600000034525693957,82,84.96,,1,0.00,,http://www.toasttab.com/receipts/33eiUG9RSnqR9vgz4YmOIA/KghRdbnqdkpsw
600000034525495292,PickUp-Shiela B,4085690023,dd.toast.orders+orders_3a698df0-833a-4212-8ac3-3a3a7123fec0@gmail.com,CA02,1/10/25,4:53 PM,"Pork & Shrimp Potstickers (6) 🦐 猪肉三鲜锅贴, Pork Wontons in Chili Sauce (6) 🌶️ 红油猪肉抄手, Pork Wontons in Chicken Soup 鸡汤小馄饨, Spicy Beef Pancake Roll (1) 🌶️🌶️ 麻辣牛肉卷饼, Pork & Crab Meat Xiao Long Bao (8) 🦐 蟹肉小笼包",Default Online Ordering,5.88,Other,600000034526198753,84,70.28,,1,0.00,,http://www.toasttab.com/receipts/33eiUG9RSnqR9vgz4YmOIA/ympgpMs9hkyYj
600000034526227995,Anna Sophia L,8552228111,dd.toast.orders+orders_9e9dabcb-28dc-4750-bce3-c4ef0b149eb8@gmail.com,CA02,1/10/25,5:04 PM,"Pork & Shrimp Potstickers (6) 🦐 猪肉三鲜锅贴, Beef-Stew Noodles 🌶️ 秘制牛肉小面, Pork Xiao Long Bao (8) 鲜肉小笼包",Default Online Ordering,2.54,Other,600000034526845456,86,30.39,,1,0.00,,http://www.toasttab.com/receipts/33eiUG9RSnqR9vgz4YmOIA/ctgdPwFjHJHx7
600000034526721563,PickUp-Patrick L,8552228111,dd.toast.orders+orders_5a848e2e-b1a0-4f03-a04f-61567ae95058@gmail.com,CA02,1/10/25,5:05 PM,"Green Onion Pancake (1) Ⓥ 葱油饼, Yibin Noodles Ⓥ 🌶️ 宜宾燃面, Vegetarian Spicy (Ma La) Noodles Ⓥ 🌶️🌶️ 素麻辣小面, Dan Dan Noodles Ⓥ🌶️🌶️ 担担面",Default Online Ordering,2.48,Other,600000034526892059,88,29.68,,1,0.00,,http://www.toasttab.com/receipts/33eiUG9RSnqR9vgz4YmOIA/dYpwMXtzYLxfc
,,,,CA02,1/10/25,5:04 PM,"$25 Dough Zone Gift Card, $25 Dough Zone Gift Card",Yafang Chen,0.00,Visa,600000034526914856,85,50.00,,1,0.00,,http://www.toasttab.com/receipts/33eiUG9RSnqR9vgz4YmOIA/r7tYhnRPhJcCd
600000034526832485,Ravi R,8552228111,dd.toast.orders+orders_6ad9f8f7-eb36-4b3f-be8c-bd0e8cf4816f@gmail.com,CA02,1/10/25,5:12 PM,"Sprite 雪碧, Diet Coke 健怡可乐, Green Onion Pancake (1) Ⓥ 葱油饼, Pork Xiao Long Bao (8) 鲜肉小笼包, Beef-Stew Noodle Soup 🌶️ 秘制牛肉汤面, Pan Fried Pork Buns (4) 特色鲜肉煎包",Default Online Ordering,6.02,Other,600000034527222816,89,72.02,,1,0.00,,http://www.toasttab.com/receipts/33eiUG9RSnqR9vgz4YmOIA/9bC7xpFkwgmYR
,,,,CA02,1/10/25,5:13 PM,"Pork Xiao Long Bao (8) 鲜肉小笼包, Pan Fried Pork Buns (4) 特色鲜肉煎包, Pork Xiao Long Bao (8) 鲜肉小笼包, Beef Steamed Dumplings (6) 牛肉蒸饺, Shrimp & Zucchini Steamed Dumplings (6) 🦐 青瓜鲜虾蒸饺, Pork Wontons in Chicken Soup 鸡汤小馄饨, High Tail Shrimp & Pork Steamed Dumplings (6) 🦐 翘尾鲜虾蒸饺",Default Online Ordering,5.50,Visa,600000034527257375,90,75.61,,1,0.00,,http://www.toasttab.com/receipts/33eiUG9RSnqR9vgz4YmOIA/sfLpPJcqLyztF
,,,,CA02,1/10/25,5:24 PM,"Green Onion Pancake (1) Ⓥ 葱油饼, Chicken Xiao Long Bao (8) 鸡肉小笼包, Chicken Potstickers (6) 鸡肉锅贴, Chrysanthemum Tea (Hot) 菊花茶 (热)",Yafang Chen,2.35,Visa,600000034528190572,91,34.40,,2,0.00,,http://www.toasttab.com/receipts/33eiUG9RSnqR9vgz4YmOIA/yt9WgkpF7gztf
,,,,CA02,1/10/25,5:33 PM,"Pan Fried Pork Buns (4) 特色鲜肉煎包, Pork Xiao Long Bao (8) 鲜肉小笼包, Green Onion Pancake (1) Ⓥ 葱油饼, Chicken Potstickers (6) 鸡肉锅贴, Tsingtao",Default Online Ordering,3.86,Visa,600000034528372233,92,56.32,,1,0.00,,http://www.toasttab.com/receipts/33eiUG9RSnqR9vgz4YmOIA/FjNqLmHFtMWPy
600000034528986955,PickUp-Robyn M,5103322882,dd.toast.orders+orders_d34fd935-be48-4b3d-91f0-dcffdcc037f0@gmail.com,CA02,1/10/25,5:38 PM,"Thai Milk Tea (Cold) 泰式奶茶 (冷), Pan Fried Wontons with Chili Sauce (6) 红油香煎大馄饨, Chicken Potstickers (6) 鸡肉锅贴, Sweet & Sour Cucumber Ⓥ 🌶️ 甜辣小黄瓜, Green Onion Soy Sauce Noodles Ⓥ 葱油拌面, Pork Xiao Long Bao (8) 鲜肉小笼包, Pan Fried Pork Buns (4) 特色鲜肉煎包",Default Online Ordering,6.71,Other,600000034528565185,93,91.29,,1,0.00,,http://www.toasttab.com/receipts/33eiUG9RSnqR9vgz4YmOIA/wtRMJNxrMJckX
600000034528306143,Julio B,8552228111,dd.toast.orders+orders_ba6ef5aa-ec65-496c-9408-d32582738f2e@gmail.com,CA02,1/10/25,5:38 PM,"Chicken Steamed Dumplings (6) 鸡肉蒸饺, Chicken Potstickers (6) 鸡肉锅贴, Cold Noodles with Sesame Dressing Ⓥ 麻酱凉面, Beef-Stew Noodles 🌶️ 秘制牛肉小面, Chicken Xiao Long Bao (8) 鸡肉小笼包",Default Online Ordering,4.11,Other,600000034528852966,94,49.16,,1,0.00,,http://www.toasttab.com/receipts/33eiUG9RSnqR9vgz4YmOIA/JWFryqzwPcFzg
,,,,CA02,1/10/25,5:42 PM,"Pork Xiao Long Bao (8) 鲜肉小笼包, Pan Fried Wontons with Sweet & Spicy Garlic Sauce (6) 甜辣香煎大馄饨, Beef Steamed Dumplings (6) 牛肉蒸饺",Default Online Ordering,2.14,Mastercard,600000034529038372,96,30.31,,1,0.00,,http://www.toasttab.com/receipts/33eiUG9RSnqR9vgz4YmOIA/cqHMJjWwkJhmN
,,,,CA02,1/10/25,5:40 PM,"Pork Xiao Long Bao (8) 鲜肉小笼包, Green Onion Pancake (1) Ⓥ 葱油饼, Chicken Potstickers (6) 鸡肉锅贴, Braised Pig Ears 🌶️ 凉拌猪耳, Five Spice Beef Shank 五香牛腱, Sweet & Sour Cucumber Ⓥ 🌶️ 甜辣小黄瓜, Dan Dan Noodles Ⓥ🌶️🌶️ 担担面, Beef-Stew Noodles 🌶️ 秘制牛肉小面, Zha Jiang Mian 京味炸酱面, Sour Plum Juice (Cold) 酸梅汁 (冷), Sour Plum Juice (Cold) 酸梅汁 (冷), Pork Xiao Long Bao (8) 鲜肉小笼包",Default Online Ordering,7.93,Visa,600000034529127202,95,109.17,,1,0.00,,http://www.toasttab.com/receipts/33eiUG9RSnqR9vgz4YmOIA/LWPHXMsCYWffN
,,,,CA02,1/10/25,5:45 PM,"Pan Fried Pork Buns (4) 特色鲜肉煎包, Sour Plum Juice (Cold) 酸梅汁 (冷), Pork Xiao Long Bao (8) 鲜肉小笼包",Default Online Ordering,3.14,Visa,600000034529305961,98,44.30,,1,0.00,,http://www.toasttab.com/receipts/33eiUG9RSnqR9vgz4YmOIA/7rgJrdYtccNpg
,,,,CA02,1/10/25,5:43 PM,"Spicy Beef Sandwich (1) 🌶️🌶️大嘴牛肉包 (辣), Pork Xiao Long Bao (8) 鲜肉小笼包, Pork & Crab Meat Xiao Long Bao (8) 🦐 蟹肉小笼包, Pan Fried Pork Buns (4) 特色鲜肉煎包, Sweet & Sour Cucumber Ⓥ 🌶️ 甜辣小黄瓜, Beef-Stew Noodles 🌶️ 秘制牛肉小面, Zha Jiang Mian 京味炸酱面",Jaylan Penney,5.29,Amex,600000034529331358,97,72.84,,2,0.00,,http://www.toasttab.com/receipts/33eiUG9RSnqR9vgz4YmOIA/fkktMr9Xkzzfg
,,,,CA02,1/10/25,5:52 PM,"Dan Dan Noodles Ⓥ🌶️🌶️ 担担面, Sweet & Sour Cucumber Ⓥ 🌶️ 甜辣小黄瓜, Beef Potstickers (6) 牛肉锅贴, Green Onion Soy Sauce Noodles Ⓥ 葱油拌面, Pork Xiao Long Bao (8) 鲜肉小笼包, Romaine Lettuce Salad with Sesame Dressing Ⓥ 麻酱生菜沙拉",Default Online Ordering,4.21,Visa,600000034529384736,99,60.49,,1,0.00,,http://www.toasttab.com/receipts/33eiUG9RSnqR9vgz4YmOIA/xPdfFcbf99yxC
,,,,CA02,1/10/25,6:00 PM,"Pork Wontons in Chili Sauce (6) 🌶️ 红油猪肉抄手, Passion Fruit Green Tea (Cold) 百香果绿茶 (冷), Pork Xiao Long Bao (8) 鲜肉小笼包, Passion Fruit Green Tea (Cold) 百香果绿茶 (冷), Dan Dan Noodles Ⓥ🌶️🌶️ 担担面, Sweet & Sour Cucumber Ⓥ 🌶️ 甜辣小黄瓜",Default Online Ordering,3.93,Visa,600000034529567748,102,54.20,,1,0.00,,http://www.toasttab.com/receipts/33eiUG9RSnqR9vgz4YmOIA/fTWHFcrwsJXWM
600000014966381118,Robert Chang,4155967266,robertchangpharmd@gmail.com,CA02,1/10/25,5:57 PM,"Pork Xiao Long Bao (8) 鲜肉小笼包, Pork & Crab Meat Xiao Long Bao (8) 🦐 蟹肉小笼包, Chicken Xiao Long Bao (8) 鸡肉小笼包, Pork & Shrimp Potstickers (6) 🦐 猪肉三鲜锅贴, Pork & Shrimp Boiled Dumplings (6) 🦐 猪肉三鲜水饺, Pork Wontons in Chicken Soup 鸡汤小馄饨, Chicken & Vegetable Wontons in Chicken Soup 鸡汤菜肉大馄饨",Default Online Ordering,9.28,Visa,600000034529568991,101,127.63,,1,0.00,,http://www.toasttab.com/receipts/33eiUG9RSnqR9vgz4YmOIA/fg9zrCYWCsTpC
600000034530172010,PickUp-Sida W,4129600141,dd.toast.orders+orders_64a8d304-9c58-4174-ae6b-6b8dd229dfd9@gmail.com,CA02,1/10/25,6:00 PM,"Pork Wontons in Chili Sauce (6) 🌶️ 红油猪肉抄手, Romaine Lettuce Salad with Sesame Dressing Ⓥ 麻酱生菜沙拉, Minced Chicken Noodles 🌶️ 鸡肉肉燥小面, Beef-Stew Noodles 🌶️ 秘制牛肉小面",Default Online Ordering,2.72,Other,600000034529871035,103,32.52,,1,0.00,,http://www.toasttab.com/receipts/33eiUG9RSnqR9vgz4YmOIA/MJrpHp9CNxCWb
,,,,CA02,1/10/25,5:56 PM,"Dan Dan Noodles Ⓥ🌶️🌶️ 担担面, Pork Wontons in Chili Sauce (6) 🌶️ 红油猪肉抄手, Pork & Shrimp Potstickers (6) 🦐 猪肉三鲜锅贴, Pan Fried Pork Buns (4) 特色鲜肉煎包, Pork Xiao Long Bao (8) 鲜肉小笼包, Zha Jiang Mian 京味炸酱面, Beef Pancake Roll (1) 酱香牛肉卷饼 (不辣)",Default Online Ordering,5.29,Visa,600000034529914760,100,72.73,,1,0.00,,http://www.toasttab.com/receipts/33eiUG9RSnqR9vgz4YmOIA/mPdkMbwTXkhzp
600000034530292623,Gavin D,8552228111,dd.toast.orders+orders_b17fbb7d-1315-4434-a986-aac770060679@gmail.com,CA02,1/10/25,6:06 PM,"Chicken Potstickers (6) 鸡肉锅贴, Pork Wontons in Chili Sauce (6) 🌶️ 红油猪肉抄手, Green Onion Soy Sauce Noodles Ⓥ 葱油拌面, Pork Xiao Long Bao (8) 鲜肉小笼包, Steamed Pork Buns (4) 特色鲜肉蒸包",Default Online Ordering,3.88,Other,600000034530360523,105,51.43,,1,0.00,,http://www.toasttab.com/receipts/33eiUG9RSnqR9vgz4YmOIA/sFrFzK7bP9ksb
,,,,CA02,1/10/25,6:12 PM,"Beef-Stew Noodles 🌶️ 秘制牛肉小面, Pan Fried Pork Buns (4) 特色鲜肉煎包, High Tail Shrimp & Pork Steamed Dumplings (6) 🦐 翘尾鲜虾蒸饺, Dan Dan Noodles Ⓥ🌶️🌶️ 担担面, Five Spice Beef Shank 五香牛腱",Default Online Ordering,3.88,Visa,600000034530426099,110,53.16,,1,0.00,,http://www.toasttab.com/receipts/33eiUG9RSnqR9vgz4YmOIA/nbkJzsMwpqFrY
,,,,CA02,1/10/25,6:04 PM,"Pan Fried Pork Buns (4) 特色鲜肉煎包, Pork & Crab Meat Xiao Long Bao (8) 🦐 蟹肉小笼包, Tsingtao, Green Onion Soy Sauce Noodles Ⓥ 葱油拌面, Pork Wontons in Chili Sauce (6) 🌶️ 红油猪肉抄手",Default Online Ordering,3.66,Visa,600000034530486958,104,52.51,,1,0.00,,http://www.toasttab.com/receipts/33eiUG9RSnqR9vgz4YmOIA/zJPMPq79XpjfF
,,,,CA02,1/10/25,6:10 PM,"Beef Potstickers (6) 牛肉锅贴, Beef Steamed Dumplings (6) 牛肉蒸饺, Chicken Steamed Dumplings (6) 鸡肉蒸饺, Pan Fried Wontons with Sweet & Spicy Garlic Sauce (6) 甜辣香煎大馄饨, Beef Pancake Roll (1) 酱香牛肉卷饼 (不辣), Chicken Potstickers (6) 鸡肉锅贴, Pan Fried Wontons with Sweet & Spicy Garlic Sauce (6) 甜辣香煎大馄饨, Green Onion Pancake (1) Ⓥ 葱油饼, Pork & Crab Meat Xiao Long Bao (8) 🦐 蟹肉小笼包, Pan Fried Pork Buns (4) 特色鲜肉煎包, Five Spice Beef Shank 五香牛腱, Minced Chicken Noodles 🌶️ 鸡肉肉燥小面",Default Online Ordering,8.27,Visa,600000034530552068,107,116.78,,1,0.00,,http://www.toasttab.com/receipts/33eiUG9RSnqR9vgz4YmOIA/dbFbHpNNjfYFn
600000034530737278,Arjun R,8552228111,dd.toast.orders+orders_d7529756-dafd-4f7e-83ad-935c0b18d237@gmail.com,CA02,1/10/25,6:15 PM,"Vegetable Potstickers (6) Ⓥ 素三鲜锅贴, Green Onion Soy Sauce Noodles Ⓥ 葱油拌面",Default Online Ordering,2.39,Other,600000034530590193,117,28.54,,1,0.00,,http://www.toasttab.com/receipts/33eiUG9RSnqR9vgz4YmOIA/JqHPgjYygbfsN
600000034530307680,PickUp-Anand P,8552228111,dd.toast.orders+orders_063a213a-03e3-4769-9868-585db55eaf40@gmail.com,CA02,1/10/25,6:09 PM,"Vegetable Potstickers (6) Ⓥ 素三鲜锅贴, Dan Dan Noodles Ⓥ🌶️🌶️ 担担面",Default Online Ordering,1.36,Other,600000034530590918,106,17.89,,1,0.00,,http://www.toasttab.com/receipts/33eiUG9RSnqR9vgz4YmOIA/CxwrYrprnwxTP
600000021235567825,Stanley Lam,4085069088,lamstanley@yahoo.com,CA02,1/10/25,6:22 PM,"Pan Fried Chive Dumplings (3) 韭菜盒子, Pork Xiao Long Bao (8) 鲜肉小笼包, Pork & Crab Meat Xiao Long Bao (8) 🦐 蟹肉小笼包, Pork Wontons in Chicken Soup 鸡汤小馄饨, Green Onion Soy Sauce Noodles Ⓥ 葱油拌面, Green Onion Pancake (1) Ⓥ 葱油饼, Beef-Stew Noodle Soup 🌶️ 秘制牛肉汤面",Default Online Ordering,5.87,Mastercard,600000034530650638,127,80.70,,1,0.00,,http://www.toasttab.com/receipts/33eiUG9RSnqR9vgz4YmOIA/ys9c7cPMdMRmm
,,,,CA02,1/10/25,6:13 PM,"Pork Xiao Long Bao (8) 鲜肉小笼包, Spicy Beef Shank 🌶️🌶️ 麻辣牛腱, Sweet & Sour Cucumber Ⓥ 🌶️ 甜辣小黄瓜, Pork Xiao Long Bao (8) 鲜肉小笼包, Steamed Pork Buns (4) 特色鲜肉蒸包, Pork Wontons in Chicken Soup 鸡汤小馄饨, Pan Fried Chive Dumplings (3) 韭菜盒子",Default Online Ordering,7.03,Visa,600000034530687523,113,96.58,,3,0.00,,http://www.toasttab.com/receipts/33eiUG9RSnqR9vgz4YmOIA/7yNtqJbktMTjb
600000034530168744,PickUp-Lania H,6504906055,dd.toast.orders+orders_144ca316-eb82-4af5-b12d-71faef7cdcf1@gmail.com,CA02,1/10/25,6:15 PM,"Green Onion Pancake (1) Ⓥ 葱油饼, Milk Tea (Cold) 奶茶 (冷), Pan Fried Wontons with Chili Sauce (6) 红油香煎大馄饨, Pork Wontons in Chili Sauce (6) 🌶️ 红油猪肉抄手, Beef Steamed Dumplings (6) 牛肉蒸饺, Chicken Potstickers (6) 鸡肉锅贴, Sweet & Sour Cucumber Ⓥ 🌶️ 甜辣小黄瓜, Beef-Stew Noodles 🌶️ 秘制牛肉小面, Green Onion Soy Sauce Noodles Ⓥ 葱油拌面, Pork Xiao Long Bao (8) 鲜肉小笼包",Default Online Ordering,6.42,Other,600000034530716370,115,76.82,,1,0.00,,http://www.toasttab.com/receipts/33eiUG9RSnqR9vgz4YmOIA/PTqqhMjXwgwrJ
,,,,CA02,1/10/25,6:17 PM,"Pork Xiao Long Bao (8) 鲜肉小笼包, Green Onion Pancake (1) Ⓥ 葱油饼, Pan Fried Pork Buns (4) 特色鲜肉煎包, Beef-Stew Noodle Soup 🌶️ 秘制牛肉汤面, Braised Pig Ears 🌶️ 凉拌猪耳",Default Online Ordering,3.67,Visa,600000034530787982,119,50.51,,1,0.00,,http://www.toasttab.com/receipts/33eiUG9RSnqR9vgz4YmOIA/sFcnNmpNWTPys
,,,,CA02,1/10/25,6:19 PM,"Sweet & Sour Cucumber Ⓥ 🌶️ 甜辣小黄瓜, Dan Dan Noodles Ⓥ🌶️🌶️ 担担面, Chicken Potstickers (6) 鸡肉锅贴",Default Online Ordering,2.01,Visa,600000034530813785,123,28.87,,1,0.00,,http://www.toasttab.com/receipts/33eiUG9RSnqR9vgz4YmOIA/MKzKdtJksXhT9
,,,,CA02,1/10/25,6:17 PM,"Dan Dan Noodles Ⓥ🌶️🌶️ 担担面, Shrimp & Zucchini Steamed Dumplings (6) 🦐 青瓜鲜虾蒸饺",Default Online Ordering,1.44,Visa,600000034530870426,118,20.57,,1,0.00,,http://www.toasttab.com/receipts/33eiUG9RSnqR9vgz4YmOIA/MJf7ch7sjPyHd
,,,,CA02,1/10/25,6:11 PM,"Chicken & Vegetable Wontons in Chili Sauce (6) 🌶️ 红油菜肉大馄饨, Chicken & Vegetable Wontons in Chili Sauce (6) 🌶️ 红油菜肉大馄饨, Sweet & Sour Cucumber Ⓥ 🌶️ 甜辣小黄瓜, Kale Salad with Sweet & Spicy Garlic Dressing Ⓥ 🌶️ 甜辣羽衣甘蓝沙拉, Dan Dan Noodles Ⓥ🌶️🌶️ 担担面, Sprite 雪碧",Jaylan Penney,3.54,Mastercard,600000034530876829,108,48.75,,2,0.00,,http://www.toasttab.com/receipts/33eiUG9RSnqR9vgz4YmOIA/LLHLxmNzb7HMj
,,,,CA02,1/10/25,6:14 PM,"Pork Xiao Long Bao (8) 鲜肉小笼包, Beef Sandwich (1) 大嘴牛肉包 (不辣)",Default Online Ordering,1.47,Mastercard,600000034530942009,114,20.32,,1,0.00,,http://www.toasttab.com/receipts/33eiUG9RSnqR9vgz4YmOIA/mWMmLbyF9T9ss
,,,,CA02,1/10/25,6:12 PM,"Beef Pancake Roll (1) 酱香牛肉卷饼 (不辣), Pan Fried Chive Dumplings (3) 韭菜盒子, Pork Xiao Long Bao (8) 鲜肉小笼包, Vegetable Potstickers (6) Ⓥ 素三鲜锅贴, Vegetable Potstickers (6) Ⓥ 素三鲜锅贴, Pork & Shrimp Potstickers (6) 🦐 猪肉三鲜锅贴, Vegetable Steamed Dumplings (6) Ⓥ 素三鲜蒸饺, Kale Salad with Sweet & Spicy Garlic Dressing Ⓥ 🌶️ 甜辣羽衣甘蓝沙拉, Cold Noodles with Sesame Dressing Ⓥ 麻酱凉面, Zha Jiang Mian 京味炸酱面, Sour Plum Juice (Cold) 酸梅汁 (冷)",Jaylan Penney,7.52,Visa,600000034530965174,109,103.58,,4,0.00,,http://www.toasttab.com/receipts/33eiUG9RSnqR9vgz4YmOIA/whphxsmYtYcJj
,,,,CA02,1/10/25,6:15 PM,"Pork Xiao Long Bao (8) 鲜肉小笼包, Chicken & Vegetable Wontons in Chili Sauce (6) 🌶️ 红油菜肉大馄饨, Spicy (Ma La) Noodles 🌶️🌶️ 麻辣小面, Sweet & Sour Cucumber Ⓥ 🌶️ 甜辣小黄瓜, Chicken Potstickers (6) 鸡肉锅贴, Green Onion Pancake (1) Ⓥ 葱油饼, Diet Coke 健怡可乐",Default Online Ordering,4.09,Mastercard,600000034531075854,116,56.34,,1,0.00,,http://www.toasttab.com/receipts/33eiUG9RSnqR9vgz4YmOIA/yRFpFddYztkjs
,,,,CA02,1/10/25,6:19 PM,"Pan Fried Pork Buns (4) 特色鲜肉煎包, Dan Dan Noodles Ⓥ🌶️🌶️ 担担面, Pork Xiao Long Bao (8) 鲜肉小笼包, Pork Wontons in Chili Sauce (6) 🌶️ 红油猪肉抄手, Romaine Lettuce Salad with Sesame Dressing Ⓥ 麻酱生菜沙拉, Pan Fried Chive Dumplings (3) 韭菜盒子, Ube Milk Tea (Cold) 紫薯奶茶 (冷)",Default Online Ordering,4.95,Visa,600000034531114655,121,69.97,,1,0.00,,http://www.toasttab.com/receipts/33eiUG9RSnqR9vgz4YmOIA/HkxFFcPyxfPHP
,,,,CA02,1/10/25,6:20 PM,"Pork Xiao Long Bao (8) 鲜肉小笼包, Pork Wontons in Chili Sauce (6) 🌶️ 红油猪肉抄手, Dan Dan Noodles Ⓥ🌶️🌶️ 担担面",Default Online Ordering,2.20,Mastercard,600000034531120074,125,31.09,,1,0.00,,http://www.toasttab.com/receipts/33eiUG9RSnqR9vgz4YmOIA/kcYf9JmXyXzJh
,,,,CA02,1/10/25,6:19 PM,"Dan Dan Noodles Ⓥ🌶️🌶️ 担担面, Pork Xiao Long Bao (8) 鲜肉小笼包, Shrimp & Zucchini Steamed Dumplings (6) 🦐 青瓜鲜虾蒸饺, Steamed Pork Buns (4) 特色鲜肉蒸包",Default Online Ordering,3.89,Visa,600000034531204257,122,54.92,,1,0.00,,http://www.toasttab.com/receipts/33eiUG9RSnqR9vgz4YmOIA/gyrCCPNLgdJfT
,,,,CA02,1/10/25,6:30 PM,"Pork Xiao Long Bao (8) 鲜肉小笼包, Sweet & Sour Cucumber Ⓥ 🌶️ 甜辣小黄瓜, Pork Wontons in Chili Sauce (6) 🌶️ 红油猪肉抄手, Ozeki Nigori Sake (375 ml / 12.68 fl.oz.) Best Chilled, Pan Fried Pork Buns (4) 特色鲜肉煎包",Default Online Ordering,4.12,Visa,600000034531243589,129,56.78,,1,0.00,,http://www.toasttab.com/receipts/33eiUG9RSnqR9vgz4YmOIA/xNLm9dfNFnMd9
,,,,CA02,1/10/25,6:18 PM,"Pork Xiao Long Bao (8) 鲜肉小笼包, Pork & Crab Meat Xiao Long Bao (8) 🦐 蟹肉小笼包, Pork & Crab Meat Xiao Long Bao (8) 🦐 蟹肉小笼包, Chicken Xiao Long Bao (8) 鸡肉小笼包, Chicken Xiao Long Bao (8) 鸡肉小笼包, Chicken Potstickers (6) 鸡肉锅贴, Pork & Shrimp Potstickers (6) 🦐 猪肉三鲜锅贴, Vegetable Steamed Dumplings (6) Ⓥ 素三鲜蒸饺, Chicken Steamed Dumplings (6) 鸡肉蒸饺, Beef Steamed Dumplings (6) 牛肉蒸饺, Dan Dan Noodles Ⓥ🌶️🌶️ 担担面, Green Onion Soy Sauce Noodles Ⓥ 葱油拌面, Beef-Stew Noodle Soup 🌶️ 秘制牛肉汤面, Zha Jiang Mian 京味炸酱面, Banana Naan Bread (1) Ⓥ 香蕉飞饼, Chicken Xiao Long Bao (8) 鸡肉小笼包, Beef-Stew Noodle Soup 🌶️ 秘制牛肉汤面, Coke 可乐",Jaylan Penney,13.10,Visa,600000034531277651,120,182.95,,8,0.00,,http://www.toasttab.com/receipts/33eiUG9RSnqR9vgz4YmOIA/9ykKPmkWsbLnP
,,,,CA02,1/10/25,6:20 PM,"Pork Xiao Long Bao (8) 鲜肉小笼包, Beef Pancake Roll (1) 酱香牛肉卷饼 (不辣), Pork & Shrimp Potstickers (6) 🦐 猪肉三鲜锅贴",Default Online Ordering,2.31,Visa,600000034531278055,124,32.64,,1,0.00,,http://www.toasttab.com/receipts/33eiUG9RSnqR9vgz4YmOIA/FrnzYzxCHqNPN
,,,,CA02,1/10/25,6:21 PM,"Green Onion Pancake (1) Ⓥ 葱油饼, Pork Xiao Long Bao (8) 鲜肉小笼包, Vegetable Potstickers (6) Ⓥ 素三鲜锅贴, Chicken & Vegetable Wontons in Chili Sauce (6) 🌶️ 红油菜肉大馄饨",Jaylan Penney,2.50,Visa,600000034531422547,126,34.95,,2,0.00,,http://www.toasttab.com/receipts/33eiUG9RSnqR9vgz4YmOIA/kjPqxgdnRFHcg
600000034531235692,Sravan R,8552228111,dd.toast.orders+orders_82985e5f-5f01-427c-8aba-641a48f936a9@gmail.com,CA02,1/10/25,6:33 PM,"Vegetable Potstickers (6) Ⓥ 素三鲜锅贴, Dan Dan Noodles Ⓥ🌶️🌶️ 担担面",Default Online Ordering,2.39,Other,600000034531621427,130,28.54,,1,0.00,,http://www.toasttab.com/receipts/33eiUG9RSnqR9vgz4YmOIA/hPPwKWCcsbLCJ
600000034531356547,Kowshik K,8552228111,dd.toast.orders+orders_d2f83fd0-085c-4ed6-b690-33b6eadc04fe@gmail.com,CA02,1/10/25,6:36 PM,"Vegetable Steamed Dumplings (6) Ⓥ 素三鲜蒸饺, Vegetable Potstickers (6) Ⓥ 素三鲜锅贴, Pan Fried Chive Dumplings (3) 韭菜盒子, Yibin Noodles Ⓥ 🌶️ 宜宾燃面",Default Online Ordering,3.08,Other,600000034531748677,132,36.78,,1,0.00,,http://www.toasttab.com/receipts/33eiUG9RSnqR9vgz4YmOIA/MtCN7Jf9sPxFb
,,,,CA02,1/10/25,6:28 PM,"Green Onion Pancake (1) Ⓥ 葱油饼, Pork Xiao Long Bao (8) 鲜肉小笼包, Chicken & Vegetable Wontons in Chili Sauce (6) 🌶️ 红油菜肉大馄饨, Pork Wontons in Chili Sauce (6) 🌶️ 红油猪肉抄手, Sweet & Sour Cucumber Ⓥ 🌶️ 甜辣小黄瓜, Dan Dan Noodles Ⓥ🌶️🌶️ 担担面",Jaylan Penney,5.55,Visa,600000034531760515,128,76.42,,2,0.00,,http://www.toasttab.com/receipts/33eiUG9RSnqR9vgz4YmOIA/wWFtsjnL7nC9b
,,,,CA02,1/10/25,6:36 PM,"Green Onion Pancake (1) Ⓥ 葱油饼, Pork Xiao Long Bao (8) 鲜肉小笼包, Dan Dan Noodles Ⓥ🌶️🌶️ 担担面, Pan Fried Pork Buns (4) 特色鲜肉煎包, Chicken Steamed Dumplings (6) 鸡肉蒸饺, Beef Steamed Dumplings (6) 牛肉蒸饺, Beef-Stew Noodle Soup 🌶️ 秘制牛肉汤面, Broccoli with Seafood Sauce 蚝油西兰花, Five Spice Beef Shank 五香牛腱, Pork Xiao Long Bao (8) 鲜肉小笼包, Pork Xiao Long Bao (8) 鲜肉小笼包",Default Online Ordering,10.63,Visa,600000034531770529,133,150.01,,1,0.00,,http://www.toasttab.com/receipts/33eiUG9RSnqR9vgz4YmOIA/LxxYw7MWPXbFb
,,,,CA02,1/10/25,6:35 PM,"Pork Xiao Long Bao (8) 鲜肉小笼包, Pan Fried Pork Buns (4) 特色鲜肉煎包, Sweet & Sour Cucumber Ⓥ 🌶️ 甜辣小黄瓜, Spicy Beef Pancake Roll (1) 🌶️🌶️ 麻辣牛肉卷饼, Beef-Stew Noodles 🌶️ 秘制牛肉小面, Beef-Stew Noodle Soup 🌶️ 秘制牛肉汤面, Banana Naan Bread (1) Ⓥ 香蕉飞饼",Default Online Ordering,5.47,Visa,600000034531773682,131,75.23,,1,0.00,,http://www.toasttab.com/receipts/33eiUG9RSnqR9vgz4YmOIA/CRXHXXqRLPCdq
,,,,CA02,1/10/25,6:44 PM,"Dan Dan Noodles Ⓥ🌶️🌶️ 担担面, Sweet & Sour Cucumber Ⓥ 🌶️ 甜辣小黄瓜, Pan Fried Wontons with Sweet & Spicy Garlic Sauce (6) 甜辣香煎大馄饨, Chicken & Vegetable Wontons in Hot & Sour Sauce (6) 🌶️ 酸辣菜肉大馄饨",Default Online Ordering,2.66,Visa,600000034531917398,135,35.86,,1,0.00,,http://www.toasttab.com/receipts/33eiUG9RSnqR9vgz4YmOIA/XdTcJgMPL7bHN
,,,,CA02,1/10/25,6:43 PM,"Dan Dan Noodles Ⓥ🌶️🌶️ 担担面, Sweet & Sour Cucumber Ⓥ 🌶️ 甜辣小黄瓜, Green Onion Pancake (1) Ⓥ 葱油饼, Pork & Shrimp Potstickers (6) 🦐 猪肉三鲜锅贴, Beef-Stew Noodle Soup 🌶️ 秘制牛肉汤面, Pork Xiao Long Bao (8) 鲜肉小笼包, Dan Dan Noodles Ⓥ🌶️🌶️ 担担面, Diet Coke 健怡可乐, Pork Xiao Long Bao (8) 鲜肉小笼包, Beef-Stew Noodle Soup 🌶️ 秘制牛肉汤面",Default Online Ordering,7.04,Mastercard,600000034532166625,134,101.03,,1,0.00,,http://www.toasttab.com/receipts/33eiUG9RSnqR9vgz4YmOIA/P9FntzWqRjJCc
600000034532481866,PickUp-Yoichi T,6699464480,dd.toast.orders+orders_b8f2a03b-c86a-460a-80ee-2f48d63a1f36@gmail.com,CA02,1/10/25,6:50 PM,"Vegetable Steamed Dumplings (6) Ⓥ 素三鲜蒸饺, Pork & Shrimp Boiled Dumplings (6) 🦐 猪肉三鲜水饺, Dan Dan Noodles Ⓥ🌶️🌶️ 担担面, Pork Xiao Long Bao (8) 鲜肉小笼包, Steamed Pork Buns (4) 特色鲜肉蒸包",Default Online Ordering,3.76,Other,600000034532173040,139,49.13,,1,0.00,,http://www.toasttab.com/receipts/33eiUG9RSnqR9vgz4YmOIA/pcRRgMMyMrftm
,,,,CA02,1/10/25,6:45 PM,"Pork Xiao Long Bao (8) 鲜肉小笼包, Pork & Crab Meat Xiao Long Bao (8) 🦐 蟹肉小笼包, Dan Dan Noodles Ⓥ🌶️🌶️ 担担面, Sweet & Sour Cucumber Ⓥ 🌶️ 甜辣小黄瓜, Pork Wontons in Chili Sauce (6) 🌶️ 红油猪肉抄手",Default Online Ordering,3.69,Visa,600000034532234580,137,50.88,,1,0.00,,http://www.toasttab.com/receipts/33eiUG9RSnqR9vgz4YmOIA/wCmpgWqYWzbwR
,,,,CA02,1/10/25,6:50 PM,"Spicy Beef Shank 🌶️🌶️ 麻辣牛腱, Pork & Shrimp Potstickers (6) 🦐 猪肉三鲜锅贴, Jasmine Tea (Hot) 茉莉花茶 (热), Beef-Stew Noodles 🌶️ 秘制牛肉小面, Pork Wontons in Chili Sauce (6) 🌶️ 红油猪肉抄手, Pan Fried Pork Buns (4) 特色鲜肉煎包, Pork Xiao Long Bao (8) 鲜肉小笼包",Default Online Ordering,4.99,Visa,600000034532273388,140,70.43,,1,0.00,,http://www.toasttab.com/receipts/33eiUG9RSnqR9vgz4YmOIA/gMfHhzFNbjPHM
600000034532165888,Thierry G,8552228111,dd.toast.orders+orders_63af2b69-4d87-42fd-80c2-1ad23f48e899@gmail.com,CA02,1/10/25,6:49 PM,"Vegetable Steamed Dumplings (6) Ⓥ 素三鲜蒸饺, Shrimp & Zucchini Steamed Dumplings (6) 🦐 青瓜鲜虾蒸饺, Kale Salad with Sesame Dressing Ⓥ 麻酱羽衣甘蓝沙拉, Dan Dan Noodles Ⓥ🌶️🌶️ 担担面, Steamed Pork Buns (4) 特色鲜肉蒸包",Default Online Ordering,3.75,Other,600000034532370528,138,49.80,,1,0.00,,http://www.toasttab.com/receipts/33eiUG9RSnqR9vgz4YmOIA/7wCzzkPYkzYwh
,,,,CA02,1/10/25,6:45 PM,"Pork & Crab Meat Xiao Long Bao (8) 🦐 蟹肉小笼包, Pork Xiao Long Bao (8) 鲜肉小笼包, Pork & Shrimp Potstickers (6) 🦐 猪肉三鲜锅贴, Dan Dan Noodles Ⓥ🌶️🌶️ 担担面, Chicken & Vegetable Wontons in Chicken Soup 鸡汤菜肉大馄饨",zhengyu chen,2.91,Amex,600000034532538819,136,42.74,,2,9.25,Customer Service Discount (100.00%),http://www.toasttab.com/receipts/33eiUG9RSnqR9vgz4YmOIA/RtFgjcqrRLc9d
,,,,CA02,1/10/25,6:52 PM,"Beef Pancake Roll (1) 酱香牛肉卷饼 (不辣), Pork Xiao Long Bao (8) 鲜肉小笼包, Sweet & Sour Cucumber Ⓥ 🌶️ 甜辣小黄瓜, Pan Fried Pork Buns (4) 特色鲜肉煎包, Kale Salad with Sesame Dressing Ⓥ 麻酱羽衣甘蓝沙拉, Beef-Stew Noodles 🌶️ 秘制牛肉小面, Pork & Shrimp Potstickers (6) 🦐 猪肉三鲜锅贴",Default Online Ordering,6.04,Visa,600000034532638467,141,83.19,,1,0.00,,http://www.toasttab.com/receipts/33eiUG9RSnqR9vgz4YmOIA/cc7Y7PmP9bYpH
600000034533052866,PickUp-Joanne Y,6124255317,dd.toast.orders+orders_303f65b0-5eff-4166-9371-a78920c50da7@gmail.com,CA02,1/10/25,7:01 PM,"Green Onion Pancake (1) Ⓥ 葱油饼, Pan Fried Chive Dumplings (3) 韭菜盒子, Beef Pancake Roll (1) 酱香牛肉卷饼 (不辣), Pork & Shrimp Potstickers (6) 🦐 猪肉三鲜锅贴, Braised Pig Ears 🌶️ 凉拌猪耳, Pork Wontons in Chili Sauce (6) 🌶️ 红油猪肉抄手, Green Onion Soy Sauce Noodles Ⓥ 葱油拌面, Beef-Stew Noodles 🌶️ 秘制牛肉小面, Zha Jiang Mian 京味炸酱面, Cold Noodles with Sesame Dressing Ⓥ 麻酱凉面, Pork Xiao Long Bao (8) 鲜肉小笼包",Default Online Ordering,10.19,Other,600000034532698692,147,121.84,,1,0.00,,http://www.toasttab.com/receipts/33eiUG9RSnqR9vgz4YmOIA/kr7dTrw7FhpxH
600000034532687583,Andrew C,8552228111,dd.toast.orders+orders_e3f4af4d-7dff-4adc-9ff0-4c744fcda96f@gmail.com,CA02,1/10/25,7:05 PM,"Milk Tea (Cold) 奶茶 (冷), Passion Fruit Green Tea (Cold) 百香果绿茶 (冷), Pork Wontons in Chicken Soup 鸡汤小馄饨, Beef Pancake Roll (1) 酱香牛肉卷饼 (不辣), Pork Xiao Long Bao (8) 鲜肉小笼包, Pan Fried Pork Buns (4) 特色鲜肉煎包",Default Online Ordering,5.02,Other,600000034532913481,152,60.07,,1,0.00,,http://www.toasttab.com/receipts/33eiUG9RSnqR9vgz4YmOIA/nXPRqbWKJCxYH
,,,,CA02,1/10/25,7:10 PM,"Pork Xiao Long Bao (8) 鲜肉小笼包, Beef Pancake Roll (1) 酱香牛肉卷饼 (不辣), Broccoli with Seafood Sauce 蚝油西兰花, Green Onion Soy Sauce Noodles Ⓥ 葱油拌面, Pork Wontons in Chili Sauce (6) 🌶️ 红油猪肉抄手, Pork Xiao Long Bao (8) 鲜肉小笼包, Dan Dan Noodles Ⓥ🌶️🌶️ 担担面",Default Online Ordering,5.22,Visa,600000034532964946,156,73.71,,2,0.00,,http://www.toasttab.com/receipts/33eiUG9RSnqR9vgz4YmOIA/wq7pqMqtTbLxx
,,,,CA02,1/10/25,6:58 PM,"Pork Xiao Long Bao (8) 鲜肉小笼包, Sweet & Sour Cucumber Ⓥ 🌶️ 甜辣小黄瓜, Braised Pig Ears 🌶️ 凉拌猪耳, Beef-Stew Noodle Soup 🌶️ 秘制牛肉汤面, Pork Xiao Long Bao (8) 鲜肉小笼包",Default Online Ordering,3.89,Amex,600000034532984212,145,55.97,,1,0.00,,http://www.toasttab.com/receipts/33eiUG9RSnqR9vgz4YmOIA/MxxXqLFjMYYN9
,,,,CA02,1/10/25,7:05 PM,"Dan Dan Noodles Ⓥ🌶️🌶️ 担担面, Beef-Stew Noodles 🌶️ 秘制牛肉小面, Green Onion Pancake (1) Ⓥ 葱油饼, Beef Potstickers (6) 牛肉锅贴, Pork Wontons in Hot & Sour Sauce (6) 🌶️ 酸辣猪肉抄手, Beef-Stew Noodles 🌶️ 秘制牛肉小面, Pork Wontons in Hot & Sour Sauce (6) 🌶️ 酸辣猪肉抄手, Beef-Stew Noodles 🌶️ 秘制牛肉小面, Pan Fried Pork Buns (4) 特色鲜肉煎包, Milk Tea (Cold) 奶茶 (冷)",Default Online Ordering,7.30,Visa,600000034532984231,151,100.45,,4,0.00,,http://www.toasttab.com/receipts/33eiUG9RSnqR9vgz4YmOIA/gx7YgtywhWqcr
,,,,CA02,1/10/25,6:55 PM,"Pork Xiao Long Bao (8) 鲜肉小笼包, Chicken Potstickers (6) 鸡肉锅贴",Yafang Chen,1.49,Visa,600000034533005864,142,20.57,,1,0.00,,http://www.toasttab.com/receipts/33eiUG9RSnqR9vgz4YmOIA/tyswndLJqTPMm
,,,,CA02,1/10/25,6:56 PM,"Green Onion Pancake (1) Ⓥ 葱油饼, Pan Fried Chive Dumplings (3) 韭菜盒子, Pork Xiao Long Bao (8) 鲜肉小笼包, Pan Fried Pork Buns (4) 特色鲜肉煎包, Dan Dan Noodles Ⓥ🌶️🌶️ 担担面",zhengyu chen,3.47,Visa,600000034533052463,144,47.75,,2,0.00,,http://www.toasttab.com/receipts/33eiUG9RSnqR9vgz4YmOIA/nFkFtxNbRbTRb
,,,,CA02,1/10/25,7:16 PM,"Dan Dan Noodles Ⓥ🌶️🌶️ 担担面, Sweet & Sour Cucumber Ⓥ 🌶️ 甜辣小黄瓜, Pork & Shrimp Potstickers (6) 🦐 猪肉三鲜锅贴, Pork Xiao Long Bao (8) 鲜肉小笼包, Minced Chicken Noodles 🌶️ 鸡肉肉燥小面, Kale Salad with Sesame Dressing Ⓥ 麻酱羽衣甘蓝沙拉, Pork Wontons in Chili Sauce (6) 🌶️ 红油猪肉抄手",Default Online Ordering,5.71,Visa,600000034533095847,158,78.56,,1,0.00,,http://www.toasttab.com/receipts/33eiUG9RSnqR9vgz4YmOIA/WMTPCdYmxTLbF
600000034532774221,Harsh V,8552228111,dd.toast.orders+orders_a585a653-43a3-40a2-84d6-365c0bdb0306@gmail.com,CA02,1/10/25,7:01 PM,"Sweet & Sour Cucumber Ⓥ 🌶️ 甜辣小黄瓜, Chicken Steamed Dumplings (6) 鸡肉蒸饺, Chicken Potstickers (6) 鸡肉锅贴, Yibin Noodles Ⓥ 🌶️ 宜宾燃面, Dan Dan Noodles Ⓥ🌶️🌶️ 担担面, Chicken Xiao Long Bao (8) 鸡肉小笼包",Default Online Ordering,4.41,Other,600000034533109206,146,57.71,,1,0.00,,http://www.toasttab.com/receipts/33eiUG9RSnqR9vgz4YmOIA/HTbWjFKpgTW9s
,,,,CA02,1/10/25,7:04 PM,"Sweet & Sour Cucumber Ⓥ 🌶️ 甜辣小黄瓜, Pork Xiao Long Bao (8) 鲜肉小笼包, Pork Wontons in Hot & Sour Sauce (6) 🌶️ 酸辣猪肉抄手, Chicken Steamed Dumplings (6) 鸡肉蒸饺, Beef-Stew Noodle Soup 🌶️ 秘制牛肉汤面",Default Online Ordering,5.00,Visa,600000034533125562,150,68.94,,1,0.00,,http://www.toasttab.com/receipts/33eiUG9RSnqR9vgz4YmOIA/fctfHYkryCwzC
,,,,CA02,1/10/25,7:02 PM,"Pork Wontons in Chili Sauce (6) 🌶️ 红油猪肉抄手, Pork Wontons in Chili Sauce (6) 🌶️ 红油猪肉抄手, Beef-Stew Noodles 🌶️ 秘制牛肉小面, Beef-Stew Noodles 🌶️ 秘制牛肉小面, Beef-Stew Noodles 🌶️ 秘制牛肉小面",Yafang Chen,3.43,Visa,600000034533282661,148,45.98,,3,0.00,,http://www.toasttab.com/receipts/33eiUG9RSnqR9vgz4YmOIA/xKPpnxqHNtPkx
,,,,CA02,1/10/25,7:03 PM,"Green Onion Pancake (1) Ⓥ 葱油饼, Green Onion Pancake (1) Ⓥ 葱油饼, Beef Pancake Roll (1) 酱香牛肉卷饼 (不辣), Pan Fried Chive Dumplings (3) 韭菜盒子, Pork Xiao Long Bao (8) 鲜肉小笼包, Pork Xiao Long Bao (8) 鲜肉小笼包, Pork Xiao Long Bao (8) 鲜肉小笼包, Pan Fried Pork Buns (4) 特色鲜肉煎包, Pork & Shrimp Potstickers (6) 🦐 猪肉三鲜锅贴, Sweet & Sour Cucumber Ⓥ 🌶️ 甜辣小黄瓜, Dan Dan Noodles Ⓥ🌶️🌶️ 担担面, Dan Dan Noodles Ⓥ🌶️🌶️ 担担面, Pork Xiao Long Bao (8) 鲜肉小笼包, Dan Dan Noodles Ⓥ🌶️🌶️ 担担面",zhengyu chen,9.89,Visa,600000034533352318,149,139.70,,4,0.00,,http://www.toasttab.com/receipts/33eiUG9RSnqR9vgz4YmOIA/CxhMNpgFXrr9W
600000034533530416,PickUp-Ashok S,8552228111,dd.toast.orders+orders_97c0d0ca-cd8f-45ce-85c8-2f3102c940fa@gmail.com,CA02,1/10/25,7:15 PM,"Vegetable Steamed Dumplings (6) Ⓥ 素三鲜蒸饺, Chicken Steamed Dumplings (6) 鸡肉蒸饺, Spicy (Ma La) Noodles 🌶️🌶️ 麻辣小面, Yibin Noodles Ⓥ 🌶️ 宜宾燃面, Dan Dan Noodles Ⓥ🌶️🌶️ 担担面, Chicken Xiao Long Bao (8) 鸡肉小笼包",Default Online Ordering,5.82,Other,600000034533626612,157,69.62,,1,0.00,,http://www.toasttab.com/receipts/33eiUG9RSnqR9vgz4YmOIA/pbFthJPXTqXKs
600000034533783203,PickUp-Jennifer P,3105261123,dd.toast.orders+orders_7a5fec29-9275-41c3-890a-61351ecccebd@gmail.com,CA02,1/10/25,7:16 PM,"Vegetable Steamed Dumplings (6) Ⓥ 素三鲜蒸饺, Sweet & Sour Cucumber Ⓥ 🌶️ 甜辣小黄瓜, Yibin Noodles Ⓥ 🌶️ 宜宾燃面, Dan Dan Noodles Ⓥ🌶️🌶️ 担担面",Default Online Ordering,2.72,Other,600000034533682607,159,32.52,,1,0.00,,http://www.toasttab.com/receipts/33eiUG9RSnqR9vgz4YmOIA/qfTxrrbfFYspr
600000034533472447,PickUp-Jacob S,8552228111,dd.toast.orders+orders_d7fcebd7-fb2a-4d3d-ad30-03a50d27668d@gmail.com,CA02,1/10/25,7:30 PM,"Broccoli with Seafood Sauce 蚝油西兰花, Braised Pig Ears 🌶️ 凉拌猪耳, Beef-Stew Noodles 🌶️ 秘制牛肉小面, Pork Xiao Long Bao (8) 鲜肉小笼包, Pan Fried Pork Buns (4) 特色鲜肉煎包",Default Online Ordering,4.67,Other,600000034533823880,167,55.87,,1,0.00,,http://www.toasttab.com/receipts/33eiUG9RSnqR9vgz4YmOIA/Jqzmbzxz7RYTT
600000034534055302,Abby C,8552228111,dd.toast.orders+orders_d84b0607-5775-4e8d-a83f-67a5b388cea1@gmail.com,CA02,1/10/25,7:23 PM,"Green Onion Pancake (1) Ⓥ 葱油饼, Braised Pig Ears 🌶️ 凉拌猪耳, Beef-Stew Noodles 🌶️ 秘制牛肉小面, Pork Xiao Long Bao (8) 鲜肉小笼包",Default Online Ordering,2.96,Other,600000034533896661,162,35.36,,1,0.00,,http://www.toasttab.com/receipts/33eiUG9RSnqR9vgz4YmOIA/sKXzx7TffXbp9
,,,,CA02,1/10/25,7:18 PM,"Pan Fried Pork Buns (4) 特色鲜肉煎包, Pork Xiao Long Bao (8) 鲜肉小笼包, Pan Fried Beef Pies (2) 牛肉馅饼, Pork & Shrimp Boiled Dumplings (6) 🦐 猪肉三鲜水饺, Chicken Potstickers (6) 鸡肉锅贴, Chicken & Vegetable Wontons in Hot & Sour Sauce (6) 🌶️ 酸辣菜肉大馄饨, Beef Sandwich (1) 大嘴牛肉包 (不辣), Minced Chicken Noodles 🌶️ 鸡肉肉燥小面, Five Spice Beef Shank 五香牛腱, Minced Chicken Noodles 🌶️ 鸡肉肉燥小面, Jasmine Tea (Hot) 茉莉花茶 (热), Beef-Stew Noodle Soup 🌶️ 秘制牛肉汤面",Default Online Ordering,9.18,Visa,600000034533900003,160,126.25,,1,0.00,,http://www.toasttab.com/receipts/33eiUG9RSnqR9vgz4YmOIA/HKMCpwMcghm9y
,,,,CA02,1/10/25,7:31 PM,"Green Onion Pancake (1) Ⓥ 葱油饼, Vegetable Potstickers (6) Ⓥ 素三鲜锅贴, Vegetable Steamed Dumplings (6) Ⓥ 素三鲜蒸饺, Vegetarian Spicy (Ma La) Noodles Ⓥ 🌶️🌶️ 素麻辣小面",Default Online Ordering,2.37,Mastercard,600000034533919035,168,32.63,,1,0.00,,http://www.toasttab.com/receipts/33eiUG9RSnqR9vgz4YmOIA/dcCcFLFtrtp7F
,,,,CA02,1/10/25,7:21 PM,"Green Onion Pancake (1) Ⓥ 葱油饼, Sweet & Sour Cucumber Ⓥ 🌶️ 甜辣小黄瓜, Green Onion Soy Sauce Noodles Ⓥ 葱油拌面, Vegetable Potstickers (6) Ⓥ 素三鲜锅贴, Dan Dan Noodles Ⓥ🌶️🌶️ 担担面, Beef-Stew Noodle Soup 🌶️ 秘制牛肉汤面, Beef Steamed Dumplings (6) 牛肉蒸饺, Pork & Shrimp Boiled Dumplings (6) 🦐 猪肉三鲜水饺, Jasmine Tea (Hot) 茉莉花茶 (热)",Default Online Ordering,5.79,Visa,600000034533952905,161,82.75,,1,5.50,Customer Service Discount (50.00%),http://www.toasttab.com/receipts/33eiUG9RSnqR9vgz4YmOIA/jYsydFyKsnWjy
,,,,CA02,1/10/25,7:27 PM,"Chicken Xiao Long Bao (8) 鸡肉小笼包, Dan Dan Noodles Ⓥ🌶️🌶️ 担担面, Chicken & Vegetable Wontons in Chili Sauce (6) 🌶️ 红油菜肉大馄饨, Green Onion Pancake (1) Ⓥ 葱油饼",Default Online Ordering,2.56,Visa,600000034534107962,164,30.66,,1,0.00,,http://www.toasttab.com/receipts/33eiUG9RSnqR9vgz4YmOIA/rrXTfxNqg7TTH
,,,,CA02,1/10/25,7:29 PM,"Chicken Xiao Long Bao (8) 鸡肉小笼包, High Tail Shrimp & Pork Steamed Dumplings (6) 🦐 翘尾鲜虾蒸饺, Dan Dan Noodles Ⓥ🌶️🌶️ 担担面, Sweet & Sour Cucumber Ⓥ 🌶️ 甜辣小黄瓜, Vegetable Steamed Dumplings (6) Ⓥ 素三鲜蒸饺",Yafang Chen,10.17,Discover,600000034534340762,165,121.67,,1,0.00,,http://www.toasttab.com/receipts/33eiUG9RSnqR9vgz4YmOIA/WLFRmnyPypdKL
,,,,CA02,1/10/25,7:48 PM,"Pan Fried Pork Buns (4) 特色鲜肉煎包, Dan Dan Noodles Ⓥ🌶️🌶️ 担担面, Pork Xiao Long Bao (8) 鲜肉小笼包, Chicken Potstickers (6) 鸡肉锅贴, Chicken & Vegetable Wontons in Chili Sauce (6) 🌶️ 红油菜肉大馄饨, Pork Wontons in Chili Sauce (6) 🌶️ 红油猪肉抄手, Chicken Xiao Long Bao (8) 鸡肉小笼包",Default Online Ordering,8.30,Visa,600000034534368737,179,117.23,,1,0.00,,http://www.toasttab.com/receipts/33eiUG9RSnqR9vgz4YmOIA/RJJ9ppfmfFbNT
,,,,CA02,1/10/25,7:37 PM,"Sweet & Sour Cucumber Ⓥ 🌶️ 甜辣小黄瓜, Pork & Shrimp Potstickers (6) 🦐 猪肉三鲜锅贴, Dan Dan Noodles Ⓥ🌶️🌶️ 担担面, Jasmine Tea (Hot) 茉莉花茶 (热), Oolong Tea (Hot) 乌龙茶 (热), Sprite 雪碧, Minced Chicken Noodles 🌶️ 鸡肉肉燥小面, Green Onion Soy Sauce Noodles Ⓥ 葱油拌面, Pork Xiao Long Bao (8) 鲜肉小笼包, High Tail Shrimp & Pork Steamed Dumplings (6) 🦐 翘尾鲜虾蒸饺, Chicken & Vegetable Wontons in Chili Sauce (6) 🌶️ 红油菜肉大馄饨, Green Onion Pancake (1) Ⓥ 葱油饼, Spicy Beef Pancake Roll (1) 🌶️🌶️ 麻辣牛肉卷饼",Default Online Ordering,9.01,Visa,600000034534385565,170,123.92,,1,0.00,,http://www.toasttab.com/receipts/33eiUG9RSnqR9vgz4YmOIA/JtdXJWkP9Wftm
,,,,CA02,1/10/25,7:54 PM,"Pork Wontons in Chili Sauce (6) 🌶️ 红油猪肉抄手, Pork Xiao Long Bao (8) 鲜肉小笼包, Braised Pig Ears 🌶️ 凉拌猪耳, Cold Noodles with Sesame Dressing Ⓥ 麻酱凉面, Pork & Shrimp Potstickers (6) 🦐 猪肉三鲜锅贴, Pork Wontons in Chili Sauce (6) 🌶️ 红油猪肉抄手, Minced Chicken Noodles 🌶️ 鸡肉肉燥小面",Default Online Ordering,4.86,Discover,600000034534401499,180,66.94,,1,0.00,,http://www.toasttab.com/receipts/33eiUG9RSnqR9vgz4YmOIA/jq9ysCmLnncPk
600000034534212511,PickUp-Chloe S,8552228111,dd.toast.orders+orders_54f87051-5560-4a49-ac45-0832eef4c470@gmail.com,CA02,1/10/25,7:32 PM,"Green Onion Pancake (1) Ⓥ 葱油饼, Vegetable Potstickers (6) Ⓥ 素三鲜锅贴, Green Onion Soy Sauce Noodles Ⓥ 葱油拌面, Yibin Noodles Ⓥ 🌶️ 宜宾燃面",Default Online Ordering,2.43,Other,600000034534412602,169,29.03,,1,0.00,,http://www.toasttab.com/receipts/33eiUG9RSnqR9vgz4YmOIA/WWyLdqLPjmtWb
600000034534618101,Cici T,8552228111,dd.toast.orders+orders_5d74db92-3707-4a9c-b872-d1949472ac1f@gmail.com,CA02,1/10/25,7:37 PM,"Vegetable Steamed Dumplings (6) Ⓥ 素三鲜蒸饺, High Tail Shrimp & Pork Steamed Dumplings (6) 🦐 翘尾鲜虾蒸饺, Chicken Potstickers (6) 鸡肉锅贴, Chicken Potstickers (6) 鸡肉锅贴, Pork & Shrimp Potstickers (6) 🦐 猪肉三鲜锅贴, Vegetable Steamed Dumplings (6) Ⓥ 素三鲜蒸饺, Pork Wontons in Chili Sauce (6) 🌶️ 红油猪肉抄手, Chicken & Vegetable Wontons in Hot & Sour Sauce (6) 🌶️ 酸辣菜肉大馄饨, Pork Wontons in Chili Sauce (6) 🌶️ 红油猪肉抄手, Chicken & Vegetable Wontons in Chili Sauce (6) 🌶️ 红油菜肉大馄饨, Spicy Beef Shank 🌶️🌶️ 麻辣牛腱, Green Onion Soy Sauce Noodles Ⓥ 葱油拌面, Zha Jiang Mian 京味炸酱面, Green Onion Soy Sauce Noodles Ⓥ 葱油拌面, Minced Chicken Noodles 🌶️ 鸡肉肉燥小面, Dan Dan Noodles Ⓥ🌶️🌶️ 担担面, Beef Pancake Roll (1) 酱香牛肉卷饼 (不辣)",Default Online Ordering,13.12,Other,600000034534424112,172,161.87,,1,0.00,,http://www.toasttab.com/receipts/33eiUG9RSnqR9vgz4YmOIA/fPxKFFLshMbRm
,,,,CA02,1/10/25,7:47 PM,"Pork Xiao Long Bao (8) 鲜肉小笼包, Chicken & Vegetable Wontons in Chicken Soup 鸡汤菜肉大馄饨, Banana Naan Bread (1) Ⓥ 香蕉飞饼, Green Onion Pancake (1) Ⓥ 葱油饼, Sweet & Sour Cucumber Ⓥ 🌶️ 甜辣小黄瓜, Jasmine Tea (Hot) 茉莉花茶 (热)",Default Online Ordering,4.54,Mastercard,600000034534451332,177,62.49,,1,0.00,,http://www.toasttab.com/receipts/33eiUG9RSnqR9vgz4YmOIA/KMnhjPFwXJLyL
,,,,CA02,1/10/25,7:48 PM,"Pork Xiao Long Bao (8) 鲜肉小笼包, Pork & Shrimp Boiled Dumplings (6) 🦐 猪肉三鲜水饺, Beef Steamed Dumplings (6) 牛肉蒸饺, Chicken Potstickers (6) 鸡肉锅贴, Beef Sandwich (1) 大嘴牛肉包 (不辣), Pork Wontons in Chicken Soup 鸡汤小馄饨, Braised Pig Ears 🌶️ 凉拌猪耳, Hot & Sour Glass Noodles 🌶️🌶️ 酸辣粉, Chicken Potstickers (6) 鸡肉锅贴, Pork Xiao Long Bao (8) 鲜肉小笼包, Pork Xiao Long Bao (8) 鲜肉小笼包, Steamed Pork Buns (4) 特色鲜肉蒸包",Default Online Ordering,8.73,Visa,600000034534451335,178,120.32,,1,0.00,,http://www.toasttab.com/receipts/33eiUG9RSnqR9vgz4YmOIA/kwFkMXNCPmdCp
,,,,CA02,1/10/25,7:59 PM,"Pork Xiao Long Bao (8) 鲜肉小笼包, Green Onion Pancake (1) Ⓥ 葱油饼, Pan Fried Pork Buns (4) 特色鲜肉煎包, Chicken Potstickers (6) 鸡肉锅贴, Chicken Steamed Dumplings (6) 鸡肉蒸饺, Pork Wontons in Chili Sauce (6) 🌶️ 红油猪肉抄手, Green Onion Soy Sauce Noodles Ⓥ 葱油拌面, Dan Dan Noodles Ⓥ🌶️🌶️ 担担面, Sprite 雪碧, Sour Plum Juice (Cold) 酸梅汁 (冷), Coke 可乐, Sweet & Sour Cucumber Ⓥ 🌶️ 甜辣小黄瓜",Default Online Ordering,8.01,Visa,600000034534542794,183,115.03,,1,0.00,,http://www.toasttab.com/receipts/33eiUG9RSnqR9vgz4YmOIA/W7ywzfsyzhsfb
,,,,CA02,1/10/25,7:37 PM,"Pork Xiao Long Bao (8) 鲜肉小笼包, Dan Dan Noodles Ⓥ🌶️🌶️ 担担面, Pan Fried Pork Buns (4) 特色鲜肉煎包, Beef Potstickers (6) 牛肉锅贴, Pork Wontons in Chili Sauce (6) 🌶️ 红油猪肉抄手, Sweet & Sour Cucumber Ⓥ 🌶️ 甜辣小黄瓜, Spicy Beef Pancake Roll (1) 🌶️🌶️ 麻辣牛肉卷饼",Default Online Ordering,5.23,Visa,600000034534586902,171,71.97,,1,0.00,,http://www.toasttab.com/receipts/33eiUG9RSnqR9vgz4YmOIA/bFcPHFRgKr7NF
,,,,CA02,1/10/25,8:01 PM,"Vegetable Potstickers (6) Ⓥ 素三鲜锅贴, Green Onion Pancake (1) Ⓥ 葱油饼, Vegetable Steamed Dumplings (6) Ⓥ 素三鲜蒸饺, Pan Fried Wontons with Sweet & Spicy Garlic Sauce (6) 甜辣香煎大馄饨, Vegetarian Spicy (Ma La) Noodles Ⓥ 🌶️🌶️ 素麻辣小面, Ozeki Sake Dry (375 ml / 12.68 fl.oz.), Green Onion Pancake (1) Ⓥ 葱油饼, Yibin Noodles Ⓥ 🌶️ 宜宾燃面",Default Online Ordering,6.27,Amex,600000034534647438,185,88.46,,2,0.00,,http://www.toasttab.com/receipts/33eiUG9RSnqR9vgz4YmOIA/HTMPwFmThHbmm
,,,,CA02,1/10/25,7:40 PM,"Beef Pancake Roll (1) 酱香牛肉卷饼 (不辣), Pork Xiao Long Bao (8) 鲜肉小笼包, Pan Fried Pork Buns (4) 特色鲜肉煎包, Pork & Shrimp Potstickers (6) 🦐 猪肉三鲜锅贴, Pan Fried Wontons with Chili Sauce (6) 红油香煎大馄饨, Pork Wontons in Chili Sauce (6) 🌶️ 红油猪肉抄手, Banana Naan Bread (1) Ⓥ 香蕉飞饼",Jaylan Penney,5.15,Visa,600000034534698045,173,74.04,,2,0.00,,http://www.toasttab.com/receipts/33eiUG9RSnqR9vgz4YmOIA/hHfLNPPWLYrfb
,,,,CA02,1/10/25,7:42 PM,"Vegetable Potstickers (6) Ⓥ 素三鲜锅贴, Vegetable Steamed Dumplings (6) Ⓥ 素三鲜蒸饺, Sweet & Sour Cucumber Ⓥ 🌶️ 甜辣小黄瓜, Romaine Lettuce Salad with Sesame Dressing Ⓥ 麻酱生菜沙拉, Green Onion Soy Sauce Noodles Ⓥ 葱油拌面, Vegetarian Spicy (Ma La) Noodles Ⓥ 🌶️🌶️ 素麻辣小面",Jaylan Penney,4.02,Visa,600000034534754701,174,55.34,,3,0.00,,http://www.toasttab.com/receipts/33eiUG9RSnqR9vgz4YmOIA/wbYFxTqk7PTzY
,,,,CA02,1/10/25,7:43 PM,"Chicken Potstickers (6) 鸡肉锅贴, Beef-Stew Noodles 🌶️ 秘制牛肉小面, Passion Fruit Green Tea (Cold) 百香果绿茶 (冷), Add Boba 珍珠, Coke 可乐, Steamed Pork Buns (4) 特色鲜肉蒸包, Chicken Xiao Long Bao (8) 鸡肉小笼包, Passion Fruit Green Tea (Cold) 百香果绿茶 (冷), Dan Dan Noodles Ⓥ🌶️🌶️ 担担面, Beef Pancake Roll (1) 酱香牛肉卷饼 (不辣)",Default Online Ordering,8.55,Mastercard,600000034534767306,175,115.15,,1,0.00,,http://www.toasttab.com/receipts/33eiUG9RSnqR9vgz4YmOIA/PKzkxX7YnKWCx
,,,,CA02,1/10/25,7:44 PM,"Pork Xiao Long Bao (8) 鲜肉小笼包, Chicken Potstickers (6) 鸡肉锅贴, Pan Fried Wontons with Chili Sauce (6) 红油香煎大馄饨, Dan Dan Noodles Ⓥ🌶️🌶️ 担担面, Dan Dan Noodles Ⓥ🌶️🌶️ 担担面",Jaylan Penney,3.56,Discover,600000034534830765,176,49.00,,2,0.00,,http://www.toasttab.com/receipts/33eiUG9RSnqR9vgz4YmOIA/zntc9ptyMNMjP
,,,,CA02,1/10/25,8:00 PM,"Pork Xiao Long Bao (8) 鲜肉小笼包, Pork & Shrimp Potstickers (6) 🦐 猪肉三鲜锅贴, Beef Potstickers (6) 牛肉锅贴, Spicy Beef Shank 🌶️🌶️ 麻辣牛腱, Beef-Stew Noodles 🌶️ 秘制牛肉小面, Zha Jiang Mian 京味炸酱面, Pan Fried Wontons with Chili Sauce (6) 红油香煎大馄饨, Beef Pancake Roll (1) 酱香牛肉卷饼 (不辣)",Default Online Ordering,5.03,Visa,600000034534986874,184,70.40,,1,7.95,Customer Service Discount (100.00%),http://www.toasttab.com/receipts/33eiUG9RSnqR9vgz4YmOIA/xgWKhK7nxPMtj
,,,,CA02,1/10/25,8:01 PM,"Dan Dan Noodles Ⓥ🌶️🌶️ 担担面, Pork Xiao Long Bao (8) 鲜肉小笼包, Green Onion Pancake (1) Ⓥ 葱油饼, Chicken Potstickers (6) 鸡肉锅贴, Minced Chicken Noodles 🌶️ 鸡肉肉燥小面, Chicken & Vegetable Wontons in Chicken Soup 鸡汤菜肉大馄饨",Default Online Ordering,3.98,Visa,600000034535024220,186,54.72,,1,0.00,,http://www.toasttab.com/receipts/33eiUG9RSnqR9vgz4YmOIA/cgXnccFLhfjbP
600000034535093334,PickUp-Raghav K,8552228111,dd.toast.orders+orders_e3dd9c0e-55fd-4533-90d5-9ba2d6c67c2b@gmail.com,CA02,1/10/25,8:18 PM,"Diet Coke 健怡可乐, Chicken Steamed Dumplings (6) 鸡肉蒸饺",Default Online Ordering,2.19,Other,600000034535079246,193,26.14,,1,0.00,,http://www.toasttab.com/receipts/33eiUG9RSnqR9vgz4YmOIA/rTksqrbghgjfm
600000034535738310,Varun S,8552228111,dd.toast.orders+orders_2f774875-319e-4181-ab28-a49c3429314c@gmail.com,CA02,1/10/25,8:26 PM,"Pork Wontons in Chili Sauce (6) 🌶️ 红油猪肉抄手, Dan Dan Noodles Ⓥ🌶️🌶️ 担担面",Default Online Ordering,3.14,Other,600000034535175844,197,37.54,,1,0.00,,http://www.toasttab.com/receipts/33eiUG9RSnqR9vgz4YmOIA/bNyFCWjP7FwKr
600000034534604182,Anu M,8552228111,dd.toast.orders+orders_2675bb8f-0f4e-460c-9bc6-4d977546d884@gmail.com,CA02,1/10/25,7:59 PM,"Pan Fried Wontons with Chili Sauce (6) 红油香煎大馄饨, Chicken & Vegetable Wontons in Chicken Soup 鸡汤菜肉大馄饨",Default Online Ordering,1.57,Other,600000034535183705,182,18.77,,1,0.00,,http://www.toasttab.com/receipts/33eiUG9RSnqR9vgz4YmOIA/9FwFqTtHgrwJc
600000034534306797,PickUp-Ross M,8552228111,dd.toast.orders+orders_9cc49091-914f-42fc-80fa-d7197226b24f@gmail.com,CA02,1/10/25,7:57 PM,"Green Onion Pancake (1) Ⓥ 葱油饼, Sweet & Sour Cucumber Ⓥ 🌶️ 甜辣小黄瓜, Chicken & Vegetable Wontons in Chili Sauce (6) 🌶️ 红油菜肉大馄饨, Pork Xiao Long Bao (8) 鲜肉小笼包",Default Online Ordering,9.70,Other,600000034535217553,181,128.00,,1,0.00,,http://www.toasttab.com/receipts/33eiUG9RSnqR9vgz4YmOIA/zRtdJR7tcn7qs
,,,,CA02,1/10/25,8:33 PM,"Pan Fried Pork Buns (4) 特色鲜肉煎包, Pork Xiao Long Bao (8) 鲜肉小笼包, Green Onion Pancake (1) Ⓥ 葱油饼, Pan Fried Wontons with Sweet & Spicy Garlic Sauce (6) 甜辣香煎大馄饨",Default Online Ordering,2.76,Visa,600000034535311945,201,38.02,,1,0.00,,http://www.toasttab.com/receipts/33eiUG9RSnqR9vgz4YmOIA/qntsxndFYWTh9
,,,,CA02,1/10/25,8:33 PM,"Pan Fried Pork Buns (4) 特色鲜肉煎包, Pork Xiao Long Bao (8) 鲜肉小笼包, Sweet & Sour Cucumber Ⓥ 🌶️ 甜辣小黄瓜, Pork Wontons in Chili Sauce (6) 🌶️ 红油猪肉抄手, Zha Jiang Mian 京味炸酱面, Chicken Potstickers (6) 鸡肉锅贴, Chicken & Vegetable Wontons in Chili Sauce (6) 🌶️ 红油菜肉大馄饨",Default Online Ordering,5.06,Cash,600000034535357944,200,60.61,,1,0.00,,http://www.toasttab.com/receipts/33eiUG9RSnqR9vgz4YmOIA/jXKMFhwfFhYbF
,,,,CA02,1/10/25,8:08 PM,"Pork Xiao Long Bao (8) 鲜肉小笼包, Pork & Shrimp Potstickers (6) 🦐 猪肉三鲜锅贴, Chicken & Vegetable Wontons in Chili Sauce (6) 🌶️ 红油菜肉大馄饨, Beef-Stew Noodles 🌶️ 秘制牛肉小面, Green Onion Soy Sauce Noodles Ⓥ 葱油拌面",Default Online Ordering,3.56,Visa,600000034535408915,187,49.00,,1,0.00,,http://www.toasttab.com/receipts/33eiUG9RSnqR9vgz4YmOIA/cpz9zfmsmRtFs
,,,,CA02,1/10/25,8:10 PM,"Chicken Potstickers (6) 鸡肉锅贴, Chicken Steamed Dumplings (6) 鸡肉蒸饺, Pan Fried Wontons with Chili Sauce (6) 红油香煎大馄饨, Pork Xiao Long Bao (8) 鲜肉小笼包, Dan Dan Noodles Ⓥ🌶️🌶️ 担担面, Chicken & Vegetable Wontons in Chili Sauce (6) 🌶️ 红油菜肉大馄饨, Green Onion Soy Sauce Noodles Ⓥ 葱油拌面, Chicken & Vegetable Wontons in Chili Sauce (6) 🌶️ 红油菜肉大馄饨, Pork Xiao Long Bao (8) 鲜肉小笼包",Default Online Ordering,5.05,Mastercard,600000034535501856,188,71.72,,1,14.30,"Customer Service Discount (100.00%), Customer Service Discount (100.00%)",http://www.toasttab.com/receipts/33eiUG9RSnqR9vgz4YmOIA/RPNXHwhXFwyYb
600000018010773216,Adrian Cervantes,4088915589,acerv@yahoo.com,CA02,1/10/25,8:23 PM,"Chicken Potstickers (6) 鸡肉锅贴, Chicken Steamed Dumplings (6) 鸡肉蒸饺, Sweet & Sour Cucumber Ⓥ 🌶️ 甜辣小黄瓜, Pork Xiao Long Bao (8) 鲜肉小笼包, Pan Fried Pork Buns (4) 特色鲜肉煎包, Dan Dan Noodles Ⓥ🌶️🌶️ 担担面, Passion Fruit Green Tea (Cold) 百香果绿茶 (冷), Thai Milk Tea (Cold) 泰式奶茶 (冷)",Default Online Ordering,4.57,Visa,600000034535501879,195,65.43,,1,9.95,Reward Dollars,http://www.toasttab.com/receipts/33eiUG9RSnqR9vgz4YmOIA/CnsHhRyhdbfkc
600000034535393188,PickUp-Ranjith Kumar S,8552228111,dd.toast.orders+orders_ca6d84df-a2e5-49e5-8290-af70cece1d5c@gmail.com,CA02,1/10/25,8:30 PM,"Vegetarian Spicy (Ma La) Noodles Ⓥ 🌶️🌶️ 素麻辣小面, Dan Dan Noodles Ⓥ🌶️🌶️ 担担面",Default Online Ordering,1.41,Other,600000034535563539,198,16.91,,1,0.00,,http://www.toasttab.com/receipts/33eiUG9RSnqR9vgz4YmOIA/7sc9qKgP9xKFc
,,,,CA02,1/10/25,8:11 PM,"Pan Fried Pork Buns (4) 特色鲜肉煎包, Chicken & Vegetable Wontons in Hot & Sour Sauce (6) 🌶️ 酸辣菜肉大馄饨",Yafang Chen,1.56,Mastercard,600000034535643288,189,18.66,,1,0.00,,http://www.toasttab.com/receipts/33eiUG9RSnqR9vgz4YmOIA/dpCTpLrhYNqXp
600000034535678074,PickUp-Sachin N,5419089421,dd.toast.orders+orders_aef3a709-d4c9-4900-814e-cd203c0bf328@gmail.com,CA02,1/10/25,8:37 PM,"Chicken & Vegetable Wontons in Chili Sauce (6) 🌶️ 红油菜肉大馄饨, Chicken Potstickers (6) 鸡肉锅贴, Minced Chicken Noodles 🌶️ 鸡肉肉燥小面",Default Online Ordering,2.01,Other,600000034535652732,204,24.06,,1,0.00,,http://www.toasttab.com/receipts/33eiUG9RSnqR9vgz4YmOIA/XxHMctk7TsCxj
,,,,CA02,1/10/25,8:31 PM,"Sweet & Sour Cucumber Ⓥ 🌶️ 甜辣小黄瓜, Green Onion Pancake (1) Ⓥ 葱油饼, Chicken & Vegetable Wontons in Chili Sauce (6) 🌶️ 红油菜肉大馄饨, Pork Xiao Long Bao (8) 鲜肉小笼包, Pork Wontons in Hot & Sour Sauce (6) 🌶️ 酸辣猪肉抄手",Default Online Ordering,3.15,Visa,600000034535657794,199,43.47,,2,0.00,,http://www.toasttab.com/receipts/33eiUG9RSnqR9vgz4YmOIA/whzhsggrC9gMY
,,,,CA02,1/10/25,8:12 PM,"Sweet & Sour Cucumber Ⓥ 🌶️ 甜辣小黄瓜, Thai Milk Tea (Cold) 泰式奶茶 (冷), Vegetable Potstickers (6) Ⓥ 素三鲜锅贴",Yafang Chen,1.84,Visa,600000034535666338,190,22.09,,1,0.00,,http://www.toasttab.com/receipts/33eiUG9RSnqR9vgz4YmOIA/7CMcRfxjgd7LC
,,,,CA02,1/10/25,8:14 PM,"Vegetarian Spicy (Ma La) Noodles Ⓥ 🌶️🌶️ 素麻辣小面, Chrysanthemum Tea (Hot) 菊花茶 (热), Thai Milk Tea (Cold) 泰式奶茶 (冷), Thai Milk Tea (Cold) 泰式奶茶 (冷), Green Onion Pancake (1) Ⓥ 葱油饼, Vegetable Potstickers (6) Ⓥ 素三鲜锅贴, Vegetable Steamed Dumplings (6) Ⓥ 素三鲜蒸饺, Vegetable Steamed Dumplings (6) Ⓥ 素三鲜蒸饺",Jaylan Penney,4.60,Visa,600000034535722075,192,63.42,,4,0.00,,http://www.toasttab.com/receipts/33eiUG9RSnqR9vgz4YmOIA/RYgptnCpC9mjW
,,,,CA02,1/10/25,8:40 PM,"Pork Xiao Long Bao (8) 鲜肉小笼包, Chicken & Vegetable Wontons in Chili Sauce (6) 🌶️ 红油菜肉大馄饨, Sweet & Sour Cucumber Ⓥ 🌶️ 甜辣小黄瓜, Green Onion Soy Sauce Noodles Ⓥ 葱油拌面, Vegetarian Spicy (Ma La) Noodles Ⓥ 🌶️🌶️ 素麻辣小面, Vegetable Steamed Dumplings (6) Ⓥ 素三鲜蒸饺",Default Online Ordering,4.86,Mastercard,600000034535863886,209,66.94,,1,0.00,,http://www.toasttab.com/receipts/33eiUG9RSnqR9vgz4YmOIA/jCPrHfbN9KxTr
,,,,CA02,1/10/25,8:20 PM,"Beef Pancake Roll (1) 酱香牛肉卷饼 (不辣), Pork Xiao Long Bao (8) 鲜肉小笼包, Pan Fried Pork Buns (4) 特色鲜肉煎包, Chicken & Vegetable Wontons in Chili Sauce (6) 🌶️ 红油菜肉大馄饨, Kale Salad with Sesame Dressing Ⓥ 麻酱羽衣甘蓝沙拉, Ozeki Nigori Sake (375 ml / 12.68 fl.oz.) Best Chilled",Jaylan Penney,4.94,Visa,600000034535885103,194,68.01,,2,0.00,,http://www.toasttab.com/receipts/33eiUG9RSnqR9vgz4YmOIA/Ph7dpbmhmcdRf
,,,,CA02,1/10/25,8:33 PM,"Pork Xiao Long Bao (8) 鲜肉小笼包, Dan Dan Noodles Ⓥ🌶️🌶️ 担担面, Pork Wontons in Chili Sauce (6) 🌶️ 红油猪肉抄手, Ozeki Sake Dry (375 ml / 12.68 fl.oz.)",Default Online Ordering,3.11,Visa,600000034535952216,202,42.79,,1,0.00,,http://www.toasttab.com/receipts/33eiUG9RSnqR9vgz4YmOIA/TXbycHYzNpsr7
,,,,CA02,1/10/25,8:51 PM,"Sweet & Sour Cucumber Ⓥ 🌶️ 甜辣小黄瓜, Pork Xiao Long Bao (8) 鲜肉小笼包, Chicken Potstickers (6) 鸡肉锅贴, Pan Fried Wontons with Sweet & Spicy Garlic Sauce (6) 甜辣香煎大馄饨, Pork Wontons in Chili Sauce (6) 🌶️ 红油猪肉抄手, Chicken Steamed Dumplings (6) 鸡肉蒸饺, Banana Naan Bread (1) Ⓥ 香蕉飞饼",Default Online Ordering,4.72,Cash,600000034536047730,215,56.67,,1,0.00,,http://www.toasttab.com/receipts/33eiUG9RSnqR9vgz4YmOIA/pzbRYFpXFpcrp
,,,,CA02,1/10/25,8:39 PM,"Pork & Shrimp Potstickers (6) 🦐 猪肉三鲜锅贴, Chicken & Vegetable Wontons in Chili Sauce (6) 🌶️ 红油菜肉大馄饨, Beef-Stew Noodles 🌶️ 秘制牛肉小面, Braised Pig Ears 🌶️ 凉拌猪耳, Dan Dan Noodles Ⓥ🌶️🌶️ 担担面, Vegetable Potstickers (6) Ⓥ 素三鲜锅贴, Pan Fried Beef Pies (2) 牛肉馅饼",Default Online Ordering,4.67,Visa,600000034536052619,207,64.31,,1,0.00,,http://www.toasttab.com/receipts/33eiUG9RSnqR9vgz4YmOIA/7bYyHLzKFXbPp
600000034536348961,Marilena R,8552228111,dd.toast.orders+orders_4751d724-b4e6-46fd-8ecf-1a5d1a0aa00c@gmail.com,CA02,1/10/25,8:48 PM,"Diet Coke 健怡可乐, Coke 可乐, Thai Milk Tea (Cold) 泰式奶茶 (冷), Pork Wontons in Chili Sauce (6) 🌶️ 红油猪肉抄手, Sweet & Sour Cucumber Ⓥ 🌶️ 甜辣小黄瓜, Chicken Potstickers (6) 鸡肉锅贴, Pork Xiao Long Bao (8) 鲜肉小笼包",Default Online Ordering,6.51,Other,600000034536052635,214,82.86,,1,0.00,,http://www.toasttab.com/receipts/33eiUG9RSnqR9vgz4YmOIA/KhrtcmNzJJKHm
,,,,CA02,1/10/25,8:39 PM,"Pork Xiao Long Bao (8) 鲜肉小笼包, Dan Dan Noodles Ⓥ🌶️🌶️ 担担面, Pan Fried Pork Buns (4) 特色鲜肉煎包, Sour Plum Juice (Cold) 酸梅汁 (冷), Passion Fruit Green Tea (Cold) 百香果绿茶 (冷), Sweet & Sour Cucumber Ⓥ 🌶️ 甜辣小黄瓜, Spicy Beef Sandwich (1) 🌶️🌶️大嘴牛肉包 (辣)",Default Online Ordering,4.82,Amex,600000034536093171,208,66.44,,1,0.00,,http://www.toasttab.com/receipts/33eiUG9RSnqR9vgz4YmOIA/HcwqJs7FYprWk
600000034536278645,Jin,4083290926,,CA02,1/10/25,8:37 PM,"Beef Sandwich (1) 大嘴牛肉包 (不辣), Beef Pancake Roll (1) 酱香牛肉卷饼 (不辣), Pork Wontons in Chicken Soup 鸡汤小馄饨, Chicken & Vegetable Wontons in Chicken Soup 鸡汤菜肉大馄饨",Jaylan Penney,2.87,Visa,600000034536304230,203,34.27,,1,0.00,,http://www.toasttab.com/receipts/33eiUG9RSnqR9vgz4YmOIA/sJ7YWKTNkf9wq
,,,,CA02,1/10/25,8:44 PM,"Chicken & Vegetable Wontons in Hot & Sour Sauce (6) 🌶️ 酸辣菜肉大馄饨, Yibin Noodles Ⓥ 🌶️ 宜宾燃面",Yafang Chen,1.36,Mastercard,600000034536440149,210,18.70,,1,0.00,,http://www.toasttab.com/receipts/33eiUG9RSnqR9vgz4YmOIA/MYPLhTjjrfYtt
,,,,CA02,1/10/25,8:48 PM,"Spicy Beef Pancake Roll (1) 🌶️🌶️ 麻辣牛肉卷饼, Green Onion Soy Sauce Noodles Ⓥ 葱油拌面, Pan Fried Beef Pies (2) 牛肉馅饼, Pork Xiao Long Bao (8) 鲜肉小笼包",Default Online Ordering,3.02,Visa,600000034536467254,213,42.62,,1,0.00,,http://www.toasttab.com/receipts/33eiUG9RSnqR9vgz4YmOIA/cT9hjrwMgbb9n
,,,,CA02,1/10/25,8:45 PM,"Green Onion Pancake (1) Ⓥ 葱油饼, Chicken & Vegetable Wontons in Chili Sauce (6) 🌶️ 红油菜肉大馄饨, Vegetable Steamed Dumplings (6) Ⓥ 素三鲜蒸饺, Shrimp & Zucchini Steamed Dumplings (6) 🦐 青瓜鲜虾蒸饺, Cold Noodles with Sesame Dressing Ⓥ 麻酱凉面, Chicken & Vegetable Wontons in Chili Sauce (6) 🌶️ 红油菜肉大馄饨",Jaylan Penney,3.75,Mastercard,600000034536477936,212,49.85,,3,0.00,,http://www.toasttab.com/receipts/33eiUG9RSnqR9vgz4YmOIA/9YHf9C7kdpgck
,,,,CA02,1/10/25,8:51 PM,"Minced Chicken Noodles 🌶️ 鸡肉肉燥小面, Shrimp & Zucchini Steamed Dumplings (6) 🦐 青瓜鲜虾蒸饺, Chicken & Vegetable Wontons in Chili Sauce (6) 🌶️ 红油菜肉大馄饨, Vegetable Steamed Dumplings (6) Ⓥ 素三鲜蒸饺",Default Online Ordering,2.74,Visa,600000034536561704,216,37.65,,1,0.00,,http://www.toasttab.com/receipts/33eiUG9RSnqR9vgz4YmOIA/MfPFkJLfnXnYM
,,,,CA02,1/10/25,9:16 PM,"Pork Xiao Long Bao (8) 鲜肉小笼包, Pork & Shrimp Potstickers (6) 🦐 猪肉三鲜锅贴, Pan Fried Pork Buns (4) 特色鲜肉煎包, Chicken Steamed Dumplings (6) 鸡肉蒸饺, Chicken Potstickers (6) 鸡肉锅贴",Default Online Ordering,3.70,Discover,600000034536561740,218,50.35,,1,0.00,,http://www.toasttab.com/receipts/33eiUG9RSnqR9vgz4YmOIA/jJMWzhsKtWcjq
,,,,CA02,1/10/25,9:04 PM,"Shrimp & Zucchini Steamed Dumplings (6) 🦐 青瓜鲜虾蒸饺, Chicken & Vegetable Wontons in Chicken Soup 鸡汤菜肉大馄饨",xin Meng,1.44,Visa,600000034536852664,217,20.23,,1,0.00,,http://www.toasttab.com/receipts/33eiUG9RSnqR9vgz4YmOIA/TNbNqjjngXzsN
,,,,CA02,1/10/25,9:18 PM,"Dan Dan Noodles Ⓥ🌶️🌶️ 担担面, Dan Dan Noodles Ⓥ🌶️🌶️ 担担面",Jaylan Penney,1.42,Visa,600000034537097167,219,19.97,,1,0.00,,http://www.toasttab.com/receipts/33eiUG9RSnqR9vgz4YmOIA/NwhXnkYfJRk9N
600000034537248563,Zhang,9179008215,,CA02,1/10/25,9:28 PM,"Dan Dan Noodles Ⓥ🌶️🌶️ 担担面, Spicy (Ma La) Noodles 🌶️🌶️ 麻辣小面, Beef Pancake Roll (1) 酱香牛肉卷饼 (不辣), Pork & Shrimp Potstickers (6) 🦐 猪肉三鲜锅贴",zhengyu chen,2.89,Visa,600000034537262119,221,34.49,,1,0.00,,http://www.toasttab.com/receipts/33eiUG9RSnqR9vgz4YmOIA/L9WrRjhbYhRjd
,,,,CA02,1/10/25,9:44 PM,"Pan Fried Pork Buns (4) 特色鲜肉煎包, Green Onion Pancake (1) Ⓥ 葱油饼, Sweet & Sour Cucumber Ⓥ 🌶️ 甜辣小黄瓜, Sour Plum Juice (Cold) 酸梅汁 (冷), Dan Dan Noodles Ⓥ🌶️🌶️ 担担面, Spicy Beef Pancake Roll (1) 🌶️🌶️ 麻辣牛肉卷饼, Pork Xiao Long Bao (8) 鲜肉小笼包, Jasmine Tea (Hot) 茉莉花茶 (热)",Default Online Ordering,5.33,Visa,600000034537267869,223,76.54,,2,0.00,,http://www.toasttab.com/receipts/33eiUG9RSnqR9vgz4YmOIA/cYzJ9xsTRfbLk
