Location,Location Code,Id,GUID,Employee Id,Employee GUID,Employee External Id,Employee,Job Id,Job GUID,Job Code,Job Title,In Date,Out Date,Auto Clock-out,Total Hours,Unpaid Break Time,Paid Break Time,Payable Hours,Cash Tips Declared,Non Cash Tips,Total Gratuity,Total Tips,Tips Withheld,Wage,Regular Hours,Overtime Hours,Regular Pay,Overtime Pay,Total Pay
Cupertino,CA02,600000035296412924,3574952b-8082-477c-baef-45c649ca9ab5,600000002970777958,b4a3d95d-59c6-4901-82b7-c1a777aab865,187,"Chen, Yafang",600000009837655739,df2bae65-6ee0-429d-bf33-119c20d1f5b4,,Server 6,2/3/25 10:56 AM,2/3/25 3:59 PM,No,5.05,0.00,0.00,5.05,,0.00,0.00,0.00,0.00,,5.05,0.00,,,
Cupertino,CA02,600000035296463577,ec94ff10-f39e-4b84-acb7-dd863bad21ed,600000001251302471,926dca98-bd07-4351-b441-2634bdc824ca,131,"chen, zhengyu",600000009837655739,df2bae65-6ee0-429d-bf33-119c20d1f5b4,,Server 6,2/3/25 10:58 AM,2/4/25 4:00 AM,Yes,17.02,0.00,0.00,17.02,0.00,7.56,0.00,7.56,0.00,,8.00,9.02,,,
Cupertino,CA02,600000035305033662,5dde8f9d-3f9e-4aee-b0d5-d44e0f7e2f88,600000016712824343,8bf71451-c969-4797-91d3-3b69f9fa6e56,,"valencia, andres",600000009837616047,12e7cd3e-23e3-487f-b74e-a9e2a6192aa1,,Server 1,2/3/25 4:09 PM,2/4/25 4:00 AM,Yes,11.84,0.00,0.00,11.84,0.00,8.51,0.00,8.51,0.00,,8.00,3.84,,,
Cupertino,CA02,600000035307776282,c730f68f-399e-4736-a52c-d6f6994a6697,600000002970777958,b4a3d95d-59c6-4901-82b7-c1a777aab865,187,"Chen, Yafang",600000009837655739,df2bae65-6ee0-429d-bf33-119c20d1f5b4,,Server 6,2/3/25 5:28 PM,2/3/25 9:15 PM,No,3.78,0.00,0.00,3.78,,0.00,0.00,0.00,0.00,,2.95,0.83,,,
