Customer Id,Customer,Customer Phone,Customer Email,Location Code,Opened Date,Opened Time,Item Description,Server,Tax,Tender,Check Id,Check #,Total,Customer Family,Table Size,Discount,Reason of Discount,Link
,,,,CA02,1/23/25,11:15 AM,"Beef Pancake Roll (1) 酱香牛肉卷饼 (不辣), Dan Dan Noodles Ⓥ🌶️🌶️ 担担面, Pork Xiao Long Bao (8) 鲜肉小笼包, Hot & Sour Glass Noodles 🌶️🌶️ 酸辣粉",Default Online Ordering,3.21,Mastercard,600000034914080029,1,44.11,,1,0.00,,http://www.toasttab.com/receipts/33eiUG9RSnqR9vgz4YmOIA/7YWFhTWpNwWFg
,,,,CA02,1/23/25,11:16 AM,"Spicy Beef Sandwich (1) 🌶️🌶️大嘴牛肉包 (辣), Pork Xiao Long Bao (8) 鲜肉小笼包, Vegetable Potstickers (6) Ⓥ 素三鲜锅贴, Beef Potstickers (6) 牛肉锅贴, Five Spice Beef Shank 五香牛腱, Romaine Lettuce Salad with Sesame Dressing Ⓥ 麻酱生菜沙拉, Green Onion Soy Sauce Noodles Ⓥ 葱油拌面, Pork Wontons in Chicken Soup 鸡汤小馄饨",andres valencia,5.79,Visa,600000034914305098,2,81.53,,3,0.00,,http://www.toasttab.com/receipts/33eiUG9RSnqR9vgz4YmOIA/WXMmWFkKxCnYh
600000034914226324,Centurio S,8552228111,dd.toast.orders+orders_d2ccb7dd-59cc-475d-a20a-52da532e84fa@gmail.com,CA02,1/23/25,11:22 AM,"Pan Fried Chive Dumplings (3) 韭菜盒子, Zha Jiang Mian 京味炸酱面, Spicy Beef Shank 🌶️🌶️ 麻辣牛腱, Shrimp & Zucchini Steamed Dumplings (6) 🦐 青瓜鲜虾蒸饺",Default Online Ordering,3.35,Other,600000034914390268,4,40.05,,1,0.00,,http://www.toasttab.com/receipts/33eiUG9RSnqR9vgz4YmOIA/TdXTK9YzxKFdx
,,,,CA02,1/23/25,11:20 AM,"Pork & Crab Meat Xiao Long Bao (8) 🦐 蟹肉小笼包, Sweet & Sour Cucumber Ⓥ 🌶️ 甜辣小黄瓜, Beef-Stew Noodle Soup 🌶️ 秘制牛肉汤面, Zha Jiang Mian 京味炸酱面",andres valencia,3.21,Visa,600000034914435127,3,44.06,,2,0.00,,http://www.toasttab.com/receipts/33eiUG9RSnqR9vgz4YmOIA/Y9nRfgYHKLbqb
,,,,CA02,1/23/25,11:40 AM,"Dan Dan Noodles Ⓥ🌶️🌶️ 担担面, Chicken & Vegetable Wontons in Chili Sauce (6) 🌶️ 红油菜肉大馄饨, Thai Milk Tea (Cold) 泰式奶茶 (冷), Pan Fried Pork Buns (4) 特色鲜肉煎包",Default Online Ordering,2.84,Visa,600000034914784391,5,39.03,,1,0.00,,http://www.toasttab.com/receipts/33eiUG9RSnqR9vgz4YmOIA/jFwtpMsPWLXrM
,,,,CA02,1/23/25,11:42 AM,"Coke 可乐, Beef-Stew Noodles 🌶️ 秘制牛肉小面, High Tail Shrimp & Pork Steamed Dumplings (6) 🦐 翘尾鲜虾蒸饺, Pork Xiao Long Bao (8) 鲜肉小笼包",Default Online Ordering,2.72,Visa,600000034914866985,6,37.34,,1,0.00,,http://www.toasttab.com/receipts/33eiUG9RSnqR9vgz4YmOIA/7yjHgqN7jKPRL
600000034915218863,PickUp-Tahia Z,3525758078,dd.toast.orders+orders_5d6aa6b7-4ec5-49ca-8ad1-e2fdfcecadf6@gmail.com,CA02,1/23/25,11:54 AM,"Vegetable Steamed Dumplings (6) Ⓥ 素三鲜蒸饺, Vegetable Potstickers (6) Ⓥ 素三鲜锅贴, Shrimp & Zucchini Steamed Dumplings (6) 🦐 青瓜鲜虾蒸饺",Default Online Ordering,2.09,Other,600000034915218927,8,27.33,,1,0.00,,http://www.toasttab.com/receipts/33eiUG9RSnqR9vgz4YmOIA/9YhmFNh7CrKwr
600000034915218870,Anthony P,8552228111,dd.toast.orders+orders_8eb340bb-1812-4f40-ad60-0d112f42b4b2@gmail.com,CA02,1/23/25,11:56 AM,"Green Onion Pancake (1) Ⓥ 葱油饼, Vegetable Potstickers (6) Ⓥ 素三鲜锅贴, Chicken Potstickers (6) 鸡肉锅贴, Sweet & Sour Cucumber Ⓥ 🌶️ 甜辣小黄瓜, Chicken & Vegetable Wontons in Chicken Soup 鸡汤菜肉大馄饨, Pork Xiao Long Bao (8) 鲜肉小笼包",Default Online Ordering,4.61,Other,600000034915218936,9,55.16,,1,0.00,,http://www.toasttab.com/receipts/33eiUG9RSnqR9vgz4YmOIA/mWNhJnmX7pgpH
600000034915450617,PickUp-Yuting L,6084229309,dd.toast.orders+orders_4aafda77-cc1d-4f8d-aa5b-fedc88c18627@gmail.com,CA02,1/23/25,12:00 PM,"Beef Potstickers (6) 牛肉锅贴, Minced Chicken Noodles 🌶️ 鸡肉肉燥小面",Default Online Ordering,1.39,Other,600000034915294699,12,16.59,,1,0.00,,http://www.toasttab.com/receipts/33eiUG9RSnqR9vgz4YmOIA/YThMLMTL97dXk
,,,,CA02,1/23/25,11:53 AM,"Oolong Tea (Hot) 乌龙茶 (热), Pork Xiao Long Bao (8) 鲜肉小笼包, Dan Dan Noodles Ⓥ🌶️🌶️ 担担面, Green Onion Pancake (1) Ⓥ 葱油饼, Sweet & Sour Cucumber Ⓥ 🌶️ 甜辣小黄瓜",andres valencia,3.18,Mastercard,600000034915394362,7,45.58,,2,0.00,,http://www.toasttab.com/receipts/33eiUG9RSnqR9vgz4YmOIA/HcRjRhwPpjWH9
,,,,CA02,1/23/25,12:00 PM,"Dan Dan Noodles Ⓥ🌶️🌶️ 担担面, Vegetable Steamed Dumplings (6) Ⓥ 素三鲜蒸饺, Sweet & Sour Cucumber Ⓥ 🌶️ 甜辣小黄瓜",Default Online Ordering,2.72,Visa,600000034915479776,11,37.89,,1,0.00,,http://www.toasttab.com/receipts/33eiUG9RSnqR9vgz4YmOIA/jCszxffLLM7zY
,,,,CA02,1/23/25,11:59 AM,COMB C,xin Meng,1.55,Visa,600000034915559189,10,22.25,,1,0.00,,http://www.toasttab.com/receipts/33eiUG9RSnqR9vgz4YmOIA/HxNzp9KfKR7Ym
,,,,CA02,1/23/25,12:11 PM,COMB A,Default Online Ordering,1.55,Mastercard,600000034915740379,14,20.54,,1,0.00,,http://www.toasttab.com/receipts/33eiUG9RSnqR9vgz4YmOIA/c9rpTg7KcLybH
,,,,CA02,1/23/25,12:10 PM,"Sweet & Sour Cucumber Ⓥ 🌶️ 甜辣小黄瓜, Pork & Shrimp Potstickers (6) 🦐 猪肉三鲜锅贴, Pork Wontons in Chili Sauce (6) 🌶️ 红油猪肉抄手, Pan Fried Wontons with Chili Sauce (6) 红油香煎大馄饨",Default Online Ordering,2.68,Visa,600000034915753972,13,31.88,,1,0.00,,http://www.toasttab.com/receipts/33eiUG9RSnqR9vgz4YmOIA/XwhpKfbHTHhxL
,,,,CA02,1/23/25,12:18 PM,COMB C,Default Online Ordering,1.55,Mastercard,600000034915820798,19,21.32,,1,0.00,,http://www.toasttab.com/receipts/33eiUG9RSnqR9vgz4YmOIA/pmqdmWzYnj7xP
,,,,CA02,1/23/25,12:18 PM,COMB C,Default Online Ordering,1.55,Mastercard,600000034915830293,17,21.32,,1,0.00,,http://www.toasttab.com/receipts/33eiUG9RSnqR9vgz4YmOIA/ggPzmykCsLNwr
,,,,CA02,1/23/25,12:17 PM,"COMB A, Green Onion Pancake (1) Ⓥ 葱油饼",Default Online Ordering,1.93,Mastercard,600000034915921076,16,26.53,,1,0.00,,http://www.toasttab.com/receipts/33eiUG9RSnqR9vgz4YmOIA/HJqRfYJMdxwns
600000034915843364,PickUp-Kunal D,6692104754,dd.toast.orders+orders_afe79ec6-f890-4d56-987f-4bc651edcd4f@gmail.com,CA02,1/23/25,12:13 PM,"Chicken Potstickers (6) 鸡肉锅贴, Dan Dan Noodles Ⓥ🌶️🌶️ 担担面, Pork Xiao Long Bao (8) 鲜肉小笼包",Default Online Ordering,2.29,Other,600000034915961852,15,27.44,,1,0.00,,http://www.toasttab.com/receipts/33eiUG9RSnqR9vgz4YmOIA/CkFnWx9bgJqLn
600000034915797649,PickUp-Kelly S,4088586778,dd.toast.orders+orders_0b2c38fe-77b8-48b4-95e9-df40b62693dc@gmail.com,CA02,1/23/25,12:24 PM,"Pork Wontons in Chili Sauce (6) 🌶️ 红油猪肉抄手, Dan Dan Noodles Ⓥ🌶️🌶️ 担担面",Default Online Ordering,1.39,Other,600000034915995641,25,16.59,,1,0.00,,http://www.toasttab.com/receipts/33eiUG9RSnqR9vgz4YmOIA/swXr7twhmtcJd
,,,,CA02,1/23/25,12:21 PM,"COMB A, Pan Fried Wontons with Sweet & Spicy Garlic Sauce (6) 甜辣香煎大馄饨, COMB A, COMB A, Sweet & Sour Cucumber Ⓥ 🌶️ 甜辣小黄瓜, Pork & Shrimp Potstickers (6) 🦐 猪肉三鲜锅贴, Chicken Potstickers (6) 鸡肉锅贴, COMB A, COMB B, Pan Fried Beef Pies (2) 牛肉馅饼, COMB A, Green Onion Pancake (1) Ⓥ 葱油饼, COMB A",Default Online Ordering,14.58,Visa,600000034916006322,22,200.28,,1,0.00,,http://www.toasttab.com/receipts/33eiUG9RSnqR9vgz4YmOIA/FsgHnkqMLRgJT
,,,,CA02,1/23/25,12:22 PM,"Pork Xiao Long Bao (8) 鲜肉小笼包, Pan Fried Pork Buns (4) 特色鲜肉煎包, Pork Wontons in Chicken Soup 鸡汤小馄饨, Sweet & Sour Cucumber Ⓥ 🌶️ 甜辣小黄瓜, Beef Potstickers (6) 牛肉锅贴",Default Online Ordering,3.88,Amex,600000034916060779,23,53.22,,1,0.00,,http://www.toasttab.com/receipts/33eiUG9RSnqR9vgz4YmOIA/LHksFtzWb9WrX
,,,,CA02,1/23/25,12:19 PM,"Vegetable Steamed Dumplings (6) Ⓥ 素三鲜蒸饺, Vegetarian Spicy (Ma La) Noodles Ⓥ 🌶️🌶️ 素麻辣小面",Default Online Ordering,1.39,Visa,600000034916090705,20,16.59,,1,0.00,,http://www.toasttab.com/receipts/33eiUG9RSnqR9vgz4YmOIA/MsNJqm9JHmkqr
600000011971248582,Tracy,4082304275,,CA02,1/23/25,12:19 PM,Beef-Stew Noodle Soup 🌶️ 秘制牛肉汤面,andres valencia,0.91,Visa,600000034916141851,18,12.49,,1,0.00,,http://www.toasttab.com/receipts/33eiUG9RSnqR9vgz4YmOIA/cLgKHzMbqhntw
,,,,CA02,1/23/25,12:24 PM,COMB A,Default Online Ordering,1.55,Mastercard,600000034916211663,24,21.88,,1,0.00,,http://www.toasttab.com/receipts/33eiUG9RSnqR9vgz4YmOIA/wKXXMCyxLwyTR
600000034916039286,Zi L,8552228111,dd.toast.orders+orders_5e7f2f5e-71b8-45c3-8157-64afcef7fb16@gmail.com,CA02,1/23/25,12:28 PM,Romaine Lettuce Salad with Sesame Dressing Ⓥ 麻酱生菜沙拉,Default Online Ordering,0.77,Other,600000034916285266,28,9.17,,1,0.00,,http://www.toasttab.com/receipts/33eiUG9RSnqR9vgz4YmOIA/JPXWhPqksTXcm
,,,,CA02,1/23/25,12:25 PM,COMB C,andres valencia,1.55,Visa,600000034916311821,27,22.62,,1,0.00,,http://www.toasttab.com/receipts/33eiUG9RSnqR9vgz4YmOIA/yWKqpMf7NRLnN
,,,,CA02,1/23/25,12:29 PM,COMB A,Default Online Ordering,0.00,,600000034916357211,29,0.00,,1,16.99,Open % Check (100.00%),
600000034916438363,PickUp-Yesica G,6695449394,dd.toast.orders+orders_68f28542-fa97-4188-99b9-d008e66fa7cb@gmail.com,CA02,1/23/25,12:34 PM,"Chicken & Vegetable Wontons in Chili Sauce (6) 🌶️ 红油菜肉大馄饨, Green Onion Soy Sauce Noodles Ⓥ 葱油拌面",Default Online Ordering,1.39,Other,600000034916455470,31,16.59,,1,0.00,,http://www.toasttab.com/receipts/33eiUG9RSnqR9vgz4YmOIA/L9wXrzfsc9zfq
,,,,CA02,1/23/25,12:31 PM,COMB A,Default Online Ordering,1.55,Mastercard,600000034916463900,30,21.32,,1,0.00,,http://www.toasttab.com/receipts/33eiUG9RSnqR9vgz4YmOIA/ybgbswwwwWcrm
,,,,CA02,1/23/25,12:40 PM,"Pan Fried Chive Dumplings (3) 韭菜盒子, Pork Xiao Long Bao (8) 鲜肉小笼包, Zha Jiang Mian 京味炸酱面, Chicken Xiao Long Bao (8) 鸡肉小笼包, Spicy Beef Shank 🌶️🌶️ 麻辣牛腱, Hot & Sour Glass Noodles 🌶️🌶️ 酸辣粉, Spicy Beef Sandwich (1) 🌶️🌶️大嘴牛肉包 (辣), Pan Fried Pork Buns (4) 特色鲜肉煎包, Chicken Steamed Dumplings (6) 鸡肉蒸饺, Pork & Crab Meat Xiao Long Bao (8) 🦐 蟹肉小笼包, Spicy Beef Shank 🌶️🌶️ 麻辣牛腱, Zha Jiang Mian 京味炸酱面, Pan Fried Beef Pies (2) 牛肉馅饼, Pork & Shrimp Potstickers (6) 🦐 猪肉三鲜锅贴, Beef-Stew Noodle Soup 🌶️ 秘制牛肉汤面, Vegetable Potstickers (6) Ⓥ 素三鲜锅贴, Green Onion Soy Sauce Noodles Ⓥ 葱油拌面, Pork & Crab Meat Xiao Long Bao (8) 🦐 蟹肉小笼包, Pan Fried Pork Buns (4) 特色鲜肉煎包, Vegetable Potstickers (6) Ⓥ 素三鲜锅贴, Pork & Crab Meat Xiao Long Bao (8) 🦐 蟹肉小笼包, Pork Wontons in Chili Sauce (6) 🌶️ 红油猪肉抄手, Romaine Lettuce Salad with Sesame Dressing Ⓥ 麻酱生菜沙拉, Yibin Noodles Ⓥ 🌶️ 宜宾燃面, Green Onion Pancake (1) Ⓥ 葱油饼, Vegetable Steamed Dumplings (6) Ⓥ 素三鲜蒸饺, Vegetarian Spicy (Ma La) Noodles Ⓥ 🌶️🌶️ 素麻辣小面, Chicken Potstickers (6) 鸡肉锅贴, Yibin Noodles Ⓥ 🌶️ 宜宾燃面, Banana Naan Bread (1) Ⓥ 香蕉飞饼, Banana Naan Bread (1) Ⓥ 香蕉飞饼, Banana Naan Bread (1) Ⓥ 香蕉飞饼",andres valencia,23.48,Visa,600000034916709839,32,300.38,,10,0.00,,http://www.toasttab.com/receipts/33eiUG9RSnqR9vgz4YmOIA/XmLRYKtrMzPkg
,,,,CA02,1/23/25,12:58 PM,"Pan Fried Pork Buns (4) 特色鲜肉煎包, COMB B",Default Online Ordering,2.46,Visa,600000034916939685,34,35.28,,1,0.00,,http://www.toasttab.com/receipts/33eiUG9RSnqR9vgz4YmOIA/9PRhCXHykCdN9
,,,,CA02,1/23/25,12:58 PM,COMB C,Default Online Ordering,1.55,Visa,600000034916943078,35,21.32,,1,0.00,,http://www.toasttab.com/receipts/33eiUG9RSnqR9vgz4YmOIA/sCLTztJypJWm9
,,,,CA02,1/23/25,12:58 PM,COMB C,Default Online Ordering,1.55,Mastercard,600000034917012872,36,22.25,,1,0.00,,http://www.toasttab.com/receipts/33eiUG9RSnqR9vgz4YmOIA/xbWWL7wstrpxs
,,,,CA02,1/23/25,12:54 PM,"Broccoli with Seafood Sauce 蚝油西兰花, COMB A, COMB B, Pan Fried Pork Buns (4) 特色鲜肉煎包",Default Online Ordering,4.68,Visa,600000034917022658,33,61.91,,1,0.00,,http://www.toasttab.com/receipts/33eiUG9RSnqR9vgz4YmOIA/kXXLbNktw9xNz
,,,,CA02,1/23/25,1:11 PM,"Green Onion Pancake (1) Ⓥ 葱油饼, Pork & Crab Meat Xiao Long Bao (8) 🦐 蟹肉小笼包, Pan Fried Pork Buns (4) 特色鲜肉煎包, Beef Potstickers (6) 牛肉锅贴, Pan Fried Wontons with Chili Sauce (6) 红油香煎大馄饨, Thai Milk Tea (Cold) 泰式奶茶 (冷)",Default Online Ordering,4.63,Discover,600000034917253449,39,63.46,,1,0.00,,http://www.toasttab.com/receipts/33eiUG9RSnqR9vgz4YmOIA/wNxfwRHKmFLcR
,,,,CA02,1/23/25,1:02 PM,"COMB A, COMB A",andres valencia,3.10,Visa,600000034917290977,37,42.64,,2,0.00,,http://www.toasttab.com/receipts/33eiUG9RSnqR9vgz4YmOIA/yRFCjnTkkzzKY
600000034917279678,PickUp-Kerry Z,8552228111,dd.toast.orders+orders_6ca19ff9-9467-4788-8e01-5926dfe016ad@gmail.com,CA02,1/23/25,1:12 PM,"Pan Fried Chive Dumplings (3) 韭菜盒子, Pork & Shrimp Potstickers (6) 🦐 猪肉三鲜锅贴, Pan Fried Pork Buns (4) 特色鲜肉煎包",Default Online Ordering,2.24,Other,600000034917319381,40,26.79,,1,0.00,,http://www.toasttab.com/receipts/33eiUG9RSnqR9vgz4YmOIA/tNsqjjzjWFdht
,,,,CA02,1/23/25,1:05 PM,"Green Onion Pancake (1) Ⓥ 葱油饼, Pork & Crab Meat Xiao Long Bao (8) 🦐 蟹肉小笼包, Pork & Shrimp Potstickers (6) 🦐 猪肉三鲜锅贴, Braised Pig Ears 🌶️ 凉拌猪耳, Cold Noodles with Sesame Dressing Ⓥ 麻酱凉面, Zha Jiang Mian 京味炸酱面, Oolong Tea (Hot) 乌龙茶 (热), Ube Milk Tea (Cold) 紫薯奶茶 (冷), Ube Milk Tea (Cold) 紫薯奶茶 (冷)",andres valencia,5.65,Visa,600000034917374149,38,79.71,,3,0.00,,http://www.toasttab.com/receipts/33eiUG9RSnqR9vgz4YmOIA/qNwtxXsFkhTwT
,,,,CA02,1/23/25,1:18 PM,"Pork Xiao Long Bao (8) 鲜肉小笼包, Yibin Noodles Ⓥ 🌶️ 宜宾燃面",Default Online Ordering,1.63,Visa,600000034917541033,42,19.48,,1,0.00,,http://www.toasttab.com/receipts/33eiUG9RSnqR9vgz4YmOIA/mNCxqfLHWPNCs
,,,,CA02,1/23/25,1:21 PM,"Vegetarian Spicy (Ma La) Noodles Ⓥ 🌶️🌶️ 素麻辣小面, Kale Salad with Sesame Dressing Ⓥ 麻酱羽衣甘蓝沙拉",andres valencia,1.39,Visa,600000034917807833,41,18.39,,1,0.00,,http://www.toasttab.com/receipts/33eiUG9RSnqR9vgz4YmOIA/zNgzTckKzKpsC
,,,,CA02,1/23/25,1:38 PM,"Pork Wontons in Chicken Soup 鸡汤小馄饨, High Tail Shrimp & Pork Steamed Dumplings (6) 🦐 翘尾鲜虾蒸饺, Beef-Stew Noodles 🌶️ 秘制牛肉小面, Banana Naan Bread (1) Ⓥ 香蕉飞饼",Default Online Ordering,2.93,Amex,600000034918169978,44,40.34,,1,0.00,,http://www.toasttab.com/receipts/33eiUG9RSnqR9vgz4YmOIA/NW9ckJ7dMqjYY
,,,,CA02,1/23/25,2:14 PM,"Chicken & Vegetable Wontons in Chicken Soup 鸡汤菜肉大馄饨, Chicken Potstickers (6) 鸡肉锅贴, Green Onion Pancake (1) Ⓥ 葱油饼, Chicken Xiao Long Bao (8) 鸡肉小笼包, Coke 可乐",Default Online Ordering,4.20,Visa,600000034919223421,45,57.62,,1,0.00,,http://www.toasttab.com/receipts/33eiUG9RSnqR9vgz4YmOIA/h9sYWmkyyfRRq
,,,,CA02,1/23/25,2:36 PM,"Pork Xiao Long Bao (8) 鲜肉小笼包, Sweet & Sour Cucumber Ⓥ 🌶️ 甜辣小黄瓜, Pork Wontons in Chili Sauce (6) 🌶️ 红油猪肉抄手, Chicken & Vegetable Wontons in Chili Sauce (6) 🌶️ 红油菜肉大馄饨, Banana Naan Bread (1) Ⓥ 香蕉飞饼, Green Onion Soy Sauce Noodles Ⓥ 葱油拌面, Dan Dan Noodles Ⓥ🌶️🌶️ 担担面, Spicy (Ma La) Noodles 🌶️🌶️ 麻辣小面, Beef Potstickers (6) 牛肉锅贴",Default Online Ordering,6.38,Visa,600000034919809399,46,89.89,,1,0.00,,http://www.toasttab.com/receipts/33eiUG9RSnqR9vgz4YmOIA/bsKpwpyscCFsC
,,,,CA02,1/23/25,2:44 PM,"Yibin Noodles Ⓥ 🌶️ 宜宾燃面, Pork Wontons in Chili Sauce (6) 🌶️ 红油猪肉抄手, Pork Xiao Long Bao (8) 鲜肉小笼包",Default Online Ordering,2.30,Visa,600000034920276077,47,32.39,,1,0.00,,http://www.toasttab.com/receipts/33eiUG9RSnqR9vgz4YmOIA/WLYkzHzCyqMcT
,,,,CA02,1/23/25,3:46 PM,"Pork Xiao Long Bao (8) 鲜肉小笼包, Coke 可乐",xin Meng,1.14,Visa,600000034923309361,48,15.63,,1,0.00,,http://www.toasttab.com/receipts/33eiUG9RSnqR9vgz4YmOIA/XHPPWrFj7Txm9
600000034923821926,Daniel C,8552228111,dd.toast.orders+orders_0cc61b72-2992-4285-8bbf-b5835df8a07e@gmail.com,CA02,1/23/25,4:01 PM,"Pan Fried Chive Dumplings (3) 韭菜盒子, Spicy Beef Pancake Roll (1) 🌶️🌶️ 麻辣牛肉卷饼, Braised Pig Ears 🌶️ 凉拌猪耳, Spicy Beef Shank 🌶️🌶️ 麻辣牛腱",Default Online Ordering,3.40,Other,600000034923809137,50,40.65,,1,0.00,,http://www.toasttab.com/receipts/33eiUG9RSnqR9vgz4YmOIA/fP9jmXqcdCkwT
,,,,CA02,1/23/25,3:57 PM,"Pork Xiao Long Bao (8) 鲜肉小笼包, Dan Dan Noodles Ⓥ🌶️🌶️ 担担面, Steamed Pork Buns (4) 特色鲜肉蒸包",Default Online Ordering,2.54,Visa,600000034923890300,49,36.41,,1,0.00,,http://www.toasttab.com/receipts/33eiUG9RSnqR9vgz4YmOIA/yPmFjrTHfydny
600000034924493007,Andrey P,8552228111,dd.toast.orders+orders_3c2c2334-028e-4c75-b46c-52c0de82aee4@gmail.com,CA02,1/23/25,4:10 PM,"Dan Dan Noodles Ⓥ🌶️🌶️ 担担面, Beef-Stew Noodles 🌶️ 秘制牛肉小面, Yibin Noodles Ⓥ 🌶️ 宜宾燃面, Shrimp & Zucchini Steamed Dumplings (6) 🦐 青瓜鲜虾蒸饺, Pan Fried Pork Buns (4) 特色鲜肉煎包, Chicken Xiao Long Bao (8) 鸡肉小笼包, Pork Xiao Long Bao (8) 鲜肉小笼包",Default Online Ordering,7.55,Other,600000034924309634,53,90.25,,1,0.00,,http://www.toasttab.com/receipts/33eiUG9RSnqR9vgz4YmOIA/qWwzkqFyHsFRn
,,,,CA02,1/23/25,4:09 PM,"Chicken Potstickers (6) 鸡肉锅贴, Chicken Potstickers (6) 鸡肉锅贴, Chicken Potstickers (6) 鸡肉锅贴, Chicken Potstickers (6) 鸡肉锅贴, Chicken & Vegetable Wontons in Hot & Sour Sauce (6) 🌶️ 酸辣菜肉大馄饨, Milk Tea (Cold) 奶茶 (冷)",andres valencia,3.89,Visa,600000034924468842,51,46.34,,1,0.00,,http://www.toasttab.com/receipts/33eiUG9RSnqR9vgz4YmOIA/f9FrqCJCgt9yX
600000034924880357,PickUp-Carlos G.,2606151426,dd.toast.orders+orders_1d5fe05c-f230-4db9-82bd-2a096adbd19a@gmail.com,CA02,1/23/25,4:18 PM,"Chicken Potstickers (6) 鸡肉锅贴, Beef-Stew Noodles 🌶️ 秘制牛肉小面, Pork Xiao Long Bao (8) 鲜肉小笼包",Default Online Ordering,2.29,Other,600000034924814873,54,27.44,,1,0.00,,http://www.toasttab.com/receipts/33eiUG9RSnqR9vgz4YmOIA/cYrCRTcLhwnPn
600000034925240512,PickUp-Rondu G,8552228111,dd.toast.orders+orders_37e13de5-d566-4145-9c37-357fcf0086e3@gmail.com,CA02,1/23/25,4:26 PM,"Pan Fried Beef Pies (2) 牛肉馅饼, Broccoli with Seafood Sauce 蚝油西兰花",Default Online Ordering,1.33,Other,600000034925320609,55,15.93,,1,0.00,,http://www.toasttab.com/receipts/33eiUG9RSnqR9vgz4YmOIA/XPYKMpThngPxN
600000034925431644,PickUp-Madeline M,8552228111,dd.toast.orders+orders_e6721ef5-9dd9-4ae9-8cc4-7f2bbdacf717@gmail.com,CA02,1/23/25,4:36 PM,"Pork & Shrimp Potstickers (6) 🦐 猪肉三鲜锅贴, Spicy Beef Pancake Roll (1) 🌶️🌶️ 麻辣牛肉卷饼, Chicken Xiao Long Bao (8) 鸡肉小笼包",Default Online Ordering,2.43,Other,600000034925657378,56,29.08,,1,0.00,,http://www.toasttab.com/receipts/33eiUG9RSnqR9vgz4YmOIA/nXdsFT9c9kXXq
600000034927154131,Yi-Ting H,8552228111,dd.toast.orders+orders_353fe278-e827-4b13-9cfd-ec31d1f4bfb0@gmail.com,CA02,1/23/25,5:12 PM,"Pork Wontons in Chili Sauce (6) 🌶️ 红油猪肉抄手, Beef-Stew Noodles 🌶️ 秘制牛肉小面",Default Online Ordering,1.60,Other,600000034927272930,57,19.10,,1,0.00,,http://www.toasttab.com/receipts/33eiUG9RSnqR9vgz4YmOIA/zfFXgsnWftYrF
,,,,CA02,1/23/25,5:33 PM,Chicken Steamed Dumplings (6) 鸡肉蒸饺,Jaylan Penney,2.00,Visa,600000034928572690,60,23.90,,1,0.00,,http://www.toasttab.com/receipts/33eiUG9RSnqR9vgz4YmOIA/dcgYRrqbK9NcL
600000034928875181,Nicole M,8552228111,dd.toast.orders+orders_86d63816-bf18-4e3f-892f-982b14894601@gmail.com,CA02,1/23/25,5:51 PM,"Chicken Potstickers (6) 鸡肉锅贴, Pork Wontons in Chili Sauce (6) 🌶️ 红油猪肉抄手, Beef-Stew Noodles 🌶️ 秘制牛肉小面",Default Online Ordering,2.36,Other,600000034929045871,62,28.26,,1,0.00,,http://www.toasttab.com/receipts/33eiUG9RSnqR9vgz4YmOIA/x9XcXcY7hsMwm
600000034928640346,PickUp-Audrey M,6508678976,dd.toast.orders+orders_9ce71eff-0a75-46ee-9273-5191c3a7f0b9@gmail.com,CA02,1/23/25,5:49 PM,"Pork & Shrimp Potstickers (6) 🦐 猪肉三鲜锅贴, Kale Salad with Sesame Dressing Ⓥ 麻酱羽衣甘蓝沙拉, Chicken & Vegetable Wontons in Chicken Soup 鸡汤菜肉大馄饨, Dan Dan Noodles Ⓥ🌶️🌶️ 担担面, Five Spice Beef Shank 五香牛腱",Default Online Ordering,4.26,Other,600000034929229653,61,55.57,,1,0.00,,http://www.toasttab.com/receipts/33eiUG9RSnqR9vgz4YmOIA/pNjjy7nmFJppc
600000034929334022,Wan Y,8552228111,dd.toast.orders+orders_7caa6b76-bece-475f-9312-ad967aa57cee@gmail.com,CA02,1/23/25,5:58 PM,"Pork & Shrimp Boiled Dumplings (6) 🦐 猪肉三鲜水饺, Kale Salad with Sesame Dressing Ⓥ 麻酱羽衣甘蓝沙拉, Beef-Stew Noodles 🌶️ 秘制牛肉小面, Yibin Noodles Ⓥ 🌶️ 宜宾燃面, Spicy Beef Shank 🌶️🌶️ 麻辣牛腱",Default Online Ordering,4.07,Other,600000034929540513,63,48.67,,1,0.00,,http://www.toasttab.com/receipts/33eiUG9RSnqR9vgz4YmOIA/zjfbcY9f7x9rJ
,,,,CA02,1/23/25,6:04 PM,"Dan Dan Noodles Ⓥ🌶️🌶️ 担担面, Chicken Xiao Long Bao (8) 鸡肉小笼包, Chicken Steamed Dumplings (6) 鸡肉蒸饺, Green Onion Pancake (1) Ⓥ 葱油饼, Vegetable Potstickers (6) Ⓥ 素三鲜锅贴",Default Online Ordering,3.35,Visa,600000034929561027,65,47.14,,1,0.00,,http://www.toasttab.com/receipts/33eiUG9RSnqR9vgz4YmOIA/Mbxk9FwqnqMbW
,,,,CA02,1/23/25,6:00 PM,"Green Onion Pancake (1) Ⓥ 葱油饼, Pan Fried Chive Dumplings (3) 韭菜盒子, Pork Xiao Long Bao (8) 鲜肉小笼包, Pork Wontons in Hot & Sour Sauce (6) 🌶️ 酸辣猪肉抄手, Braised Pig Ears 🌶️ 凉拌猪耳, Five Spice Beef Shank 五香牛腱, Kale Salad with Sesame Dressing Ⓥ 麻酱羽衣甘蓝沙拉, Yibin Noodles Ⓥ 🌶️ 宜宾燃面, Beef-Stew Noodles 🌶️ 秘制牛肉小面, Banana Naan Bread (1) Ⓥ 香蕉飞饼",Default Online Ordering,6.80,Visa,600000034929656806,64,97.44,,1,0.00,,http://www.toasttab.com/receipts/33eiUG9RSnqR9vgz4YmOIA/YrKpnqRkfCxKC
,,,,CA02,1/23/25,6:09 PM,"Pork Xiao Long Bao (8) 鲜肉小笼包, Pan Fried Pork Buns (4) 特色鲜肉煎包, Green Onion Pancake (1) Ⓥ 葱油饼, Pork & Shrimp Potstickers (6) 🦐 猪肉三鲜锅贴, Pork Wontons in Chili Sauce (6) 🌶️ 红油猪肉抄手, Beef-Stew Noodle Soup 🌶️ 秘制牛肉汤面, Cold Noodles with Sesame Dressing Ⓥ 麻酱凉面, Broccoli with Seafood Sauce 蚝油西兰花",Default Online Ordering,5.34,Visa,600000034929778431,67,74.41,,1,5.10,Open % Check (8.00%),http://www.toasttab.com/receipts/33eiUG9RSnqR9vgz4YmOIA/xRFWthgnwLbsb
,,,,CA02,1/23/25,6:15 PM,"Pork Xiao Long Bao (8) 鲜肉小笼包, Green Onion Pancake (1) Ⓥ 葱油饼, Beef Potstickers (6) 牛肉锅贴, Kale Salad with Sesame Dressing Ⓥ 麻酱羽衣甘蓝沙拉, Pork Wontons in Chili Sauce (6) 🌶️ 红油猪肉抄手, Dan Dan Noodles Ⓥ🌶️🌶️ 担担面, Pan Fried Pork Buns (4) 特色鲜肉煎包, Pork & Crab Meat Xiao Long Bao (8) 🦐 蟹肉小笼包, Green Onion Soy Sauce Noodles Ⓥ 葱油拌面, Chicken Steamed Dumplings (6) 鸡肉蒸饺, Chicken Steamed Dumplings (6) 鸡肉蒸饺, Chicken Potstickers (6) 鸡肉锅贴, Beef Pancake Roll (1) 酱香牛肉卷饼 (不辣), Pan Fried Pork Buns (4) 特色鲜肉煎包",Default Online Ordering,10.34,Visa,600000034929870680,68,150.41,,1,0.00,,http://www.toasttab.com/receipts/33eiUG9RSnqR9vgz4YmOIA/b7JbRKktzTTYK
,,,,CA02,1/23/25,6:13 PM,Frozen Pork Xiao Long Bao,Jaylan Penney,0.00,Visa,600000034930175239,66,54.00,,1,0.00,,http://www.toasttab.com/receipts/33eiUG9RSnqR9vgz4YmOIA/qPcTMbH7TmCff
600000034930383907,Nisha A,8552228111,dd.toast.orders+orders_8e931a63-13b7-42ec-8ef6-dfd0395e10d9@gmail.com,CA02,1/23/25,6:21 PM,"Pan Fried Wontons with Chili Sauce (6) 红油香煎大馄饨, Chicken & Vegetable Wontons in Chili Sauce (6) 🌶️ 红油菜肉大馄饨, Chicken Potstickers (6) 鸡肉锅贴, Pan Fried Chive Dumplings (3) 韭菜盒子, Chicken Xiao Long Bao (8) 鸡肉小笼包, Pan Fried Pork Buns (4) 特色鲜肉煎包",Default Online Ordering,6.23,Other,600000034930435852,70,79.53,,1,0.00,,http://www.toasttab.com/receipts/33eiUG9RSnqR9vgz4YmOIA/Ffwgk7TLhNcy9
,,,,CA02,1/23/25,6:32 PM,"Pork Xiao Long Bao (8) 鲜肉小笼包, Pan Fried Pork Buns (4) 特色鲜肉煎包, Dan Dan Noodles Ⓥ🌶️🌶️ 担担面, Beef-Stew Noodle Soup 🌶️ 秘制牛肉汤面",Default Online Ordering,3.45,Visa,600000034930435888,75,46.90,,1,0.00,,http://www.toasttab.com/receipts/33eiUG9RSnqR9vgz4YmOIA/qynyz9kcNk7Lj
,,,,CA02,1/23/25,6:21 PM,"Dan Dan Noodles Ⓥ🌶️🌶️ 担担面, Vegetarian Spicy (Ma La) Noodles Ⓥ 🌶️🌶️ 素麻辣小面, Chicken & Vegetable Wontons in Chicken Soup 鸡汤菜肉大馄饨, Chicken Xiao Long Bao (8) 鸡肉小笼包, Chicken Potstickers (6) 鸡肉锅贴, Dan Dan Noodles Ⓥ🌶️🌶️ 担担面",Jaylan Penney,4.46,Mastercard,600000034930468376,69,61.31,,3,0.00,,http://www.toasttab.com/receipts/33eiUG9RSnqR9vgz4YmOIA/tK9PYHRNpxqwK
600000034930706516,PickUp-Makenzie B,7077587678,dd.toast.orders+orders_55018fea-ab11-4da4-9091-8136d6fb6839@gmail.com,CA02,1/23/25,6:33 PM,"Chicken & Vegetable Wontons in Chili Sauce (6) 🌶️ 红油菜肉大馄饨, Chicken Xiao Long Bao (8) 鸡肉小笼包, Chicken Xiao Long Bao (8) 鸡肉小笼包, Pan Fried Pork Buns (4) 特色鲜肉煎包",Default Online Ordering,3.39,Other,600000034930530089,76,40.54,,1,0.00,,http://www.toasttab.com/receipts/33eiUG9RSnqR9vgz4YmOIA/jcmcjFzjzJcPq
,,,,CA02,1/23/25,6:28 PM,"Pork Xiao Long Bao (8) 鲜肉小笼包, Chicken Potstickers (6) 鸡肉锅贴",Default Online Ordering,1.58,Visa,600000034930566617,74,22.97,,1,0.00,,http://www.toasttab.com/receipts/33eiUG9RSnqR9vgz4YmOIA/MCzwnY9RstLCK
,,,,CA02,1/23/25,6:24 PM,"Green Onion Pancake (1) Ⓥ 葱油饼, Pork & Crab Meat Xiao Long Bao (8) 🦐 蟹肉小笼包, Pan Fried Pork Buns (4) 特色鲜肉煎包, Pork & Shrimp Potstickers (6) 🦐 猪肉三鲜锅贴, Chicken & Vegetable Wontons in Chili Sauce (6) 🌶️ 红油菜肉大馄饨, Braised Pig Ears 🌶️ 凉拌猪耳, Hot & Sour Glass Noodles 🌶️🌶️ 酸辣粉, Yibin Noodles Ⓥ 🌶️ 宜宾燃面, Beef-Stew Noodle Soup 🌶️ 秘制牛肉汤面, Pork Wontons in Chicken Soup 鸡汤小馄饨, Chicken & Vegetable Wontons in Chicken Soup 鸡汤菜肉大馄饨, Banana Naan Bread (1) Ⓥ 香蕉飞饼, Beef-Stew Noodle Soup 🌶️ 秘制牛肉汤面",Jaylan Penney,9.54,Amex,600000034930585110,71,134.45,,5,0.00,,http://www.toasttab.com/receipts/33eiUG9RSnqR9vgz4YmOIA/XfxmbbTNyHmXj
600000000559763788,Gary,6507037108,,CA02,1/23/25,6:26 PM,"Pan Fried Pork Buns (4) 特色鲜肉煎包, Braised Pig Ears 🌶️ 凉拌猪耳",andres valencia,1.58,Visa,600000034930629792,72,21.65,,1,0.00,,http://www.toasttab.com/receipts/33eiUG9RSnqR9vgz4YmOIA/zTH7R9ddXjPmH
,,,,CA02,1/23/25,6:36 PM,"Pork Xiao Long Bao (8) 鲜肉小笼包, Sweet & Sour Cucumber Ⓥ 🌶️ 甜辣小黄瓜, Chicken Potstickers (6) 鸡肉锅贴, Green Onion Soy Sauce Noodles Ⓥ 葱油拌面, Jasmine Tea (Hot) 茉莉花茶 (热), Steamed Pork Buns (4) 特色鲜肉蒸包",Default Online Ordering,6.98,Visa,600000034930705841,80,98.51,,1,0.00,,http://www.toasttab.com/receipts/33eiUG9RSnqR9vgz4YmOIA/qPqyPfbLdr9jr
600000034930935051,PickUp-Brooke G.,8654563005,dd.toast.orders+orders_8102bb6b-1c11-4322-b2fa-88c3060dc6f8@gmail.com,CA02,1/23/25,6:35 PM,"Green Onion Pancake (1) Ⓥ 葱油饼, Vegetable Steamed Dumplings (6) Ⓥ 素三鲜蒸饺, Vegetable Potstickers (6) Ⓥ 素三鲜锅贴, Pork Xiao Long Bao (8) 鲜肉小笼包, Chicken Xiao Long Bao (8) 鸡肉小笼包",Default Online Ordering,4.43,Other,600000034930734671,79,57.89,,1,0.00,,http://www.toasttab.com/receipts/33eiUG9RSnqR9vgz4YmOIA/PrP7byfXJwswT
600000034930282398,PickUp-Theresa H,4085104564,dd.toast.orders+orders_9610875e-6c7c-4075-88cd-f11b5b288148@gmail.com,CA02,1/23/25,6:33 PM,"Pork & Shrimp Potstickers (6) 🦐 猪肉三鲜锅贴, Dan Dan Noodles Ⓥ🌶️🌶️ 担担面, Pork Xiao Long Bao (8) 鲜肉小笼包",Default Online Ordering,2.29,Other,600000034930776159,77,29.95,,1,0.00,,http://www.toasttab.com/receipts/33eiUG9RSnqR9vgz4YmOIA/mgKY7jtJHgLdM
600000034930707675,Daniel C,8552228111,dd.toast.orders+orders_ced4f6aa-2663-452b-9c27-ed9020656dd3@gmail.com,CA02,1/23/25,6:36 PM,"Green Onion Pancake (1) Ⓥ 葱油饼, Sweet & Sour Cucumber Ⓥ 🌶️ 甜辣小黄瓜, Beef-Stew Noodles 🌶️ 秘制牛肉小面, Dan Dan Noodles Ⓥ🌶️🌶️ 担担面",Default Online Ordering,2.87,Other,600000034930854310,81,34.27,,1,0.00,,http://www.toasttab.com/receipts/33eiUG9RSnqR9vgz4YmOIA/9MN7zdjrb7dLg
600000034930707697,Jared S,8552228111,dd.toast.orders+orders_64ddecd6-ce18-42e1-ac03-0ef8dcdc640b@gmail.com,CA02,1/23/25,6:47 PM,"Coke 可乐, Pork Wontons in Chili Sauce (6) 🌶️ 红油猪肉抄手, Dan Dan Noodles Ⓥ🌶️🌶️ 担担面, Chicken Xiao Long Bao (8) 鸡肉小笼包",Default Online Ordering,2.91,Other,600000034930854337,85,34.76,,1,0.00,,http://www.toasttab.com/receipts/33eiUG9RSnqR9vgz4YmOIA/RdnnpxkcNHHqr
600000034930789286,Anthony R,8552228111,dd.toast.orders+orders_0bda56d3-4b08-42ee-9c22-aa5652d905b6@gmail.com,CA02,1/23/25,6:44 PM,"Pan Fried Wontons with Chili Sauce (6) 红油香煎大馄饨, Pork Wontons in Chili Sauce (6) 🌶️ 红油猪肉抄手, Chicken Potstickers (6) 鸡肉锅贴, Sweet & Sour Cucumber Ⓥ 🌶️ 甜辣小黄瓜, Chicken Xiao Long Bao (8) 鸡肉小笼包",Default Online Ordering,4.70,Other,600000034930889385,84,61.20,,1,0.00,,http://www.toasttab.com/receipts/33eiUG9RSnqR9vgz4YmOIA/CymKgcPLcfKWK
,,,,CA02,1/23/25,6:35 PM,"Beef-Stew Noodles 🌶️ 秘制牛肉小面, Dan Dan Noodles Ⓥ🌶️🌶️ 担担面, Pork Xiao Long Bao (8) 鲜肉小笼包, Pan Fried Chive Dumplings (3) 韭菜盒子, Pan Fried Beef Pies (2) 牛肉馅饼",Default Online Ordering,3.69,Mastercard,600000034930924952,78,51.97,,1,0.00,,http://www.toasttab.com/receipts/33eiUG9RSnqR9vgz4YmOIA/qckkdmKy7fKfC
,,,,CA02,1/23/25,6:41 PM,"Pork Xiao Long Bao (8) 鲜肉小笼包, Pork & Shrimp Potstickers (6) 🦐 猪肉三鲜锅贴, Pork Wontons in Chili Sauce (6) 🌶️ 红油猪肉抄手, Dan Dan Noodles Ⓥ🌶️🌶️ 担担面",Default Online Ordering,2.97,Amex,600000034931029863,83,40.73,,1,0.00,,http://www.toasttab.com/receipts/33eiUG9RSnqR9vgz4YmOIA/YjtkwCzgFwqnK
600000034931391510,Guilherme B,8552228111,dd.toast.orders+orders_7e0df983-12df-43ac-8a87-e7fe0699a021@gmail.com,CA02,1/23/25,6:56 PM,"Green Onion Pancake (1) Ⓥ 葱油饼, Milk Tea (Cold) 奶茶 (冷), Beef Steamed Dumplings (6) 牛肉蒸饺, Chicken Potstickers (6) 鸡肉锅贴, Shrimp & Zucchini Steamed Dumplings (6) 🦐 青瓜鲜虾蒸饺, Sweet & Sour Cucumber Ⓥ 🌶️ 甜辣小黄瓜, Dan Dan Noodles Ⓥ🌶️🌶️ 担担面, Pork & Crab Meat Xiao Long Bao (8) 🦐 蟹肉小笼包",Default Online Ordering,9.24,Other,600000034931037791,87,110.49,,1,0.00,,http://www.toasttab.com/receipts/33eiUG9RSnqR9vgz4YmOIA/bMXNg77x7ynws
,,,,CA02,1/23/25,6:40 PM,"Pork Xiao Long Bao (8) 鲜肉小笼包, Pork & Shrimp Boiled Dumplings (6) 🦐 猪肉三鲜水饺, Five Spice Beef Shank 五香牛腱, Broccoli with Seafood Sauce 蚝油西兰花, Green Onion Soy Sauce Noodles Ⓥ 葱油拌面, Zha Jiang Mian 京味炸酱面, Pork Wontons in Chicken Soup 鸡汤小馄饨, Banana Naan Bread (1) Ⓥ 香蕉飞饼",Jaylan Penney,5.80,Visa,600000034931106762,82,79.75,,5,0.00,,http://www.toasttab.com/receipts/33eiUG9RSnqR9vgz4YmOIA/fJcYymnnzgXgm
,,,,CA02,1/23/25,6:51 PM,"Sweet & Sour Cucumber Ⓥ 🌶️ 甜辣小黄瓜, Shrimp & Zucchini Steamed Dumplings (6) 🦐 青瓜鲜虾蒸饺, Pork & Shrimp Potstickers (6) 🦐 猪肉三鲜锅贴, Yibin Noodles Ⓥ 🌶️ 宜宾燃面, Zha Jiang Mian 京味炸酱面",Default Online Ordering,3.54,Amex,600000034931183129,86,48.63,,1,0.00,,http://www.toasttab.com/receipts/33eiUG9RSnqR9vgz4YmOIA/rzWbXspmgqjkL
,,,,CA02,1/23/25,6:57 PM,"Pork Xiao Long Bao (8) 鲜肉小笼包, Pan Fried Pork Buns (4) 特色鲜肉煎包, Kale Salad with Sweet & Spicy Garlic Dressing Ⓥ 🌶️ 甜辣羽衣甘蓝沙拉, Dan Dan Noodles Ⓥ🌶️🌶️ 担担面, Sweet & Sour Cucumber Ⓥ 🌶️ 甜辣小黄瓜, Pan Fried Beef Pies (2) 牛肉馅饼, Pork & Shrimp Potstickers (6) 🦐 猪肉三鲜锅贴",Default Online Ordering,5.22,Visa,600000034931226740,88,73.42,,1,0.00,,http://www.toasttab.com/receipts/33eiUG9RSnqR9vgz4YmOIA/twHwXsfk9gpFR
,,,,CA02,1/23/25,6:58 PM,"Dan Dan Noodles Ⓥ🌶️🌶️ 担担面, Shrimp & Zucchini Steamed Dumplings (6) 🦐 青瓜鲜虾蒸饺, Kale Salad with Sesame Dressing Ⓥ 麻酱羽衣甘蓝沙拉, Spicy (Ma La) Noodles 🌶️🌶️ 麻辣小面, Pork Xiao Long Bao (8) 鲜肉小笼包, Oolong Tea (Hot) 乌龙茶 (热)",Default Online Ordering,4.28,Visa,600000034931402476,89,61.42,,1,0.00,,http://www.toasttab.com/receipts/33eiUG9RSnqR9vgz4YmOIA/mYtxwFgnjdnxJ
600000034931502045,Lorraine L,8552228111,dd.toast.orders+orders_124a90a8-2bd3-4117-a95a-ceb0175ffb08@gmail.com,CA02,1/23/25,7:17 PM,"Spicy Beef Pancake Roll (1) 🌶️🌶️ 麻辣牛肉卷饼, Pan Fried Pork Buns (4) 特色鲜肉煎包",Default Online Ordering,2.03,Other,600000034931747578,90,24.33,,1,0.00,,http://www.toasttab.com/receipts/33eiUG9RSnqR9vgz4YmOIA/hXXjJP9LXdcwt
600000034932030459,Cecile S,8552228111,dd.toast.orders+orders_2c5dd9a0-67d4-4f7e-a998-96f01bdf0b67@gmail.com,CA02,1/23/25,7:18 PM,"Ube Milk Tea (Cold) 紫薯奶茶 (冷), Chicken & Vegetable Wontons in Hot & Sour Sauce (6) 🌶️ 酸辣菜肉大馄饨",Default Online Ordering,1.50,Other,600000034931779739,91,17.90,,1,0.00,,http://www.toasttab.com/receipts/33eiUG9RSnqR9vgz4YmOIA/7wqhgdfxCcqCc
600000034931917430,PickUp-Qiang T.,6504506119,dd.toast.orders+orders_0b2e224b-468e-4a1e-8ee3-9e3f4dc9a1b9@gmail.com,CA02,1/23/25,7:27 PM,"Green Onion Pancake (1) Ⓥ 葱油饼, Beef-Stew Noodles 🌶️ 秘制牛肉小面, Pan Fried Pork Buns (4) 特色鲜肉煎包",Default Online Ordering,2.01,Other,600000034931850093,97,24.01,,1,0.00,,http://www.toasttab.com/receipts/33eiUG9RSnqR9vgz4YmOIA/HbcxRPyFxMgMx
,,,,CA02,1/23/25,7:21 PM,"Pork Xiao Long Bao (8) 鲜肉小笼包, Green Onion Pancake (1) Ⓥ 葱油饼, Sweet & Sour Cucumber Ⓥ 🌶️ 甜辣小黄瓜, Beef Pancake Roll (1) 酱香牛肉卷饼 (不辣), Vegetable Potstickers (6) Ⓥ 素三鲜锅贴, Kale Salad with Sweet & Spicy Garlic Dressing Ⓥ 🌶️ 甜辣羽衣甘蓝沙拉, Steamed Pork Buns (4) 特色鲜肉蒸包, Pork Xiao Long Bao (8) 鲜肉小笼包, Green Onion Pancake (1) Ⓥ 葱油饼, Banana Naan Bread (1) Ⓥ 香蕉飞饼",Default Online Ordering,9.45,Visa,600000034931944177,92,132.99,,1,0.00,,http://www.toasttab.com/receipts/33eiUG9RSnqR9vgz4YmOIA/FYtdqfgRWkPjz
600000034931747198,Raghav K,8552228111,dd.toast.orders+orders_d992141a-e8be-4781-9936-2251f5ab9e5e@gmail.com,CA02,1/23/25,7:25 PM,Chicken Steamed Dumplings (6) 鸡肉蒸饺,Default Online Ordering,2.30,Other,600000034932055181,94,27.50,,1,0.00,,http://www.toasttab.com/receipts/33eiUG9RSnqR9vgz4YmOIA/KNkJWgKRXs9nL
,,,,CA02,1/23/25,7:36 PM,"Beef-Stew Noodles 🌶️ 秘制牛肉小面, Coke 可乐, Pan Fried Pork Buns (4) 特色鲜肉煎包, Pork Xiao Long Bao (8) 鲜肉小笼包, Pan Fried Wontons with Sweet & Spicy Garlic Sauce (6) 甜辣香煎大馄饨, Beef-Stew Noodles 🌶️ 秘制牛肉小面, Coke 可乐, Pan Fried Wontons with Sweet & Spicy Garlic Sauce (6) 甜辣香煎大馄饨",Default Online Ordering,5.06,Mastercard,600000034932281826,99,69.41,,1,0.00,,http://www.toasttab.com/receipts/33eiUG9RSnqR9vgz4YmOIA/xfRwL7yNyzfKj
,,,,CA02,1/23/25,7:26 PM,"Chicken Xiao Long Bao (8) 鸡肉小笼包, Pork & Shrimp Potstickers (6) 🦐 猪肉三鲜锅贴",Jaylan Penney,1.58,Visa,600000034932330455,93,18.83,,1,0.00,,http://www.toasttab.com/receipts/33eiUG9RSnqR9vgz4YmOIA/CtYYxkgpTMj7Y
,,,,CA02,1/23/25,7:26 PM,"Green Onion Pancake (1) Ⓥ 葱油饼, Chicken Potstickers (6) 鸡肉锅贴, Chicken & Vegetable Wontons in Hot & Sour Sauce (6) 🌶️ 酸辣菜肉大馄饨, Coke 可乐, Sprite 雪碧",Jaylan Penney,2.18,Visa,600000034932333634,95,29.82,,2,0.00,,http://www.toasttab.com/receipts/33eiUG9RSnqR9vgz4YmOIA/zTcWqNYxPfwns
600000034932561702,Hye U,8552228111,dd.toast.orders+orders_fd5fa253-72cd-4fe0-a43f-ef70aa1e9b24@gmail.com,CA02,1/23/25,7:38 PM,"Kale Salad with Sesame Dressing Ⓥ 麻酱羽衣甘蓝沙拉, Sweet & Sour Cucumber Ⓥ 🌶️ 甜辣小黄瓜, Beef Sandwich (1) 大嘴牛肉包 (不辣), Pork Xiao Long Bao (8) 鲜肉小笼包",Default Online Ordering,3.93,Other,600000034932349773,100,52.03,,1,0.00,,http://www.toasttab.com/receipts/33eiUG9RSnqR9vgz4YmOIA/wppLnjYqPNLnN
600000034932561719,hetal k,8552228111,dd.toast.orders+orders_0fe59a3f-0846-4191-8c7d-538a0fe4b7cc@gmail.com,CA02,1/23/25,7:45 PM,"Sweet & Sour Cucumber Ⓥ 🌶️ 甜辣小黄瓜, Vegetable Potstickers (6) Ⓥ 素三鲜锅贴",Default Online Ordering,1.53,Other,600000034932349795,104,18.33,,1,0.00,,http://www.toasttab.com/receipts/33eiUG9RSnqR9vgz4YmOIA/npqkFLmwjJjqR
,,,,CA02,1/23/25,7:29 PM,"Pork Xiao Long Bao (8) 鲜肉小笼包, Shrimp & Zucchini Steamed Dumplings (6) 🦐 青瓜鲜虾蒸饺",Jaylan Penney,1.67,Visa,600000034932408743,98,19.97,,1,0.00,,http://www.toasttab.com/receipts/33eiUG9RSnqR9vgz4YmOIA/JxdtPTTrJ7Cfc
,,,,CA02,1/23/25,7:41 PM,"Pan Fried Beef Pies (2) 牛肉馅饼, Hot & Sour Glass Noodles 🌶️🌶️ 酸辣粉",Default Online Ordering,1.39,Visa,600000034932409080,101,19.91,,1,0.00,,http://www.toasttab.com/receipts/33eiUG9RSnqR9vgz4YmOIA/pMJzJRznjMpst
,,,,CA02,1/23/25,7:51 PM,"Chicken Potstickers (6) 鸡肉锅贴, Green Onion Pancake (1) Ⓥ 葱油饼, Pork & Crab Meat Xiao Long Bao (8) 🦐 蟹肉小笼包",Default Online Ordering,2.62,Mastercard,600000034932579931,109,37.58,,1,0.00,,http://www.toasttab.com/receipts/33eiUG9RSnqR9vgz4YmOIA/RxCTr7gmJghsh
600000006788436066,Chinmayi Aryasomayajula,4088386410,chinmayi_arya@yahoo.com,CA02,1/23/25,7:43 PM,"Vegetarian Spicy (Ma La) Noodles Ⓥ 🌶️🌶️ 素麻辣小面, Milk Tea (Cold) 奶茶 (冷), Vegetable Steamed Dumplings (6) Ⓥ 素三鲜蒸饺",Default Online Ordering,1.93,Visa,600000034932581062,102,25.08,,1,0.00,,http://www.toasttab.com/receipts/33eiUG9RSnqR9vgz4YmOIA/mKXnFHdjyhYrR
,,,,CA02,1/23/25,7:49 PM,"Dan Dan Noodles Ⓥ🌶️🌶️ 担担面, Pork Xiao Long Bao (8) 鲜肉小笼包, Green Onion Pancake (1) Ⓥ 葱油饼, Chicken Potstickers (6) 鸡肉锅贴",Default Online Ordering,3.40,Visa,600000034932581886,107,46.69,,1,0.00,,http://www.toasttab.com/receipts/33eiUG9RSnqR9vgz4YmOIA/yCJwmTXNCPwzT
600000034932697857,Timothy,8017187273,,CA02,1/23/25,7:44 PM,"Pork & Crab Meat Xiao Long Bao (8) 🦐 蟹肉小笼包, Pork & Shrimp Boiled Dumplings (6) 🦐 猪肉三鲜水饺, Green Onion Soy Sauce Noodles Ⓥ 葱油拌面, Yibin Noodles Ⓥ 🌶️ 宜宾燃面, Spicy (Ma La) Noodles 🌶️🌶️ 麻辣小面",andres valencia,3.74,Visa,600000034932711808,103,46.69,,1,0.00,,http://www.toasttab.com/receipts/33eiUG9RSnqR9vgz4YmOIA/JrtKFs9KPMkfd
600000034932705803,PickUp-Qi Z.,4159997734,dd.toast.orders+orders_52643bd9-ab87-4045-88a9-d229311e0491@gmail.com,CA02,1/23/25,7:46 PM,"Chicken & Vegetable Wontons in Chili Sauce (6) 🌶️ 红油菜肉大馄饨, Kale Salad with Sesame Dressing Ⓥ 麻酱羽衣甘蓝沙拉, Green Onion Soy Sauce Noodles Ⓥ 葱油拌面",Default Online Ordering,2.05,Other,600000034932713904,106,24.55,,1,0.00,,http://www.toasttab.com/receipts/33eiUG9RSnqR9vgz4YmOIA/9TWNzyffjgXWH
,,,,CA02,1/23/25,7:50 PM,"Dan Dan Noodles Ⓥ🌶️🌶️ 担担面, Pork Xiao Long Bao (8) 鲜肉小笼包, Pan Fried Pork Buns (4) 特色鲜肉煎包, Beef Pancake Roll (1) 酱香牛肉卷饼 (不辣), Pork Wontons in Chili Sauce (6) 🌶️ 红油猪肉抄手, Sweet & Sour Cucumber Ⓥ 🌶️ 甜辣小黄瓜",Default Online Ordering,4.74,Visa,600000034932765805,108,66.72,,1,0.00,,http://www.toasttab.com/receipts/33eiUG9RSnqR9vgz4YmOIA/jzPMXJnNjwCnR
,,,,CA02,1/23/25,8:08 PM,"Braised Pig Ears 🌶️ 凉拌猪耳, Hot & Sour Glass Noodles 🌶️🌶️ 酸辣粉, Pan Fried Pork Buns (4) 特色鲜肉煎包, Pork & Crab Meat Xiao Long Bao (8) 🦐 蟹肉小笼包, Green Onion Pancake (1) Ⓥ 葱油饼, Coke 可乐",Default Online Ordering,3.82,Visa,600000034932765843,112,52.41,,1,0.00,,http://www.toasttab.com/receipts/33eiUG9RSnqR9vgz4YmOIA/xYtc9g9nfrpsy
600000034932488236,PickUp-Prajakta S,8552228111,dd.toast.orders+orders_39cfecd2-81ad-496f-acce-e47bb1653d48@gmail.com,CA02,1/23/25,7:54 PM,"Green Onion Pancake (1) Ⓥ 葱油饼, Chicken & Vegetable Wontons in Hot & Sour Sauce (6) 🌶️ 酸辣菜肉大馄饨, Chicken & Vegetable Wontons in Chicken Soup 鸡汤菜肉大馄饨",Default Online Ordering,1.77,Other,600000034932843757,110,21.12,,1,0.00,,http://www.toasttab.com/receipts/33eiUG9RSnqR9vgz4YmOIA/9KyMmpLwCznJy
,,,,CA02,1/23/25,8:06 PM,"Chicken Potstickers (6) 鸡肉锅贴, Pan Fried Wontons with Chili Sauce (6) 红油香煎大馄饨, Shrimp & Zucchini Steamed Dumplings (6) 🦐 青瓜鲜虾蒸饺, Vegetable Steamed Dumplings (6) Ⓥ 素三鲜蒸饺",Default Online Ordering,2.77,Visa,600000034932899282,111,37.97,,1,0.00,,http://www.toasttab.com/receipts/33eiUG9RSnqR9vgz4YmOIA/d9p99WxxzmkwM
600000034932766144,Robert W,8552228111,dd.toast.orders+orders_9d442acc-fd1e-4795-bf99-11d0bee01316@gmail.com,CA02,1/23/25,8:20 PM,"Add Boba 珍珠, Green Onion Pancake (1) Ⓥ 葱油饼, Pan Fried Chive Dumplings (3) 韭菜盒子, Broccoli with Seafood Sauce 蚝油西兰花, Chicken Potstickers (6) 鸡肉锅贴, Chicken & Vegetable Wontons in Chicken Soup 鸡汤菜肉大馄饨",Default Online Ordering,3.22,Other,600000034932931089,116,43.47,,1,0.00,,http://www.toasttab.com/receipts/33eiUG9RSnqR9vgz4YmOIA/NPdTXP9qPNgMb
,,,,CA02,1/23/25,8:15 PM,"Pork Xiao Long Bao (8) 鲜肉小笼包, Spicy (Ma La) Noodles 🌶️🌶️ 麻辣小面, Green Onion Pancake (1) Ⓥ 葱油饼",Default Online Ordering,2.01,Visa,600000034933002838,113,28.81,,1,0.00,,http://www.toasttab.com/receipts/33eiUG9RSnqR9vgz4YmOIA/dcnwcKTMczWMJ
,,,,CA02,1/23/25,8:18 PM,"Green Onion Pancake (1) Ⓥ 葱油饼, Pork Xiao Long Bao (8) 鲜肉小笼包, Steamed Pork Buns (4) 特色鲜肉蒸包, Beef Potstickers (6) 牛肉锅贴, Pork Wontons in Chili Sauce (6) 🌶️ 红油猪肉抄手, Beef Steamed Dumplings (6) 牛肉蒸饺, Braised Pig Ears 🌶️ 凉拌猪耳",andres valencia,4.88,Visa,600000034933269024,114,66.85,,1,0.00,,http://www.toasttab.com/receipts/33eiUG9RSnqR9vgz4YmOIA/xbCfyPJbJxWPy
,,,,CA02,1/23/25,8:32 PM,"Pan Fried Wontons with Sweet & Spicy Garlic Sauce (6) 甜辣香煎大馄饨, Pork Wontons in Chili Sauce (6) 🌶️ 红油猪肉抄手, Dan Dan Noodles Ⓥ🌶️🌶️ 担担面, Dan Dan Noodles Ⓥ🌶️🌶️ 担担面, Milk Tea (Cold) 奶茶 (冷), Sprite 雪碧, Pork Xiao Long Bao (8) 鲜肉小笼包",Jaylan Penney,4.46,Visa,600000034933464245,117,61.25,,2,0.00,,http://www.toasttab.com/receipts/33eiUG9RSnqR9vgz4YmOIA/s77HnxzKmJpgW
