Location,Payment Id,Order Id,Order #,Paid Date,Order Date,Check Id,Check #,Tab Name,Server,Table,Dining Area,Service,Dining Option,House Acct #,Amount,Tip,Gratuity,Total,Swiped Card Amount,Keyed Card Amount,Amount Tendered,Refunded,Refund Date,Refund Amount,Refund Tip Amount,Void User,Void Approver,Void Date,Status,Type,Cash Drawer,Card Type,Other Type,Email,Phone,Last 4 Card Digits,V/MC/D Fees,Room Info,Receipt,Source,Last 4 Gift Card Digits,First 5 Gift Card Digits
Cupertino,600000034914436061,600000034914390967,4,1/23/25 11:22 AM,1/23/25 11:22 AM,600000034914390268,4,DD 3bb9b7ea Centurio S,Default Online Ordering,,,Lunch,DoorDash - Delivery,,40.05,0.00,0.00,40.05,0.00,0.00,0.00,NONE,,,,,,,CAPTURED,Other,,,DoorDash,,8552228111,,,,TdXTK9YzxKFdx,API,,
Cupertino,600000034914970423,600000034914080078,1,1/23/25 11:38 AM,1/23/25 11:15 AM,600000034914080029,1,,Default Online Ordering,A5,Dining Room,Lunch,Dine In,,38.36,5.75,0.00,44.11,44.11,0.00,0.00,NONE,,,,,,,AUTHORIZED,Credit,,Mastercard,,,,2365,,,7YWFhTWpNwWFg,In Store,,
Cupertino,600000034915109898,600000034915218977,8,1/23/25 11:54 AM,1/23/25 11:54 AM,600000034915218927,8,SF 36226893 PickUp-Tahia Z,Default Online Ordering,,,Lunch,DoorDash - Takeout,,25.04,2.29,0.00,27.33,0.00,0.00,0.00,NONE,,,,,,,CAPTURED,Other,,,DoorDash,,3525758078,,,,9YhmFNh7CrKwr,API,,
Cupertino,600000034915133073,600000034914305099,2,1/23/25 11:44 AM,1/23/25 11:15 AM,600000034914305098,2,,andres valencia,A6,Dining Room,Lunch,Dine In,,69.09,12.44,0.00,81.53,81.53,0.00,0.00,NONE,,,,,,,AUTHORIZED,Credit,,Visa,,,,1555,,,WXMmWFkKxCnYh,In Store,,
Cupertino,600000034915427408,600000034915218986,9,1/23/25 11:56 AM,1/23/25 11:56 AM,600000034915218936,9,DD c1dcb2bc Anthony P,Default Online Ordering,,,Lunch,DoorDash - Delivery,,55.16,0.00,0.00,55.16,0.00,0.00,0.00,NONE,,,,,,,CAPTURED,Other,,,DoorDash,,8552228111,,,,mWNhJnmX7pgpH,API,,
Cupertino,600000034915562456,600000034915294799,12,1/23/25 12:00 PM,1/23/25 12:00 PM,600000034915294699,12,SF 7715db1f PickUp-Yuting L,Default Online Ordering,,,Lunch,DoorDash - Takeout,,16.59,0.00,0.00,16.59,0.00,0.00,0.00,NONE,,,,,,,CAPTURED,Other,,,DoorDash,,6084229309,,,,YThMLMTL97dXk,API,,
Cupertino,600000034915740190,600000034915969401,15,1/23/25 12:13 PM,1/23/25 12:13 PM,600000034915961852,15,SF 30af295f PickUp-Kunal D,Default Online Ordering,,,Lunch,DoorDash - Takeout,,27.44,0.00,0.00,27.44,0.00,0.00,0.00,NONE,,,,,,,CAPTURED,Other,,,DoorDash,,6692104754,,,,CkFnWx9bgJqLn,API,,
Cupertino,600000034915854198,600000034914867134,6,1/23/25 12:09 PM,1/23/25 11:42 AM,600000034914866985,6,,Default Online Ordering,A1,Dining Room,Lunch,Dine In,,32.47,4.87,0.00,37.34,37.34,0.00,0.00,NONE,,,,,,,AUTHORIZED,Credit,,Visa,,,,4472,,,7yjHgqN7jKPRL,In Store,,
Cupertino,600000034915864385,600000034914784441,5,1/23/25 12:09 PM,1/23/25 11:40 AM,600000034914784391,5,,Default Online Ordering,A1,Dining Room,Lunch,Dine In,,33.94,5.09,0.00,39.03,39.03,0.00,0.00,NONE,,,,,,,AUTHORIZED,Credit,,Visa,,,,6587,,,jFwtpMsPWLXrM,In Store,,
Cupertino,600000034915986193,600000034915995691,25,1/23/25 12:24 PM,1/23/25 12:24 PM,600000034915995641,25,SF 26071b99 PickUp-Kelly S,Default Online Ordering,,,Lunch,DoorDash - Takeout,,16.59,0.00,0.00,16.59,0.00,0.00,0.00,NONE,,,,,,,CAPTURED,Other,,,DoorDash,,4088586778,,,,swXr7twhmtcJd,API,,
Cupertino,600000034916144973,600000034916141853,18,1/23/25 12:19 PM,1/23/25 12:18 PM,600000034916141851,18,,andres valencia,,,Lunch,Take Out,,10.86,1.63,0.00,12.49,12.49,0.00,0.00,NONE,,,,,,,AUTHORIZED,Credit,,Visa,,,4082304275,3589,,,cLgKHzMbqhntw,In Store,,
Cupertino,600000034916208026,600000034915559194,10,1/23/25 12:21 PM,1/23/25 11:58 AM,600000034915559189,10,,xin Meng,A3,Dining Room,Lunch,Dine In,,18.54,3.71,0.00,22.25,22.25,0.00,0.00,NONE,,,,,,,AUTHORIZED,Credit,,Visa,,,,8178,,,HxNzp9KfKR7Ym,In Store,,
Cupertino,600000034916284216,600000034916285316,28,1/23/25 12:28 PM,1/23/25 12:28 PM,600000034916285266,28,DD 5d6246db Zi L,Default Online Ordering,,,Lunch,DoorDash - Delivery,,9.17,0.00,0.00,9.17,0.00,0.00,0.00,NONE,,,,,,,CAPTURED,Other,,,DoorDash,,8552228111,,,,JPXWhPqksTXcm,API,,
Cupertino,600000034916327047,600000034916458719,31,1/23/25 12:34 PM,1/23/25 12:34 PM,600000034916455470,31,SF 3cdea051 PickUp-Yesica G,Default Online Ordering,,,Lunch,DoorDash - Takeout,,16.59,0.00,0.00,16.59,0.00,0.00,0.00,NONE,,,,,,,CAPTURED,Other,,,DoorDash,,6695449394,,,,L9wXrzfsc9zfq,API,,
Cupertino,600000034916445676,600000034915394363,7,1/23/25 12:30 PM,1/23/25 11:53 AM,600000034915394362,7,,andres valencia,A4,Dining Room,Lunch,Dine In,,37.98,7.60,0.00,45.58,45.58,0.00,0.00,NONE,,,,,,,AUTHORIZED,Credit,,Mastercard,,,,0472,,,HcRjRhwPpjWH9,In Store,,
Cupertino,600000034916460599,600000034915747227,14,1/23/25 12:30 PM,1/23/25 12:11 PM,600000034915740379,14,,Default Online Ordering,B1,Dining Room,Lunch,Dine In,,18.54,2.00,0.00,20.54,20.54,0.00,0.00,NONE,,,,,,,AUTHORIZED,Credit,,Mastercard,,,,1657,,,c9rpTg7KcLybH,In Store,,
Cupertino,600000034916648292,600000034915761471,13,1/23/25 12:37 PM,1/23/25 12:10 PM,600000034915753972,13,,Default Online Ordering,B4,Dining Room,Lunch,Dine In,,31.88,0.00,0.00,31.88,31.88,0.00,0.00,NONE,,,,,,,AUTHORIZED,Credit,,Visa,,,,0810,,,XwhpKfbHTHhxL,In Store,,
Cupertino,600000034916774013,600000034914435128,3,1/23/25 12:42 PM,1/23/25 11:20 AM,600000034914435127,3,,andres valencia,A2,Dining Room,Lunch,Dine In,,38.31,5.75,0.00,44.06,44.06,0.00,0.00,NONE,,,,,,,AUTHORIZED,Credit,,Visa,,,,4356,,,Y9nRfgYHKLbqb,In Store,,
Cupertino,600000034917030228,600000034916311822,27,1/23/25 12:52 PM,1/23/25 12:25 PM,600000034916311821,27,,andres valencia,A1,Dining Room,Lunch,Dine In,,18.54,4.08,0.00,22.62,22.62,0.00,0.00,NONE,,,,,,,AUTHORIZED,Credit,,Visa,,,,2961,,,yWKqpMf7NRLnN,In Store,,
Cupertino,600000034917048825,600000034916105154,20,1/23/25 12:53 PM,1/23/25 12:19 PM,600000034916090705,20,,Default Online Ordering,A6,Dining Room,Lunch,Dine In,,16.59,0.00,0.00,16.59,16.59,0.00,0.00,NONE,,,,,,,AUTHORIZED,Credit,,Visa,,,,4156,,,MsNJqm9JHmkqr,In Store,,
Cupertino,600000034917058267,600000034915831242,17,1/23/25 12:53 PM,1/23/25 12:18 PM,600000034915830293,17,,Default Online Ordering,A6,Dining Room,Lunch,Dine In,,18.54,2.78,0.00,21.32,21.32,0.00,0.00,NONE,,,,,,,AUTHORIZED,Credit,,Mastercard,,,,7039,,,ggPzmykCsLNwr,In Store,,
Cupertino,600000034917064786,600000034915836097,19,1/23/25 12:53 PM,1/23/25 12:18 PM,600000034915820798,19,,Default Online Ordering,A6,Dining Room,Lunch,Dine In,,18.54,2.78,0.00,21.32,21.32,0.00,0.00,NONE,,,,,,,AUTHORIZED,Credit,,Mastercard,,,,0268,,,pmqdmWzYnj7xP,In Store,,
Cupertino,600000034917313829,600000034917319431,40,1/23/25 1:12 PM,1/23/25 1:12 PM,600000034917319381,40,DD c5d5b131 PickUp-Kerry Z,Default Online Ordering,,,Lunch,DoorDash - Takeout,,26.79,0.00,0.00,26.79,0.00,0.00,0.00,NONE,,,,,,,CAPTURED,Other,,,DoorDash,,8552228111,,,,tNsqjjzjWFdht,API,,
Cupertino,600000034917379797,600000034916139499,30,1/23/25 1:05 PM,1/23/25 12:31 PM,600000034916463900,30,,Default Online Ordering,B6,Dining Room,Lunch,Dine In,,18.54,2.78,0.00,21.32,21.32,0.00,0.00,NONE,,,,,,,AUTHORIZED,Credit,,Mastercard,,,,9763,,,ybgbswwwwWcrm,In Store,,
Cupertino,600000034917393840,600000034916211713,24,1/23/25 1:06 PM,1/23/25 12:24 PM,600000034916211663,24,,Default Online Ordering,B6,Dining Room,Lunch,Dine In,,18.54,3.34,0.00,21.88,21.88,0.00,0.00,NONE,,,,,,,AUTHORIZED,Credit,,Mastercard,,,,3193,,,wKXXMCyxLwyTR,In Store,,
Cupertino,600000034917583188,600000034915921126,16,1/23/25 1:13 PM,1/23/25 12:17 PM,600000034915921076,16,,Default Online Ordering,B3,Dining Room,Lunch,Dine In,,23.07,3.46,0.00,26.53,26.53,0.00,0.00,NONE,,,,,,,AUTHORIZED,Credit,,Mastercard,,,+19254083003,4519,,,HJqRfYJMdxwns,In Store,,
Cupertino,600000034917605051,600000034916043570,22,1/23/25 1:13 PM,1/23/25 12:21 PM,600000034916006322,22,,Default Online Ordering,B3,Dining Room,Lunch,Dine In,,174.16,26.12,0.00,200.28,200.28,0.00,0.00,NONE,,,,,,,AUTHORIZED,Credit,,Visa,,,,8134,,,FsgHnkqMLRgJT,In Store,,
Cupertino,600000034917660141,600000034915493824,11,1/23/25 1:15 PM,1/23/25 12:00 PM,600000034915479776,11,,Default Online Ordering,A5,Dining Room,Lunch,Dine In,,16.26,2.44,0.00,18.70,18.70,0.00,0.00,NONE,,,,,,,AUTHORIZED,Credit,,Visa,,,,2154,,,jCszxffLLM7zY,In Store,,
Cupertino,600000034917669107,600000034915493824,11,1/23/25 1:15 PM,1/23/25 12:00 PM,600000034915479776,11,,Default Online Ordering,A5,Dining Room,Lunch,Dine In,,16.26,2.93,0.00,19.19,19.19,0.00,0.00,NONE,,,,,,,AUTHORIZED,Credit,,Visa,,,,2784,,,9CqHz7TshnpJH,In Store,,
Cupertino,600000034917897516,600000034917022708,33,1/23/25 1:24 PM,1/23/25 12:54 PM,600000034917022658,33,,Default Online Ordering,B8,Dining Room,Lunch,Dine In,,55.91,6.00,0.00,61.91,61.91,0.00,0.00,NONE,,,,,,,AUTHORIZED,Credit,,Visa,,,,5515,,,kXXLbNktw9xNz,In Store,,
Cupertino,600000034918097141,600000034917290978,37,1/23/25 1:31 PM,1/23/25 1:02 PM,600000034917290977,37,,andres valencia,A3,Dining Room,Lunch,Dine In,,37.08,5.56,0.00,42.64,42.64,0.00,0.00,NONE,,,,,,,AUTHORIZED,Credit,,Visa,,,,5182,,,yRFCjnTkkzzKY,In Store,,
Cupertino,600000034918151368,600000034916939735,34,1/23/25 1:33 PM,1/23/25 12:58 PM,600000034916939685,34,,Default Online Ordering,A7,Dining Room,Lunch,Dine In,,29.40,5.88,0.00,35.28,35.28,0.00,0.00,NONE,,,,,,,AUTHORIZED,Credit,,Visa,,,,6999,,,9PRhCXHykCdN9,In Store,,
Cupertino,600000034918163154,600000034917012922,36,1/23/25 1:34 PM,1/23/25 12:58 PM,600000034917012872,36,,Default Online Ordering,A7,Dining Room,Lunch,Dine In,,18.54,3.71,0.00,22.25,22.25,0.00,0.00,NONE,,,,,,,AUTHORIZED,Credit,,Mastercard,,,,6801,,,xbWWL7wstrpxs,In Store,,
Cupertino,600000034918169530,600000034916948777,35,1/23/25 1:34 PM,1/23/25 12:58 PM,600000034916943078,35,,Default Online Ordering,A7,Dining Room,Lunch,Dine In,,18.54,2.78,0.00,21.32,21.32,0.00,0.00,NONE,,,,,,,AUTHORIZED,Credit,,Visa,,,,7691,,,sCLTztJypJWm9,In Store,,
Cupertino,600000034918219937,600000034916709840,32,1/23/25 1:36 PM,1/23/25 12:36 PM,600000034916709839,32,,andres valencia,C1,Dining Room,Lunch,Dine In,,280.38,20.00,0.00,300.38,300.38,0.00,0.00,NONE,,,,,,,AUTHORIZED,Credit,,Visa,,,,3106,,,XmLRYKtrMzPkg,In Store,,
Cupertino,600000034918262013,600000034917375500,38,1/23/25 1:37 PM,1/23/25 1:05 PM,600000034917374149,38,,andres valencia,A6,Dining Room,Lunch,Dine In,,67.55,12.16,0.00,79.71,79.71,0.00,0.00,NONE,,,,,,,AUTHORIZED,Credit,,Visa,,,,6760,,,qNwtxXsFkhTwT,In Store,,
Cupertino,600000034918466743,600000034916060829,23,1/23/25 1:45 PM,1/23/25 12:22 PM,600000034916060779,23,,Default Online Ordering,B5,Dining Room,Lunch,Dine In,,46.28,6.94,0.00,53.22,53.22,0.00,0.00,NONE,,,,,,,AUTHORIZED,Credit,,Amex,,,,1000,,,LHksFtzWb9WrX,In Store,,
Cupertino,600000034918547313,600000034917541083,42,1/23/25 1:48 PM,1/23/25 1:18 PM,600000034917541033,42,,Default Online Ordering,A1,Dining Room,Lunch,Dine In,,19.48,0.00,0.00,19.48,19.48,0.00,0.00,NONE,,,,,,,AUTHORIZED,Credit,,Visa,,,,2182,,,mNCxqfLHWPNCs,In Store,,
Cupertino,600000034918558793,600000034917278795,39,1/23/25 1:48 PM,1/23/25 1:11 PM,600000034917253449,39,,Default Online Ordering,A2,Dining Room,Lunch,Dine In,,55.18,8.28,0.00,63.46,63.46,0.00,0.00,NONE,,,,,,,AUTHORIZED,Credit,,Discover,,,,5668,,,wNxfwRHKmFLcR,In Store,,
Cupertino,600000034918660321,600000034917807834,41,1/23/25 1:51 PM,1/23/25 1:18 PM,600000034917807833,41,,andres valencia,,,Lunch,Take Out,,16.59,1.80,0.00,18.39,18.39,0.00,0.00,NONE,,,,,,,AUTHORIZED,Credit,,Visa,,,,8533,,,zNgzTckKzKpsC,In Store,,
Cupertino,600000034918811793,600000034918180626,44,1/23/25 1:57 PM,1/23/25 1:38 PM,600000034918169978,44,,Default Online Ordering,B1,Dining Room,Lunch,Dine In,,35.08,5.26,0.00,40.34,40.34,0.00,0.00,NONE,,,,,,,AUTHORIZED,Credit,,Amex,,,,8023,,,NW9ckJ7dMqjYY,In Store,,
Cupertino,600000034920195139,600000034919225020,45,1/23/25 2:37 PM,1/23/25 2:14 PM,600000034919223421,45,,Default Online Ordering,A4,Dining Room,Lunch,Dine In,,50.10,7.52,0.00,57.62,57.62,0.00,0.00,NONE,,,,,,,AUTHORIZED,Credit,,Visa,,,,4555,,,h9sYWmkyyfRRq,In Store,,
Cupertino,600000034921257421,600000034920276127,47,1/23/25 3:03 PM,1/23/25 2:44 PM,600000034920276077,47,,Default Online Ordering,A5,Dining Room,Lunch,Dine In,,27.45,4.94,0.00,32.39,32.39,0.00,0.00,NONE,,,,,,,AUTHORIZED,Credit,,Visa,,,,2902,,,WLYkzHzCyqMcT,In Store,,
Cupertino,600000034921348612,600000034919821945,46,1/23/25 3:06 PM,1/23/25 2:36 PM,600000034919809399,46,,Default Online Ordering,A6,Dining Room,Lunch,Dine In,,76.18,13.71,0.00,89.89,89.89,0.00,0.00,NONE,,,,,,,AUTHORIZED,Credit,,Visa,,,,4830,,,bsKpwpyscCFsC,In Store,,
Cupertino,600000034923822983,600000034923809187,50,1/23/25 4:01 PM,1/23/25 4:01 PM,600000034923809137,50,DD 246c4824 Daniel C,Default Online Ordering,,,Dinner,DoorDash - Delivery,,40.65,0.00,0.00,40.65,0.00,0.00,0.00,NONE,,,,,,,CAPTURED,Other,,,DoorDash,,8552228111,,,,fP9jmXqcdCkwT,API,,
Cupertino,600000034924360689,600000034923309364,48,1/23/25 4:06 PM,1/23/25 3:46 PM,600000034923309361,48,,xin Meng,A2,Dining Room,Lunch,Dine In,,13.59,2.04,0.00,15.63,15.63,0.00,0.00,NONE,,,,,,,AUTHORIZED,Credit,,Visa,,,,4677,,,XHPPWrFj7Txm9,In Store,,
Cupertino,600000034924393476,600000034924323182,53,1/23/25 4:10 PM,1/23/25 4:10 PM,600000034924309634,53,DD 0fcdf6cf Andrey P,Default Online Ordering,,,Dinner,DoorDash - Delivery,,90.25,0.00,0.00,90.25,0.00,0.00,0.00,NONE,,,,,,,CAPTURED,Other,,,DoorDash,,8552228111,,,,qWwzkqFyHsFRn,API,,
Cupertino,600000034924480484,600000034924468843,51,1/23/25 4:09 PM,1/23/25 4:08 PM,600000034924468842,51,,andres valencia,,,Dinner,Take Out,,46.34,0.00,0.00,46.34,0.00,0.00,0.00,NONE,,,,,,,AUTHORIZED,Credit,,Visa,,,,1628,,,f9FrqCJCgt9yX,In Store,,
Cupertino,600000034924825171,600000034924825321,54,1/23/25 4:18 PM,1/23/25 4:18 PM,600000034924814873,54,SF f315db8f PickUp-Carlos G,Default Online Ordering,,,Dinner,DoorDash - Takeout,,27.44,0.00,0.00,27.44,0.00,0.00,0.00,NONE,,,,,,,CAPTURED,Other,,,DoorDash,,2606151426,,,,cYrCRTcLhwnPn,API,,
Cupertino,600000034925104526,600000034923549949,49,1/23/25 4:21 PM,1/23/25 3:57 PM,600000034923890300,49,,Default Online Ordering,A3,Dining Room,Lunch,Dine In,,30.34,6.07,0.00,36.41,36.41,0.00,0.00,NONE,,,,,,,AUTHORIZED,Credit,,Visa,,,,7858,,,yPmFjrTHfydny,In Store,,
Cupertino,600000034925233370,600000034925328458,55,1/23/25 4:26 PM,1/23/25 4:26 PM,600000034925320609,55,DD 23852d06 PickUp-Rondu G,Default Online Ordering,,,Dinner,DoorDash - Takeout,,15.93,0.00,0.00,15.93,0.00,0.00,0.00,NONE,,,,,,,CAPTURED,Other,,,DoorDash,,8552228111,,,,XPYKMpThngPxN,API,,
Cupertino,600000034925509798,600000034925668527,56,1/23/25 4:36 PM,1/23/25 4:36 PM,600000034925657378,56,DD 0501a7cb PickUp-Madeline M,Default Online Ordering,,,Dinner,DoorDash - Takeout,,29.08,0.00,0.00,29.08,0.00,0.00,0.00,NONE,,,,,,,CAPTURED,Other,,,DoorDash,,8552228111,,,,nXdsFT9c9kXXq,API,,
Cupertino,600000034927338222,600000034927280979,57,1/23/25 5:12 PM,1/23/25 5:12 PM,600000034927272930,57,DD 6b74d9da Yi-Ting H,Default Online Ordering,,,Dinner,DoorDash - Delivery,,19.10,0.00,0.00,19.10,0.00,0.00,0.00,NONE,,,,,,,CAPTURED,Other,,,DoorDash,,8552228111,,,,zfFXgsnWftYrF,API,,
Cupertino,600000034928838295,600000034929069967,62,1/23/25 5:51 PM,1/23/25 5:51 PM,600000034929045871,62,DD 60a2734e Nicole M,Default Online Ordering,,,Dinner,DoorDash - Delivery,,28.26,0.00,0.00,28.26,0.00,0.00,0.00,NONE,,,,,,,CAPTURED,Other,,,DoorDash,,8552228111,,,,x9XcXcY7hsMwm,API,,
Cupertino,600000034928957037,600000034929229753,61,1/23/25 5:49 PM,1/23/25 5:49 PM,600000034929229653,61,SF effa7c93 PickUp-Audrey M,Default Online Ordering,,,Dinner,DoorDash - Takeout,,50.91,4.66,0.00,55.57,0.00,0.00,0.00,NONE,,,,,,,CAPTURED,Other,,,DoorDash,,6508678976,,,,pNjjy7nmFJppc,API,,
Cupertino,600000034929583605,600000034929549762,63,1/23/25 5:58 PM,1/23/25 5:58 PM,600000034929540513,63,DD d781a546 Wan Y,Default Online Ordering,,,Dinner,DoorDash - Delivery,,48.67,0.00,0.00,48.67,0.00,0.00,0.00,NONE,,,,,,,CAPTURED,Other,,,DoorDash,,8552228111,,,,zjfbcY9f7x9rJ,API,,
Cupertino,600000034929623112,600000034928572691,60,1/23/25 5:58 PM,1/23/25 5:32 PM,600000034928572690,60,Raj,Jaylan Penney,,,Dinner,Take Out,,23.90,0.00,0.00,23.90,23.90,0.00,0.00,NONE,,,,,,,OPEN,Credit,,Visa,,,,2082,,,dcgYRrqbK9NcL,In Store,,
Cupertino,600000034929623113,600000034928572691,60,1/23/25 5:58 PM,1/23/25 5:32 PM,600000034928572690,60,Raj,Jaylan Penney,,,Dinner,Take Out,,23.90,0.00,0.00,23.90,0.00,0.00,0.00,NONE,,,,,,,AUTHORIZED,Credit,,Visa,,,,2082,,,Nf7jXXnRWqzFM,In Store,,
Cupertino,600000034930194686,600000034930175240,66,1/23/25 6:13 PM,1/23/25 6:08 PM,600000034930175239,66,,Jaylan Penney,,,Dinner,Take Out,,54.00,0.00,0.00,54.00,54.00,0.00,0.00,NONE,,,,,,,AUTHORIZED,Credit,,Visa,,,,3234,,,qPcTMbH7TmCff,In Store,,
Cupertino,600000034930435752,600000034930017749,70,1/23/25 6:21 PM,1/23/25 6:21 PM,600000034930435852,70,DD a37cae5b Nisha A,Default Online Ordering,,,Dinner,DoorDash - Delivery,,79.53,0.00,0.00,79.53,0.00,0.00,0.00,NONE,,,,,,,CAPTURED,Other,,,DoorDash,,8552228111,,,,Ffwgk7TLhNcy9,API,,
Cupertino,600000034930442790,600000034930782207,77,1/23/25 6:33 PM,1/23/25 6:33 PM,600000034930776159,77,SF 5ed4f674 PickUp-Theresa H,Default Online Ordering,,,Dinner,DoorDash - Takeout,,27.44,2.51,0.00,29.95,0.00,0.00,0.00,NONE,,,,,,,CAPTURED,Other,,,DoorDash,,4085104564,,,,mgKY7jtJHgLdM,API,,
Cupertino,600000034930499993,600000034930534138,76,1/23/25 6:33 PM,1/23/25 6:33 PM,600000034930530089,76,SF 47a32dae PickUp-Makenzie B,Default Online Ordering,,,Dinner,DoorDash - Takeout,,40.54,0.00,0.00,40.54,0.00,0.00,0.00,NONE,,,,,,,CAPTURED,Other,,,DoorDash,,7077587678,,,,jcmcjFzjzJcPq,API,,
Cupertino,600000034930582242,600000034930867558,81,1/23/25 6:36 PM,1/23/25 6:36 PM,600000034930854310,81,DD e3f30eaa Daniel C,Default Online Ordering,,,Dinner,DoorDash - Delivery,,34.27,0.00,0.00,34.27,0.00,0.00,0.00,NONE,,,,,,,CAPTURED,Other,,,DoorDash,,8552228111,,,,9MN7zdjrb7dLg,API,,
Cupertino,600000034930600489,600000034930769769,79,1/23/25 6:35 PM,1/23/25 6:35 PM,600000034930734671,79,SF 39296c95 PickUp-Brooke G,Default Online Ordering,,,Dinner,DoorDash - Takeout,,53.03,4.86,0.00,57.89,0.00,0.00,0.00,NONE,,,,,,,CAPTURED,Other,,,DoorDash,,8654563005,,,,PrP7byfXJwswT,API,,
Cupertino,600000034930633392,600000034930629793,72,1/23/25 6:26 PM,1/23/25 6:25 PM,600000034930629792,72,,andres valencia,,,Dinner,Take Out,,18.83,2.82,0.00,21.65,0.00,0.00,0.00,NONE,,,,,,,AUTHORIZED,Credit,,Visa,,,6507037108,7245,,,zTH7R9ddXjPmH,In Store,,
Cupertino,600000034930881086,600000034930906034,84,1/23/25 6:44 PM,1/23/25 6:44 PM,600000034930889385,84,DD 70a4d8e4 Anthony R,Default Online Ordering,,,Dinner,DoorDash - Delivery,,61.20,0.00,0.00,61.20,0.00,0.00,0.00,NONE,,,,,,,CAPTURED,Other,,,DoorDash,,8552228111,,,,CymKgcPLcfKWK,API,,
Cupertino,600000034930944488,600000034929572225,65,1/23/25 6:35 PM,1/23/25 6:04 PM,600000034929561027,65,,Default Online Ordering,A2,Dining Room,Dinner,Dine In,,39.95,7.19,0.00,47.14,47.14,0.00,0.00,NONE,,,,,,,AUTHORIZED,Credit,,Visa,,,,4214,,,Mbxk9FwqnqMbW,In Store,,
Cupertino,600000034931009402,600000034929680952,64,1/23/25 6:37 PM,1/23/25 6:00 PM,600000034929656806,64,,Default Online Ordering,B3,Dining Room,Dinner,Dine In,,81.20,16.24,0.00,97.44,0.00,0.00,0.00,NONE,,,,,,,AUTHORIZED,Credit,,Visa,,,,5364,,,YrKpnqRkfCxKC,In Store,,
Cupertino,600000034931048576,600000034930867585,85,1/23/25 6:47 PM,1/23/25 6:47 PM,600000034930854337,85,DD 06d2ae33 Jared S,Default Online Ordering,,,Dinner,DoorDash - Delivery,,34.76,0.00,0.00,34.76,0.00,0.00,0.00,NONE,,,,,,,CAPTURED,Other,,,DoorDash,,8552228111,,,,RdnnpxkcNHHqr,API,,
Cupertino,600000034931257173,600000034930566667,74,1/23/25 6:45 PM,1/23/25 6:28 PM,600000034930566617,74,,Default Online Ordering,A1,Dining Room,Dinner,Dine In,,18.83,4.14,0.00,22.97,22.97,0.00,0.00,NONE,,,,,,,AUTHORIZED,Credit,,Visa,,,,2702,,,MCzwnY9RstLCK,In Store,,
Cupertino,600000034931377611,600000034931046540,87,1/23/25 6:56 PM,1/23/25 6:56 PM,600000034931037791,87,DD d6056306 Guilherme B,Default Online Ordering,,,Dinner,DoorDash - Delivery,,110.49,0.00,0.00,110.49,0.00,0.00,0.00,NONE,,,,,,,CAPTURED,Other,,,DoorDash,,8552228111,,,,bMXNg77x7ynws,API,,
Cupertino,600000034931401198,600000034929778481,67,1/23/25 6:50 PM,1/23/25 6:09 PM,600000034929778431,67,,Default Online Ordering,A7,Dining Room,Dinner,Dine In,,64.04,10.37,0.00,74.41,74.41,0.00,0.00,NONE,,,,,,,AUTHORIZED,Credit,,Visa,,,,9272,,,xRFWthgnwLbsb,In Store,,
Cupertino,600000034931481644,600000034930468383,69,1/23/25 6:53 PM,1/23/25 6:20 PM,600000034930468376,69,,Jaylan Penney,A3,Dining Room,Dinner,Dine In,,53.31,8.00,0.00,61.31,61.31,0.00,0.00,NONE,,,,,,,AUTHORIZED,Credit,,Mastercard,,,,6458,,,tK9PYHRNpxqwK,In Store,,
Cupertino,600000034931674244,600000034931747628,90,1/23/25 7:17 PM,1/23/25 7:17 PM,600000034931747578,90,DD fcdc5655 Lorraine L,Default Online Ordering,,,Dinner,DoorDash - Delivery,,24.33,0.00,0.00,24.33,0.00,0.00,0.00,NONE,,,,,,,CAPTURED,Other,,,DoorDash,,8552228111,,,,hXXjJP9LXdcwt,API,,
Cupertino,600000034931689554,600000034930464185,75,1/23/25 6:59 PM,1/23/25 6:32 PM,600000034930435888,75,,Default Online Ordering,B1,Dining Room,Dinner,Dine In,,41.20,5.70,0.00,46.90,46.90,0.00,0.00,NONE,,,,,,,AUTHORIZED,Credit,,Visa,,,,5694,,,qynyz9kcNk7Lj,In Store,,
Cupertino,600000034931701560,600000034930585111,71,1/23/25 7:01 PM,1/23/25 6:24 PM,600000034930585110,71,,Jaylan Penney,A4,Dining Room,Dinner,Dine In,,113.94,20.51,0.00,134.45,134.45,0.00,0.00,NONE,,,,,,,AUTHORIZED,Credit,,Amex,,,,1018,,,XfxmbbTNyHmXj,In Store,,
Cupertino,600000034931837146,600000034930455249,78,1/23/25 7:06 PM,1/23/25 6:35 PM,600000034930924952,78,,Default Online Ordering,B4,Dining Room,Dinner,Dine In,,44.04,7.93,0.00,51.97,51.97,0.00,0.00,NONE,,,,,,,AUTHORIZED,Credit,,Mastercard,,,,9697,,,qckkdmKy7fKfC,In Store,,
Cupertino,600000034931845907,600000034931041512,83,1/23/25 7:06 PM,1/23/25 6:41 PM,600000034931029863,83,,Default Online Ordering,B2,Dining Room,Dinner,Dine In,,35.42,5.31,0.00,40.73,40.73,0.00,0.00,NONE,,,,,,,AUTHORIZED,Credit,,Amex,,,,5949,,,YjtkwCzgFwqnK,In Store,,
Cupertino,600000034931869678,600000034931829936,91,1/23/25 7:18 PM,1/23/25 7:18 PM,600000034931779739,91,DD e6f6a403 Cecile S,Default Online Ordering,,,Dinner,DoorDash - Delivery,,17.90,0.00,0.00,17.90,0.00,0.00,0.00,NONE,,,,,,,CAPTURED,Other,,,DoorDash,,8552228111,,,,7wqhgdfxCcqCc,API,,
Cupertino,600000034932001396,600000034931106763,82,1/23/25 7:12 PM,1/23/25 6:40 PM,600000034931106762,82,,Jaylan Penney,B6,Dining Room,Dinner,Dine In,,69.35,10.40,0.00,79.75,79.75,0.00,0.00,NONE,,,,,,,AUTHORIZED,Credit,,Visa,,,,4857,,,fJcYymnnzgXgm,In Store,,
Cupertino,600000034932035084,600000034932063530,94,1/23/25 7:25 PM,1/23/25 7:25 PM,600000034932055181,94,DD 3e6d4e00 Raghav K,Default Online Ordering,,,Dinner,DoorDash - Delivery,,27.50,0.00,0.00,27.50,0.00,0.00,0.00,NONE,,,,,,,CAPTURED,Other,,,DoorDash,,8552228111,,,,KNkJWgKRXs9nL,API,,
Cupertino,600000034932038278,600000034930718440,80,1/23/25 7:14 PM,1/23/25 6:36 PM,600000034930705841,80,,Default Online Ordering,B7,Dining Room,Dinner,Dine In,,83.48,15.03,0.00,98.51,98.51,0.00,0.00,NONE,,,,,,,AUTHORIZED,Credit,,Visa,,,,7851,,,qPqyPfbLdr9jr,In Store,,
Cupertino,600000034932104524,600000034929890278,68,1/23/25 7:16 PM,1/23/25 6:15 PM,600000034929870680,68,,Default Online Ordering,A5,Dining Room,Dinner,Dine In,,123.29,27.12,0.00,150.41,150.41,0.00,0.00,NONE,,,,,,,AUTHORIZED,Credit,,Visa,,,,0389,,,b7JbRKktzTTYK,In Store,,
Cupertino,600000034932157687,600000034931212577,86,1/23/25 7:18 PM,1/23/25 6:51 PM,600000034931183129,86,,Default Online Ordering,A2,Dining Room,Dinner,Dine In,,42.29,6.34,0.00,48.63,48.63,0.00,0.00,NONE,,,,,,,AUTHORIZED,Credit,,Amex,,,,2006,,,rzWbXspmgqjkL,In Store,,
Cupertino,600000034932279456,600000034931859792,97,1/23/25 7:27 PM,1/23/25 7:27 PM,600000034931850093,97,SF 191681f9 PickUp-Qiang T,Default Online Ordering,,,Dinner,DoorDash - Takeout,,24.01,0.00,0.00,24.01,0.00,0.00,0.00,NONE,,,,,,,CAPTURED,Other,,,DoorDash,,6504506119,,,,HbcxRPyFxMgMx,API,,
Cupertino,600000034932338206,600000034932330456,93,1/23/25 7:26 PM,1/23/25 7:24 PM,600000034932330455,93,,Jaylan Penney,,,Dinner,Take Out,,18.83,0.00,0.00,18.83,0.00,0.00,0.00,NONE,,,,,,,AUTHORIZED,Credit,,Visa,,,,7255,,,CtYYxkgpTMj7Y,In Store,,
Cupertino,600000034932409517,600000034932381222,100,1/23/25 7:38 PM,1/23/25 7:38 PM,600000034932349773,100,DD 83fb2415 Hye U,Default Online Ordering,,,Dinner,DoorDash - Delivery,,52.03,0.00,0.00,52.03,0.00,0.00,0.00,NONE,,,,,,,CAPTURED,Other,,,DoorDash,,8552228111,,,,wppLnjYqPNLnN,API,,
Cupertino,600000034932409538,600000034932381244,104,1/23/25 7:45 PM,1/23/25 7:45 PM,600000034932349795,104,DD 3620a952 hetal k,Default Online Ordering,,,Dinner,DoorDash - Delivery,,18.33,0.00,0.00,18.33,0.00,0.00,0.00,NONE,,,,,,,CAPTURED,Other,,,DoorDash,,8552228111,,,,npqkFLmwjJjqR,API,,
Cupertino,600000034932412403,600000034931412875,89,1/23/25 7:29 PM,1/23/25 6:58 PM,600000034931402476,89,,Default Online Ordering,B8,Dining Room,Dinner,Dine In,,51.18,10.24,0.00,61.42,61.42,0.00,0.00,NONE,,,,,,,AUTHORIZED,Credit,,Visa,,,,6935,,,mYtxwFgnjdnxJ,In Store,,
Cupertino,600000034932415040,600000034932408744,98,1/23/25 7:30 PM,1/23/25 7:29 PM,600000034932408743,98,,Jaylan Penney,,,Dinner,Dine In,,19.97,0.00,0.00,19.97,19.97,0.00,0.00,NONE,,,,,,,AUTHORIZED,Credit,,Visa,,,,6600,,,JxdtPTTrJ7Cfc,In Store,,
Cupertino,600000034932493975,600000034932749001,106,1/23/25 7:46 PM,1/23/25 7:46 PM,600000034932713904,106,SF e3b3706c PickUp-Qi Z,Default Online Ordering,,,Dinner,DoorDash - Takeout,,24.55,0.00,0.00,24.55,0.00,0.00,0.00,NONE,,,,,,,CAPTURED,Other,,,DoorDash,,4159997734,,,,9TWNzyffjgXWH,API,,
Cupertino,600000034932593934,600000034931242436,88,1/23/25 7:38 PM,1/23/25 6:57 PM,600000034931226740,88,,Default Online Ordering,A1,Dining Room,Dinner,Dine In,,62.22,11.20,0.00,73.42,73.42,0.00,0.00,NONE,,,,,,,AUTHORIZED,Credit,,Visa,,,,7703,,,twHwXsfk9gpFR,In Store,,
Cupertino,600000034932624078,600000034932847706,110,1/23/25 7:54 PM,1/23/25 7:54 PM,600000034932843757,110,DD f0789d80 PickUp-Prajakta S,Default Online Ordering,,,Dinner,DoorDash - Takeout,,21.12,0.00,0.00,21.12,0.00,0.00,0.00,NONE,,,,,,,CAPTURED,Other,,,DoorDash,,8552228111,,,,9KyMmpLwCznJy,API,,
Cupertino,600000034932715940,600000034932711809,103,1/23/25 7:44 PM,1/23/25 7:43 PM,600000034932711808,103,,andres valencia,,,Dinner,Take Out,,44.69,2.00,0.00,46.69,0.00,0.00,0.00,NONE,,,,,,,AUTHORIZED,Credit,,Visa,,,801-718-7273,8644,,,JrtKFs9KPMkfd,In Store,,
Cupertino,600000034932933182,600000034932931938,116,1/23/25 8:20 PM,1/23/25 8:20 PM,600000034932931089,116,DD d2fc90ee Robert W,Default Online Ordering,,,Dinner,DoorDash - Delivery,,43.47,0.00,0.00,43.47,0.00,0.00,0.00,NONE,,,,,,,CAPTURED,Other,,,DoorDash,,8552228111,,,,NPdTXP9qPNgMb,API,,
Cupertino,600000034933101583,600000034931948625,92,1/23/25 8:07 PM,1/23/25 7:21 PM,600000034931944177,92,,Default Online Ordering,A6,Dining Room,Dinner,Dine In,,112.70,20.29,0.00,132.99,132.99,0.00,0.00,NONE,,,,,,,AUTHORIZED,Credit,,Visa,,,,0483,,,FYtdqfgRWkPjz,In Store,,
Cupertino,600000034933110956,600000034932409729,101,1/23/25 8:07 PM,1/23/25 7:41 PM,600000034932409080,101,,Default Online Ordering,A7,Dining Room,Dinner,Dine In,,16.59,3.32,0.00,19.91,19.91,0.00,0.00,NONE,,,,,,,AUTHORIZED,Credit,,Visa,,,,9127,,,pMJzJRznjMpst,In Store,,
Cupertino,600000034933208795,600000034932600359,102,1/23/25 8:14 PM,1/23/25 7:43 PM,600000034932581062,102,,Default Online Ordering,C1,Dining Room,Dinner,Dine In,,23.08,2.00,0.00,25.08,25.08,0.00,0.00,NONE,,,,,,,AUTHORIZED,Credit,,Visa,,chinmayi_arya@yahoo.com,4088386410,1673,,,mKXnFHdjyhYrR,In Store,,
Cupertino,600000034933224161,600000034932786804,108,1/23/25 8:14 PM,1/23/25 7:50 PM,600000034932765805,108,,Default Online Ordering,B1,Dining Room,Dinner,Dine In,,56.54,10.18,0.00,66.72,66.72,0.00,0.00,NONE,,,,,,,AUTHORIZED,Credit,,Visa,,,,0801,,,jzPMXJnNjwCnR,In Store,,
Cupertino,600000034933247250,600000034932579981,109,1/23/25 8:16 PM,1/23/25 7:51 PM,600000034932579931,109,,Default Online Ordering,A4,Dining Room,Dinner,Dine In,,31.32,6.26,0.00,37.58,37.58,0.00,0.00,NONE,,,,,,,AUTHORIZED,Credit,,Mastercard,,,,7298,,,RxCTr7gmJghsh,In Store,,
Cupertino,600000034933271842,600000034933269027,114,1/23/25 8:18 PM,1/23/25 8:17 PM,600000034933269024,114,,andres valencia,,,Dinner,Take Out,,58.13,8.72,0.00,66.85,0.00,0.00,0.00,NONE,,,,,,,AUTHORIZED,Credit,,Visa,,,,4033,,,xbCfyPJbJxWPy,In Store,,
Cupertino,600000034933314375,600000034932281876,99,1/23/25 8:20 PM,1/23/25 7:36 PM,600000034932281826,99,,Default Online Ordering,A2,Dining Room,Dinner,Dine In,,60.36,9.05,0.00,69.41,69.41,0.00,0.00,NONE,,,,,,,AUTHORIZED,Credit,,Mastercard,,,,3013,,,xfRwL7yNyzfKj,In Store,,
Cupertino,600000034933509866,600000034932786842,112,1/23/25 8:35 PM,1/23/25 8:08 PM,600000034932765843,112,,Default Online Ordering,B4,Dining Room,Dinner,Dine In,,45.57,6.84,0.00,52.41,52.41,0.00,0.00,NONE,,,,,,,DENIED,Credit,,Visa,,,,9754,,,xYtc9g9nfrpsy,In Store,,
Cupertino,600000034933514959,600000034932786842,112,1/23/25 8:36 PM,1/23/25 8:08 PM,600000034932765843,112,,Default Online Ordering,B4,Dining Room,Dinner,Dine In,,45.57,6.84,0.00,52.41,52.41,0.00,0.00,NONE,,,,,,,DENIED,Credit,,Visa,,,,3758,,,WgXqzzMd7RYWh,In Store,,
Cupertino,600000034933517641,600000034932786842,112,1/23/25 8:36 PM,1/23/25 8:08 PM,600000034932765843,112,,Default Online Ordering,B4,Dining Room,Dinner,Dine In,,45.57,6.84,0.00,52.41,52.41,0.00,0.00,NONE,,,,,,,AUTHORIZED,Credit,,Visa,,,,2370,,,pjNmgcrFnNWFR,In Store,,
Cupertino,600000034933571534,600000034933002888,113,1/23/25 8:40 PM,1/23/25 8:15 PM,600000034933002838,113,,Default Online Ordering,A7,Dining Room,Dinner,Dine In,,24.01,4.80,0.00,28.81,0.00,0.00,0.00,NONE,,,,,,,AUTHORIZED,Credit,,Visa,,,,0912,,,dcnwcKTMczWMJ,In Store,,
Cupertino,600000034933621493,600000034932907631,111,1/23/25 8:45 PM,1/23/25 8:06 PM,600000034932899282,111,,Default Online Ordering,B5,Dining Room,Dinner,Dine In,,33.02,4.95,0.00,37.97,37.97,0.00,0.00,NONE,,,,,,,AUTHORIZED,Credit,,Visa,,,+17135157095,4855,,,d9p99WxxzmkwM,In Store,,
Cupertino,600000034933667589,600000034932333635,95,1/23/25 8:49 PM,1/23/25 7:26 PM,600000034932333634,95,,Jaylan Penney,A3,Dining Room,Dinner,Dine In,,25.93,3.89,0.00,29.82,29.82,0.00,0.00,NONE,,,,,,,AUTHORIZED,Credit,,Visa,,,,3586,,,zTcWqNYxPfwns,In Store,,
Cupertino,600000034933672797,600000034932588485,107,1/23/25 8:49 PM,1/23/25 7:49 PM,600000034932581886,107,,Default Online Ordering,A1,Dining Room,Dinner,Dine In,,40.60,6.09,0.00,46.69,46.69,0.00,0.00,NONE,,,,,,,AUTHORIZED,Credit,,Visa,,,,1350,,,yCJwmTXNCPwzT,In Store,,
Cupertino,600000034933755442,600000034933464246,117,1/23/25 8:58 PM,1/23/25 8:31 PM,600000034933464245,117,,Jaylan Penney,A5,Dining Room,Dinner,Dine In,,53.26,7.99,0.00,61.25,61.25,0.00,0.00,NONE,,,,,,,AUTHORIZED,Credit,,Visa,,,,1338,,,s77HnxzKmJpgW,In Store,,
