Location,Location Code,Id,GUID,Employee Id,Employee GUID,Employee External Id,Employee,Job Id,Job GUID,Job Code,Job Title,In Date,Out Date,Auto Clock-out,Total Hours,Unpaid Break Time,Paid Break Time,Payable Hours,Cash Tips Declared,Non Cash Tips,Total Gratuity,Total Tips,Tips Withheld,Wage,Regular Hours,Overtime Hours,Regular Pay,Overtime Pay,Total Pay
Cupertino,CA02,600000034843747685,25247975-2ea8-4f84-8cda-e6c45c7d3e43,600000002970777958,b4a3d95d-59c6-4901-82b7-c1a777aab865,187,"Chen, Yafang",600000009837655739,df2bae65-6ee0-429d-bf33-119c20d1f5b4,,Server 6,1/20/25 10:25 AM,1/20/25 3:01 PM,No,4.60,0.00,0.00,4.60,,0.00,0.00,0.00,0.00,,4.60,0.00,,,
Cupertino,CA02,600000034846126059,5926b689-635c-45ae-8533-25c4a8c053cb,600000013299861140,7e784155-4add-4038-bc80-2d8405905c9c,,"zheng, xiaoli",600000000187953261,1f27dffe-ff3d-4db7-810c-764b9b917d57,,Server,1/20/25 11:34 AM,1/21/25 4:00 AM,Yes,16.42,0.00,0.00,16.42,0.00,54.83,0.00,54.83,0.00,,8.00,8.42,,,
Cupertino,CA02,600000034847027300,03de960f-2918-4ba4-ad42-ebb96ab1d783,600000000344014070,2738fa51-ff57-421d-9b62-678f853fed55,54,"Huang, Yun Juan",600000009837655741,834affa3-a663-4513-8c1c-26856ef6fc93,,Server 7,1/20/25 12:01 PM,1/20/25 4:02 PM,No,4.02,0.00,0.00,4.02,,0.00,0.00,0.00,0.00,,4.02,0.00,,,
Cupertino,CA02,600000034855163592,db54c8b2-6a47-4c46-9864-d497f39c9721,600000002970777958,b4a3d95d-59c6-4901-82b7-c1a777aab865,187,"Chen, Yafang",600000009837655739,df2bae65-6ee0-429d-bf33-119c20d1f5b4,,Server 6,1/20/25 3:56 PM,1/20/25 9:32 PM,No,5.60,0.00,0.00,5.60,,0.00,0.00,0.00,0.00,,3.40,2.20,,,
Cupertino,CA02,600000034855304133,e9ec6567-386f-4480-94a9-dab10db2c8a5,600000016712824343,8bf71451-c969-4797-91d3-3b69f9fa6e56,,"valencia, andres",600000009837616047,12e7cd3e-23e3-487f-b74e-a9e2a6192aa1,,Server 1,1/20/25 4:00 PM,1/21/25 4:00 AM,Yes,12.00,0.00,0.00,12.00,0.00,0.00,0.00,0.00,0.00,,8.00,4.00,,,
Cupertino,CA02,600000034859383124,7ebb0055-7dba-44f5-8a62-8c6296b3ca8f,600000000344014070,2738fa51-ff57-421d-9b62-678f853fed55,54,"Huang, Yun Juan",600000009837655741,834affa3-a663-4513-8c1c-26856ef6fc93,,Server 7,1/20/25 5:58 PM,1/20/25 9:31 PM,No,3.55,0.00,0.00,3.55,,0.00,0.00,0.00,0.00,,3.55,0.00,,,
